solid OpenSCAD_Model
  facet normal -0.5322004619635772 -0.46672727873592895 -0.7063485793639777
    outer loop
      vertex -0.6265241049374932 -0.6265241049374932 -0.6373832604002754
      vertex -0.8858984905094633 -0.33076430234617504 -0.6373832604002754
      vertex -0.5923768192667471 -0.10553720244495057 -1.0073592299159095
    endloop
  endfacet
  facet normal -0.39326826236785983 -0.5885675477331841 -0.706348579363978
    outer loop
      vertex -0.003679614957954769 -1.104449491412784 -0.6373832604002754
      vertex -0.10553720244495057 -0.5923768192667471 -1.0073592299159095
      vertex 0.1813083697998623 -0.7840409030224675 -1.0073592299159095
    endloop
  endfacet
  facet normal -0.39326826236786083 -0.5885675477331841 -0.7063485793639777
    outer loop
      vertex -0.33076430234617504 -0.8858984905094633 -0.6373832604002754
      vertex -0.10553720244495057 -0.5923768192667471 -1.0073592299159095
      vertex -0.003679614957954769 -1.104449491412784 -0.6373832604002754
    endloop
  endfacet
  facet normal -0.45830845316019575 -0.401925726212111 -0.7927225696110688
    outer loop
      vertex -0.3649115880169207 -0.3649115880169207 -1.0073592299159095
      vertex -0.5923768192667471 -0.10553720244495057 -1.0073592299159095
      vertex -0.07138991677420403 -0.07138991677420403 -1.325878449210181
    endloop
  endfacet
  facet normal -0.401925726212111 -0.45830845316019575 -0.7927225696110688
    outer loop
      vertex -0.3649115880169207 -0.3649115880169207 -1.0073592299159095
      vertex -0.07138991677420403 -0.07138991677420403 -1.325878449210181
      vertex -0.10553720244495057 -0.5923768192667471 -1.0073592299159095
    endloop
  endfacet
  facet normal -0.40192572621211053 -0.45830845316019575 -0.7927225696110689
    outer loop
      vertex -0.10553720244495057 -0.5923768192667471 -1.0073592299159095
      vertex -0.07138991677420403 -0.07138991677420403 -1.325878449210181
      vertex 0.14716108412911622 -0.2630540005299249 -1.325878449210181
    endloop
  endfacet
  facet normal -0.4667272787359294 -0.5322004619635762 -0.7063485793639781
    outer loop
      vertex -0.6265241049374932 -0.6265241049374932 -0.6373832604002754
      vertex -0.3649115880169207 -0.3649115880169207 -1.0073592299159095
      vertex -0.10553720244495057 -0.5923768192667471 -1.0073592299159095
    endloop
  endfacet
  facet normal -0.46672727873592895 -0.5322004619635772 -0.7063485793639777
    outer loop
      vertex -0.6265241049374932 -0.6265241049374932 -0.6373832604002754
      vertex -0.10553720244495057 -0.5923768192667471 -1.0073592299159095
      vertex -0.33076430234617504 -0.8858984905094633 -0.6373832604002754
    endloop
  endfacet
  facet normal -0.5322004619635762 -0.4667272787359294 -0.7063485793639781
    outer loop
      vertex -0.6265241049374932 -0.6265241049374932 -0.6373832604002754
      vertex -0.5923768192667471 -0.10553720244495057 -1.0073592299159095
      vertex -0.3649115880169207 -0.3649115880169207 -1.0073592299159095
    endloop
  endfacet
  facet normal -0.7204591365102457 -0.4813954045099306 -0.49919645144535163
    outer loop
      vertex -1.3461479412444635 -0.6839261270976329 0.2308452391239948
      vertex -1.3802952269152096 -0.1629392246050907 -0.2222809320784087
      vertex -1.1385967770835301 -0.5246665174504974 -0.2222809320784087
    endloop
  endfacet
  facet normal -0.7204591365102462 -0.4813954045099304 -0.4991964514453514
    outer loop
      vertex -1.6068583125164113 -0.2937454830653765 0.2308452391239948
      vertex -1.3802952269152096 -0.1629392246050907 -0.2222809320784087
      vertex -1.3461479412444635 -0.6839261270976329 0.2308452391239948
    endloop
  endfacet
  facet normal -0.6948270761320744 -0.6093469916179051 -0.38198374059632595
    outer loop
      vertex -1.505000725029416 -0.8058181552114139 0.7142421387873537
      vertex -1.3461479412444635 -0.6839261270976329 0.2308452391239948
      vertex -1.1783228635033796 -1.1783228635033796 0.7142421387873537
    endloop
  endfacet
  facet normal -0.7684184767311634 -0.5134408111342511 -0.38198374059632567
    outer loop
      vertex -1.6068583125164113 -0.2937454830653765 0.2308452391239948
      vertex -1.3461479412444635 -0.6839261270976329 0.2308452391239948
      vertex -1.7802621910065985 -0.3938602589902116 0.7142421387873537
    endloop
  endfacet
  facet normal -0.8288620241475312 -0.4087495160194032 -0.3819837405963256
    outer loop
      vertex -1.6068583125164113 -0.2937454830653765 0.2308452391239948
      vertex -1.7802621910065985 -0.3938602589902116 0.7142421387873537
      vertex -1.9993974614351617 0.05050211133957605 0.7142421387873537
    endloop
  endfacet
  facet normal -0.7684184767311634 -0.5134408111342508 -0.38198374059632584
    outer loop
      vertex -1.505000725029416 -0.8058181552114139 0.7142421387873537
      vertex -1.7802621910065985 -0.3938602589902116 0.7142421387873537
      vertex -1.3461479412444635 -0.6839261270976329 0.2308452391239948
    endloop
  endfacet
  facet normal -0.48139540450993074 -0.720459136510246 -0.49919645144535135
    outer loop
      vertex -0.1629392246050907 -1.3802952269152096 -0.2222809320784087
      vertex -0.2937454830653765 -1.6068583125164113 0.2308452391239948
      vertex -0.5246665174504974 -1.1385967770835301 -0.2222809320784087
    endloop
  endfacet
  facet normal -0.4813954045099303 -0.720459136510246 -0.49919645144535163
    outer loop
      vertex -0.6839261270976329 -1.3461479412444635 0.2308452391239948
      vertex -0.5246665174504974 -1.1385967770835301 -0.2222809320784087
      vertex -0.2937454830653765 -1.6068583125164113 0.2308452391239948
    endloop
  endfacet
  facet normal -0.383238212351509 -0.7771302178258085 -0.4991964514453514
    outer loop
      vertex -0.1629392246050907 -1.3802952269152096 -0.2222809320784087
      vertex 0.12712664350233105 -1.8144094766773446 0.2308452391239948
      vertex -0.2937454830653765 -1.6068583125164113 0.2308452391239948
    endloop
  endfacet
  facet normal -0.6093469916179051 -0.6948270761320744 -0.38198374059632595
    outer loop
      vertex -0.6839261270976329 -1.3461479412444635 0.2308452391239948
      vertex -0.8058181552114139 -1.505000725029416 0.7142421387873537
      vertex -1.1783228635033796 -1.1783228635033796 0.7142421387873537
    endloop
  endfacet
  facet normal -0.5134408111342511 -0.7684184767311633 -0.3819837405963259
    outer loop
      vertex -0.6839261270976329 -1.3461479412444635 0.2308452391239948
      vertex -0.2937454830653765 -1.6068583125164113 0.2308452391239948
      vertex -0.8058181552114139 -1.505000725029416 0.7142421387873537
    endloop
  endfacet
  facet normal -0.40874951601940374 -0.8288620241475311 -0.38198374059632556
    outer loop
      vertex -0.2937454830653765 -1.6068583125164113 0.2308452391239948
      vertex 0.12712664350233105 -1.8144094766773446 0.2308452391239948
      vertex -0.3938602589902116 -1.7802621910065985 0.7142421387873537
    endloop
  endfacet
  facet normal -0.5134408111342508 -0.7684184767311634 -0.3819837405963256
    outer loop
      vertex -0.8058181552114139 -1.505000725029416 0.7142421387873537
      vertex -0.2937454830653765 -1.6068583125164113 0.2308452391239948
      vertex -0.3938602589902116 -1.7802621910065985 0.7142421387873537
    endloop
  endfacet
  facet normal -0.40874951601940335 -0.8288620241475314 -0.38198374059632506
    outer loop
      vertex -0.3938602589902116 -1.7802621910065985 0.7142421387873537
      vertex 0.12712664350233105 -1.8144094766773446 0.2308452391239948
      vertex 0.05050211133957605 -1.9993974614351617 0.7142421387873537
    endloop
  endfacet
  facet normal -0.5235093097941983 -0.5969479591364156 -0.6079400765220784
    outer loop
      vertex -0.6265241049374932 -0.6265241049374932 -0.6373832604002754
      vertex -0.33076430234617504 -0.8858984905094633 -0.6373832604002754
      vertex -0.8517512048387177 -0.8517512048387177 -0.2222809320784087
    endloop
  endfacet
  facet normal -0.6514607996199835 -0.5713157878291664 -0.4991964514453509
    outer loop
      vertex -1.3461479412444635 -0.6839261270976329 0.2308452391239948
      vertex -0.8517512048387177 -0.8517512048387177 -0.2222809320784087
      vertex -1.0367391895965343 -1.0367391895965343 0.2308452391239948
    endloop
  endfacet
  facet normal -0.5713157878291661 -0.6514607996199832 -0.49919645144535163
    outer loop
      vertex -0.6839261270976329 -1.3461479412444635 0.2308452391239948
      vertex -1.0367391895965343 -1.0367391895965343 0.2308452391239948
      vertex -0.5246665174504974 -1.1385967770835301 -0.2222809320784087
    endloop
  endfacet
  facet normal -0.5713157878291657 -0.6514607996199842 -0.49919645144535085
    outer loop
      vertex -0.8517512048387177 -0.8517512048387177 -0.2222809320784087
      vertex -0.5246665174504974 -1.1385967770835301 -0.2222809320784087
      vertex -1.0367391895965343 -1.0367391895965343 0.2308452391239948
    endloop
  endfacet
  facet normal -0.5969479591364162 -0.5235093097941981 -0.6079400765220779
    outer loop
      vertex -0.8858984905094633 -0.33076430234617504 -0.6373832604002754
      vertex -0.8517512048387177 -0.8517512048387177 -0.2222809320784087
      vertex -1.1385967770835301 -0.5246665174504974 -0.2222809320784087
    endloop
  endfacet
  facet normal -0.6601726633925666 -0.4411132710172014 -0.6079400765220779
    outer loop
      vertex -0.8858984905094633 -0.33076430234617504 -0.6373832604002754
      vertex -1.1385967770835301 -0.5246665174504974 -0.2222809320784087
      vertex -1.3802952269152096 -0.1629392246050907 -0.2222809320784087
    endloop
  endfacet
  facet normal -0.5969479591364156 -0.5235093097941983 -0.6079400765220784
    outer loop
      vertex -0.6265241049374932 -0.6265241049374932 -0.6373832604002754
      vertex -0.8517512048387177 -0.8517512048387177 -0.2222809320784087
      vertex -0.8858984905094633 -0.33076430234617504 -0.6373832604002754
    endloop
  endfacet
  facet normal -0.6514607996199837 -0.5713157878291655 -0.49919645144535163
    outer loop
      vertex -1.3461479412444635 -0.6839261270976329 0.2308452391239948
      vertex -1.1385967770835301 -0.5246665174504974 -0.2222809320784087
      vertex -0.8517512048387177 -0.8517512048387177 -0.2222809320784087
    endloop
  endfacet
  facet normal -0.4411132710172014 -0.6601726633925666 -0.6079400765220779
    outer loop
      vertex -0.33076430234617504 -0.8858984905094633 -0.6373832604002754
      vertex -0.1629392246050907 -1.3802952269152096 -0.2222809320784087
      vertex -0.5246665174504974 -1.1385967770835301 -0.2222809320784087
    endloop
  endfacet
  facet normal -0.5235093097941981 -0.5969479591364162 -0.6079400765220779
    outer loop
      vertex -0.33076430234617504 -0.8858984905094633 -0.6373832604002754
      vertex -0.5246665174504974 -1.1385967770835301 -0.2222809320784087
      vertex -0.8517512048387177 -0.8517512048387177 -0.2222809320784087
    endloop
  endfacet
  facet normal -0.441113271017201 -0.6601726633925667 -0.6079400765220782
    outer loop
      vertex -0.33076430234617504 -0.8858984905094633 -0.6373832604002754
      vertex -0.003679614957954769 -1.104449491412784 -0.6373832604002754
      vertex -0.1629392246050907 -1.3802952269152096 -0.2222809320784087
    endloop
  endfacet
  facet normal -0.6093469916179053 -0.6948270761320738 -0.38198374059632645
    outer loop
      vertex -0.6839261270976329 -1.3461479412444635 0.2308452391239948
      vertex -1.1783228635033796 -1.1783228635033796 0.7142421387873537
      vertex -1.0367391895965343 -1.0367391895965343 0.2308452391239948
    endloop
  endfacet
  facet normal -0.6948270761320738 -0.6093469916179053 -0.38198374059632645
    outer loop
      vertex -1.3461479412444635 -0.6839261270976329 0.2308452391239948
      vertex -1.0367391895965343 -1.0367391895965343 0.2308452391239948
      vertex -1.1783228635033796 -1.1783228635033796 0.7142421387873537
    endloop
  endfacet
  facet normal -0.6702979110062839 -0.22753548059830694 -0.7063485793639777
    outer loop
      vertex -1.2784376394282138 0.34913344754094666 -0.6373832604002754
      vertex -1.4048859491045809 0.7216381558329124 -0.6373832604002754
      vertex -1.0475166050430929 0.8173949829738278 -1.0073592299159095
    endloop
  endfacet
  facet normal -0.6942627593342362 -0.13809744904270665 -0.7063485793639778
    outer loop
      vertex -1.4048859491045809 0.7216381558329124 -0.6373832604002754
      vertex -1.481630854805228 1.1074608510812496 -0.6373832604002754
      vertex -1.0475166050430929 0.8173949829738278 -1.0073592299159095
    endloop
  endfacet
  facet normal -0.706348579363978 -0.04629653184613964 -0.7063485793639777
    outer loop
      vertex -1.481630854805228 1.1074608510812496 -0.6373832604002754
      vertex -1.5073592299159095 1.5 -0.6373832604002754
      vertex -1.1148200809971591 1.1557524055950474 -1.0073592299159095
    endloop
  endfacet
  facet normal -0.7063485793639779 -0.0462965318461392 -0.7063485793639779
    outer loop
      vertex -1.5073592299159095 1.5 -0.6373832604002754
      vertex -1.1373832604002754 1.5 -1.0073592299159095
      vertex -1.1148200809971591 1.1557524055950474 -1.0073592299159095
    endloop
  endfacet
  facet normal -0.3765243673402658 -0.3302030079006522 -0.8655607282983525
    outer loop
      vertex -0.07138991677420403 -0.07138991677420403 -1.325878449210181
      vertex -0.2630540005299249 0.14716108412911622 -1.325878449210181
      vertex 0.24901867161611158 0.24901867161611158 -1.587490966130753
    endloop
  endfacet
  facet normal -0.4164032904624119 -0.27823178344628724 -0.8655607282983525
    outer loop
      vertex -0.2630540005299249 0.14716108412911622 -1.325878449210181
      vertex -0.03213296614480399 0.6154226195619974 -1.587490966130753
      vertex 0.09643516096687987 0.4230068196315413 -1.587490966130753
    endloop
  endfacet
  facet normal -0.37652436734026595 -0.33020300790065166 -0.8655607282983526
    outer loop
      vertex -0.2630540005299249 0.14716108412911622 -1.325878449210181
      vertex 0.09643516096687987 0.4230068196315413 -1.587490966130753
      vertex 0.24901867161611158 0.24901867161611158 -1.587490966130753
    endloop
  endfacet
  facet normal -0.41640329046241104 -0.2782317834462878 -0.865560728298353
    outer loop
      vertex -0.42455174152566233 0.38885953396079564 -1.325878449210181
      vertex -0.03213296614480399 0.6154226195619974 -1.587490966130753
      vertex -0.2630540005299249 0.14716108412911622 -1.325878449210181
    endloop
  endfacet
  facet normal -0.3630378280597527 -0.12323473686339324 -0.9235890509462895
    outer loop
      vertex -0.13448587341824103 0.8229737837229307 -1.587490966130753
      vertex -0.20887227423239452 1.042109054151494 -1.587490966130753
      vertex 0.31211462826014813 1.0079617684807478 -1.7877205179804228
    endloop
  endfacet
  facet normal -0.4491574378359416 -0.22149993603673462 -0.8655607282983526
    outer loop
      vertex -0.42455174152566233 0.38885953396079564 -1.325878449210181
      vertex -0.5531198686373466 0.6495699052327435 -1.325878449210181
      vertex -0.13448587341824103 0.8229737837229307 -1.587490966130753
    endloop
  endfacet
  facet normal -0.47422637691813085 -0.16097816331020826 -0.8655607282983528
    outer loop
      vertex -0.6465585455642779 0.9248313712099265 -1.325878449210181
      vertex -0.20887227423239452 1.042109054151494 -1.587490966130753
      vertex -0.13448587341824103 0.8229737837229307 -1.587490966130753
    endloop
  endfacet
  facet normal -0.47422637691813085 -0.16097816331020853 -0.8655607282983526
    outer loop
      vertex -0.6465585455642779 0.9248313712099265 -1.325878449210181
      vertex -0.13448587341824103 0.8229737837229307 -1.587490966130753
      vertex -0.5531198686373466 0.6495699052327435 -1.325878449210181
    endloop
  endfacet
  facet normal -0.4491574378359411 -0.2214999360367352 -0.8655607282983528
    outer loop
      vertex -0.42455174152566233 0.38885953396079564 -1.325878449210181
      vertex -0.13448587341824103 0.8229737837229307 -1.587490966130753
      vertex -0.03213296614480399 0.6154226195619974 -1.587490966130753
    endloop
  endfacet
  facet normal -0.5068493954076024 -0.338665938653671 -0.7927225696110687
    outer loop
      vertex -0.42455174152566233 0.38885953396079564 -1.325878449210181
      vertex -0.5923768192667471 -0.10553720244495057 -1.0073592299159095
      vertex -0.7840409030224675 0.1813083697998623 -1.0073592299159095
    endloop
  endfacet
  facet normal -0.5467180039743829 -0.2696114829889315 -0.7927225696110688
    outer loop
      vertex -0.42455174152566233 0.38885953396079564 -1.325878449210181
      vertex -0.7840409030224675 0.1813083697998623 -1.0073592299159095
      vertex -0.9366244136716997 0.49071712144779145 -1.0073592299159095
    endloop
  endfacet
  facet normal -0.6348640795793228 -0.3130803169961172 -0.7063485793639781
    outer loop
      vertex -0.7840409030224675 0.1813083697998623 -1.0073592299159095
      vertex -1.104449491412784 -0.003679614957954769 -0.6373832604002754
      vertex -0.9366244136716997 0.49071712144779145 -1.0073592299159095
    endloop
  endfacet
  facet normal -0.6348640795793232 -0.3130803169961169 -0.7063485793639778
    outer loop
      vertex -1.2784376394282138 0.34913344754094666 -0.6373832604002754
      vertex -0.9366244136716997 0.49071712144779145 -1.0073592299159095
      vertex -1.104449491412784 -0.003679614957954769 -0.6373832604002754
    endloop
  endfacet
  facet normal -0.5885675477331841 -0.3932682623678599 -0.7063485793639781
    outer loop
      vertex -0.7840409030224675 0.1813083697998623 -1.0073592299159095
      vertex -0.5923768192667471 -0.10553720244495057 -1.0073592299159095
      vertex -1.104449491412784 -0.003679614957954769 -0.6373832604002754
    endloop
  endfacet
  facet normal -0.5885675477331841 -0.39326826236786083 -0.7063485793639777
    outer loop
      vertex -0.8858984905094633 -0.33076430234617504 -0.6373832604002754
      vertex -1.104449491412784 -0.003679614957954769 -0.6373832604002754
      vertex -0.5923768192667471 -0.10553720244495057 -1.0073592299159095
    endloop
  endfacet
  facet normal -0.597869626311936 -0.11892366275409869 -0.7927225696110685
    outer loop
      vertex -0.6465585455642779 0.9248313712099265 -1.325878449210181
      vertex -1.0475166050430929 0.8173949829738278 -1.0073592299159095
      vertex -1.1148200809971591 1.1557524055950474 -1.0073592299159095
    endloop
  endfacet
  facet normal -0.5467180039743829 -0.2696114829889315 -0.7927225696110688
    outer loop
      vertex -0.42455174152566233 0.38885953396079564 -1.325878449210181
      vertex -0.9366244136716997 0.49071712144779145 -1.0073592299159095
      vertex -0.5531198686373466 0.6495699052327435 -1.325878449210181
    endloop
  endfacet
  facet normal -0.577232115914295 -0.1959439000998252 -0.7927225696110686
    outer loop
      vertex -0.6465585455642779 0.9248313712099265 -1.325878449210181
      vertex -0.9366244136716997 0.49071712144779145 -1.0073592299159095
      vertex -1.0475166050430929 0.8173949829738278 -1.0073592299159095
    endloop
  endfacet
  facet normal -0.5772321159142947 -0.19594390009982576 -0.7927225696110688
    outer loop
      vertex -0.6465585455642779 0.9248313712099265 -1.325878449210181
      vertex -0.5531198686373466 0.6495699052327435 -1.325878449210181
      vertex -0.9366244136716997 0.49071712144779145 -1.0073592299159095
    endloop
  endfacet
  facet normal -0.6702979110062838 -0.227535480598307 -0.7063485793639778
    outer loop
      vertex -1.2784376394282138 0.34913344754094666 -0.6373832604002754
      vertex -1.0475166050430929 0.8173949829738278 -1.0073592299159095
      vertex -0.9366244136716997 0.49071712144779145 -1.0073592299159095
    endloop
  endfacet
  facet normal -0.45830845316019575 -0.40192572621211065 -0.7927225696110689
    outer loop
      vertex -0.07138991677420403 -0.07138991677420403 -1.325878449210181
      vertex -0.5923768192667471 -0.10553720244495057 -1.0073592299159095
      vertex -0.2630540005299249 0.14716108412911622 -1.325878449210181
    endloop
  endfacet
  facet normal -0.5068493954076019 -0.33866593865367134 -0.792722569611069
    outer loop
      vertex -0.42455174152566233 0.38885953396079564 -1.325878449210181
      vertex -0.2630540005299249 0.14716108412911622 -1.325878449210181
      vertex -0.5923768192667471 -0.10553720244495057 -1.0073592299159095
    endloop
  endfacet
  facet normal -0.37601735006616943 -0.07479450127748685 -0.9235890509462896
    outer loop
      vertex -0.20887227423239452 1.042109054151494 -1.587490966130753
      vertex -0.25401939664552753 1.269078965614879 -1.587490966130753
      vertex 0.2580532755005094 1.1672213781278833 -1.7877205179804228
    endloop
  endfacet
  facet normal -0.38256311096124906 -0.025074511037770742 -0.9235890509462895
    outer loop
      vertex -0.25401939664552753 1.269078965614879 -1.587490966130753
      vertex -0.2691547608760052 1.5 -1.587490966130753
      vertex 0.21424213878735365 1.5 -1.7877205179804228
    endloop
  endfacet
  facet normal -0.49118117121085986 -0.0977020095778647 -0.8655607282983527
    outer loop
      vertex -0.7032690106381398 1.2099341318925783 -1.325878449210181
      vertex -0.25401939664552753 1.269078965614879 -1.587490966130753
      vertex -0.20887227423239452 1.042109054151494 -1.587490966130753
    endloop
  endfacet
  facet normal -0.49118117121085986 -0.09770200957786451 -0.8655607282983526
    outer loop
      vertex -0.6465585455642779 0.9248313712099265 -1.325878449210181
      vertex -0.7032690106381398 1.2099341318925783 -1.325878449210181
      vertex -0.20887227423239452 1.042109054151494 -1.587490966130753
    endloop
  endfacet
  facet normal -0.49973171948302236 -0.03275414737353089 -0.8655607282983527
    outer loop
      vertex -0.7222809320784087 1.5 -1.325878449210181
      vertex -0.2691547608760052 1.5 -1.587490966130753
      vertex -0.25401939664552753 1.269078965614879 -1.587490966130753
    endloop
  endfacet
  facet normal -0.4997317194830225 -0.03275414737353101 -0.8655607282983526
    outer loop
      vertex -0.7032690106381398 1.2099341318925783 -1.325878449210181
      vertex -0.7222809320784087 1.5 -1.325878449210181
      vertex -0.25401939664552753 1.269078965614879 -1.587490966130753
    endloop
  endfacet
  facet normal -0.6082774216426028 -0.039868608566780955 -0.7927225696110689
    outer loop
      vertex -0.7032690106381398 1.2099341318925783 -1.325878449210181
      vertex -1.1148200809971591 1.1557524055950474 -1.0073592299159095
      vertex -1.1373832604002754 1.5 -1.0073592299159095
    endloop
  endfacet
  facet normal -0.5978696263119357 -0.11892366275409771 -0.7927225696110689
    outer loop
      vertex -0.6465585455642779 0.9248313712099265 -1.325878449210181
      vertex -1.1148200809971591 1.1557524055950474 -1.0073592299159095
      vertex -0.7032690106381398 1.2099341318925783 -1.325878449210181
    endloop
  endfacet
  facet normal -0.608277421642603 -0.039868608566781503 -0.7927225696110687
    outer loop
      vertex -0.7032690106381398 1.2099341318925783 -1.325878449210181
      vertex -1.1373832604002754 1.5 -1.0073592299159095
      vertex -0.7222809320784087 1.5 -1.325878449210181
    endloop
  endfacet
  facet normal -0.6942627593342361 -0.13809744904270668 -0.7063485793639777
    outer loop
      vertex -1.481630854805228 1.1074608510812496 -0.6373832604002754
      vertex -1.1148200809971591 1.1557524055950474 -1.0073592299159095
      vertex -1.0475166050430929 0.8173949829738278 -1.0073592299159095
    endloop
  endfacet
  facet normal -0.8498394959552126 -0.1690435860331861 -0.49919645144535135
    outer loop
      vertex -1.9652501757644156 0.5714890138321191 0.2308452391239948
      vertex -2.0567994835953014 1.0317384645671188 0.2308452391239948
      vertex -1.7974250980233313 1.065885750237865 -0.2222809320784087
    endloop
  endfacet
  facet normal -0.7121016303436295 -0.3511696618733951 -0.6079400765220782
    outer loop
      vertex -1.2784376394282138 0.34913344754094666 -0.6373832604002754
      vertex -1.104449491412784 -0.003679614957954769 -0.6373832604002754
      vertex -1.3802952269152096 -0.1629392246050907 -0.2222809320784087
    endloop
  endfacet
  facet normal -0.7121016303436296 -0.351169661873395 -0.6079400765220779
    outer loop
      vertex -1.2784376394282138 0.34913344754094666 -0.6373832604002754
      vertex -1.3802952269152096 -0.1629392246050907 -0.2222809320784087
      vertex -1.5727110268456652 0.22724141942716614 -0.2222809320784087
    endloop
  endfacet
  facet normal -0.7771302178258086 -0.38323821235150807 -0.4991964514453521
    outer loop
      vertex -1.5727110268456652 0.22724141942716614 -0.2222809320784087
      vertex -1.3802952269152096 -0.1629392246050907 -0.2222809320784087
      vertex -1.8144094766773446 0.12712664350233105 0.2308452391239948
    endloop
  endfacet
  facet normal -0.7771302178258086 -0.38323821235150896 -0.4991964514453514
    outer loop
      vertex -1.6068583125164113 -0.2937454830653765 0.2308452391239948
      vertex -1.8144094766773446 0.12712664350233105 0.2308452391239948
      vertex -1.3802952269152096 -0.1629392246050907 -0.2222809320784087
    endloop
  endfacet
  facet normal -0.8205043856531697 -0.27852370812604593 -0.4991964514453519
    outer loop
      vertex -1.5727110268456652 0.22724141942716614 -0.2222809320784087
      vertex -1.8144094766773446 0.12712664350233105 0.2308452391239948
      vertex -1.9652501757644156 0.5714890138321191 0.2308452391239948
    endloop
  endfacet
  facet normal -0.7787267522465102 -0.15489838183122512 -0.6079400765220782
    outer loop
      vertex -1.481630854805228 1.1074608510812496 -0.6373832604002754
      vertex -1.7125518891903493 0.6391993156483684 -0.2222809320784087
      vertex -1.7974250980233313 1.065885750237865 -0.2222809320784087
    endloop
  endfacet
  facet normal -0.751846340967641 -0.2552174424523113 -0.6079400765220786
    outer loop
      vertex -1.2784376394282138 0.34913344754094666 -0.6373832604002754
      vertex -1.7125518891903493 0.6391993156483684 -0.2222809320784087
      vertex -1.4048859491045809 0.7216381558329124 -0.6373832604002754
    endloop
  endfacet
  facet normal -0.7518463409676412 -0.2552174424523123 -0.6079400765220782
    outer loop
      vertex -1.2784376394282138 0.34913344754094666 -0.6373832604002754
      vertex -1.5727110268456652 0.22724141942716614 -0.2222809320784087
      vertex -1.7125518891903493 0.6391993156483684 -0.2222809320784087
    endloop
  endfacet
  facet normal -0.7787267522465097 -0.15489838183122562 -0.6079400765220785
    outer loop
      vertex -1.4048859491045809 0.7216381558329124 -0.6373832604002754
      vertex -1.7125518891903493 0.6391993156483684 -0.2222809320784087
      vertex -1.481630854805228 1.1074608510812496 -0.6373832604002754
    endloop
  endfacet
  facet normal -0.8205043856531699 -0.278523708126047 -0.4991964514453512
    outer loop
      vertex -1.5727110268456652 0.22724141942716614 -0.2222809320784087
      vertex -1.9652501757644156 0.5714890138321191 0.2308452391239948
      vertex -1.7125518891903493 0.6391993156483684 -0.2222809320784087
    endloop
  endfacet
  facet normal -0.8498394959552126 -0.16904358603318595 -0.49919645144535124
    outer loop
      vertex -1.7125518891903493 0.6391993156483684 -0.2222809320784087
      vertex -1.9652501757644156 0.5714890138321191 0.2308452391239948
      vertex -1.7974250980233313 1.065885750237865 -0.2222809320784087
    endloop
  endfacet
  facet normal -0.8751235125267667 -0.29706440335868806 -0.3819837405963251
    outer loop
      vertex -1.9993974614351617 0.05050211133957605 0.7142421387873537
      vertex -2.1586570710822977 0.5196657924210819 0.7142421387873537
      vertex -1.8144094766773446 0.12712664350233105 0.2308452391239948
    endloop
  endfacet
  facet normal -0.8751235125267667 -0.29706440335868745 -0.3819837405963256
    outer loop
      vertex -1.9652501757644156 0.5714890138321191 0.2308452391239948
      vertex -1.8144094766773446 0.12712664350233105 0.2308452391239948
      vertex -2.1586570710822977 0.5196657924210819 0.7142421387873537
    endloop
  endfacet
  facet normal -0.9064113949765933 -0.18029643639469184 -0.3819837405963258
    outer loop
      vertex -1.9652501757644156 0.5714890138321191 0.2308452391239948
      vertex -2.2553160438718374 1.0056032635942538 0.7142421387873537
      vertex -2.0567994835953014 1.0317384645671188 0.2308452391239948
    endloop
  endfacet
  facet normal -0.9064113949765933 -0.180296436394692 -0.3819837405963256
    outer loop
      vertex -1.9652501757644156 0.5714890138321191 0.2308452391239948
      vertex -2.1586570710822977 0.5196657924210819 0.7142421387873537
      vertex -2.2553160438718374 1.0056032635942538 0.7142421387873537
    endloop
  endfacet
  facet normal -0.8288620241475312 -0.4087495160194038 -0.3819837405963251
    outer loop
      vertex -1.6068583125164113 -0.2937454830653765 0.2308452391239948
      vertex -1.9993974614351617 0.05050211133957605 0.7142421387873537
      vertex -1.8144094766773446 0.12712664350233105 0.2308452391239948
    endloop
  endfacet
  facet normal -0.864633616861439 -0.05667108131556291 -0.49919645144535135
    outer loop
      vertex -1.7974250980233313 1.065885750237865 -0.2222809320784087
      vertex -2.0567994835953014 1.0317384645671188 0.2308452391239948
      vertex -1.825878449210181 1.5 -0.2222809320784087
    endloop
  endfacet
  facet normal -0.8646336168614389 -0.05667108131556307 -0.4991964514453515
    outer loop
      vertex -1.825878449210181 1.5 -0.2222809320784087
      vertex -2.0567994835953014 1.0317384645671188 0.2308452391239948
      vertex -2.087490966130753 1.5 0.2308452391239948
    endloop
  endfacet
  facet normal -0.7922829328905963 -0.05192896695106313 -0.6079400765220783
    outer loop
      vertex -1.481630854805228 1.1074608510812496 -0.6373832604002754
      vertex -1.7974250980233313 1.065885750237865 -0.2222809320784087
      vertex -1.5073592299159095 1.5 -0.6373832604002754
    endloop
  endfacet
  facet normal -0.7922829328905964 -0.05192896695106295 -0.607940076522078
    outer loop
      vertex -1.5073592299159095 1.5 -0.6373832604002754
      vertex -1.7974250980233313 1.065885750237865 -0.2222809320784087
      vertex -1.825878449210181 1.5 -0.2222809320784087
    endloop
  endfacet
  facet normal -0.9221903271536545 -0.06044354741636835 -0.3819837405963257
    outer loop
      vertex -2.0567994835953014 1.0317384645671188 0.2308452391239948
      vertex -2.2877205179804228 1.5 0.7142421387873537
      vertex -2.087490966130753 1.5 0.2308452391239948
    endloop
  endfacet
  facet normal -0.9221903271536543 -0.060443547416368294 -0.3819837405963256
    outer loop
      vertex -2.0567994835953014 1.0317384645671188 0.2308452391239948
      vertex -2.2553160438718374 1.0056032635942538 0.7142421387873537
      vertex -2.2877205179804228 1.5 0.7142421387873537
    endloop
  endfacet
  facet normal -0.6601726633925667 -0.441113271017201 -0.6079400765220782
    outer loop
      vertex -0.8858984905094633 -0.33076430234617504 -0.6373832604002754
      vertex -1.3802952269152096 -0.1629392246050907 -0.2222809320784087
      vertex -1.104449491412784 -0.003679614957954769 -0.6373832604002754
    endloop
  endfacet
  facet normal -0.04629653184613964 -0.706348579363978 -0.7063485793639777
    outer loop
      vertex 1.1074608510812496 -1.481630854805228 -0.6373832604002754
      vertex 1.1557524055950474 -1.1148200809971591 -1.0073592299159095
      vertex 1.5 -1.5073592299159095 -0.6373832604002754
    endloop
  endfacet
  facet normal -0.278231783446288 -0.4164032904624113 -0.8655607282983526
    outer loop
      vertex 0.14716108412911622 -0.2630540005299249 -1.325878449210181
      vertex 0.4230068196315413 0.09643516096687987 -1.587490966130753
      vertex 0.38885953396079564 -0.42455174152566233 -1.325878449210181
    endloop
  endfacet
  facet normal -0.2214999360367352 -0.4491574378359411 -0.8655607282983528
    outer loop
      vertex 0.38885953396079564 -0.42455174152566233 -1.325878449210181
      vertex 0.6154226195619974 -0.03213296614480399 -1.587490966130753
      vertex 0.8229737837229307 -0.13448587341824103 -1.587490966130753
    endloop
  endfacet
  facet normal -0.22149993603673462 -0.4491574378359416 -0.8655607282983526
    outer loop
      vertex 0.6495699052327435 -0.5531198686373466 -1.325878449210181
      vertex 0.38885953396079564 -0.42455174152566233 -1.325878449210181
      vertex 0.8229737837229307 -0.13448587341824103 -1.587490966130753
    endloop
  endfacet
  facet normal -0.16097816331020826 -0.47422637691813085 -0.8655607282983528
    outer loop
      vertex 0.9248313712099265 -0.6465585455642779 -1.325878449210181
      vertex 0.8229737837229307 -0.13448587341824103 -1.587490966130753
      vertex 1.042109054151494 -0.20887227423239452 -1.587490966130753
    endloop
  endfacet
  facet normal -0.16097816331020853 -0.47422637691813085 -0.8655607282983526
    outer loop
      vertex 0.6495699052327435 -0.5531198686373466 -1.325878449210181
      vertex 0.8229737837229307 -0.13448587341824103 -1.587490966130753
      vertex 0.9248313712099265 -0.6465585455642779 -1.325878449210181
    endloop
  endfacet
  facet normal -0.09770200957786451 -0.49118117121085986 -0.8655607282983526
    outer loop
      vertex 0.9248313712099265 -0.6465585455642779 -1.325878449210181
      vertex 1.042109054151494 -0.20887227423239452 -1.587490966130753
      vertex 1.2099341318925783 -0.7032690106381398 -1.325878449210181
    endloop
  endfacet
  facet normal -0.0977020095778647 -0.49118117121085986 -0.8655607282983527
    outer loop
      vertex 1.2099341318925783 -0.7032690106381398 -1.325878449210181
      vertex 1.042109054151494 -0.20887227423239452 -1.587490966130753
      vertex 1.269078965614879 -0.25401939664552753 -1.587490966130753
    endloop
  endfacet
  facet normal -0.31308031699611677 -0.634864079579323 -0.7063485793639781
    outer loop
      vertex -0.003679614957954769 -1.104449491412784 -0.6373832604002754
      vertex 0.1813083697998623 -0.7840409030224675 -1.0073592299159095
      vertex 0.34913344754094666 -1.2784376394282138 -0.6373832604002754
    endloop
  endfacet
  facet normal -0.3130803169961173 -0.6348640795793231 -0.7063485793639778
    outer loop
      vertex 0.1813083697998623 -0.7840409030224675 -1.0073592299159095
      vertex 0.49071712144779145 -0.9366244136716997 -1.0073592299159095
      vertex 0.34913344754094666 -1.2784376394282138 -0.6373832604002754
    endloop
  endfacet
  facet normal -0.22753548059830703 -0.6702979110062837 -0.7063485793639777
    outer loop
      vertex 0.49071712144779145 -0.9366244136716997 -1.0073592299159095
      vertex 0.8173949829738278 -1.0475166050430929 -1.0073592299159095
      vertex 0.34913344754094666 -1.2784376394282138 -0.6373832604002754
    endloop
  endfacet
  facet normal -0.22753548059830694 -0.6702979110062839 -0.7063485793639777
    outer loop
      vertex 0.7216381558329124 -1.4048859491045809 -0.6373832604002754
      vertex 0.34913344754094666 -1.2784376394282138 -0.6373832604002754
      vertex 0.8173949829738278 -1.0475166050430929 -1.0073592299159095
    endloop
  endfacet
  facet normal -0.338665938653671 -0.5068493954076024 -0.7927225696110687
    outer loop
      vertex -0.10553720244495057 -0.5923768192667471 -1.0073592299159095
      vertex 0.38885953396079564 -0.42455174152566233 -1.325878449210181
      vertex 0.1813083697998623 -0.7840409030224675 -1.0073592299159095
    endloop
  endfacet
  facet normal -0.3386659386536714 -0.506849395407602 -0.792722569611069
    outer loop
      vertex -0.10553720244495057 -0.5923768192667471 -1.0073592299159095
      vertex 0.14716108412911622 -0.2630540005299249 -1.325878449210181
      vertex 0.38885953396079564 -0.42455174152566233 -1.325878449210181
    endloop
  endfacet
  facet normal -0.2696114829889315 -0.5467180039743829 -0.7927225696110688
    outer loop
      vertex 0.38885953396079564 -0.42455174152566233 -1.325878449210181
      vertex 0.49071712144779145 -0.9366244136716997 -1.0073592299159095
      vertex 0.1813083697998623 -0.7840409030224675 -1.0073592299159095
    endloop
  endfacet
  facet normal -0.2696114829889315 -0.5467180039743829 -0.7927225696110688
    outer loop
      vertex 0.6495699052327435 -0.5531198686373466 -1.325878449210181
      vertex 0.49071712144779145 -0.9366244136716997 -1.0073592299159095
      vertex 0.38885953396079564 -0.42455174152566233 -1.325878449210181
    endloop
  endfacet
  facet normal -0.1959439000998252 -0.577232115914295 -0.7927225696110686
    outer loop
      vertex 0.9248313712099265 -0.6465585455642779 -1.325878449210181
      vertex 0.8173949829738278 -1.0475166050430929 -1.0073592299159095
      vertex 0.49071712144779145 -0.9366244136716997 -1.0073592299159095
    endloop
  endfacet
  facet normal -0.11892366275409869 -0.597869626311936 -0.7927225696110685
    outer loop
      vertex 0.9248313712099265 -0.6465585455642779 -1.325878449210181
      vertex 1.1557524055950474 -1.1148200809971591 -1.0073592299159095
      vertex 0.8173949829738278 -1.0475166050430929 -1.0073592299159095
    endloop
  endfacet
  facet normal -0.11892366275409771 -0.5978696263119357 -0.7927225696110689
    outer loop
      vertex 0.9248313712099265 -0.6465585455642779 -1.325878449210181
      vertex 1.2099341318925783 -0.7032690106381398 -1.325878449210181
      vertex 1.1557524055950474 -1.1148200809971591 -1.0073592299159095
    endloop
  endfacet
  facet normal -0.039868608566780955 -0.6082774216426028 -0.7927225696110689
    outer loop
      vertex 1.2099341318925783 -0.7032690106381398 -1.325878449210181
      vertex 1.5 -1.1373832604002754 -1.0073592299159095
      vertex 1.1557524055950474 -1.1148200809971591 -1.0073592299159095
    endloop
  endfacet
  facet normal -0.13809744904270668 -0.6942627593342362 -0.7063485793639777
    outer loop
      vertex 0.7216381558329124 -1.4048859491045809 -0.6373832604002754
      vertex 0.8173949829738278 -1.0475166050430929 -1.0073592299159095
      vertex 1.1557524055950474 -1.1148200809971591 -1.0073592299159095
    endloop
  endfacet
  facet normal -0.13809744904270665 -0.6942627593342362 -0.7063485793639778
    outer loop
      vertex 0.7216381558329124 -1.4048859491045809 -0.6373832604002754
      vertex 1.1557524055950474 -1.1148200809971591 -1.0073592299159095
      vertex 1.1074608510812496 -1.481630854805228 -0.6373832604002754
    endloop
  endfacet
  facet normal -0.19594390009982576 -0.5772321159142947 -0.7927225696110688
    outer loop
      vertex 0.6495699052327435 -0.5531198686373466 -1.325878449210181
      vertex 0.9248313712099265 -0.6465585455642779 -1.325878449210181
      vertex 0.49071712144779145 -0.9366244136716997 -1.0073592299159095
    endloop
  endfacet
  facet normal -0.03275414737353101 -0.4997317194830225 -0.8655607282983526
    outer loop
      vertex 1.2099341318925783 -0.7032690106381398 -1.325878449210181
      vertex 1.269078965614879 -0.25401939664552753 -1.587490966130753
      vertex 1.5 -0.7222809320784087 -1.325878449210181
    endloop
  endfacet
  facet normal -0.03275414737353088 -0.49973171948302236 -0.8655607282983527
    outer loop
      vertex 1.269078965614879 -0.25401939664552753 -1.587490966130753
      vertex 1.5 -0.2691547608760052 -1.587490966130753
      vertex 1.5 -0.7222809320784087 -1.325878449210181
    endloop
  endfacet
  facet normal -0.039868608566781503 -0.608277421642603 -0.7927225696110687
    outer loop
      vertex 1.2099341318925783 -0.7032690106381398 -1.325878449210181
      vertex 1.5 -0.7222809320784087 -1.325878449210181
      vertex 1.5 -1.1373832604002754 -1.0073592299159095
    endloop
  endfacet
  facet normal -0.0462965318461393 -0.7063485793639779 -0.7063485793639779
    outer loop
      vertex 1.1557524055950474 -1.1148200809971591 -1.0073592299159095
      vertex 1.5 -1.1373832604002754 -1.0073592299159095
      vertex 1.5 -1.5073592299159095 -0.6373832604002754
    endloop
  endfacet
  facet normal -0.351169661873395 -0.7121016303436296 -0.6079400765220779
    outer loop
      vertex -0.1629392246050907 -1.3802952269152096 -0.2222809320784087
      vertex 0.34913344754094666 -1.2784376394282138 -0.6373832604002754
      vertex 0.22724141942716614 -1.5727110268456652 -0.2222809320784087
    endloop
  endfacet
  facet normal -0.2552174424523113 -0.751846340967641 -0.6079400765220786
    outer loop
      vertex 0.7216381558329124 -1.4048859491045809 -0.6373832604002754
      vertex 0.6391993156483684 -1.7125518891903493 -0.2222809320784087
      vertex 0.34913344754094666 -1.2784376394282138 -0.6373832604002754
    endloop
  endfacet
  facet normal -0.2552174424523123 -0.7518463409676412 -0.6079400765220782
    outer loop
      vertex 0.34913344754094666 -1.2784376394282138 -0.6373832604002754
      vertex 0.6391993156483684 -1.7125518891903493 -0.2222809320784087
      vertex 0.22724141942716614 -1.5727110268456652 -0.2222809320784087
    endloop
  endfacet
  facet normal -0.2785237081260469 -0.8205043856531695 -0.499196451445352
    outer loop
      vertex 0.22724141942716614 -1.5727110268456652 -0.2222809320784087
      vertex 0.6391993156483684 -1.7125518891903493 -0.2222809320784087
      vertex 0.12712664350233105 -1.8144094766773446 0.2308452391239948
    endloop
  endfacet
  facet normal -0.38323821235150807 -0.7771302178258086 -0.49919645144535213
    outer loop
      vertex -0.1629392246050907 -1.3802952269152096 -0.2222809320784087
      vertex 0.22724141942716614 -1.5727110268456652 -0.2222809320784087
      vertex 0.12712664350233105 -1.8144094766773446 0.2308452391239948
    endloop
  endfacet
  facet normal -0.27852370812604604 -0.8205043856531702 -0.49919645144535124
    outer loop
      vertex 0.6391993156483684 -1.7125518891903493 -0.2222809320784087
      vertex 0.5714890138321191 -1.9652501757644156 0.2308452391239948
      vertex 0.12712664350233105 -1.8144094766773446 0.2308452391239948
    endloop
  endfacet
  facet normal -0.1690435860331861 -0.8498394959552126 -0.49919645144535135
    outer loop
      vertex 1.065885750237865 -1.7974250980233313 -0.2222809320784087
      vertex 1.0317384645671188 -2.0567994835953014 0.2308452391239948
      vertex 0.5714890138321191 -1.9652501757644156 0.2308452391239948
    endloop
  endfacet
  facet normal -0.05667108131556301 -0.864633616861439 -0.49919645144535135
    outer loop
      vertex 1.065885750237865 -1.7974250980233313 -0.2222809320784087
      vertex 1.5 -2.087490966130753 0.2308452391239948
      vertex 1.0317384645671188 -2.0567994835953014 0.2308452391239948
    endloop
  endfacet
  facet normal -0.15489838183122512 -0.7787267522465102 -0.6079400765220782
    outer loop
      vertex 1.1074608510812496 -1.481630854805228 -0.6373832604002754
      vertex 1.065885750237865 -1.7974250980233313 -0.2222809320784087
      vertex 0.6391993156483684 -1.7125518891903493 -0.2222809320784087
    endloop
  endfacet
  facet normal -0.15489838183122562 -0.7787267522465097 -0.6079400765220785
    outer loop
      vertex 0.7216381558329124 -1.4048859491045809 -0.6373832604002754
      vertex 1.1074608510812496 -1.481630854805228 -0.6373832604002754
      vertex 0.6391993156483684 -1.7125518891903493 -0.2222809320784087
    endloop
  endfacet
  facet normal -0.05192896695106313 -0.7922829328905963 -0.6079400765220783
    outer loop
      vertex 1.1074608510812496 -1.481630854805228 -0.6373832604002754
      vertex 1.5 -1.5073592299159095 -0.6373832604002754
      vertex 1.065885750237865 -1.7974250980233313 -0.2222809320784087
    endloop
  endfacet
  facet normal -0.16904358603318595 -0.8498394959552126 -0.49919645144535124
    outer loop
      vertex 0.6391993156483684 -1.7125518891903493 -0.2222809320784087
      vertex 1.065885750237865 -1.7974250980233313 -0.2222809320784087
      vertex 0.5714890138321191 -1.9652501757644156 0.2308452391239948
    endloop
  endfacet
  facet normal -0.29706440335868745 -0.8751235125267667 -0.3819837405963256
    outer loop
      vertex 0.5714890138321191 -1.9652501757644156 0.2308452391239948
      vertex 0.5196657924210819 -2.1586570710822977 0.7142421387873537
      vertex 0.12712664350233105 -1.8144094766773446 0.2308452391239948
    endloop
  endfacet
  facet normal -0.29706440335868806 -0.8751235125267667 -0.3819837405963251
    outer loop
      vertex 0.05050211133957605 -1.9993974614351617 0.7142421387873537
      vertex 0.12712664350233105 -1.8144094766773446 0.2308452391239948
      vertex 0.5196657924210819 -2.1586570710822977 0.7142421387873537
    endloop
  endfacet
  facet normal -0.18029643639469184 -0.9064113949765933 -0.3819837405963258
    outer loop
      vertex 0.5714890138321191 -1.9652501757644156 0.2308452391239948
      vertex 1.0317384645671188 -2.0567994835953014 0.2308452391239948
      vertex 1.0056032635942538 -2.2553160438718374 0.7142421387873537
    endloop
  endfacet
  facet normal -0.06044354741636836 -0.9221903271536546 -0.3819837405963257
    outer loop
      vertex 1.0317384645671188 -2.0567994835953014 0.2308452391239948
      vertex 1.5 -2.087490966130753 0.2308452391239948
      vertex 1.0056032635942538 -2.2553160438718374 0.7142421387873537
    endloop
  endfacet
  facet normal -0.180296436394692 -0.9064113949765933 -0.3819837405963256
    outer loop
      vertex 0.5714890138321191 -1.9652501757644156 0.2308452391239948
      vertex 1.0056032635942538 -2.2553160438718374 0.7142421387873537
      vertex 0.5196657924210819 -2.1586570710822977 0.7142421387873537
    endloop
  endfacet
  facet normal -0.3511696618733951 -0.7121016303436295 -0.6079400765220782
    outer loop
      vertex -0.003679614957954769 -1.104449491412784 -0.6373832604002754
      vertex 0.34913344754094666 -1.2784376394282138 -0.6373832604002754
      vertex -0.1629392246050907 -1.3802952269152096 -0.2222809320784087
    endloop
  endfacet
  facet normal -0.05192896695106295 -0.7922829328905964 -0.607940076522078
    outer loop
      vertex 1.5 -1.5073592299159095 -0.6373832604002754
      vertex 1.5 -1.825878449210181 -0.2222809320784087
      vertex 1.065885750237865 -1.7974250980233313 -0.2222809320784087
    endloop
  endfacet
  facet normal -0.05667108131556291 -0.864633616861439 -0.49919645144535146
    outer loop
      vertex 1.065885750237865 -1.7974250980233313 -0.2222809320784087
      vertex 1.5 -1.825878449210181 -0.2222809320784087
      vertex 1.5 -2.087490966130753 0.2308452391239948
    endloop
  endfacet
  facet normal -0.06044354741636832 -0.9221903271536543 -0.3819837405963256
    outer loop
      vertex 1.0056032635942538 -2.2553160438718374 0.7142421387873537
      vertex 1.5 -2.087490966130753 0.2308452391239948
      vertex 1.5 -2.2877205179804228 0.7142421387873537
    endloop
  endfacet
  facet normal -0.2527826132027764 -0.28824332678226544 -0.9235890509462895
    outer loop
      vertex 0.24901867161611158 0.24901867161611158 -1.587490966130753
      vertex 0.5908318973726256 0.5908318973726256 -1.7877205179804228
      vertex 0.4230068196315413 0.09643516096687987 -1.587490966130753
    endloop
  endfacet
  facet normal -0.21299671902680636 -0.31877211712436193 -0.9235890509462895
    outer loop
      vertex 0.4230068196315413 0.09643516096687987 -1.587490966130753
      vertex 0.7172802070489932 0.4799397060012325 -1.7877205179804228
      vertex 0.6154226195619974 -0.03213296614480399 -1.587490966130753
    endloop
  endfacet
  facet normal -0.2527826132027757 -0.2882433267822657 -0.9235890509462896
    outer loop
      vertex 0.4230068196315413 0.09643516096687987 -1.587490966130753
      vertex 0.5908318973726256 0.5908318973726256 -1.7877205179804228
      vertex 0.7172802070489932 0.4799397060012325 -1.7877205179804228
    endloop
  endfacet
  facet normal -0.33020300790065166 -0.37652436734026595 -0.8655607282983526
    outer loop
      vertex 0.14716108412911622 -0.2630540005299249 -1.325878449210181
      vertex 0.24901867161611158 0.24901867161611158 -1.587490966130753
      vertex 0.4230068196315413 0.09643516096687987 -1.587490966130753
    endloop
  endfacet
  facet normal -0.3302030079006522 -0.3765243673402658 -0.8655607282983525
    outer loop
      vertex -0.07138991677420403 -0.07138991677420403 -1.325878449210181
      vertex 0.24901867161611158 0.24901867161611158 -1.587490966130753
      vertex 0.14716108412911622 -0.2630540005299249 -1.325878449210181
    endloop
  endfacet
  facet normal -0.278231783446287 -0.4164032904624116 -0.8655607282983528
    outer loop
      vertex 0.38885953396079564 -0.42455174152566233 -1.325878449210181
      vertex 0.4230068196315413 0.09643516096687987 -1.587490966130753
      vertex 0.6154226195619974 -0.03213296614480399 -1.587490966130753
    endloop
  endfacet
  facet normal -0.318772117124362 -0.2129967190268064 -0.9235890509462895
    outer loop
      vertex -0.03213296614480399 0.6154226195619974 -1.587490966130753
      vertex 0.38650102907430206 0.8571210693936768 -1.7877205179804228
      vertex 0.09643516096687987 0.4230068196315413 -1.587490966130753
    endloop
  endfacet
  facet normal -0.28824332678226544 -0.2527826132027764 -0.9235890509462895
    outer loop
      vertex 0.24901867161611158 0.24901867161611158 -1.587490966130753
      vertex 0.09643516096687987 0.4230068196315413 -1.587490966130753
      vertex 0.5908318973726256 0.5908318973726256 -1.7877205179804228
    endloop
  endfacet
  facet normal -0.31877211712436193 -0.21299671902680634 -0.9235890509462895
    outer loop
      vertex 0.4799397060012325 0.7172802070489932 -1.7877205179804228
      vertex 0.09643516096687987 0.4230068196315413 -1.587490966130753
      vertex 0.38650102907430206 0.8571210693936768 -1.7877205179804228
    endloop
  endfacet
  facet normal -0.3438466281621318 -0.16956639193444262 -0.9235890509462894
    outer loop
      vertex -0.03213296614480399 0.6154226195619974 -1.587490966130753
      vertex -0.13448587341824103 0.8229737837229307 -1.587490966130753
      vertex 0.31211462826014813 1.0079617684807478 -1.7877205179804228
    endloop
  endfacet
  facet normal -0.34384662816213146 -0.169566391934443 -0.9235890509462895
    outer loop
      vertex -0.03213296614480399 0.6154226195619974 -1.587490966130753
      vertex 0.31211462826014813 1.0079617684807478 -1.7877205179804228
      vertex 0.38650102907430206 0.8571210693936768 -1.7877205179804228
    endloop
  endfacet
  facet normal -0.28824332678226566 -0.25278261320277573 -0.9235890509462896
    outer loop
      vertex 0.5908318973726256 0.5908318973726256 -1.7877205179804228
      vertex 0.09643516096687987 0.4230068196315413 -1.587490966130753
      vertex 0.4799397060012325 0.7172802070489932 -1.7877205179804228
    endloop
  endfacet
  facet normal -0.1949799350747271 -0.17099281381639087 -0.9657868722142625
    outer loop
      vertex 0.5908318973726256 0.5908318973726256 -1.7877205179804228
      vertex 0.4799397060012325 0.7172802070489932 -1.7877205179804228
      vertex 0.8808977654800478 1.0249461471347612 -1.9231411216129217
    endloop
  endfacet
  facet normal -0.21563089558528323 -0.14407995810549237 -0.9657868722142625
    outer loop
      vertex 0.4799397060012325 0.7172802070489932 -1.7877205179804228
      vertex 0.38650102907430206 0.8571210693936768 -1.7877205179804228
      vertex 0.8808977654800478 1.0249461471347612 -1.9231411216129217
    endloop
  endfacet
  facet normal -0.16956639193444262 -0.3438466281621318 -0.9235890509462894
    outer loop
      vertex 0.6154226195619974 -0.03213296614480399 -1.587490966130753
      vertex 1.0079617684807478 0.31211462826014813 -1.7877205179804228
      vertex 0.8229737837229307 -0.13448587341824103 -1.587490966130753
    endloop
  endfacet
  facet normal -0.12323473686339324 -0.3630378280597527 -0.9235890509462895
    outer loop
      vertex 1.042109054151494 -0.20887227423239452 -1.587490966130753
      vertex 0.8229737837229307 -0.13448587341824103 -1.587490966130753
      vertex 1.0079617684807478 0.31211462826014813 -1.7877205179804228
    endloop
  endfacet
  facet normal -0.21299671902680625 -0.318772117124362 -0.9235890509462895
    outer loop
      vertex 0.6154226195619974 -0.03213296614480399 -1.587490966130753
      vertex 0.7172802070489932 0.4799397060012325 -1.7877205179804228
      vertex 0.8571210693936768 0.38650102907430206 -1.7877205179804228
    endloop
  endfacet
  facet normal -0.169566391934443 -0.34384662816213146 -0.9235890509462895
    outer loop
      vertex 0.6154226195619974 -0.03213296614480399 -1.587490966130753
      vertex 0.8571210693936768 0.38650102907430206 -1.7877205179804228
      vertex 1.0079617684807478 0.31211462826014813 -1.7877205179804228
    endloop
  endfacet
  facet normal -0.07479450127748685 -0.37601735006616943 -0.9235890509462895
    outer loop
      vertex 1.042109054151494 -0.20887227423239452 -1.587490966130753
      vertex 1.3321749222589157 0.225241975529741 -1.7877205179804228
      vertex 1.269078965614879 -0.25401939664552753 -1.587490966130753
    endloop
  endfacet
  facet normal -0.07479450127748687 -0.3760173500661695 -0.9235890509462895
    outer loop
      vertex 1.042109054151494 -0.20887227423239452 -1.587490966130753
      vertex 1.1672213781278833 0.2580532755005094 -1.7877205179804228
      vertex 1.3321749222589157 0.225241975529741 -1.7877205179804228
    endloop
  endfacet
  facet normal -0.12323473686339266 -0.3630378280597527 -0.9235890509462895
    outer loop
      vertex 1.042109054151494 -0.20887227423239452 -1.587490966130753
      vertex 1.0079617684807478 0.31211462826014813 -1.7877205179804228
      vertex 1.1672213781278833 0.2580532755005094 -1.7877205179804228
    endloop
  endfacet
  facet normal -0.17099281381639087 -0.1949799350747271 -0.9657868722142625
    outer loop
      vertex 0.5908318973726256 0.5908318973726256 -1.7877205179804228
      vertex 1.0249461471347612 0.8808977654800478 -1.9231411216129217
      vertex 0.7172802070489932 0.4799397060012325 -1.7877205179804228
    endloop
  endfacet
  facet normal -0.14407995810549243 -0.21563089558528328 -0.9657868722142625
    outer loop
      vertex 0.8571210693936768 0.38650102907430206 -1.7877205179804228
      vertex 0.7172802070489932 0.4799397060012325 -1.7877205179804228
      vertex 1.1098193559677436 0.8241873004061855 -1.9231411216129217
    endloop
  endfacet
  facet normal -0.19497993507472644 -0.17099281381639134 -0.9657868722142626
    outer loop
      vertex 0.5908318973726256 0.5908318973726256 -1.7877205179804228
      vertex 0.8808977654800478 1.0249461471347612 -1.9231411216129217
      vertex 0.9482012414341141 0.9482012414341141 -1.9231411216129217
    endloop
  endfacet
  facet normal -0.17099281381639134 -0.19497993507472644 -0.9657868722142626
    outer loop
      vertex 0.5908318973726256 0.5908318973726256 -1.7877205179804228
      vertex 0.9482012414341141 0.9482012414341141 -1.9231411216129217
      vertex 1.0249461471347612 0.8808977654800478 -1.9231411216129217
    endloop
  endfacet
  facet normal -0.14407995810549273 -0.21563089558528298 -0.9657868722142624
    outer loop
      vertex 0.7172802070489932 0.4799397060012325 -1.7877205179804228
      vertex 1.0249461471347612 0.8808977654800478 -1.9231411216129217
      vertex 1.1098193559677436 0.8241873004061855 -1.9231411216129217
    endloop
  endfacet
  facet normal -0.11470185436489902 -0.23259235168819564 -0.9657868722142625
    outer loop
      vertex 0.8571210693936768 0.38650102907430206 -1.7877205179804228
      vertex 1.1098193559677436 0.8241873004061855 -1.9231411216129217
      vertex 1.0079617684807478 0.31211462826014813 -1.7877205179804228
    endloop
  endfacet
  facet normal -0.11470185436489848 -0.23259235168819578 -0.9657868722142626
    outer loop
      vertex 1.0079617684807478 0.31211462826014813 -1.7877205179804228
      vertex 1.1098193559677436 0.8241873004061855 -1.9231411216129217
      vertex 1.2013686637986298 0.779040177993052 -1.9231411216129217
    endloop
  endfacet
  facet normal -0.08336117009475805 -0.2455740881669411 -0.9657868722142625
    outer loop
      vertex 1.0079617684807478 0.31211462826014813 -1.7877205179804228
      vertex 1.2980276365881696 0.7462288780222837 -1.9231411216129217
      vertex 1.1672213781278833 0.2580532755005094 -1.7877205179804228
    endloop
  endfacet
  facet normal -0.05059415309221396 -0.2543539839111496 -0.9657868722142625
    outer loop
      vertex 1.1672213781278833 0.2580532755005094 -1.7877205179804228
      vertex 1.2980276365881696 0.7462288780222837 -1.9231411216129217
      vertex 1.3321749222589157 0.225241975529741 -1.7877205179804228
    endloop
  endfacet
  facet normal -0.08336117009475803 -0.24557408816694096 -0.9657868722142626
    outer loop
      vertex 1.0079617684807478 0.31211462826014813 -1.7877205179804228
      vertex 1.2013686637986298 0.779040177993052 -1.9231411216129217
      vertex 1.2980276365881696 0.7462288780222837 -1.9231411216129217
    endloop
  endfacet
  facet normal -0.05785201165973688 -0.11731227464748793 -0.9914085812438552
    outer loop
      vertex 1.1098193559677436 0.8241873004061855 -1.9231411216129217
      vertex 1.3691937415397137 1.2734369143987982 -1.991435692954414
      vertex 1.2013686637986298 0.779040177993052 -1.9231411216129217
    endloop
  endfacet
  facet normal -0.3630378280597527 -0.12323473686339266 -0.9235890509462895
    outer loop
      vertex -0.20887227423239452 1.042109054151494 -1.587490966130753
      vertex 0.2580532755005094 1.1672213781278833 -1.7877205179804228
      vertex 0.31211462826014813 1.0079617684807478 -1.7877205179804228
    endloop
  endfacet
  facet normal -0.3760173500661695 -0.07479450127748703 -0.9235890509462895
    outer loop
      vertex -0.25401939664552753 1.269078965614879 -1.587490966130753
      vertex 0.225241975529741 1.3321749222589157 -1.7877205179804228
      vertex 0.2580532755005094 1.1672213781278833 -1.7877205179804228
    endloop
  endfacet
  facet normal -0.382563110961249 -0.025074511037770707 -0.9235890509462895
    outer loop
      vertex -0.25401939664552753 1.269078965614879 -1.587490966130753
      vertex 0.21424213878735365 1.5 -1.7877205179804228
      vertex 0.225241975529741 1.3321749222589157 -1.7877205179804228
    endloop
  endfacet
  facet normal -0.2455740881669411 -0.08336117009475805 -0.9657868722142625
    outer loop
      vertex 0.31211462826014813 1.0079617684807478 -1.7877205179804228
      vertex 0.2580532755005094 1.1672213781278833 -1.7877205179804228
      vertex 0.7462288780222837 1.2980276365881696 -1.9231411216129217
    endloop
  endfacet
  facet normal -0.23259235168819564 -0.11470185436489902 -0.9657868722142625
    outer loop
      vertex 0.38650102907430206 0.8571210693936768 -1.7877205179804228
      vertex 0.31211462826014813 1.0079617684807478 -1.7877205179804228
      vertex 0.8241873004061855 1.1098193559677436 -1.9231411216129217
    endloop
  endfacet
  facet normal -0.23259235168819578 -0.11470185436489848 -0.9657868722142626
    outer loop
      vertex 0.31211462826014813 1.0079617684807478 -1.7877205179804228
      vertex 0.779040177993052 1.2013686637986298 -1.9231411216129217
      vertex 0.8241873004061855 1.1098193559677436 -1.9231411216129217
    endloop
  endfacet
  facet normal -0.24557408816694096 -0.08336117009475803 -0.9657868722142626
    outer loop
      vertex 0.31211462826014813 1.0079617684807478 -1.7877205179804228
      vertex 0.7462288780222837 1.2980276365881696 -1.9231411216129217
      vertex 0.779040177993052 1.2013686637986298 -1.9231411216129217
    endloop
  endfacet
  facet normal -0.2543539839111496 -0.05059415309221395 -0.9657868722142625
    outer loop
      vertex 0.2580532755005094 1.1672213781278833 -1.7877205179804228
      vertex 0.225241975529741 1.3321749222589157 -1.7877205179804228
      vertex 0.726314810933391 1.3981424125130042 -1.9231411216129217
    endloop
  endfacet
  facet normal -0.2587818124703911 -0.016961456102913233 -0.9657868722142625
    outer loop
      vertex 0.225241975529741 1.3321749222589157 -1.7877205179804228
      vertex 0.21424213878735365 1.5 -1.7877205179804228
      vertex 0.726314810933391 1.3981424125130042 -1.9231411216129217
    endloop
  endfacet
  facet normal -0.2543539839111497 -0.050594153092213774 -0.9657868722142625
    outer loop
      vertex 0.2580532755005094 1.1672213781278833 -1.7877205179804228
      vertex 0.726314810933391 1.3981424125130042 -1.9231411216129217
      vertex 0.7462288780222837 1.2980276365881696 -1.9231411216129217
    endloop
  endfacet
  facet normal -0.25878181247039106 -0.01696145610291307 -0.9657868722142625
    outer loop
      vertex 0.21424213878735365 1.5 -1.7877205179804228
      vertex 0.7196387119354872 1.5 -1.9231411216129217
      vertex 0.726314810933391 1.3981424125130042 -1.9231411216129217
    endloop
  endfacet
  facet normal -0.215630895585283 -0.14407995810549296 -0.9657868722142624
    outer loop
      vertex 0.38650102907430206 0.8571210693936768 -1.7877205179804228
      vertex 0.8241873004061855 1.1098193559677436 -1.9231411216129217
      vertex 0.8808977654800478 1.0249461471347612 -1.9231411216129217
    endloop
  endfacet
  facet normal -0.11731227464748793 -0.05785201165973688 -0.9914085812438552
    outer loop
      vertex 0.779040177993052 1.2013686637986298 -1.9231411216129217
      vertex 1.2734369143987982 1.3691937415397137 -1.991435692954414
      vertex 0.8241873004061855 1.1098193559677436 -1.9231411216129217
    endloop
  endfacet
  facet normal -0.1238598546695406 -0.04204475516977428 -0.9914085812438553
    outer loop
      vertex 0.779040177993052 1.2013686637986298 -1.9231411216129217
      vertex 0.7462288780222837 1.2980276365881696 -1.9231411216129217
      vertex 1.2583015501683206 1.3998852240751654 -1.991435692954414
    endloop
  endfacet
  facet normal -0.12828815823775805 -0.025518101261848378 -0.9914085812438553
    outer loop
      vertex 0.726314810933391 1.3981424125130042 -1.9231411216129217
      vertex 1.2406256144280294 1.465852714329254 -1.991435692954414
      vertex 0.7462288780222837 1.2980276365881696 -1.9231411216129217
    endloop
  endfacet
  facet normal -0.13052141585033025 -0.00855482556637836 -0.9914085812438552
    outer loop
      vertex 0.726314810933391 1.3981424125130042 -1.9231411216129217
      vertex 0.7196387119354872 1.5 -1.9231411216129217
      vertex 1.2406256144280294 1.465852714329254 -1.991435692954414
    endloop
  endfacet
  facet normal -0.09834175340769184 -0.08624340306798366 -0.9914085812438552
    outer loop
      vertex 0.9482012414341141 0.9482012414341141 -1.9231411216129217
      vertex 0.8808977654800478 1.0249461471347612 -1.9231411216129217
      vertex 1.2924488358390667 1.3407403903528645 -1.991435692954414
    endloop
  endfacet
  facet normal -0.08624340306798366 -0.09834175340769184 -0.9914085812438552
    outer loop
      vertex 0.9482012414341141 0.9482012414341141 -1.9231411216129217
      vertex 1.3407403903528645 1.2924488358390667 -1.991435692954414
      vertex 1.0249461471347612 0.8808977654800478 -1.9231411216129217
    endloop
  endfacet
  facet normal -0.10875744908110967 -0.07266940419059328 -0.9914085812438553
    outer loop
      vertex 0.8808977654800478 1.0249461471347612 -1.9231411216129217
      vertex 0.8241873004061855 1.1098193559677436 -1.9231411216129217
      vertex 1.2734369143987982 1.3691937415397137 -1.991435692954414
    endloop
  endfacet
  facet normal -0.07266940419059328 -0.10875744908110967 -0.9914085812438553
    outer loop
      vertex 1.1098193559677436 0.8241873004061855 -1.9231411216129217
      vertex 1.0249461471347612 0.8808977654800478 -1.9231411216129217
      vertex 1.3691937415397137 1.2734369143987982 -1.991435692954414
    endloop
  endfacet
  facet normal -0.08624340306798317 -0.09834175340769255 -0.9914085812438553
    outer loop
      vertex 0.9482012414341141 0.9482012414341141 -1.9231411216129217
      vertex 1.315012015242183 1.315012015242183 -1.991435692954414
      vertex 1.3407403903528645 1.2924488358390667 -1.991435692954414
    endloop
  endfacet
  facet normal -0.1087574490811097 -0.07266940419059348 -0.9914085812438552
    outer loop
      vertex 0.8808977654800478 1.0249461471347612 -1.9231411216129217
      vertex 1.2734369143987982 1.3691937415397137 -1.991435692954414
      vertex 1.2924488358390667 1.3407403903528645 -1.991435692954414
    endloop
  endfacet
  facet normal -0.09834175340769255 -0.08624340306798317 -0.9914085812438553
    outer loop
      vertex 0.9482012414341141 0.9482012414341141 -1.9231411216129217
      vertex 1.2924488358390667 1.3407403903528645 -1.991435692954414
      vertex 1.315012015242183 1.315012015242183 -1.991435692954414
    endloop
  endfacet
  facet normal -0.07266940419059348 -0.1087574490811097 -0.9914085812438552
    outer loop
      vertex 1.0249461471347612 0.8808977654800478 -1.9231411216129217
      vertex 1.3407403903528645 1.2924488358390667 -1.991435692954414
      vertex 1.3691937415397137 1.2734369143987982 -1.991435692954414
    endloop
  endfacet
  facet normal -0.11731227464748789 -0.05785201165973684 -0.9914085812438553
    outer loop
      vertex 0.779040177993052 1.2013686637986298 -1.9231411216129217
      vertex 1.2583015501683206 1.3998852240751654 -1.991435692954414
      vertex 1.2734369143987982 1.3691937415397137 -1.991435692954414
    endloop
  endfacet
  facet normal -0.12828815823775797 -0.02551810126184843 -0.9914085812438553
    outer loop
      vertex 0.7462288780222837 1.2980276365881696 -1.9231411216129217
      vertex 1.2406256144280294 1.465852714329254 -1.991435692954414
      vertex 1.2473017134259332 1.4322896981837503 -1.991435692954414
    endloop
  endfacet
  facet normal -0.12385985466954044 -0.04204475516977502 -0.9914085812438552
    outer loop
      vertex 0.7462288780222837 1.2980276365881696 -1.9231411216129217
      vertex 1.2473017134259332 1.4322896981837503 -1.991435692954414
      vertex 1.2583015501683206 1.3998852240751654 -1.991435692954414
    endloop
  endfacet
  facet normal -0.13052141585033014 -0.008554825566376904 -0.9914085812438553
    outer loop
      vertex 0.7196387119354872 1.5 -1.9231411216129217
      vertex 1.238387483079428 1.5 -1.991435692954414
      vertex 1.2406256144280294 1.465852714329254 -1.991435692954414
    endloop
  endfacet
  facet normal 0 0 -1
    outer loop
      vertex 1.2734369143987982 1.3691937415397137 -1.991435692954414
      vertex 1.2583015501683206 1.3998852240751654 -1.991435692954414
      vertex 1.2924488358390667 1.3407403903528645 -1.991435692954414
    endloop
  endfacet
  facet normal 0 0 -1
    outer loop
      vertex 1.2924488358390667 1.3407403903528645 -1.991435692954414
      vertex 1.2583015501683206 1.3998852240751654 -1.991435692954414
      vertex 1.315012015242183 1.315012015242183 -1.991435692954414
    endloop
  endfacet
  facet normal 0 0 -1
    outer loop
      vertex 1.2583015501683206 1.3998852240751654 -1.991435692954414
      vertex 1.238387483079428 1.5 -1.991435692954414
      vertex 1.315012015242183 1.315012015242183 -1.991435692954414
    endloop
  endfacet
  facet normal 0 0 -1
    outer loop
      vertex 1.2583015501683206 1.3998852240751654 -1.991435692954414
      vertex 1.2473017134259332 1.4322896981837503 -1.991435692954414
      vertex 1.2406256144280294 1.465852714329254 -1.991435692954414
    endloop
  endfacet
  facet normal 0 0 -1
    outer loop
      vertex 1.2583015501683206 1.3998852240751654 -1.991435692954414
      vertex 1.2406256144280294 1.465852714329254 -1.991435692954414
      vertex 1.238387483079428 1.5 -1.991435692954414
    endloop
  endfacet
  facet normal -0.025074511037770742 -0.38256311096124906 -0.9235890509462895
    outer loop
      vertex 1.269078965614879 -0.25401939664552753 -1.587490966130753
      vertex 1.5 0.21424213878735365 -1.7877205179804228
      vertex 1.5 -0.2691547608760052 -1.587490966130753
    endloop
  endfacet
  facet normal -0.025074511037770707 -0.382563110961249 -0.9235890509462895
    outer loop
      vertex 1.269078965614879 -0.25401939664552753 -1.587490966130753
      vertex 1.3321749222589157 0.225241975529741 -1.7877205179804228
      vertex 1.5 0.21424213878735365 -1.7877205179804228
    endloop
  endfacet
  facet normal -0.016961456102913233 -0.2587818124703911 -0.9657868722142625
    outer loop
      vertex 1.3321749222589157 0.225241975529741 -1.7877205179804228
      vertex 1.3981424125130042 0.726314810933391 -1.9231411216129217
      vertex 1.5 0.21424213878735365 -1.7877205179804228
    endloop
  endfacet
  facet normal -0.05059415309221376 -0.2543539839111496 -0.9657868722142625
    outer loop
      vertex 1.3321749222589157 0.225241975529741 -1.7877205179804228
      vertex 1.2980276365881696 0.7462288780222837 -1.9231411216129217
      vertex 1.3981424125130042 0.726314810933391 -1.9231411216129217
    endloop
  endfacet
  facet normal -0.01696145610291307 -0.25878181247039106 -0.9657868722142625
    outer loop
      vertex 1.5 0.21424213878735365 -1.7877205179804228
      vertex 1.3981424125130042 0.726314810933391 -1.9231411216129217
      vertex 1.5 0.7196387119354872 -1.9231411216129217
    endloop
  endfacet
  facet normal -0.042044755169774295 -0.12385985466954064 -0.9914085812438553
    outer loop
      vertex 1.2013686637986298 0.779040177993052 -1.9231411216129217
      vertex 1.4322896981837503 1.2473017134259332 -1.991435692954414
      vertex 1.2980276365881696 0.7462288780222837 -1.9231411216129217
    endloop
  endfacet
  facet normal -0.025518101261848374 -0.12828815823775805 -0.9914085812438553
    outer loop
      vertex 1.2980276365881696 0.7462288780222837 -1.9231411216129217
      vertex 1.4322896981837503 1.2473017134259332 -1.991435692954414
      vertex 1.3981424125130042 0.726314810933391 -1.9231411216129217
    endloop
  endfacet
  facet normal -0.00855482556637836 -0.13052141585033025 -0.9914085812438552
    outer loop
      vertex 1.3981424125130042 0.726314810933391 -1.9231411216129217
      vertex 1.465852714329254 1.2406256144280294 -1.991435692954414
      vertex 1.5 0.7196387119354872 -1.9231411216129217
    endloop
  endfacet
  facet normal -0.05785201165973684 -0.11731227464748789 -0.9914085812438553
    outer loop
      vertex 1.2013686637986298 0.779040177993052 -1.9231411216129217
      vertex 1.3691937415397137 1.2734369143987982 -1.991435692954414
      vertex 1.3998852240751654 1.2583015501683206 -1.991435692954414
    endloop
  endfacet
  facet normal -0.04204475516977493 -0.12385985466954019 -0.9914085812438553
    outer loop
      vertex 1.2013686637986298 0.779040177993052 -1.9231411216129217
      vertex 1.3998852240751654 1.2583015501683206 -1.991435692954414
      vertex 1.4322896981837503 1.2473017134259332 -1.991435692954414
    endloop
  endfacet
  facet normal -0.02551810126184844 -0.12828815823775805 -0.9914085812438553
    outer loop
      vertex 1.3981424125130042 0.726314810933391 -1.9231411216129217
      vertex 1.4322896981837503 1.2473017134259332 -1.991435692954414
      vertex 1.465852714329254 1.2406256144280294 -1.991435692954414
    endloop
  endfacet
  facet normal 0 0 -1
    outer loop
      vertex 1.3998852240751654 1.2583015501683206 -1.991435692954414
      vertex 1.5 1.238387483079428 -1.991435692954414
      vertex 1.4322896981837503 1.2473017134259332 -1.991435692954414
    endloop
  endfacet
  facet normal -0.008554825566376904 -0.13052141585033014 -0.9914085812438553
    outer loop
      vertex 1.5 0.7196387119354872 -1.9231411216129217
      vertex 1.465852714329254 1.2406256144280294 -1.991435692954414
      vertex 1.5 1.238387483079428 -1.991435692954414
    endloop
  endfacet
  facet normal 0 0 -1
    outer loop
      vertex 1.4322896981837503 1.2473017134259332 -1.991435692954414
      vertex 1.5 1.238387483079428 -1.991435692954414
      vertex 1.465852714329254 1.2406256144280294 -1.991435692954414
    endloop
  endfacet
  facet normal 0 0 -1
    outer loop
      vertex 1.3998852240751654 1.2583015501683206 -1.991435692954414
      vertex 1.3691937415397137 1.2734369143987982 -1.991435692954414
      vertex 1.315012015242183 1.315012015242183 -1.991435692954414
    endloop
  endfacet
  facet normal 0 0 -1
    outer loop
      vertex 1.315012015242183 1.315012015242183 -1.991435692954414
      vertex 1.3691937415397137 1.2734369143987982 -1.991435692954414
      vertex 1.3407403903528645 1.2924488358390667 -1.991435692954414
    endloop
  endfacet
  facet normal 0 0 -1
    outer loop
      vertex 1.3998852240751654 1.2583015501683206 -1.991435692954414
      vertex 1.315012015242183 1.315012015242183 -1.991435692954414
      vertex 1.5 1.238387483079428 -1.991435692954414
    endloop
  endfacet
  facet normal -0.8664366884369413 -0.4272792898483879 -0.2583019035878049
    outer loop
      vertex -1.7802621910065985 -0.3938602589902116 0.7142421387873537
      vertex -1.897539873948166 -0.46157056080646086 1.2196387119354872
      vertex -2.124509785411551 -0.0013211100714611845 1.2196387119354872
    endloop
  endfacet
  facet normal -0.7263255564149742 -0.6369704174460495 -0.2583019035878047
    outer loop
      vertex -1.505000725029416 -0.8058181552114139 0.7142421387873537
      vertex -1.1783228635033796 -1.1783228635033796 0.7142421387873537
      vertex -1.274079690644295 -1.274079690644295 1.2196387119354872
    endloop
  endfacet
  facet normal -0.7263255564149742 -0.6369704174460493 -0.2583019035878047
    outer loop
      vertex -1.505000725029416 -0.8058181552114139 0.7142421387873537
      vertex -1.274079690644295 -1.274079690644295 1.2196387119354872
      vertex -1.6124371132655142 -0.8882569953959574 1.2196387119354872
    endloop
  endfacet
  facet normal -0.824386314585745 -0.5508373247992135 -0.13025147189870448
    outer loop
      vertex -1.897539873948166 -0.46157056080646086 1.2196387119354872
      vertex -1.6124371132655142 -0.8882569953959574 1.2196387119354872
      vertex -1.666618839563045 -0.929832096239342 1.738387483079428
    endloop
  endfacet
  facet normal -0.7454348768442095 -0.6537288416862754 -0.13025147189870437
    outer loop
      vertex -1.6124371132655142 -0.8882569953959574 1.2196387119354872
      vertex -1.274079690644295 -1.274079690644295 1.2196387119354872
      vertex -1.3223712451580925 -1.3223712451580925 1.738387483079428
    endloop
  endfacet
  facet normal -0.8032530637381494 -0.53671653803306 -0.258301903587805
    outer loop
      vertex -1.505000725029416 -0.8058181552114139 0.7142421387873537
      vertex -1.897539873948166 -0.46157056080646086 1.2196387119354872
      vertex -1.7802621910065985 -0.3938602589902116 0.7142421387873537
    endloop
  endfacet
  facet normal -0.8032530637381492 -0.5367165380330602 -0.2583019035878047
    outer loop
      vertex -1.505000725029416 -0.8058181552114139 0.7142421387873537
      vertex -1.6124371132655142 -0.8882569953959574 1.2196387119354872
      vertex -1.897539873948166 -0.46157056080646086 1.2196387119354872
    endloop
  endfacet
  facet normal -0.8892322739216513 -0.43852082856387825 -0.13025147189870467
    outer loop
      vertex -1.897539873948166 -0.46157056080646086 1.2196387119354872
      vertex -1.9566847076704668 -0.49571784647720696 1.738387483079428
      vertex -2.1876057420555877 -0.027456311044325776 1.738387483079428
    endloop
  endfacet
  facet normal -0.8968727415326881 -0.4422886902190014 0
    outer loop
      vertex -1.9566847076704668 -0.49571784647720696 1.738387483079428
      vertex -1.9566847076704668 -0.49571784647720696 2.2616125169205725
      vertex -2.1876057420555877 -0.027456311044325776 1.738387483079428
    endloop
  endfacet
  facet normal -0.7454348768442093 -0.6537288416862755 -0.13025147189870454
    outer loop
      vertex -1.6124371132655142 -0.8882569953959574 1.2196387119354872
      vertex -1.3223712451580925 -1.3223712451580925 1.738387483079428
      vertex -1.666618839563045 -0.929832096239342 1.738387483079428
    endloop
  endfacet
  facet normal -0.7518398074789776 -0.6593458151000686 0
    outer loop
      vertex -1.666618839563045 -0.929832096239342 1.738387483079428
      vertex -1.3223712451580925 -1.3223712451580925 1.738387483079428
      vertex -1.666618839563045 -0.929832096239342 2.2616125169205725
    endloop
  endfacet
  facet normal -0.8314696123025453 -0.5555702330196022 0
    outer loop
      vertex -1.666618839563045 -0.929832096239342 1.738387483079428
      vertex -1.666618839563045 -0.929832096239342 2.2616125169205725
      vertex -1.9566847076704668 -0.49571784647720696 2.2616125169205725
    endloop
  endfacet
  facet normal -0.8243863145857447 -0.5508373247992135 -0.13025147189870467
    outer loop
      vertex -1.897539873948166 -0.46157056080646086 1.2196387119354872
      vertex -1.666618839563045 -0.929832096239342 1.738387483079428
      vertex -1.9566847076704668 -0.49571784647720696 1.738387483079428
    endloop
  endfacet
  facet normal -0.8314696123025453 -0.5555702330196022 0
    outer loop
      vertex -1.9566847076704668 -0.49571784647720696 1.738387483079428
      vertex -1.666618839563045 -0.929832096239342 1.738387483079428
      vertex -1.9566847076704668 -0.49571784647720696 2.2616125169205725
    endloop
  endfacet
  facet normal -0.6369704174460495 -0.7263255564149742 -0.2583019035878047
    outer loop
      vertex -0.8058181552114139 -1.505000725029416 0.7142421387873537
      vertex -0.8882569953959574 -1.6124371132655142 1.2196387119354872
      vertex -1.1783228635033796 -1.1783228635033796 0.7142421387873537
    endloop
  endfacet
  facet normal -0.6369704174460494 -0.7263255564149742 -0.2583019035878047
    outer loop
      vertex -1.1783228635033796 -1.1783228635033796 0.7142421387873537
      vertex -0.8882569953959574 -1.6124371132655142 1.2196387119354872
      vertex -1.274079690644295 -1.274079690644295 1.2196387119354872
    endloop
  endfacet
  facet normal -0.53671653803306 -0.8032530637381494 -0.2583019035878047
    outer loop
      vertex -0.8058181552114139 -1.505000725029416 0.7142421387873537
      vertex -0.3938602589902116 -1.7802621910065985 0.7142421387873537
      vertex -0.8882569953959574 -1.6124371132655142 1.2196387119354872
    endloop
  endfacet
  facet normal -0.6537288416862754 -0.7454348768442095 -0.13025147189870437
    outer loop
      vertex -1.274079690644295 -1.274079690644295 1.2196387119354872
      vertex -0.8882569953959574 -1.6124371132655142 1.2196387119354872
      vertex -1.3223712451580925 -1.3223712451580925 1.738387483079428
    endloop
  endfacet
  facet normal -0.5508373247992135 -0.824386314585745 -0.13025147189870454
    outer loop
      vertex -0.8882569953959574 -1.6124371132655142 1.2196387119354872
      vertex -0.46157056080646086 -1.897539873948166 1.2196387119354872
      vertex -0.929832096239342 -1.666618839563045 1.738387483079428
    endloop
  endfacet
  facet normal -0.4272792898483879 -0.8664366884369413 -0.2583019035878049
    outer loop
      vertex -0.3938602589902116 -1.7802621910065985 0.7142421387873537
      vertex -0.0013211100714611845 -2.124509785411551 1.2196387119354872
      vertex -0.46157056080646086 -1.897539873948166 1.2196387119354872
    endloop
  endfacet
  facet normal -0.42727928984838764 -0.8664366884369414 -0.2583019035878051
    outer loop
      vertex -0.3938602589902116 -1.7802621910065985 0.7142421387873537
      vertex 0.05050211133957605 -1.9993974614351617 0.7142421387873537
      vertex -0.0013211100714611845 -2.124509785411551 1.2196387119354872
    endloop
  endfacet
  facet normal -0.4385208285638782 -0.8892322739216514 -0.13025147189870473
    outer loop
      vertex -0.0013211100714611845 -2.124509785411551 1.2196387119354872
      vertex -0.027456311044325776 -2.1876057420555877 1.738387483079428
      vertex -0.46157056080646086 -1.897539873948166 1.2196387119354872
    endloop
  endfacet
  facet normal -0.5367165380330602 -0.8032530637381492 -0.25830190358780497
    outer loop
      vertex -0.3938602589902116 -1.7802621910065985 0.7142421387873537
      vertex -0.46157056080646086 -1.897539873948166 1.2196387119354872
      vertex -0.8882569953959574 -1.6124371132655142 1.2196387119354872
    endloop
  endfacet
  facet normal -0.6537288416862754 -0.7454348768442093 -0.13025147189870456
    outer loop
      vertex -1.3223712451580925 -1.3223712451580925 1.738387483079428
      vertex -0.8882569953959574 -1.6124371132655142 1.2196387119354872
      vertex -0.929832096239342 -1.666618839563045 1.738387483079428
    endloop
  endfacet
  facet normal -0.5508373247992135 -0.8243863145857447 -0.13025147189870467
    outer loop
      vertex -0.46157056080646086 -1.897539873948166 1.2196387119354872
      vertex -0.49571784647720696 -1.9566847076704668 1.738387483079428
      vertex -0.929832096239342 -1.666618839563045 1.738387483079428
    endloop
  endfacet
  facet normal -0.43852082856387825 -0.8892322739216513 -0.13025147189870467
    outer loop
      vertex -0.46157056080646086 -1.897539873948166 1.2196387119354872
      vertex -0.027456311044325776 -2.1876057420555877 1.738387483079428
      vertex -0.49571784647720696 -1.9566847076704668 1.738387483079428
    endloop
  endfacet
  facet normal -0.9147953411749445 -0.31053117455020995 -0.2583019035878051
    outer loop
      vertex -2.1586570710822977 0.5196657924210819 0.7142421387873537
      vertex -2.124509785411551 -0.0013211100714611845 1.2196387119354872
      vertex -2.2894633295425835 0.48461636110171114 1.2196387119354872
    endloop
  endfacet
  facet normal -0.8664366884369414 -0.42727928984838764 -0.2583019035878051
    outer loop
      vertex -1.7802621910065985 -0.3938602589902116 0.7142421387873537
      vertex -2.124509785411551 -0.0013211100714611845 1.2196387119354872
      vertex -1.9993974614351617 0.05050211133957605 0.7142421387873537
    endloop
  endfacet
  facet normal -0.9147953411749444 -0.31053117455021 -0.2583019035878051
    outer loop
      vertex -1.9993974614351617 0.05050211133957605 0.7142421387873537
      vertex -2.124509785411551 -0.0013211100714611845 1.2196387119354872
      vertex -2.1586570710822977 0.5196657924210819 0.7142421387873537
    endloop
  endfacet
  facet normal -0.9388632225089949 -0.31870111937087175 -0.13025147189870478
    outer loop
      vertex -2.124509785411551 -0.0013211100714611845 1.2196387119354872
      vertex -2.1876057420555877 -0.027456311044325776 1.738387483079428
      vertex -2.2894633295425835 0.48461636110171114 1.2196387119354872
    endloop
  endfacet
  facet normal -0.8892322739216514 -0.4385208285638782 -0.13025147189870476
    outer loop
      vertex -1.897539873948166 -0.46157056080646086 1.2196387119354872
      vertex -2.1876057420555877 -0.027456311044325776 1.738387483079428
      vertex -2.124509785411551 -0.0013211100714611845 1.2196387119354872
    endloop
  endfacet
  facet normal -0.9475015919962597 -0.1884697847599706 -0.2583019035878049
    outer loop
      vertex -2.1586570710822977 0.5196657924210819 0.7142421387873537
      vertex -2.2894633295425835 0.48461636110171114 1.2196387119354872
      vertex -2.389578105467418 0.9879273278539631 1.2196387119354872
    endloop
  endfacet
  facet normal -0.9475015919962598 -0.18846978475997045 -0.25830190358780514
    outer loop
      vertex -2.1586570710822977 0.5196657924210819 0.7142421387873537
      vertex -2.389578105467418 0.9879273278539631 1.2196387119354872
      vertex -2.2553160438718374 1.0056032635942538 0.7142421387873537
    endloop
  endfacet
  facet normal -0.9724299610571472 -0.1934283456647855 -0.13025147189870515
    outer loop
      vertex -2.2894633295425835 0.48461636110171114 1.2196387119354872
      vertex -2.457288407283668 0.9790130975074574 1.738387483079428
      vertex -2.389578105467418 0.9879273278539631 1.2196387119354872
    endloop
  endfacet
  facet normal -0.9388632225089949 -0.3187011193708716 -0.13025147189870462
    outer loop
      vertex -2.2894633295425835 0.48461636110171114 1.2196387119354872
      vertex -2.1876057420555877 -0.027456311044325776 1.738387483079428
      vertex -2.355430819796672 0.46694042536142044 1.738387483079428
    endloop
  endfacet
  facet normal -0.9724299610571473 -0.19342834566478612 -0.13025147189870467
    outer loop
      vertex -2.2894633295425835 0.48461636110171114 1.2196387119354872
      vertex -2.355430819796672 0.46694042536142044 1.738387483079428
      vertex -2.457288407283668 0.9790130975074574 1.738387483079428
    endloop
  endfacet
  facet normal -0.9639958278814481 -0.0631836246987929 -0.2583019035878052
    outer loop
      vertex -2.2553160438718374 1.0056032635942538 0.7142421387873537
      vertex -2.389578105467418 0.9879273278539631 1.2196387119354872
      vertex -2.2877205179804228 1.5 0.7142421387873537
    endloop
  endfacet
  facet normal -0.9639958278814481 -0.06318362469879277 -0.2583019035878051
    outer loop
      vertex -2.2877205179804228 1.5 0.7142421387873537
      vertex -2.389578105467418 0.9879273278539631 1.2196387119354872
      vertex -2.4231411216129217 1.5 1.2196387119354872
    endloop
  endfacet
  facet normal -0.9893581533630916 -0.06484595933590688 -0.13025147189870517
    outer loop
      vertex -2.389578105467418 0.9879273278539631 1.2196387119354872
      vertex -2.457288407283668 0.9790130975074574 1.738387483079428
      vertex -2.4231411216129217 1.5 1.2196387119354872
    endloop
  endfacet
  facet normal -0.9893581533630919 -0.06484595933590655 -0.1302514718987048
    outer loop
      vertex -2.4231411216129217 1.5 1.2196387119354872
      vertex -2.457288407283668 0.9790130975074574 1.738387483079428
      vertex -2.491435692954414 1.5 1.738387483079428
    endloop
  endfacet
  facet normal -0.9978589232386035 -0.06540312923014303 0
    outer loop
      vertex -2.457288407283668 0.9790130975074574 1.738387483079428
      vertex -2.491435692954414 1.5 2.2616125169205725
      vertex -2.491435692954414 1.5 1.738387483079428
    endloop
  endfacet
  facet normal -0.31053117455020995 -0.9147953411749445 -0.25830190358780514
    outer loop
      vertex 0.05050211133957605 -1.9993974614351617 0.7142421387873537
      vertex 0.48461636110171114 -2.2894633295425835 1.2196387119354872
      vertex -0.0013211100714611845 -2.124509785411551 1.2196387119354872
    endloop
  endfacet
  facet normal -0.3105311745502101 -0.9147953411749447 -0.2583019035878051
    outer loop
      vertex 0.05050211133957605 -1.9993974614351617 0.7142421387873537
      vertex 0.5196657924210819 -2.1586570710822977 0.7142421387873537
      vertex 0.48461636110171114 -2.2894633295425835 1.2196387119354872
    endloop
  endfacet
  facet normal -0.31870111937087175 -0.9388632225089949 -0.13025147189870478
    outer loop
      vertex -0.0013211100714611845 -2.124509785411551 1.2196387119354872
      vertex 0.48461636110171114 -2.2894633295425835 1.2196387119354872
      vertex -0.027456311044325776 -2.1876057420555877 1.738387483079428
    endloop
  endfacet
  facet normal -0.18846978475997045 -0.9475015919962598 -0.25830190358780514
    outer loop
      vertex 0.5196657924210819 -2.1586570710822977 0.7142421387873537
      vertex 1.0056032635942538 -2.2553160438718374 0.7142421387873537
      vertex 0.9879273278539631 -2.389578105467418 1.2196387119354872
    endloop
  endfacet
  facet normal -0.1884697847599706 -0.9475015919962597 -0.2583019035878049
    outer loop
      vertex 0.5196657924210819 -2.1586570710822977 0.7142421387873537
      vertex 0.9879273278539631 -2.389578105467418 1.2196387119354872
      vertex 0.48461636110171114 -2.2894633295425835 1.2196387119354872
    endloop
  endfacet
  facet normal -0.0631836246987929 -0.9639958278814481 -0.2583019035878052
    outer loop
      vertex 1.0056032635942538 -2.2553160438718374 0.7142421387873537
      vertex 1.5 -2.2877205179804228 0.7142421387873537
      vertex 0.9879273278539631 -2.389578105467418 1.2196387119354872
    endloop
  endfacet
  facet normal -0.1934283456647855 -0.9724299610571472 -0.13025147189870515
    outer loop
      vertex 0.48461636110171114 -2.2894633295425835 1.2196387119354872
      vertex 0.9879273278539631 -2.389578105467418 1.2196387119354872
      vertex 0.9790130975074574 -2.457288407283668 1.738387483079428
    endloop
  endfacet
  facet normal -0.06484595933590688 -0.9893581533630916 -0.13025147189870517
    outer loop
      vertex 0.9879273278539631 -2.389578105467418 1.2196387119354872
      vertex 1.5 -2.4231411216129217 1.2196387119354872
      vertex 0.9790130975074574 -2.457288407283668 1.738387483079428
    endloop
  endfacet
  facet normal -0.3187011193708716 -0.9388632225089949 -0.13025147189870462
    outer loop
      vertex -0.027456311044325776 -2.1876057420555877 1.738387483079428
      vertex 0.48461636110171114 -2.2894633295425835 1.2196387119354872
      vertex 0.46694042536142044 -2.355430819796672 1.738387483079428
    endloop
  endfacet
  facet normal -0.19342834566478612 -0.9724299610571473 -0.13025147189870467
    outer loop
      vertex 0.48461636110171114 -2.2894633295425835 1.2196387119354872
      vertex 0.9790130975074574 -2.457288407283668 1.738387483079428
      vertex 0.46694042536142044 -2.355430819796672 1.738387483079428
    endloop
  endfacet
  facet normal -0.06318362469879277 -0.9639958278814481 -0.2583019035878051
    outer loop
      vertex 1.5 -2.2877205179804228 0.7142421387873537
      vertex 1.5 -2.4231411216129217 1.2196387119354872
      vertex 0.9879273278539631 -2.389578105467418 1.2196387119354872
    endloop
  endfacet
  facet normal -0.06484595933590655 -0.9893581533630919 -0.1302514718987048
    outer loop
      vertex 0.9790130975074574 -2.457288407283668 1.738387483079428
      vertex 1.5 -2.4231411216129217 1.2196387119354872
      vertex 1.5 -2.491435692954414 1.738387483079428
    endloop
  endfacet
  facet normal -0.06540312923014303 -0.9978589232386035 0
    outer loop
      vertex 0.9790130975074574 -2.457288407283668 1.738387483079428
      vertex 1.5 -2.491435692954414 1.738387483079428
      vertex 1.5 -2.491435692954414 2.2616125169205725
    endloop
  endfacet
  facet normal -1 0 0
    outer loop
      vertex -2.491435692954414 1.5 2.2616125169205725
      vertex -2.491435692954414 3 3.5
      vertex -2.491435692954414 3 2.5
    endloop
  endfacet
  facet normal -1 0 0
    outer loop
      vertex -2.491435692954414 1.5 2.2616125169205725
      vertex -2.491435692954414 3 5
      vertex -2.491435692954414 3 3.5
    endloop
  endfacet
  facet normal -0.8968727415326883 -0.44228869021900147 0
    outer loop
      vertex -1.9566847076704668 -0.49571784647720696 2.2616125169205725
      vertex -1.9566847076704668 -0.49571784647720696 18.76161251692057
      vertex -2.1876057420555877 -0.027456311044325776 1.738387483079428
    endloop
  endfacet
  facet normal -0.7518398074789776 -0.6593458151000686 0
    outer loop
      vertex -1.3223712451580925 -1.3223712451580925 1.738387483079428
      vertex -1.666618839563045 -0.929832096239342 18.23838748307943
      vertex -1.666618839563045 -0.929832096239342 2.2616125169205725
    endloop
  endfacet
  facet normal -0.8314696123025452 -0.5555702330196022 0
    outer loop
      vertex -1.9566847076704668 -0.49571784647720696 2.2616125169205725
      vertex -1.666618839563045 -0.929832096239342 2.2616125169205725
      vertex -1.666618839563045 -0.929832096239342 18.23838748307943
    endloop
  endfacet
  facet normal -0.6593458151000685 -0.7518398074789775 0
    outer loop
      vertex -1.3223712451580925 -1.3223712451580925 1.738387483079428
      vertex -0.929832096239342 -1.666618839563045 1.738387483079428
      vertex -0.929832096239342 -1.666618839563045 18.76161251692057
    endloop
  endfacet
  facet normal -0.5555702330196022 -0.8314696123025452 0
    outer loop
      vertex -0.929832096239342 -1.666618839563045 1.738387483079428
      vertex -0.49571784647720696 -1.9566847076704668 1.738387483079428
      vertex -0.929832096239342 -1.666618839563045 18.76161251692057
    endloop
  endfacet
  facet normal -0.44228869021900147 -0.8968727415326883 0
    outer loop
      vertex -0.49571784647720696 -1.9566847076704668 1.738387483079428
      vertex -0.027456311044325776 -2.1876057420555877 1.738387483079428
      vertex -0.49571784647720696 -1.9566847076704668 18.23838748307943
    endloop
  endfacet
  facet normal -0.9469301294951056 -0.32143946530316153 0
    outer loop
      vertex -2.1876057420555877 -0.027456311044325776 1.738387483079428
      vertex -2.355430819796672 0.46694042536142044 18.76161251692057
      vertex -2.355430819796672 0.46694042536142044 1.738387483079428
    endloop
  endfacet
  facet normal -0.9807852804032304 -0.19509032201612855 0
    outer loop
      vertex -2.355430819796672 0.46694042536142044 1.738387483079428
      vertex -2.355430819796672 0.46694042536142044 18.76161251692057
      vertex -2.457288407283668 0.9790130975074574 1.738387483079428
    endloop
  endfacet
  facet normal -0.9978589232386035 -0.06540312923014303 0
    outer loop
      vertex -2.457288407283668 0.9790130975074574 1.738387483079428
      vertex -2.491435692954414 1.5 18.76161251692057
      vertex -2.491435692954414 1.5 2.2616125169205725
    endloop
  endfacet
  facet normal -0.32143946530316153 -0.9469301294951056 0
    outer loop
      vertex -0.027456311044325776 -2.1876057420555877 1.738387483079428
      vertex 0.46694042536142044 -2.355430819796672 1.738387483079428
      vertex -0.027456311044325776 -2.1876057420555877 18.76161251692057
    endloop
  endfacet
  facet normal -0.19509032201612855 -0.9807852804032304 0
    outer loop
      vertex 0.46694042536142044 -2.355430819796672 1.738387483079428
      vertex 0.9790130975074574 -2.457288407283668 1.738387483079428
      vertex 0.9790130975074574 -2.457288407283668 18.76161251692057
    endloop
  endfacet
  facet normal -0.06540312923014303 -0.9978589232386035 0
    outer loop
      vertex 0.9790130975074574 -2.457288407283668 1.738387483079428
      vertex 1.5 -2.491435692954414 2.2616125169205725
      vertex 1.5 -2.491435692954414 18.76161251692057
    endloop
  endfacet
  facet normal -1 0 0
    outer loop
      vertex -2.491435692954414 1.5 2.2616125169205725
      vertex -2.491435692954414 3 6
      vertex -2.491435692954414 3 5
    endloop
  endfacet
  facet normal -1 0 0
    outer loop
      vertex -2.491435692954414 1.5 2.2616125169205725
      vertex -2.491435692954414 3 7.5
      vertex -2.491435692954414 3 6
    endloop
  endfacet
  facet normal -1 0 0
    outer loop
      vertex -2.491435692954414 1.5 2.2616125169205725
      vertex -2.491435692954414 3 8.5
      vertex -2.491435692954414 3 7.5
    endloop
  endfacet
  facet normal -1 0 0
    outer loop
      vertex -2.491435692954414 1.5 2.2616125169205725
      vertex -2.491435692954414 3 10
      vertex -2.491435692954414 3 8.5
    endloop
  endfacet
  facet normal -1 0 0
    outer loop
      vertex -2.491435692954414 1.5 2.2616125169205725
      vertex -2.491435692954414 3 11
      vertex -2.491435692954414 3 10
    endloop
  endfacet
  facet normal -1 0 0
    outer loop
      vertex -2.491435692954414 1.5 2.2616125169205725
      vertex -2.491435692954414 3 12.5
      vertex -2.491435692954414 3 11
    endloop
  endfacet
  facet normal -0.7071067811865475 0 -0.7071067811865475
    outer loop
      vertex -1.5073592299159095 1.5 -0.6373832604002754
      vertex -1.1373832604002754 30.5 -1.0073592299159095
      vertex -1.1373832604002754 1.5 -1.0073592299159095
    endloop
  endfacet
  facet normal -0.49999999999999994 0 -0.8660254037844386
    outer loop
      vertex -0.7222809320784087 1.5 -1.325878449210181
      vertex -0.7222809320784087 30.5 -1.325878449210181
      vertex -0.2691547608760052 1.5 -1.587490966130753
    endloop
  endfacet
  facet normal -0.6087614290087205 0 -0.7933533402912352
    outer loop
      vertex -0.7222809320784087 1.5 -1.325878449210181
      vertex -1.1373832604002754 1.5 -1.0073592299159095
      vertex -0.7222809320784087 30.5 -1.325878449210181
    endloop
  endfacet
  facet normal -0.8660254037844386 0 -0.49999999999999994
    outer loop
      vertex -1.825878449210181 1.5 -0.2222809320784087
      vertex -2.087490966130753 1.5 0.2308452391239948
      vertex -2.087490966130753 30.5 0.2308452391239948
    endloop
  endfacet
  facet normal -0.7933533402912352 0 -0.6087614290087205
    outer loop
      vertex -1.5073592299159095 1.5 -0.6373832604002754
      vertex -1.825878449210181 1.5 -0.2222809320784087
      vertex -1.5073592299159095 30.5 -0.6373832604002754
    endloop
  endfacet
  facet normal -0.9238795325112865 0 -0.3826834323650902
    outer loop
      vertex -2.087490966130753 1.5 0.2308452391239948
      vertex -2.2877205179804228 1.5 0.7142421387873537
      vertex -2.087490966130753 30.5 0.2308452391239948
    endloop
  endfacet
  facet normal -0.3826834323650902 0 -0.9238795325112865
    outer loop
      vertex -0.2691547608760052 1.5 -1.587490966130753
      vertex 0.21424213878735365 30.5 -1.7877205179804228
      vertex 0.21424213878735365 1.5 -1.7877205179804228
    endloop
  endfacet
  facet normal -0.25881904510252035 0 -0.9659258262890684
    outer loop
      vertex 0.21424213878735365 1.5 -1.7877205179804228
      vertex 0.21424213878735365 30.5 -1.7877205179804228
      vertex 0.7196387119354872 1.5 -1.9231411216129217
    endloop
  endfacet
  facet normal -0.13052619222005157 0 -0.9914448613738105
    outer loop
      vertex 0.7196387119354872 1.5 -1.9231411216129217
      vertex 1.238387483079428 30.5 -1.991435692954414
      vertex 1.238387483079428 1.5 -1.991435692954414
    endloop
  endfacet
  facet normal 0 0 -1
    outer loop
      vertex 1.238387483079428 1.5 -1.991435692954414
      vertex 1.238387483079428 30.5 -1.991435692954414
      vertex 1.315012015242183 1.315012015242183 -1.991435692954414
    endloop
  endfacet
  facet normal -0.9659258262890684 0 -0.25881904510252035
    outer loop
      vertex -2.2877205179804228 1.5 0.7142421387873537
      vertex -2.4231411216129217 1.5 1.2196387119354872
      vertex -2.2877205179804228 30.5 0.7142421387873537
    endloop
  endfacet
  facet normal -0.9914448613738105 0 -0.13052619222005157
    outer loop
      vertex -2.4231411216129217 1.5 1.2196387119354872
      vertex -2.491435692954414 1.5 1.738387483079428
      vertex -2.491435692954414 30.5 1.738387483079428
    endloop
  endfacet
  facet normal -1 0 0
    outer loop
      vertex -2.491435692954414 1.5 1.738387483079428
      vertex -2.491435692954414 1.5 2.2616125169205725
      vertex -2.491435692954414 30.5 1.738387483079428
    endloop
  endfacet
  facet normal -1 0 0
    outer loop
      vertex -2.491435692954414 1.5 2.2616125169205725
      vertex -2.491435692954414 3 2.5
      vertex -2.491435692954414 29 2.5
    endloop
  endfacet
  facet normal -1 0 0
    outer loop
      vertex -2.491435692954414 3 3.5
      vertex -2.491435692954414 3 5
      vertex -2.491435692954414 29 5
    endloop
  endfacet
  facet normal -1 0 0
    outer loop
      vertex -2.491435692954414 3 6
      vertex -2.491435692954414 3 7.5
      vertex -2.491435692954414 29 7.5
    endloop
  endfacet
  facet normal 0 -0.7071067811865476 -0.7071067811865476
    outer loop
      vertex 1.5 -1.5073592299159095 -0.6373832604002754
      vertex 1.5 -1.1373832604002754 -1.0073592299159095
      vertex 33.9 -1.5073592299159095 -0.6373832604002754
    endloop
  endfacet
  facet normal 0 -0.4999999999999999 -0.8660254037844386
    outer loop
      vertex 1.5 -0.7222809320784087 -1.325878449210181
      vertex 1.5 -0.2691547608760052 -1.587490966130753
      vertex 33.9 -0.7222809320784087 -1.325878449210181
    endloop
  endfacet
  facet normal 0 -0.6087614290087207 -0.7933533402912353
    outer loop
      vertex 1.5 -0.7222809320784087 -1.325878449210181
      vertex 33.9 -0.7222809320784087 -1.325878449210181
      vertex 1.5 -1.1373832604002754 -1.0073592299159095
    endloop
  endfacet
  facet normal 0 -0.8660254037844386 -0.4999999999999999
    outer loop
      vertex 1.5 -1.825878449210181 -0.2222809320784087
      vertex 33.9 -2.087490966130753 0.2308452391239948
      vertex 1.5 -2.087490966130753 0.2308452391239948
    endloop
  endfacet
  facet normal 0 -0.7933533402912353 -0.6087614290087207
    outer loop
      vertex 1.5 -1.5073592299159095 -0.6373832604002754
      vertex 33.9 -1.825878449210181 -0.2222809320784087
      vertex 1.5 -1.825878449210181 -0.2222809320784087
    endloop
  endfacet
  facet normal 0 -0.9238795325112865 -0.38268343236509017
    outer loop
      vertex 1.5 -2.087490966130753 0.2308452391239948
      vertex 33.9 -2.087490966130753 0.2308452391239948
      vertex 1.5 -2.2877205179804228 0.7142421387873537
    endloop
  endfacet
  facet normal 0 -0.38268343236509017 -0.9238795325112865
    outer loop
      vertex 1.5 -0.2691547608760052 -1.587490966130753
      vertex 1.5 0.21424213878735365 -1.7877205179804228
      vertex 33.9 0.21424213878735365 -1.7877205179804228
    endloop
  endfacet
  facet normal 0 -0.2588190451025203 -0.9659258262890683
    outer loop
      vertex 1.5 0.21424213878735365 -1.7877205179804228
      vertex 1.5 0.7196387119354872 -1.9231411216129217
      vertex 33.9 0.7196387119354872 -1.9231411216129217
    endloop
  endfacet
  facet normal 0 -0.13052619222005152 -0.9914448613738104
    outer loop
      vertex 1.5 0.7196387119354872 -1.9231411216129217
      vertex 1.5 1.238387483079428 -1.991435692954414
      vertex 33.9 1.238387483079428 -1.991435692954414
    endloop
  endfacet
  facet normal 0 0 -1
    outer loop
      vertex 1.5 1.238387483079428 -1.991435692954414
      vertex 1.315012015242183 1.315012015242183 -1.991435692954414
      vertex 34.08498798475782 1.315012015242183 -1.991435692954414
    endloop
  endfacet
  facet normal 0 -0.9659258262890683 -0.2588190451025203
    outer loop
      vertex 1.5 -2.2877205179804228 0.7142421387873537
      vertex 33.9 -2.2877205179804228 0.7142421387873537
      vertex 1.5 -2.4231411216129217 1.2196387119354872
    endloop
  endfacet
  facet normal 0 -0.9914448613738104 -0.13052619222005152
    outer loop
      vertex 1.5 -2.4231411216129217 1.2196387119354872
      vertex 33.9 -2.491435692954414 1.738387483079428
      vertex 1.5 -2.491435692954414 1.738387483079428
    endloop
  endfacet
  facet normal 0 -1 0
    outer loop
      vertex 1.5 -2.491435692954414 1.738387483079428
      vertex 33.9 -2.491435692954414 1.738387483079428
      vertex 1.5 -2.491435692954414 2.2616125169205725
    endloop
  endfacet
  facet normal 0 -1 0
    outer loop
      vertex 1.5 -2.491435692954414 2.2616125169205725
      vertex 19.23725830020305 -2.491435692954414 6.237258300203047
      vertex 18.961269311068047 -2.491435692954414 6.551963427172094
    endloop
  endfacet
  facet normal 0 -1 0
    outer loop
      vertex 1.5 -2.491435692954414 2.2616125169205725
      vertex 19.9 -2.491435692954414 5.728718707889796
      vertex 19.551963427172094 -2.491435692954414 5.9612693110680475
    endloop
  endfacet
  facet normal 0 -1 0
    outer loop
      vertex 1.5 -2.491435692954414 2.2616125169205725
      vertex 20.275413016431713 -2.491435692954414 5.543585495963882
      vertex 19.9 -2.491435692954414 5.728718707889796
    endloop
  endfacet
  facet normal 0 -1 0
    outer loop
      vertex 1.5 -2.491435692954414 2.2616125169205725
      vertex 19.551963427172094 -2.491435692954414 5.9612693110680475
      vertex 19.23725830020305 -2.491435692954414 6.237258300203047
    endloop
  endfacet
  facet normal 0 -1 0
    outer loop
      vertex 1.5 -2.491435692954414 2.2616125169205725
      vertex 20.671779055671934 -2.491435692954414 5.409037355874981
      vertex 20.275413016431713 -2.491435692954414 5.543585495963882
    endloop
  endfacet
  facet normal 0 -1 0
    outer loop
      vertex 1.5 -2.491435692954414 2.2616125169205725
      vertex 18.961269311068047 -2.491435692954414 6.551963427172094
      vertex 18.728718707889797 -2.491435692954414 6.9
    endloop
  endfacet
  facet normal 0 -1 0
    outer loop
      vertex 1.5 -2.491435692954414 2.2616125169205725
      vertex 18.728718707889797 -2.491435692954414 6.9
      vertex 18.54358549596388 -2.491435692954414 7.275413016431712
    endloop
  endfacet
  facet normal 0 -1 0
    outer loop
      vertex 1.5 -2.491435692954414 2.2616125169205725
      vertex 18.54358549596388 -2.491435692954414 7.275413016431712
      vertex 18.409037355874982 -2.491435692954414 7.671779055671934
    endloop
  endfacet
  facet normal 0 -1 0
    outer loop
      vertex 1.5 -2.491435692954414 2.2616125169205725
      vertex 18.409037355874982 -2.491435692954414 7.671779055671934
      vertex 18.327376443603807 -2.491435692954414 8.082316184895834
    endloop
  endfacet
  facet normal 0 -1 0
    outer loop
      vertex 1.5 -2.491435692954414 2.2616125169205725
      vertex 18.327376443603807 -2.491435692954414 8.082316184895834
      vertex 18.3 -2.491435692954414 8.5
    endloop
  endfacet
  facet normal 0 -1 0
    outer loop
      vertex 1.5 -2.491435692954414 2.2616125169205725
      vertex 18.3 -2.491435692954414 8.5
      vertex 18.327376443603807 -2.491435692954414 8.917683815104166
    endloop
  endfacet
  facet normal 0 -1 0
    outer loop
      vertex 1.5 -2.491435692954414 2.2616125169205725
      vertex 18.327376443603807 -2.491435692954414 8.917683815104166
      vertex 18.409037355874982 -2.491435692954414 9.328220944328066
    endloop
  endfacet
  facet normal 0 -1 0
    outer loop
      vertex 1.5 -2.491435692954414 2.2616125169205725
      vertex 18.409037355874982 -2.491435692954414 9.328220944328066
      vertex 18.54358549596388 -2.491435692954414 9.724586983568287
    endloop
  endfacet
  facet normal 0 0 -1
    outer loop
      vertex 1.315012015242183 1.315012015242183 -1.991435692954414
      vertex 1.465852714329254 30.759374385571974 -1.991435692954414
      vertex 34.08498798475782 1.315012015242183 -1.991435692954414
    endloop
  endfacet
  facet normal -1 0 0
    outer loop
      vertex -2.491435692954414 1.5 2.2616125169205725
      vertex -2.491435692954414 1.5 18.76161251692057
      vertex -2.491435692954414 3 12.5
    endloop
  endfacet
  facet normal -0.8968727415326883 -0.44228869021900147 0
    outer loop
      vertex -2.1876057420555877 -0.027456311044325776 1.738387483079428
      vertex -1.9566847076704668 -0.49571784647720696 18.76161251692057
      vertex -2.1876057420555877 -0.027456311044325776 18.76161251692057
    endloop
  endfacet
  facet normal -0.7518398074789775 -0.6593458151000685 0
    outer loop
      vertex -1.3223712451580925 -1.3223712451580925 1.738387483079428
      vertex -1.3223712451580925 -1.3223712451580925 18.76161251692057
      vertex -1.666618839563045 -0.929832096239342 18.23838748307943
    endloop
  endfacet
  facet normal -0.8314696123025453 -0.5555702330196023 0
    outer loop
      vertex -1.9566847076704668 -0.49571784647720696 2.2616125169205725
      vertex -1.666618839563045 -0.929832096239342 18.23838748307943
      vertex -1.9566847076704668 -0.49571784647720696 18.76161251692057
    endloop
  endfacet
  facet normal -0.6593458151000685 -0.7518398074789775 0
    outer loop
      vertex -1.3223712451580925 -1.3223712451580925 1.738387483079428
      vertex -0.929832096239342 -1.666618839563045 18.76161251692057
      vertex -1.3223712451580925 -1.3223712451580925 18.76161251692057
    endloop
  endfacet
  facet normal -0.5555702330196023 -0.8314696123025453 0
    outer loop
      vertex -0.49571784647720696 -1.9566847076704668 1.738387483079428
      vertex -0.49571784647720696 -1.9566847076704668 18.23838748307943
      vertex -0.929832096239342 -1.666618839563045 18.76161251692057
    endloop
  endfacet
  facet normal -0.44228869021900147 -0.8968727415326883 0
    outer loop
      vertex -0.027456311044325776 -2.1876057420555877 1.738387483079428
      vertex -0.027456311044325776 -2.1876057420555877 18.76161251692057
      vertex -0.49571784647720696 -1.9566847076704668 18.23838748307943
    endloop
  endfacet
  facet normal -0.9469301294951056 -0.32143946530316153 0
    outer loop
      vertex -2.1876057420555877 -0.027456311044325776 1.738387483079428
      vertex -2.1876057420555877 -0.027456311044325776 18.76161251692057
      vertex -2.355430819796672 0.46694042536142044 18.76161251692057
    endloop
  endfacet
  facet normal -0.9807852804032304 -0.19509032201612855 0
    outer loop
      vertex -2.457288407283668 0.9790130975074574 1.738387483079428
      vertex -2.355430819796672 0.46694042536142044 18.76161251692057
      vertex -2.457288407283668 0.9790130975074574 18.76161251692057
    endloop
  endfacet
  facet normal -0.9978589232386036 -0.06540312923014303 0
    outer loop
      vertex -2.457288407283668 0.9790130975074574 1.738387483079428
      vertex -2.457288407283668 0.9790130975074574 18.76161251692057
      vertex -2.491435692954414 1.5 18.76161251692057
    endloop
  endfacet
  facet normal -0.32143946530316153 -0.9469301294951056 0
    outer loop
      vertex 0.46694042536142044 -2.355430819796672 1.738387483079428
      vertex 0.46694042536142044 -2.355430819796672 18.76161251692057
      vertex -0.027456311044325776 -2.1876057420555877 18.76161251692057
    endloop
  endfacet
  facet normal -0.19509032201612855 -0.9807852804032304 0
    outer loop
      vertex 0.46694042536142044 -2.355430819796672 1.738387483079428
      vertex 0.9790130975074574 -2.457288407283668 18.76161251692057
      vertex 0.46694042536142044 -2.355430819796672 18.76161251692057
    endloop
  endfacet
  facet normal -0.06540312923014303 -0.9978589232386036 0
    outer loop
      vertex 0.9790130975074574 -2.457288407283668 1.738387483079428
      vertex 1.5 -2.491435692954414 18.76161251692057
      vertex 0.9790130975074574 -2.457288407283668 18.76161251692057
    endloop
  endfacet
  facet normal 0 -1 0
    outer loop
      vertex 1.5 -2.491435692954414 2.2616125169205725
      vertex 18.54358549596388 -2.491435692954414 9.724586983568287
      vertex 1.5 -2.491435692954414 18.76161251692057
    endloop
  endfacet
  facet normal -0.8892322739216513 -0.4385208285638782 0.13025147189870476
    outer loop
      vertex -1.9566847076704668 -0.49571784647720696 18.76161251692057
      vertex -1.897539873948166 -0.46157056080646086 19.280361288064512
      vertex -2.1876057420555877 -0.027456311044325776 18.76161251692057
    endloop
  endfacet
  facet normal -0.7518398074789777 -0.6593458151000686 0
    outer loop
      vertex -1.666618839563045 -0.929832096239342 18.23838748307943
      vertex -1.3223712451580925 -1.3223712451580925 18.76161251692057
      vertex -1.666618839563045 -0.929832096239342 18.76161251692057
    endloop
  endfacet
  facet normal -0.8314696123025452 -0.5555702330196022 0
    outer loop
      vertex -1.666618839563045 -0.929832096239342 18.23838748307943
      vertex -1.666618839563045 -0.929832096239342 18.76161251692057
      vertex -1.9566847076704668 -0.49571784647720696 18.76161251692057
    endloop
  endfacet
  facet normal -0.7454348768442093 -0.6537288416862755 0.13025147189870465
    outer loop
      vertex -1.666618839563045 -0.929832096239342 18.76161251692057
      vertex -1.3223712451580925 -1.3223712451580925 18.76161251692057
      vertex -1.6124371132655142 -0.8882569953959574 19.280361288064512
    endloop
  endfacet
  facet normal -0.8243863145857449 -0.5508373247992137 0.13025147189870478
    outer loop
      vertex -1.9566847076704668 -0.49571784647720696 18.76161251692057
      vertex -1.666618839563045 -0.929832096239342 18.76161251692057
      vertex -1.897539873948166 -0.46157056080646086 19.280361288064512
    endloop
  endfacet
  facet normal -0.5555702330196022 -0.8314696123025452 0
    outer loop
      vertex -0.49571784647720696 -1.9566847076704668 18.23838748307943
      vertex -0.49571784647720696 -1.9566847076704668 18.76161251692057
      vertex -0.929832096239342 -1.666618839563045 18.76161251692057
    endloop
  endfacet
  facet normal -0.6537288416862755 -0.7454348768442093 0.13025147189870445
    outer loop
      vertex -1.3223712451580925 -1.3223712451580925 18.76161251692057
      vertex -0.929832096239342 -1.666618839563045 18.76161251692057
      vertex -1.274079690644295 -1.274079690644295 19.280361288064512
    endloop
  endfacet
  facet normal -0.5508373247992137 -0.8243863145857449 0.13025147189870478
    outer loop
      vertex -0.929832096239342 -1.666618839563045 18.76161251692057
      vertex -0.49571784647720696 -1.9566847076704668 18.76161251692057
      vertex -0.46157056080646086 -1.897539873948166 19.280361288064512
    endloop
  endfacet
  facet normal -0.4422886902190014 -0.8968727415326883 0
    outer loop
      vertex -0.49571784647720696 -1.9566847076704668 18.23838748307943
      vertex -0.027456311044325776 -2.1876057420555877 18.76161251692057
      vertex -0.49571784647720696 -1.9566847076704668 18.76161251692057
    endloop
  endfacet
  facet normal -0.4385208285638782 -0.8892322739216513 0.13025147189870476
    outer loop
      vertex -0.49571784647720696 -1.9566847076704668 18.76161251692057
      vertex -0.027456311044325776 -2.1876057420555877 18.76161251692057
      vertex -0.46157056080646086 -1.897539873948166 19.280361288064512
    endloop
  endfacet
  facet normal -0.8664366884369413 -0.42727928984838787 0.25830190358780536
    outer loop
      vertex -1.897539873948166 -0.46157056080646086 19.280361288064512
      vertex -1.7802621910065985 -0.3938602589902116 19.785757861212645
      vertex -2.124509785411551 -0.0013211100714611845 19.280361288064512
    endloop
  endfacet
  facet normal -0.8243863145857449 -0.5508373247992135 0.13025147189870465
    outer loop
      vertex -1.666618839563045 -0.929832096239342 18.76161251692057
      vertex -1.6124371132655142 -0.8882569953959574 19.280361288064512
      vertex -1.897539873948166 -0.46157056080646086 19.280361288064512
    endloop
  endfacet
  facet normal -0.7454348768442095 -0.6537288416862753 0.13025147189870448
    outer loop
      vertex -1.3223712451580925 -1.3223712451580925 18.76161251692057
      vertex -1.274079690644295 -1.274079690644295 19.280361288064512
      vertex -1.6124371132655142 -0.8882569953959574 19.280361288064512
    endloop
  endfacet
  facet normal -0.7263255564149741 -0.6369704174460493 0.25830190358780514
    outer loop
      vertex -1.6124371132655142 -0.8882569953959574 19.280361288064512
      vertex -1.274079690644295 -1.274079690644295 19.280361288064512
      vertex -1.1783228635033796 -1.1783228635033796 19.785757861212645
    endloop
  endfacet
  facet normal -0.7263255564149741 -0.6369704174460494 0.25830190358780514
    outer loop
      vertex -1.6124371132655142 -0.8882569953959574 19.280361288064512
      vertex -1.1783228635033796 -1.1783228635033796 19.785757861212645
      vertex -1.505000725029416 -0.8058181552114139 19.785757861212645
    endloop
  endfacet
  facet normal -0.8032530637381491 -0.5367165380330599 0.2583019035878053
    outer loop
      vertex -1.897539873948166 -0.46157056080646086 19.280361288064512
      vertex -1.505000725029416 -0.8058181552114139 19.785757861212645
      vertex -1.7802621910065985 -0.3938602589902116 19.785757861212645
    endloop
  endfacet
  facet normal -0.8032530637381491 -0.5367165380330601 0.258301903587805
    outer loop
      vertex -1.897539873948166 -0.46157056080646086 19.280361288064512
      vertex -1.6124371132655142 -0.8882569953959574 19.280361288064512
      vertex -1.505000725029416 -0.8058181552114139 19.785757861212645
    endloop
  endfacet
  facet normal -0.6948270761320751 -0.6093469916179055 0.3819837405963241
    outer loop
      vertex -1.505000725029416 -0.8058181552114139 19.785757861212645
      vertex -1.1783228635033796 -1.1783228635033796 19.785757861212645
      vertex -1.3461479412444635 -0.6839261270976329 20.269154760876006
    endloop
  endfacet
  facet normal -0.7684184767311643 -0.5134408111342513 0.3819837405963239
    outer loop
      vertex -1.505000725029416 -0.8058181552114139 19.785757861212645
      vertex -1.6068583125164113 -0.2937454830653765 20.269154760876006
      vertex -1.7802621910065985 -0.3938602589902116 19.785757861212645
    endloop
  endfacet
  facet normal -0.8288620241475319 -0.40874951601940357 0.3819837405963238
    outer loop
      vertex -1.7802621910065985 -0.3938602589902116 19.785757861212645
      vertex -1.6068583125164113 -0.2937454830653765 20.269154760876006
      vertex -1.9993974614351617 0.05050211133957605 19.785757861212645
    endloop
  endfacet
  facet normal -0.7684184767311638 -0.5134408111342514 0.38198374059632406
    outer loop
      vertex -1.505000725029416 -0.8058181552114139 19.785757861212645
      vertex -1.3461479412444635 -0.6839261270976329 20.269154760876006
      vertex -1.6068583125164113 -0.2937454830653765 20.269154760876006
    endloop
  endfacet
  facet normal -0.7204591365102455 -0.48139540450993024 0.4991964514453523
    outer loop
      vertex -1.3461479412444635 -0.6839261270976329 20.269154760876006
      vertex -1.2404109497260625 -0.6027912798778615 20.5
      vertex -1.4914356929544141 -0.2271062025906858 20.5
    endloop
  endfacet
  facet normal -0.7204591365102457 -0.48139540450993024 0.4991964514453521
    outer loop
      vertex -1.6068583125164113 -0.2937454830653765 20.269154760876006
      vertex -1.3461479412444635 -0.6839261270976329 20.269154760876006
      vertex -1.4914356929544141 -0.2271062025906858 20.5
    endloop
  endfacet
  facet normal -0.6537288416862753 -0.7454348768442095 0.13025147189870465
    outer loop
      vertex -0.929832096239342 -1.666618839563045 18.76161251692057
      vertex -0.8882569953959574 -1.6124371132655142 19.280361288064512
      vertex -1.274079690644295 -1.274079690644295 19.280361288064512
    endloop
  endfacet
  facet normal -0.5508373247992135 -0.8243863145857449 0.13025147189870465
    outer loop
      vertex -0.929832096239342 -1.666618839563045 18.76161251692057
      vertex -0.46157056080646086 -1.897539873948166 19.280361288064512
      vertex -0.8882569953959574 -1.6124371132655142 19.280361288064512
    endloop
  endfacet
  facet normal -0.6369704174460493 -0.7263255564149741 0.25830190358780514
    outer loop
      vertex -1.274079690644295 -1.274079690644295 19.280361288064512
      vertex -0.8882569953959574 -1.6124371132655142 19.280361288064512
      vertex -0.8058181552114139 -1.505000725029416 19.785757861212645
    endloop
  endfacet
  facet normal -0.5367165380330599 -0.8032530637381492 0.25830190358780514
    outer loop
      vertex -0.8882569953959574 -1.6124371132655142 19.280361288064512
      vertex -0.3938602589902116 -1.7802621910065985 19.785757861212645
      vertex -0.8058181552114139 -1.505000725029416 19.785757861212645
    endloop
  endfacet
  facet normal -0.43852082856387814 -0.8892322739216513 0.13025147189870484
    outer loop
      vertex -0.027456311044325776 -2.1876057420555877 18.76161251692057
      vertex -0.0013211100714611845 -2.124509785411551 19.280361288064512
      vertex -0.46157056080646086 -1.897539873948166 19.280361288064512
    endloop
  endfacet
  facet normal -0.42727928984838787 -0.8664366884369413 0.25830190358780564
    outer loop
      vertex -0.0013211100714611845 -2.124509785411551 19.280361288064512
      vertex 0.05050211133957605 -1.9993974614351617 19.785757861212645
      vertex -0.46157056080646086 -1.897539873948166 19.280361288064512
    endloop
  endfacet
  facet normal -0.5367165380330601 -0.8032530637381491 0.2583019035878053
    outer loop
      vertex -0.8882569953959574 -1.6124371132655142 19.280361288064512
      vertex -0.46157056080646086 -1.897539873948166 19.280361288064512
      vertex -0.3938602589902116 -1.7802621910065985 19.785757861212645
    endloop
  endfacet
  facet normal -0.4272792898483876 -0.8664366884369413 0.2583019035878054
    outer loop
      vertex -0.46157056080646086 -1.897539873948166 19.280361288064512
      vertex 0.05050211133957605 -1.9993974614351617 19.785757861212645
      vertex -0.3938602589902116 -1.7802621910065985 19.785757861212645
    endloop
  endfacet
  facet normal -0.6093469916179055 -0.6948270761320751 0.3819837405963241
    outer loop
      vertex -0.8058181552114139 -1.505000725029416 19.785757861212645
      vertex -0.6839261270976329 -1.3461479412444635 20.269154760876006
      vertex -1.1783228635033796 -1.1783228635033796 19.785757861212645
    endloop
  endfacet
  facet normal -0.5134408111342512 -0.768418476731164 0.38198374059632406
    outer loop
      vertex -0.8058181552114139 -1.505000725029416 19.785757861212645
      vertex -0.3938602589902116 -1.7802621910065985 19.785757861212645
      vertex -0.6839261270976329 -1.3461479412444635 20.269154760876006
    endloop
  endfacet
  facet normal -0.5134408111342516 -0.7684184767311639 0.38198374059632384
    outer loop
      vertex -0.3938602589902116 -1.7802621910065985 19.785757861212645
      vertex -0.2937454830653765 -1.6068583125164113 20.269154760876006
      vertex -0.6839261270976329 -1.3461479412444635 20.269154760876006
    endloop
  endfacet
  facet normal -0.4087495160194037 -0.8288620241475321 0.3819837405963233
    outer loop
      vertex -0.3938602589902116 -1.7802621910065985 19.785757861212645
      vertex 0.05050211133957605 -1.9993974614351617 19.785757861212645
      vertex 0.12712664350233105 -1.8144094766773446 20.269154760876006
    endloop
  endfacet
  facet normal -0.408749516019404 -0.8288620241475316 0.38198374059632373
    outer loop
      vertex -0.3938602589902116 -1.7802621910065985 19.785757861212645
      vertex 0.12712664350233105 -1.8144094766773446 20.269154760876006
      vertex -0.2937454830653765 -1.6068583125164113 20.269154760876006
    endloop
  endfacet
  facet normal -0.4813954045099301 -0.7204591365102456 0.4991964514453523
    outer loop
      vertex -0.6839261270976329 -1.3461479412444635 20.269154760876006
      vertex -0.2937454830653765 -1.6068583125164113 20.269154760876006
      vertex -0.6027912798778615 -1.2404109497260625 20.5
    endloop
  endfacet
  facet normal -0.48139540450993035 -0.7204591365102457 0.4991964514453521
    outer loop
      vertex -0.2937454830653765 -1.6068583125164113 20.269154760876006
      vertex -0.2271062025906858 -1.4914356929544141 20.5
      vertex -0.6027912798778615 -1.2404109497260625 20.5
    endloop
  endfacet
  facet normal -0.3832382123515088 -0.7771302178258082 0.49919645144535213
    outer loop
      vertex -0.2937454830653765 -1.6068583125164113 20.269154760876006
      vertex 0.12712664350233105 -1.8144094766773446 20.269154760876006
      vertex -0.2271062025906858 -1.4914356929544141 20.5
    endloop
  endfacet
  facet normal -0.3832382123515084 -0.7771302178258082 0.4991964514453525
    outer loop
      vertex -0.2271062025906858 -1.4914356929544141 20.5
      vertex 0.12712664350233105 -1.8144094766773446 20.269154760876006
      vertex 0.17813014066712046 -1.6912761420936528 20.5
    endloop
  endfacet
  facet normal -0.6369704174460493 -0.7263255564149741 0.2583019035878051
    outer loop
      vertex -1.274079690644295 -1.274079690644295 19.280361288064512
      vertex -0.8058181552114139 -1.505000725029416 19.785757861212645
      vertex -1.1783228635033796 -1.1783228635033796 19.785757861212645
    endloop
  endfacet
  facet normal -0.6093469916179058 -0.6948270761320744 0.3819837405963247
    outer loop
      vertex -0.6839261270976329 -1.3461479412444635 20.269154760876006
      vertex -1.0367391895965343 -1.0367391895965343 20.269154760876006
      vertex -1.1783228635033796 -1.1783228635033796 19.785757861212645
    endloop
  endfacet
  facet normal -0.6948270761320744 -0.6093469916179058 0.3819837405963247
    outer loop
      vertex -1.3461479412444635 -0.6839261270976329 20.269154760876006
      vertex -1.1783228635033796 -1.1783228635033796 19.785757861212645
      vertex -1.0367391895965343 -1.0367391895965343 20.269154760876006
    endloop
  endfacet
  facet normal -0.651460799619983 -0.571315787829166 0.4991964514453523
    outer loop
      vertex -1.3461479412444635 -0.6839261270976329 20.269154760876006
      vertex -1.0367391895965343 -1.0367391895965343 20.269154760876006
      vertex -1.2404109497260625 -0.6027912798778615 20.5
    endloop
  endfacet
  facet normal -0.6514607996199835 -0.5713157878291658 0.4991964514453517
    outer loop
      vertex -1.2404109497260625 -0.6027912798778615 20.5
      vertex -1.0367391895965343 -1.0367391895965343 20.269154760876006
      vertex -0.9424970153624421 -0.9424970153624421 20.5
    endloop
  endfacet
  facet normal -0.5713157878291661 -0.6514607996199832 0.49919645144535163
    outer loop
      vertex -0.6839261270976329 -1.3461479412444635 20.269154760876006
      vertex -0.9424970153624421 -0.9424970153624421 20.5
      vertex -1.0367391895965343 -1.0367391895965343 20.269154760876006
    endloop
  endfacet
  facet normal -0.5713157878291656 -0.6514607996199833 0.49919645144535224
    outer loop
      vertex -0.6839261270976329 -1.3461479412444635 20.269154760876006
      vertex -0.6027912798778615 -1.2404109497260625 20.5
      vertex -0.9424970153624421 -0.9424970153624421 20.5
    endloop
  endfacet
  facet normal -0.9388632225089948 -0.3187011193708715 0.13025147189870467
    outer loop
      vertex -2.1876057420555877 -0.027456311044325776 18.76161251692057
      vertex -2.2894633295425835 0.48461636110171114 19.280361288064512
      vertex -2.355430819796672 0.46694042536142044 18.76161251692057
    endloop
  endfacet
  facet normal -0.9724299610571473 -0.1934283456647861 0.13025147189870478
    outer loop
      vertex -2.355430819796672 0.46694042536142044 18.76161251692057
      vertex -2.2894633295425835 0.48461636110171114 19.280361288064512
      vertex -2.457288407283668 0.9790130975074574 18.76161251692057
    endloop
  endfacet
  facet normal -0.9893581533630916 -0.06484595933590653 0.13025147189870526
    outer loop
      vertex -2.457288407283668 0.9790130975074574 18.76161251692057
      vertex -2.389578105467418 0.9879273278539631 19.280361288064512
      vertex -2.491435692954414 1.5 18.76161251692057
    endloop
  endfacet
  facet normal -0.9388632225089948 -0.31870111937087175 0.1302514718987049
    outer loop
      vertex -2.1876057420555877 -0.027456311044325776 18.76161251692057
      vertex -2.124509785411551 -0.0013211100714611845 19.280361288064512
      vertex -2.2894633295425835 0.48461636110171114 19.280361288064512
    endloop
  endfacet
  facet normal -0.8892322739216513 -0.4385208285638782 0.13025147189870487
    outer loop
      vertex -1.897539873948166 -0.46157056080646086 19.280361288064512
      vertex -2.124509785411551 -0.0013211100714611845 19.280361288064512
      vertex -2.1876057420555877 -0.027456311044325776 18.76161251692057
    endloop
  endfacet
  facet normal -0.9147953411749444 -0.31053117455020995 0.25830190358780547
    outer loop
      vertex -2.124509785411551 -0.0013211100714611845 19.280361288064512
      vertex -2.1586570710822977 0.5196657924210819 19.785757861212645
      vertex -2.2894633295425835 0.48461636110171114 19.280361288064512
    endloop
  endfacet
  facet normal -0.8664366884369414 -0.42727928984838764 0.2583019035878055
    outer loop
      vertex -1.7802621910065985 -0.3938602589902116 19.785757861212645
      vertex -1.9993974614351617 0.05050211133957605 19.785757861212645
      vertex -2.124509785411551 -0.0013211100714611845 19.280361288064512
    endloop
  endfacet
  facet normal -0.9147953411749445 -0.31053117455021007 0.2583019035878056
    outer loop
      vertex -2.124509785411551 -0.0013211100714611845 19.280361288064512
      vertex -1.9993974614351617 0.05050211133957605 19.785757861212645
      vertex -2.1586570710822977 0.5196657924210819 19.785757861212645
    endloop
  endfacet
  facet normal -0.9724299610571474 -0.19342834566478553 0.13025147189870526
    outer loop
      vertex -2.457288407283668 0.9790130975074574 18.76161251692057
      vertex -2.2894633295425835 0.48461636110171114 19.280361288064512
      vertex -2.389578105467418 0.9879273278539631 19.280361288064512
    endloop
  endfacet
  facet normal -0.9475015919962596 -0.1884697847599706 0.2583019035878054
    outer loop
      vertex -2.2894633295425835 0.48461636110171114 19.280361288064512
      vertex -2.1586570710822977 0.5196657924210819 19.785757861212645
      vertex -2.389578105467418 0.9879273278539631 19.280361288064512
    endloop
  endfacet
  facet normal -0.9475015919962596 -0.1884697847599704 0.2583019035878055
    outer loop
      vertex -2.1586570710822977 0.5196657924210819 19.785757861212645
      vertex -2.2553160438718374 1.0056032635942538 19.785757861212645
      vertex -2.389578105467418 0.9879273278539631 19.280361288064512
    endloop
  endfacet
  facet normal -0.8751235125267672 -0.2970644033586882 0.38198374059632384
    outer loop
      vertex -1.9993974614351617 0.05050211133957605 19.785757861212645
      vertex -1.9652501757644156 0.5714890138321191 20.269154760876006
      vertex -2.1586570710822977 0.5196657924210819 19.785757861212645
    endloop
  endfacet
  facet normal -0.8751235125267677 -0.2970644033586878 0.38198374059632334
    outer loop
      vertex -1.9993974614351617 0.05050211133957605 19.785757861212645
      vertex -1.8144094766773446 0.12712664350233105 20.269154760876006
      vertex -1.9652501757644156 0.5714890138321191 20.269154760876006
    endloop
  endfacet
  facet normal -0.9064113949765938 -0.18029643639469214 0.3819837405963239
    outer loop
      vertex -2.1586570710822977 0.5196657924210819 19.785757861212645
      vertex -2.0567994835953014 1.0317384645671188 20.269154760876006
      vertex -2.2553160438718374 1.0056032635942538 19.785757861212645
    endloop
  endfacet
  facet normal -0.9064113949765941 -0.18029643639469195 0.3819837405963238
    outer loop
      vertex -2.1586570710822977 0.5196657924210819 19.785757861212645
      vertex -1.9652501757644156 0.5714890138321191 20.269154760876006
      vertex -2.0567994835953014 1.0317384645671188 20.269154760876006
    endloop
  endfacet
  facet normal -0.8205043856531697 -0.27852370812604593 0.4991964514453523
    outer loop
      vertex -1.9652501757644156 0.5714890138321191 20.269154760876006
      vertex -1.8144094766773446 0.12712664350233105 20.269154760876006
      vertex -1.8365129716527662 0.6059840437096761 20.5
    endloop
  endfacet
  facet normal -0.849839495955212 -0.16904358603318623 0.49919645144535224
    outer loop
      vertex -1.9652501757644156 0.5714890138321191 20.269154760876006
      vertex -1.8365129716527662 0.6059840437096761 20.5
      vertex -1.924661139210741 1.0491348076324096 20.5
    endloop
  endfacet
  facet normal -0.8498394959552122 -0.169043586033186 0.49919645144535185
    outer loop
      vertex -1.9652501757644156 0.5714890138321191 20.269154760876006
      vertex -1.924661139210741 1.0491348076324096 20.5
      vertex -2.0567994835953014 1.0317384645671188 20.269154760876006
    endloop
  endfacet
  facet normal -0.8288620241475319 -0.4087495160194041 0.38198374059632334
    outer loop
      vertex -1.6068583125164113 -0.2937454830653765 20.269154760876006
      vertex -1.8144094766773446 0.12712664350233105 20.269154760876006
      vertex -1.9993974614351617 0.05050211133957605 19.785757861212645
    endloop
  endfacet
  facet normal -0.7771302178258078 -0.3832382123515086 0.4991964514453526
    outer loop
      vertex -1.6068583125164113 -0.2937454830653765 20.269154760876006
      vertex -1.6912761420936528 0.17813014066712046 20.5
      vertex -1.8144094766773446 0.12712664350233105 20.269154760876006
    endloop
  endfacet
  facet normal -0.7771302178258084 -0.3832382123515085 0.49919645144535213
    outer loop
      vertex -1.6068583125164113 -0.2937454830653765 20.269154760876006
      vertex -1.4914356929544141 -0.2271062025906858 20.5
      vertex -1.6912761420936528 0.17813014066712046 20.5
    endloop
  endfacet
  facet normal -0.8205043856531693 -0.278523708126046 0.4991964514453525
    outer loop
      vertex -1.8144094766773446 0.12712664350233105 20.269154760876006
      vertex -1.6912761420936528 0.17813014066712046 20.5
      vertex -1.8365129716527662 0.6059840437096761 20.5
    endloop
  endfacet
  facet normal -0.9893581533630916 -0.06484595933590687 0.1302514718987049
    outer loop
      vertex -2.491435692954414 1.5 18.76161251692057
      vertex -2.389578105467418 0.9879273278539631 19.280361288064512
      vertex -2.4231411216129217 1.5 19.280361288064512
    endloop
  endfacet
  facet normal -0.9639958278814479 -0.06318362469879278 0.25830190358780564
    outer loop
      vertex -2.389578105467418 0.9879273278539631 19.280361288064512
      vertex -2.2553160438718374 1.0056032635942538 19.785757861212645
      vertex -2.4231411216129217 1.5 19.280361288064512
    endloop
  endfacet
  facet normal -0.963995827881448 -0.06318362469879286 0.25830190358780547
    outer loop
      vertex -2.4231411216129217 1.5 19.280361288064512
      vertex -2.2553160438718374 1.0056032635942538 19.785757861212645
      vertex -2.2877205179804228 1.5 19.785757861212645
    endloop
  endfacet
  facet normal -0.9221903271536552 -0.060443547416368384 0.3819837405963239
    outer loop
      vertex -2.2553160438718374 1.0056032635942538 19.785757861212645
      vertex -2.087490966130753 1.5 20.269154760876006
      vertex -2.2877205179804228 1.5 19.785757861212645
    endloop
  endfacet
  facet normal -0.9221903271536551 -0.060443547416368384 0.3819837405963239
    outer loop
      vertex -2.2553160438718374 1.0056032635942538 19.785757861212645
      vertex -2.0567994835953014 1.0317384645671188 20.269154760876006
      vertex -2.087490966130753 1.5 20.269154760876006
    endloop
  endfacet
  facet normal -0.8646336168614389 -0.05667108131556288 0.4991964514453519
    outer loop
      vertex -2.0567994835953014 1.0317384645671188 20.269154760876006
      vertex -1.924661139210741 1.0491348076324096 20.5
      vertex -1.9542124051813714 1.5 20.5
    endloop
  endfacet
  facet normal -0.8646336168614387 -0.05667108131556304 0.49919645144535213
    outer loop
      vertex -2.0567994835953014 1.0317384645671188 20.269154760876006
      vertex -1.9542124051813714 1.5 20.5
      vertex -2.087490966130753 1.5 20.269154760876006
    endloop
  endfacet
  facet normal -0.3187011193708715 -0.9388632225089948 0.13025147189870467
    outer loop
      vertex -0.027456311044325776 -2.1876057420555877 18.76161251692057
      vertex 0.46694042536142044 -2.355430819796672 18.76161251692057
      vertex 0.48461636110171114 -2.2894633295425835 19.280361288064512
    endloop
  endfacet
  facet normal -0.1934283456647861 -0.9724299610571473 0.13025147189870478
    outer loop
      vertex 0.46694042536142044 -2.355430819796672 18.76161251692057
      vertex 0.9790130975074574 -2.457288407283668 18.76161251692057
      vertex 0.48461636110171114 -2.2894633295425835 19.280361288064512
    endloop
  endfacet
  facet normal -0.06484595933590655 -0.9893581533630919 0.13025147189870495
    outer loop
      vertex 0.9790130975074574 -2.457288407283668 18.76161251692057
      vertex 1.5 -2.491435692954414 18.76161251692057
      vertex 1.5 -2.4231411216129217 19.280361288064512
    endloop
  endfacet
  facet normal -0.31870111937087175 -0.9388632225089948 0.1302514718987049
    outer loop
      vertex -0.027456311044325776 -2.1876057420555877 18.76161251692057
      vertex 0.48461636110171114 -2.2894633295425835 19.280361288064512
      vertex -0.0013211100714611845 -2.124509785411551 19.280361288064512
    endloop
  endfacet
  facet normal -0.31053117455020995 -0.9147953411749444 0.2583019035878056
    outer loop
      vertex -0.0013211100714611845 -2.124509785411551 19.280361288064512
      vertex 0.48461636110171114 -2.2894633295425835 19.280361288064512
      vertex 0.05050211133957605 -1.9993974614351617 19.785757861212645
    endloop
  endfacet
  facet normal -0.31053117455021007 -0.9147953411749447 0.2583019035878055
    outer loop
      vertex 0.48461636110171114 -2.2894633295425835 19.280361288064512
      vertex 0.5196657924210819 -2.1586570710822977 19.785757861212645
      vertex 0.05050211133957605 -1.9993974614351617 19.785757861212645
    endloop
  endfacet
  facet normal -0.19342834566478553 -0.9724299610571474 0.13025147189870526
    outer loop
      vertex 0.9790130975074574 -2.457288407283668 18.76161251692057
      vertex 0.9879273278539631 -2.389578105467418 19.280361288064512
      vertex 0.48461636110171114 -2.2894633295425835 19.280361288064512
    endloop
  endfacet
  facet normal -0.06484595933590688 -0.9893581533630916 0.13025147189870528
    outer loop
      vertex 0.9790130975074574 -2.457288407283668 18.76161251692057
      vertex 1.5 -2.4231411216129217 19.280361288064512
      vertex 0.9879273278539631 -2.389578105467418 19.280361288064512
    endloop
  endfacet
  facet normal -0.18846978475997042 -0.9475015919962597 0.25830190358780547
    outer loop
      vertex 0.48461636110171114 -2.2894633295425835 19.280361288064512
      vertex 1.0056032635942538 -2.2553160438718374 19.785757861212645
      vertex 0.5196657924210819 -2.1586570710822977 19.785757861212645
    endloop
  endfacet
  facet normal -0.1884697847599706 -0.9475015919962596 0.2583019035878056
    outer loop
      vertex 0.48461636110171114 -2.2894633295425835 19.280361288064512
      vertex 0.9879273278539631 -2.389578105467418 19.280361288064512
      vertex 1.0056032635942538 -2.2553160438718374 19.785757861212645
    endloop
  endfacet
  facet normal -0.06318362469879278 -0.9639958278814479 0.25830190358780564
    outer loop
      vertex 0.9879273278539631 -2.389578105467418 19.280361288064512
      vertex 1.5 -2.4231411216129217 19.280361288064512
      vertex 1.0056032635942538 -2.2553160438718374 19.785757861212645
    endloop
  endfacet
  facet normal -0.29706440335868833 -0.8751235125267675 0.38198374059632334
    outer loop
      vertex 0.05050211133957605 -1.9993974614351617 19.785757861212645
      vertex 0.5196657924210819 -2.1586570710822977 19.785757861212645
      vertex 0.12712664350233105 -1.8144094766773446 20.269154760876006
    endloop
  endfacet
  facet normal -0.2970644033586877 -0.8751235125267675 0.3819837405963239
    outer loop
      vertex 0.5196657924210819 -2.1586570710822977 19.785757861212645
      vertex 0.5714890138321191 -1.9652501757644156 20.269154760876006
      vertex 0.12712664350233105 -1.8144094766773446 20.269154760876006
    endloop
  endfacet
  facet normal -0.2785237081260459 -0.8205043856531695 0.4991964514453526
    outer loop
      vertex 0.5714890138321191 -1.9652501757644156 20.269154760876006
      vertex 0.17813014066712046 -1.6912761420936528 20.5
      vertex 0.12712664350233105 -1.8144094766773446 20.269154760876006
    endloop
  endfacet
  facet normal -0.278523708126046 -0.8205043856531695 0.4991964514453522
    outer loop
      vertex 0.5714890138321191 -1.9652501757644156 20.269154760876006
      vertex 0.6059840437096761 -1.8365129716527662 20.5
      vertex 0.17813014066712046 -1.6912761420936528 20.5
    endloop
  endfacet
  facet normal -0.18029643639469217 -0.9064113949765941 0.3819837405963238
    outer loop
      vertex 0.5196657924210819 -2.1586570710822977 19.785757861212645
      vertex 1.0056032635942538 -2.2553160438718374 19.785757861212645
      vertex 0.5714890138321191 -1.9652501757644156 20.269154760876006
    endloop
  endfacet
  facet normal -0.18029643639469198 -0.906411394976594 0.38198374059632395
    outer loop
      vertex 1.0056032635942538 -2.2553160438718374 19.785757861212645
      vertex 1.0317384645671188 -2.0567994835953014 20.269154760876006
      vertex 0.5714890138321191 -1.9652501757644156 20.269154760876006
    endloop
  endfacet
  facet normal -0.060443547416368384 -0.9221903271536551 0.3819837405963239
    outer loop
      vertex 1.0056032635942538 -2.2553160438718374 19.785757861212645
      vertex 1.5 -2.087490966130753 20.269154760876006
      vertex 1.0317384645671188 -2.0567994835953014 20.269154760876006
    endloop
  endfacet
  facet normal -0.16904358603318598 -0.849839495955212 0.49919645144535224
    outer loop
      vertex 0.5714890138321191 -1.9652501757644156 20.269154760876006
      vertex 1.0317384645671188 -2.0567994835953014 20.269154760876006
      vertex 0.6059840437096761 -1.8365129716527662 20.5
    endloop
  endfacet
  facet normal -0.16904358603318628 -0.8498394959552122 0.49919645144535185
    outer loop
      vertex 0.6059840437096761 -1.8365129716527662 20.5
      vertex 1.0317384645671188 -2.0567994835953014 20.269154760876006
      vertex 1.0491348076324096 -1.924661139210741 20.5
    endloop
  endfacet
  facet normal -0.05667108131556304 -0.8646336168614387 0.49919645144535185
    outer loop
      vertex 1.0317384645671188 -2.0567994835953014 20.269154760876006
      vertex 1.5 -2.087490966130753 20.269154760876006
      vertex 1.0491348076324096 -1.924661139210741 20.5
    endloop
  endfacet
  facet normal -0.06318362469879289 -0.963995827881448 0.25830190358780547
    outer loop
      vertex 1.0056032635942538 -2.2553160438718374 19.785757861212645
      vertex 1.5 -2.4231411216129217 19.280361288064512
      vertex 1.5 -2.2877205179804228 19.785757861212645
    endloop
  endfacet
  facet normal -0.060443547416368384 -0.9221903271536552 0.3819837405963239
    outer loop
      vertex 1.0056032635942538 -2.2553160438718374 19.785757861212645
      vertex 1.5 -2.2877205179804228 19.785757861212645
      vertex 1.5 -2.087490966130753 20.269154760876006
    endloop
  endfacet
  facet normal -0.05667108131556288 -0.8646336168614387 0.4991964514453521
    outer loop
      vertex 1.0491348076324096 -1.924661139210741 20.5
      vertex 1.5 -2.087490966130753 20.269154760876006
      vertex 1.5 -1.9542124051813714 20.5
    endloop
  endfacet
  facet normal -1 0 0
    outer loop
      vertex -2.491435692954414 3 12.5
      vertex -2.491435692954414 1.5 18.76161251692057
      vertex -2.491435692954414 3 13.5
    endloop
  endfacet
  facet normal -1 0 0
    outer loop
      vertex -2.491435692954414 3 13.5
      vertex -2.491435692954414 1.5 18.76161251692057
      vertex -2.491435692954414 3 15
    endloop
  endfacet
  facet normal -1 0 0
    outer loop
      vertex -2.491435692954414 1.5 18.76161251692057
      vertex -2.491435692954414 3 16
      vertex -2.491435692954414 3 15
    endloop
  endfacet
  facet normal -1 0 0
    outer loop
      vertex -2.491435692954414 3 8.5
      vertex -2.491435692954414 3 10
      vertex -2.491435692954414 29 10
    endloop
  endfacet
  facet normal -1 0 0
    outer loop
      vertex -2.491435692954414 3 11
      vertex -2.491435692954414 3 12.5
      vertex -2.491435692954414 29 12.5
    endloop
  endfacet
  facet normal -1 0 0
    outer loop
      vertex -2.491435692954414 3 13.5
      vertex -2.491435692954414 3 15
      vertex -2.491435692954414 29 15
    endloop
  endfacet
  facet normal -0.9914448613738105 0 0.13052619222005166
    outer loop
      vertex -2.491435692954414 1.5 18.76161251692057
      vertex -2.4231411216129217 1.5 19.280361288064512
      vertex -2.4231411216129217 30.5 19.280361288064512
    endloop
  endfacet
  facet normal -0.9659258262890683 0 0.25881904510252074
    outer loop
      vertex -2.4231411216129217 1.5 19.280361288064512
      vertex -2.2877205179804228 1.5 19.785757861212645
      vertex -2.4231411216129217 30.5 19.280361288064512
    endloop
  endfacet
  facet normal -0.9238795325112874 0 0.38268343236508845
    outer loop
      vertex -2.2877205179804228 1.5 19.785757861212645
      vertex -2.087490966130753 1.5 20.269154760876006
      vertex -2.087490966130753 30.5 20.269154760876006
    endloop
  endfacet
  facet normal -0.8660254037844384 0 0.5000000000000007
    outer loop
      vertex -2.087490966130753 1.5 20.269154760876006
      vertex -1.9542124051813714 1.5 20.5
      vertex -1.9542124051813714 30.5 20.5
    endloop
  endfacet
  facet normal -1 0 0
    outer loop
      vertex -2.491435692954414 1.5 18.76161251692057
      vertex -2.491435692954414 30.5 18.76161251692057
      vertex -2.491435692954414 3 16
    endloop
  endfacet
  facet normal 0 -1 0
    outer loop
      vertex 1.5 -2.491435692954414 18.76161251692057
      vertex 18.54358549596388 -2.491435692954414 9.724586983568287
      vertex 18.728718707889797 -2.491435692954414 10.1
    endloop
  endfacet
  facet normal 0 -1 0
    outer loop
      vertex 1.5 -2.491435692954414 18.76161251692057
      vertex 18.728718707889797 -2.491435692954414 10.1
      vertex 18.961269311068047 -2.491435692954414 10.448036572827906
    endloop
  endfacet
  facet normal 0 -1 0
    outer loop
      vertex 1.5 -2.491435692954414 18.76161251692057
      vertex 18.961269311068047 -2.491435692954414 10.448036572827906
      vertex 19.23725830020305 -2.491435692954414 10.762741699796953
    endloop
  endfacet
  facet normal 0 -1 0
    outer loop
      vertex 1.5 -2.491435692954414 18.76161251692057
      vertex 19.23725830020305 -2.491435692954414 10.762741699796953
      vertex 19.551963427172094 -2.491435692954414 11.038730688931953
    endloop
  endfacet
  facet normal 0 -1 0
    outer loop
      vertex 1.5 -2.491435692954414 18.76161251692057
      vertex 19.551963427172094 -2.491435692954414 11.038730688931953
      vertex 19.9 -2.491435692954414 11.271281292110203
    endloop
  endfacet
  facet normal 0 -0.9914448613738104 0.13052619222005163
    outer loop
      vertex 1.5 -2.491435692954414 18.76161251692057
      vertex 33.9 -2.4231411216129217 19.280361288064512
      vertex 1.5 -2.4231411216129217 19.280361288064512
    endloop
  endfacet
  facet normal 0 -0.9659258262890683 0.25881904510252074
    outer loop
      vertex 1.5 -2.4231411216129217 19.280361288064512
      vertex 33.9 -2.4231411216129217 19.280361288064512
      vertex 1.5 -2.2877205179804228 19.785757861212645
    endloop
  endfacet
  facet normal 0 -0.9238795325112874 0.38268343236508845
    outer loop
      vertex 1.5 -2.2877205179804228 19.785757861212645
      vertex 33.9 -2.087490966130753 20.269154760876006
      vertex 1.5 -2.087490966130753 20.269154760876006
    endloop
  endfacet
  facet normal 0 -0.8660254037844382 0.5000000000000006
    outer loop
      vertex 1.5 -2.087490966130753 20.269154760876006
      vertex 33.9 -2.087490966130753 20.269154760876006
      vertex 1.5 -1.9542124051813714 20.5
    endloop
  endfacet
  facet normal -1 0 0
    outer loop
      vertex -2.491435692954414 1.5 2.2616125169205725
      vertex -2.491435692954414 29 2.5
      vertex -2.491435692954414 30.5 1.738387483079428
    endloop
  endfacet
  facet normal -0.7071067811865475 0 -0.7071067811865475
    outer loop
      vertex -1.5073592299159095 1.5 -0.6373832604002754
      vertex -1.5073592299159095 30.5 -0.6373832604002754
      vertex -1.1373832604002754 30.5 -1.0073592299159095
    endloop
  endfacet
  facet normal -0.3826834323650902 0 -0.9238795325112865
    outer loop
      vertex -0.2691547608760052 1.5 -1.587490966130753
      vertex -0.2691547608760052 30.5 -1.587490966130753
      vertex 0.21424213878735365 30.5 -1.7877205179804228
    endloop
  endfacet
  facet normal -0.49999999999999994 0 -0.8660254037844386
    outer loop
      vertex -0.2691547608760052 1.5 -1.587490966130753
      vertex -0.7222809320784087 30.5 -1.325878449210181
      vertex -0.2691547608760052 30.5 -1.587490966130753
    endloop
  endfacet
  facet normal -0.6087614290087205 0 -0.7933533402912352
    outer loop
      vertex -1.1373832604002754 1.5 -1.0073592299159095
      vertex -1.1373832604002754 30.5 -1.0073592299159095
      vertex -0.7222809320784087 30.5 -1.325878449210181
    endloop
  endfacet
  facet normal -0.8660254037844386 0 -0.49999999999999994
    outer loop
      vertex -1.825878449210181 1.5 -0.2222809320784087
      vertex -2.087490966130753 30.5 0.2308452391239948
      vertex -1.825878449210181 30.5 -0.2222809320784087
    endloop
  endfacet
  facet normal -0.7933533402912352 0 -0.6087614290087205
    outer loop
      vertex -1.825878449210181 1.5 -0.2222809320784087
      vertex -1.825878449210181 30.5 -0.2222809320784087
      vertex -1.5073592299159095 30.5 -0.6373832604002754
    endloop
  endfacet
  facet normal -0.9238795325112865 0 -0.3826834323650902
    outer loop
      vertex -2.2877205179804228 1.5 0.7142421387873537
      vertex -2.2877205179804228 30.5 0.7142421387873537
      vertex -2.087490966130753 30.5 0.2308452391239948
    endloop
  endfacet
  facet normal -0.25881904510252035 0 -0.9659258262890684
    outer loop
      vertex 0.7196387119354872 1.5 -1.9231411216129217
      vertex 0.21424213878735365 30.5 -1.7877205179804228
      vertex 0.7196387119354872 30.5 -1.9231411216129217
    endloop
  endfacet
  facet normal -0.13052619222005157 0 -0.9914448613738105
    outer loop
      vertex 0.7196387119354872 1.5 -1.9231411216129217
      vertex 0.7196387119354872 30.5 -1.9231411216129217
      vertex 1.238387483079428 30.5 -1.991435692954414
    endloop
  endfacet
  facet normal 0 0 -1
    outer loop
      vertex 1.315012015242183 1.315012015242183 -1.991435692954414
      vertex 1.238387483079428 30.5 -1.991435692954414
      vertex 1.465852714329254 30.759374385571974 -1.991435692954414
    endloop
  endfacet
  facet normal -0.9659258262890684 0 -0.25881904510252035
    outer loop
      vertex -2.4231411216129217 1.5 1.2196387119354872
      vertex -2.4231411216129217 30.5 1.2196387119354872
      vertex -2.2877205179804228 30.5 0.7142421387873537
    endloop
  endfacet
  facet normal -0.9914448613738105 0 -0.13052619222005157
    outer loop
      vertex -2.4231411216129217 1.5 1.2196387119354872
      vertex -2.491435692954414 30.5 1.738387483079428
      vertex -2.4231411216129217 30.5 1.2196387119354872
    endloop
  endfacet
  facet normal -1 0 0
    outer loop
      vertex -2.491435692954414 3 3.5
      vertex -2.491435692954414 29 5
      vertex -2.491435692954414 29 3.5
    endloop
  endfacet
  facet normal -1 0 0
    outer loop
      vertex -2.491435692954414 3 6
      vertex -2.491435692954414 29 7.5
      vertex -2.491435692954414 29 6
    endloop
  endfacet
  facet normal -1 0 0
    outer loop
      vertex -2.491435692954414 3 8.5
      vertex -2.491435692954414 29 10
      vertex -2.491435692954414 29 8.5
    endloop
  endfacet
  facet normal -1 0 0
    outer loop
      vertex -2.491435692954414 29 2.5
      vertex -2.491435692954414 29 3.5
      vertex -2.491435692954414 30.5 1.738387483079428
    endloop
  endfacet
  facet normal -1 0 0
    outer loop
      vertex -2.491435692954414 29 3.5
      vertex -2.491435692954414 29 5
      vertex -2.491435692954414 30.5 1.738387483079428
    endloop
  endfacet
  facet normal -0.7063485793639778 0.0462965318461389 -0.7063485793639778
    outer loop
      vertex -1.5073592299159095 30.5 -0.6373832604002754
      vertex -1.1148200809971591 30.844247594404955 -1.0073592299159095
      vertex -1.1373832604002754 30.5 -1.0073592299159095
    endloop
  endfacet
  facet normal -0.7063485793639781 0.04629653184613965 -0.7063485793639775
    outer loop
      vertex -1.5073592299159095 30.5 -0.6373832604002754
      vertex -1.481630854805228 30.89253914891875 -0.6373832604002754
      vertex -1.1148200809971591 30.844247594404955 -1.0073592299159095
    endloop
  endfacet
  facet normal -0.6942627593342365 0.13809744904270704 -0.7063485793639772
    outer loop
      vertex -1.481630854805228 30.89253914891875 -0.6373832604002754
      vertex -1.4048859491045809 31.278361844167087 -0.6373832604002754
      vertex -1.1148200809971591 30.844247594404955 -1.0073592299159095
    endloop
  endfacet
  facet normal -0.670297911006284 0.22753548059830425 -0.7063485793639783
    outer loop
      vertex -1.4048859491045809 31.278361844167087 -0.6373832604002754
      vertex -1.2784376394282138 31.650866552459057 -0.6373832604002754
      vertex -1.0475166050430929 31.18260501702617 -1.0073592299159095
    endloop
  endfacet
  facet normal -0.3825631109612492 0.025074511037770943 -0.9235890509462895
    outer loop
      vertex -0.2691547608760052 30.5 -1.587490966130753
      vertex -0.25401939664552753 30.73092103438512 -1.587490966130753
      vertex 0.225241975529741 30.667825077741085 -1.7877205179804228
    endloop
  endfacet
  facet normal -0.3760173500661698 0.07479450127748692 -0.9235890509462894
    outer loop
      vertex -0.25401939664552753 30.73092103438512 -1.587490966130753
      vertex -0.20887227423239452 30.957890945848504 -1.587490966130753
      vertex 0.225241975529741 30.667825077741085 -1.7877205179804228
    endloop
  endfacet
  facet normal -0.3630378280597532 0.12323473686339165 -0.9235890509462895
    outer loop
      vertex -0.20887227423239452 30.957890945848504 -1.587490966130753
      vertex -0.13448587341824103 31.17702621627707 -1.587490966130753
      vertex 0.2580532755005094 30.832778621872116 -1.7877205179804228
    endloop
  endfacet
  facet normal -0.4997317194830224 0.03275414737353115 -0.8655607282983528
    outer loop
      vertex -0.7222809320784087 30.5 -1.325878449210181
      vertex -0.25401939664552753 30.73092103438512 -1.587490966130753
      vertex -0.2691547608760052 30.5 -1.587490966130753
    endloop
  endfacet
  facet normal -0.49973171948302253 0.032754147373531314 -0.8655607282983527
    outer loop
      vertex -0.7222809320784087 30.5 -1.325878449210181
      vertex -0.7032690106381398 30.79006586810742 -1.325878449210181
      vertex -0.25401939664552753 30.73092103438512 -1.587490966130753
    endloop
  endfacet
  facet normal -0.4911811712108595 0.09770200957786451 -0.865560728298353
    outer loop
      vertex -0.25401939664552753 30.73092103438512 -1.587490966130753
      vertex -0.6465585455642779 31.075168628790074 -1.325878449210181
      vertex -0.20887227423239452 30.957890945848504 -1.587490966130753
    endloop
  endfacet
  facet normal -0.49118117121086025 0.09770200957786353 -0.8655607282983527
    outer loop
      vertex -0.7032690106381398 30.79006586810742 -1.325878449210181
      vertex -0.6465585455642779 31.075168628790074 -1.325878449210181
      vertex -0.25401939664552753 30.73092103438512 -1.587490966130753
    endloop
  endfacet
  facet normal -0.608277421642603 0.03986860856678087 -0.7927225696110688
    outer loop
      vertex -0.7222809320784087 30.5 -1.325878449210181
      vertex -1.1373832604002754 30.5 -1.0073592299159095
      vertex -1.1148200809971591 30.844247594404955 -1.0073592299159095
    endloop
  endfacet
  facet normal -0.6082774216426025 0.03986860856678184 -0.7927225696110692
    outer loop
      vertex -0.7222809320784087 30.5 -1.325878449210181
      vertex -1.1148200809971591 30.844247594404955 -1.0073592299159095
      vertex -0.7032690106381398 30.79006586810742 -1.325878449210181
    endloop
  endfacet
  facet normal -0.597869626311935 0.11892366275409627 -0.7927225696110696
    outer loop
      vertex -0.7032690106381398 30.79006586810742 -1.325878449210181
      vertex -1.1148200809971591 30.844247594404955 -1.0073592299159095
      vertex -0.6465585455642779 31.075168628790074 -1.325878449210181
    endloop
  endfacet
  facet normal -0.47422637691813085 0.16097816331020603 -0.8655607282983531
    outer loop
      vertex -0.20887227423239452 30.957890945848504 -1.587490966130753
      vertex -0.6465585455642779 31.075168628790074 -1.325878449210181
      vertex -0.13448587341824103 31.17702621627707 -1.587490966130753
    endloop
  endfacet
  facet normal -0.47422637691813124 0.16097816331020998 -0.8655607282983524
    outer loop
      vertex -0.6465585455642779 31.075168628790074 -1.325878449210181
      vertex -0.5531198686373466 31.350430094767255 -1.325878449210181
      vertex -0.13448587341824103 31.17702621627707 -1.587490966130753
    endloop
  endfacet
  facet normal -0.44915743783594253 0.22149993603673512 -0.865560728298352
    outer loop
      vertex -0.5531198686373466 31.350430094767255 -1.325878449210181
      vertex -0.42455174152566233 31.611140466039203 -1.325878449210181
      vertex -0.13448587341824103 31.17702621627707 -1.587490966130753
    endloop
  endfacet
  facet normal -0.4491574378359414 0.2214999360367362 -0.8655607282983524
    outer loop
      vertex -0.13448587341824103 31.17702621627707 -1.587490966130753
      vertex -0.42455174152566233 31.611140466039203 -1.325878449210181
      vertex -0.03213296614480399 31.384577380438003 -1.587490966130753
    endloop
  endfacet
  facet normal -0.41640329046241464 0.27823178344628585 -0.8655607282983516
    outer loop
      vertex -0.03213296614480399 31.384577380438003 -1.587490966130753
      vertex -0.2630540005299249 31.852838915870883 -1.325878449210181
      vertex 0.09643516096687987 31.57699318036846 -1.587490966130753
    endloop
  endfacet
  facet normal -0.41640329046241265 0.27823178344628735 -0.8655607282983523
    outer loop
      vertex -0.03213296614480399 31.384577380438003 -1.587490966130753
      vertex -0.42455174152566233 31.611140466039203 -1.325878449210181
      vertex -0.2630540005299249 31.852838915870883 -1.325878449210181
    endloop
  endfacet
  facet normal -0.37652436734026534 0.3302030079006552 -0.8655607282983515
    outer loop
      vertex -0.2630540005299249 31.852838915870883 -1.325878449210181
      vertex -0.07138991677420403 32.0713899167742 -1.325878449210181
      vertex 0.09643516096687987 31.57699318036846 -1.587490966130753
    endloop
  endfacet
  facet normal -0.5978696263119361 0.11892366275410046 -0.7927225696110682
    outer loop
      vertex -1.1148200809971591 30.844247594404955 -1.0073592299159095
      vertex -1.0475166050430929 31.18260501702617 -1.0073592299159095
      vertex -0.6465585455642779 31.075168628790074 -1.325878449210181
    endloop
  endfacet
  facet normal -0.5772321159142959 0.19594390009982549 -0.7927225696110679
    outer loop
      vertex -0.6465585455642779 31.075168628790074 -1.325878449210181
      vertex -1.0475166050430929 31.18260501702617 -1.0073592299159095
      vertex -0.9366244136716997 31.509282878552206 -1.0073592299159095
    endloop
  endfacet
  facet normal -0.5772321159142944 0.19594390009982723 -0.7927225696110686
    outer loop
      vertex -0.6465585455642779 31.075168628790074 -1.325878449210181
      vertex -0.9366244136716997 31.509282878552206 -1.0073592299159095
      vertex -0.5531198686373466 31.350430094767255 -1.325878449210181
    endloop
  endfacet
  facet normal -0.5467180039743833 0.26961148298893167 -0.7927225696110686
    outer loop
      vertex -0.5531198686373466 31.350430094767255 -1.325878449210181
      vertex -0.9366244136716997 31.509282878552206 -1.0073592299159095
      vertex -0.42455174152566233 31.611140466039203 -1.325878449210181
    endloop
  endfacet
  facet normal -0.6942627593342354 0.13809744904270851 -0.7063485793639781
    outer loop
      vertex -1.4048859491045809 31.278361844167087 -0.6373832604002754
      vertex -1.0475166050430929 31.18260501702617 -1.0073592299159095
      vertex -1.1148200809971591 30.844247594404955 -1.0073592299159095
    endloop
  endfacet
  facet normal -0.6702979110062819 0.22753548059830633 -0.7063485793639798
    outer loop
      vertex -1.2784376394282138 31.650866552459057 -0.6373832604002754
      vertex -0.9366244136716997 31.509282878552206 -1.0073592299159095
      vertex -1.0475166050430929 31.18260501702617 -1.0073592299159095
    endloop
  endfacet
  facet normal -0.5467180039743832 0.26961148298893167 -0.7927225696110685
    outer loop
      vertex -0.42455174152566233 31.611140466039203 -1.325878449210181
      vertex -0.9366244136716997 31.509282878552206 -1.0073592299159095
      vertex -0.7840409030224675 31.818691630200135 -1.0073592299159095
    endloop
  endfacet
  facet normal -0.6348640795793207 0.31308031699611627 -0.7063485793639804
    outer loop
      vertex -1.2784376394282138 31.650866552459057 -0.6373832604002754
      vertex -0.7840409030224675 31.818691630200135 -1.0073592299159095
      vertex -0.9366244136716997 31.509282878552206 -1.0073592299159095
    endloop
  endfacet
  facet normal -0.6348640795793207 0.3130803169961203 -0.7063485793639787
    outer loop
      vertex -1.2784376394282138 31.650866552459057 -0.6373832604002754
      vertex -1.104449491412784 32.00367961495795 -0.6373832604002754
      vertex -0.7840409030224675 31.818691630200135 -1.0073592299159095
    endloop
  endfacet
  facet normal -0.588567547733185 0.39326826236785795 -0.7063485793639785
    outer loop
      vertex -0.7840409030224675 31.818691630200135 -1.0073592299159095
      vertex -1.104449491412784 32.00367961495795 -0.6373832604002754
      vertex -0.5923768192667471 32.10553720244495 -1.0073592299159095
    endloop
  endfacet
  facet normal -0.5885675477331848 0.3932682623678591 -0.7063485793639781
    outer loop
      vertex -1.104449491412784 32.00367961495795 -0.6373832604002754
      vertex -0.8858984905094633 32.330764302346175 -0.6373832604002754
      vertex -0.5923768192667471 32.10553720244495 -1.0073592299159095
    endloop
  endfacet
  facet normal -0.5068493954076033 0.3386659386536704 -0.7927225696110684
    outer loop
      vertex -0.42455174152566233 31.611140466039203 -1.325878449210181
      vertex -0.7840409030224675 31.818691630200135 -1.0073592299159095
      vertex -0.2630540005299249 31.852838915870883 -1.325878449210181
    endloop
  endfacet
  facet normal -0.5068493954076034 0.33866593865366956 -0.7927225696110687
    outer loop
      vertex -0.2630540005299249 31.852838915870883 -1.325878449210181
      vertex -0.7840409030224675 31.818691630200135 -1.0073592299159095
      vertex -0.5923768192667471 32.10553720244495 -1.0073592299159095
    endloop
  endfacet
  facet normal -0.45830845316019847 0.40192572621210787 -0.7927225696110689
    outer loop
      vertex -0.2630540005299249 31.852838915870883 -1.325878449210181
      vertex -0.5923768192667471 32.10553720244495 -1.0073592299159095
      vertex -0.3649115880169207 32.36491158801692 -1.0073592299159095
    endloop
  endfacet
  facet normal -0.45830845316019136 0.4019257262121108 -0.7927225696110713
    outer loop
      vertex -0.2630540005299249 31.852838915870883 -1.325878449210181
      vertex -0.3649115880169207 32.36491158801692 -1.0073592299159095
      vertex -0.07138991677420403 32.0713899167742 -1.325878449210181
    endloop
  endfacet
  facet normal -0.8646336168614389 0.05667108131556317 -0.49919645144535146
    outer loop
      vertex -1.825878449210181 30.5 -0.2222809320784087
      vertex -2.087490966130753 30.5 0.2308452391239948
      vertex -2.0567994835953014 30.96826153543288 0.2308452391239948
    endloop
  endfacet
  facet normal -0.8646336168614389 0.0566710813155633 -0.4991964514453516
    outer loop
      vertex -1.825878449210181 30.5 -0.2222809320784087
      vertex -2.0567994835953014 30.96826153543288 0.2308452391239948
      vertex -1.7974250980233313 30.934114249762132 -0.2222809320784087
    endloop
  endfacet
  facet normal -0.7922829328905964 0.05192896695106314 -0.607940076522078
    outer loop
      vertex -1.5073592299159095 30.5 -0.6373832604002754
      vertex -1.825878449210181 30.5 -0.2222809320784087
      vertex -1.481630854805228 30.89253914891875 -0.6373832604002754
    endloop
  endfacet
  facet normal -0.7922829328905965 0.05192896695106327 -0.607940076522078
    outer loop
      vertex -1.481630854805228 30.89253914891875 -0.6373832604002754
      vertex -1.825878449210181 30.5 -0.2222809320784087
      vertex -1.7974250980233313 30.934114249762132 -0.2222809320784087
    endloop
  endfacet
  facet normal -0.9221903271536545 0.06044354741636846 -0.3819837405963259
    outer loop
      vertex -2.087490966130753 30.5 0.2308452391239948
      vertex -2.2553160438718374 30.994396736405747 0.7142421387873537
      vertex -2.0567994835953014 30.96826153543288 0.2308452391239948
    endloop
  endfacet
  facet normal -0.9221903271536543 0.060443547416368246 -0.38198374059632567
    outer loop
      vertex -2.087490966130753 30.5 0.2308452391239948
      vertex -2.2877205179804228 30.5 0.7142421387873537
      vertex -2.2553160438718374 30.994396736405747 0.7142421387873537
    endloop
  endfacet
  facet normal -0.8498394959552128 0.16904358603318645 -0.499196451445351
    outer loop
      vertex -2.0567994835953014 30.96826153543288 0.2308452391239948
      vertex -1.9652501757644156 31.42851098616788 0.2308452391239948
      vertex -1.7125518891903493 31.36080068435163 -0.2222809320784087
    endloop
  endfacet
  facet normal -0.7787267522465106 0.15489838183122615 -0.6079400765220774
    outer loop
      vertex -1.481630854805228 30.89253914891875 -0.6373832604002754
      vertex -1.7974250980233313 30.934114249762132 -0.2222809320784087
      vertex -1.4048859491045809 31.278361844167087 -0.6373832604002754
    endloop
  endfacet
  facet normal -0.7787267522465102 0.15489838183122423 -0.6079400765220784
    outer loop
      vertex -1.4048859491045809 31.278361844167087 -0.6373832604002754
      vertex -1.7974250980233313 30.934114249762132 -0.2222809320784087
      vertex -1.7125518891903493 31.36080068435163 -0.2222809320784087
    endloop
  endfacet
  facet normal -0.7518463409676419 0.25521744245230854 -0.6079400765220787
    outer loop
      vertex -1.4048859491045809 31.278361844167087 -0.6373832604002754
      vertex -1.7125518891903493 31.36080068435163 -0.2222809320784087
      vertex -1.2784376394282138 31.650866552459057 -0.6373832604002754
    endloop
  endfacet
  facet normal -0.7518463409676424 0.25521744245231215 -0.6079400765220766
    outer loop
      vertex -1.2784376394282138 31.650866552459057 -0.6373832604002754
      vertex -1.7125518891903493 31.36080068435163 -0.2222809320784087
      vertex -1.5727110268456652 31.772758580572834 -0.2222809320784087
    endloop
  endfacet
  facet normal -0.8498394959552124 0.16904358603318498 -0.499196451445352
    outer loop
      vertex -1.7974250980233313 30.934114249762132 -0.2222809320784087
      vertex -2.0567994835953014 30.96826153543288 0.2308452391239948
      vertex -1.7125518891903493 31.36080068435163 -0.2222809320784087
    endloop
  endfacet
  facet normal -0.8205043856531711 0.2785237081260441 -0.4991964514453509
    outer loop
      vertex -1.7125518891903493 31.36080068435163 -0.2222809320784087
      vertex -1.9652501757644156 31.42851098616788 0.2308452391239948
      vertex -1.8144094766773446 31.87287335649767 0.2308452391239948
    endloop
  endfacet
  facet normal -0.7121016303436306 0.35116966187339627 -0.6079400765220762
    outer loop
      vertex -1.2784376394282138 31.650866552459057 -0.6373832604002754
      vertex -1.5727110268456652 31.772758580572834 -0.2222809320784087
      vertex -1.3802952269152096 32.16293922460509 -0.2222809320784087
    endloop
  endfacet
  facet normal -0.712101630343627 0.3511696618733992 -0.6079400765220787
    outer loop
      vertex -1.2784376394282138 31.650866552459057 -0.6373832604002754
      vertex -1.3802952269152096 32.16293922460509 -0.2222809320784087
      vertex -1.104449491412784 32.00367961495795 -0.6373832604002754
    endloop
  endfacet
  facet normal -0.8205043856531691 0.2785237081260461 -0.49919645144535274
    outer loop
      vertex -1.7125518891903493 31.36080068435163 -0.2222809320784087
      vertex -1.8144094766773446 31.87287335649767 0.2308452391239948
      vertex -1.5727110268456652 31.772758580572834 -0.2222809320784087
    endloop
  endfacet
  facet normal -0.7771302178258077 0.38323821235150846 -0.4991964514453531
    outer loop
      vertex -1.5727110268456652 31.772758580572834 -0.2222809320784087
      vertex -1.8144094766773446 31.87287335649767 0.2308452391239948
      vertex -1.3802952269152096 32.16293922460509 -0.2222809320784087
    endloop
  endfacet
  facet normal -0.7771302178258077 0.3832382123515078 -0.49919645144535363
    outer loop
      vertex -1.3802952269152096 32.16293922460509 -0.2222809320784087
      vertex -1.8144094766773446 31.87287335649767 0.2308452391239948
      vertex -1.6068583125164113 32.29374548306538 0.2308452391239948
    endloop
  endfacet
  facet normal -0.906411394976593 0.18029643639469214 -0.3819837405963263
    outer loop
      vertex -2.0567994835953014 30.96826153543288 0.2308452391239948
      vertex -2.2553160438718374 30.994396736405747 0.7142421387873537
      vertex -1.9652501757644156 31.42851098616788 0.2308452391239948
    endloop
  endfacet
  facet normal -0.8751235125267666 0.297064403358685 -0.3819837405963278
    outer loop
      vertex -1.9652501757644156 31.42851098616788 0.2308452391239948
      vertex -2.1586570710822977 31.48033420757892 0.7142421387873537
      vertex -1.8144094766773446 31.87287335649767 0.2308452391239948
    endloop
  endfacet
  facet normal -0.9064113949765928 0.18029643639469145 -0.38198374059632684
    outer loop
      vertex -2.2553160438718374 30.994396736405747 0.7142421387873537
      vertex -2.1586570710822977 31.48033420757892 0.7142421387873537
      vertex -1.9652501757644156 31.42851098616788 0.2308452391239948
    endloop
  endfacet
  facet normal -0.8751235125267666 0.2970644033586891 -0.38198374059632445
    outer loop
      vertex -2.1586570710822977 31.48033420757892 0.7142421387873537
      vertex -1.9993974614351617 31.949497888660424 0.7142421387873537
      vertex -1.8144094766773446 31.87287335649767 0.2308452391239948
    endloop
  endfacet
  facet normal -0.8288620241475319 0.4087495160194033 -0.3819837405963242
    outer loop
      vertex -1.9993974614351617 31.949497888660424 0.7142421387873537
      vertex -1.6068583125164113 32.29374548306538 0.2308452391239948
      vertex -1.8144094766773446 31.87287335649767 0.2308452391239948
    endloop
  endfacet
  facet normal -0.6601726633925673 0.44111327101719905 -0.6079400765220788
    outer loop
      vertex -1.104449491412784 32.00367961495795 -0.6373832604002754
      vertex -1.3802952269152096 32.16293922460509 -0.2222809320784087
      vertex -0.8858984905094633 32.330764302346175 -0.6373832604002754
    endloop
  endfacet
  facet normal -0.5322004619635792 0.4667272787359255 -0.7063485793639784
    outer loop
      vertex -0.5923768192667471 32.10553720244495 -1.0073592299159095
      vertex -0.8858984905094633 32.330764302346175 -0.6373832604002754
      vertex -0.3649115880169207 32.36491158801692 -1.0073592299159095
    endloop
  endfacet
  facet normal -0.5322004619635787 0.46672727873592745 -0.7063485793639775
    outer loop
      vertex -0.8858984905094633 32.330764302346175 -0.6373832604002754
      vertex -0.6265241049374932 32.626524104937495 -0.6373832604002754
      vertex -0.3649115880169207 32.36491158801692 -1.0073592299159095
    endloop
  endfacet
  facet normal -0.4019257262121134 0.4583084531601883 -0.7927225696110719
    outer loop
      vertex -0.07138991677420403 32.0713899167742 -1.325878449210181
      vertex -0.3649115880169207 32.36491158801692 -1.0073592299159095
      vertex 0.14716108412911622 32.26305400052993 -1.325878449210181
    endloop
  endfacet
  facet normal -0.4019257262121087 0.4583084531601994 -0.7927225696110679
    outer loop
      vertex -0.3649115880169207 32.36491158801692 -1.0073592299159095
      vertex -0.10553720244495057 32.59237681926675 -1.0073592299159095
      vertex 0.14716108412911622 32.26305400052993 -1.325878449210181
    endloop
  endfacet
  facet normal -0.46672727873592623 0.53220046196358 -0.7063485793639774
    outer loop
      vertex -0.6265241049374932 32.626524104937495 -0.6373832604002754
      vertex -0.10553720244495057 32.59237681926675 -1.0073592299159095
      vertex -0.3649115880169207 32.36491158801692 -1.0073592299159095
    endloop
  endfacet
  facet normal -0.4667272787359259 0.532200461963581 -0.706348579363977
    outer loop
      vertex -0.6265241049374932 32.626524104937495 -0.6373832604002754
      vertex -0.33076430234617504 32.88589849050946 -0.6373832604002754
      vertex -0.10553720244495057 32.59237681926675 -1.0073592299159095
    endloop
  endfacet
  facet normal -0.3932682623678544 0.5885675477331826 -0.7063485793639824
    outer loop
      vertex -0.10553720244495057 32.59237681926675 -1.0073592299159095
      vertex -0.003679614957954769 33.10444949141279 -0.6373832604002754
      vertex 0.1813083697998623 32.784040903022465 -1.0073592299159095
    endloop
  endfacet
  facet normal -0.3932682623678668 0.5885675477331812 -0.7063485793639768
    outer loop
      vertex -0.10553720244495057 32.59237681926675 -1.0073592299159095
      vertex -0.33076430234617504 32.88589849050946 -0.6373832604002754
      vertex -0.003679614957954769 33.10444949141279 -0.6373832604002754
    endloop
  endfacet
  facet normal -0.7204591365102456 0.48139540450992824 -0.49919645144535424
    outer loop
      vertex -1.3802952269152096 32.16293922460509 -0.2222809320784087
      vertex -1.6068583125164113 32.29374548306538 0.2308452391239948
      vertex -1.1385967770835301 32.5246665174505 -0.2222809320784087
    endloop
  endfacet
  facet normal -0.7204591365102452 0.4813954045099303 -0.49919645144535274
    outer loop
      vertex -1.6068583125164113 32.29374548306538 0.2308452391239948
      vertex -1.3461479412444635 32.683926127097635 0.2308452391239948
      vertex -1.1385967770835301 32.5246665174505 -0.2222809320784087
    endloop
  endfacet
  facet normal -0.7684184767311641 0.5134408111342523 -0.3819837405963223
    outer loop
      vertex -1.6068583125164113 32.29374548306538 0.2308452391239948
      vertex -1.505000725029416 32.80581815521141 0.7142421387873537
      vertex -1.3461479412444635 32.683926127097635 0.2308452391239948
    endloop
  endfacet
  facet normal -0.8288620241475314 0.40874951601940623 -0.3819837405963218
    outer loop
      vertex -1.9993974614351617 31.949497888660424 0.7142421387873537
      vertex -1.7802621910065985 32.39386025899021 0.7142421387873537
      vertex -1.6068583125164113 32.29374548306538 0.2308452391239948
    endloop
  endfacet
  facet normal -0.7684184767311656 0.5134408111342511 -0.38198374059632084
    outer loop
      vertex -1.6068583125164113 32.29374548306538 0.2308452391239948
      vertex -1.7802621910065985 32.39386025899021 0.7142421387873537
      vertex -1.505000725029416 32.80581815521141 0.7142421387873537
    endloop
  endfacet
  facet normal -0.6948270761320793 0.6093469916179021 -0.3819837405963218
    outer loop
      vertex -1.3461479412444635 32.683926127097635 0.2308452391239948
      vertex -1.505000725029416 32.80581815521141 0.7142421387873537
      vertex -1.1783228635033796 33.17832286350338 0.7142421387873537
    endloop
  endfacet
  facet normal -0.6601726633925673 0.4411132710171996 -0.6079400765220785
    outer loop
      vertex -1.3802952269152096 32.16293922460509 -0.2222809320784087
      vertex -1.1385967770835301 32.5246665174505 -0.2222809320784087
      vertex -0.8858984905094633 32.330764302346175 -0.6373832604002754
    endloop
  endfacet
  facet normal -0.596947959136417 0.5235093097941963 -0.6079400765220788
    outer loop
      vertex -0.8858984905094633 32.330764302346175 -0.6373832604002754
      vertex -1.1385967770835301 32.5246665174505 -0.2222809320784087
      vertex -0.6265241049374932 32.626524104937495 -0.6373832604002754
    endloop
  endfacet
  facet normal -0.596947959136417 0.5235093097941959 -0.6079400765220789
    outer loop
      vertex -0.6265241049374932 32.626524104937495 -0.6373832604002754
      vertex -1.1385967770835301 32.5246665174505 -0.2222809320784087
      vertex -0.8517512048387177 32.85175120483872 -0.2222809320784087
    endloop
  endfacet
  facet normal -0.6514607996199847 0.5713157878291633 -0.4991964514453529
    outer loop
      vertex -1.3461479412444635 32.683926127097635 0.2308452391239948
      vertex -0.8517512048387177 32.85175120483872 -0.2222809320784087
      vertex -1.1385967770835301 32.5246665174505 -0.2222809320784087
    endloop
  endfacet
  facet normal -0.523509309794194 0.5969479591364188 -0.6079400765220789
    outer loop
      vertex -0.6265241049374932 32.626524104937495 -0.6373832604002754
      vertex -0.8517512048387177 32.85175120483872 -0.2222809320784087
      vertex -0.33076430234617504 32.88589849050946 -0.6373832604002754
    endloop
  endfacet
  facet normal -0.6514607996199815 0.5713157878291734 -0.49919645144534563
    outer loop
      vertex -1.3461479412444635 32.683926127097635 0.2308452391239948
      vertex -1.0367391895965343 33.03673918959653 0.2308452391239948
      vertex -0.8517512048387177 32.85175120483872 -0.2222809320784087
    endloop
  endfacet
  facet normal -0.5713157878291601 0.651460799619989 -0.4991964514453509
    outer loop
      vertex -0.8517512048387177 32.85175120483872 -0.2222809320784087
      vertex -0.6839261270976329 33.34614794124446 0.2308452391239948
      vertex -0.5246665174504974 33.13859677708353 -0.2222809320784087
    endloop
  endfacet
  facet normal -0.5713157878291688 0.6514607996199862 -0.4991964514453447
    outer loop
      vertex -0.8517512048387177 32.85175120483872 -0.2222809320784087
      vertex -1.0367391895965343 33.03673918959653 0.2308452391239948
      vertex -0.6839261270976329 33.34614794124446 0.2308452391239948
    endloop
  endfacet
  facet normal -0.4411132710172073 0.6601726633925628 -0.6079400765220777
    outer loop
      vertex -0.33076430234617504 32.88589849050946 -0.6373832604002754
      vertex -0.5246665174504974 33.13859677708353 -0.2222809320784087
      vertex -0.003679614957954769 33.10444949141279 -0.6373832604002754
    endloop
  endfacet
  facet normal -0.5235093097941932 0.5969479591364208 -0.6079400765220778
    outer loop
      vertex -0.33076430234617504 32.88589849050946 -0.6373832604002754
      vertex -0.8517512048387177 32.85175120483872 -0.2222809320784087
      vertex -0.5246665174504974 33.13859677708353 -0.2222809320784087
    endloop
  endfacet
  facet normal -0.4411132710172045 0.6601726633925676 -0.6079400765220745
    outer loop
      vertex -0.003679614957954769 33.10444949141279 -0.6373832604002754
      vertex -0.5246665174504974 33.13859677708353 -0.2222809320784087
      vertex -0.1629392246050907 33.38029522691521 -0.2222809320784087
    endloop
  endfacet
  facet normal -0.6948270761320673 0.6093469916179088 -0.3819837405963329
    outer loop
      vertex -1.3461479412444635 32.683926127097635 0.2308452391239948
      vertex -1.1783228635033796 33.17832286350338 0.7142421387873537
      vertex -1.0367391895965343 33.03673918959653 0.2308452391239948
    endloop
  endfacet
  facet normal -0.6093469916179036 0.6948270761320718 -0.381983740596333
    outer loop
      vertex -1.0367391895965343 33.03673918959653 0.2308452391239948
      vertex -0.8058181552114139 33.50500072502942 0.7142421387873537
      vertex -0.6839261270976329 33.34614794124446 0.2308452391239948
    endloop
  endfacet
  facet normal -0.609346991617903 0.6948270761320721 -0.38198374059633355
    outer loop
      vertex -1.0367391895965343 33.03673918959653 0.2308452391239948
      vertex -1.1783228635033796 33.17832286350338 0.7142421387873537
      vertex -0.8058181552114139 33.50500072502942 0.7142421387873537
    endloop
  endfacet
  facet normal -0.3511696618734001 0.7121016303436302 -0.6079400765220745
    outer loop
      vertex -0.003679614957954769 33.10444949141279 -0.6373832604002754
      vertex -0.1629392246050907 33.38029522691521 -0.2222809320784087
      vertex 0.22724141942716614 33.57271102684567 -0.2222809320784087
    endloop
  endfacet
  facet normal -0.48139540450993346 0.720459136510246 -0.4991964514453486
    outer loop
      vertex -0.5246665174504974 33.13859677708353 -0.2222809320784087
      vertex -0.2937454830653765 33.60685831251641 0.2308452391239948
      vertex -0.1629392246050907 33.38029522691521 -0.2222809320784087
    endloop
  endfacet
  facet normal -0.4813954045099306 0.7204591365102465 -0.49919645144535063
    outer loop
      vertex -0.5246665174504974 33.13859677708353 -0.2222809320784087
      vertex -0.6839261270976329 33.34614794124446 0.2308452391239948
      vertex -0.2937454830653765 33.60685831251641 0.2308452391239948
    endloop
  endfacet
  facet normal -0.3832382123515189 0.7771302178258053 -0.4991964514453489
    outer loop
      vertex -0.1629392246050907 33.38029522691521 -0.2222809320784087
      vertex -0.2937454830653765 33.60685831251641 0.2308452391239948
      vertex 0.12712664350233105 33.81440947667735 0.2308452391239948
    endloop
  endfacet
  facet normal -0.5134408111342492 0.7684184767311605 -0.3819837405963337
    outer loop
      vertex -0.6839261270976329 33.34614794124446 0.2308452391239948
      vertex -0.8058181552114139 33.50500072502942 0.7142421387873537
      vertex -0.2937454830653765 33.60685831251641 0.2308452391239948
    endloop
  endfacet
  facet normal -0.4087495160194124 0.8288620241475239 -0.38198374059633167
    outer loop
      vertex -0.2937454830653765 33.60685831251641 0.2308452391239948
      vertex -0.3938602589902116 33.7802621910066 0.7142421387873537
      vertex 0.12712664350233105 33.81440947667735 0.2308452391239948
    endloop
  endfacet
  facet normal -0.5134408111342472 0.768418476731163 -0.38198374059633117
    outer loop
      vertex -0.8058181552114139 33.50500072502942 0.7142421387873537
      vertex -0.3938602589902116 33.7802621910066 0.7142421387873537
      vertex -0.2937454830653765 33.60685831251641 0.2308452391239948
    endloop
  endfacet
  facet normal -0.408749516019399 0.8288620241475377 -0.3819837405963162
    outer loop
      vertex -0.3938602589902116 33.7802621910066 0.7142421387873537
      vertex 0.05050211133957605 33.99939746143516 0.7142421387873537
      vertex 0.12712664350233105 33.81440947667735 0.2308452391239948
    endloop
  endfacet
  facet normal -0.38256311096124906 0.02507451103777058 -0.9235890509462895
    outer loop
      vertex -0.2691547608760052 30.5 -1.587490966130753
      vertex 0.225241975529741 30.667825077741085 -1.7877205179804228
      vertex 0.21424213878735365 30.5 -1.7877205179804228
    endloop
  endfacet
  facet normal -0.3760173500661694 0.07479450127748766 -0.9235890509462895
    outer loop
      vertex -0.20887227423239452 30.957890945848504 -1.587490966130753
      vertex 0.2580532755005094 30.832778621872116 -1.7877205179804228
      vertex 0.225241975529741 30.667825077741085 -1.7877205179804228
    endloop
  endfacet
  facet normal -0.36303782805975304 0.12323473686339177 -0.9235890509462895
    outer loop
      vertex -0.13448587341824103 31.17702621627707 -1.587490966130753
      vertex 0.31211462826014813 30.992038231519253 -1.7877205179804228
      vertex 0.2580532755005094 30.832778621872116 -1.7877205179804228
    endloop
  endfacet
  facet normal -0.2587818124703911 0.016961456102913147 -0.9657868722142625
    outer loop
      vertex 0.21424213878735365 30.5 -1.7877205179804228
      vertex 0.225241975529741 30.667825077741085 -1.7877205179804228
      vertex 0.726314810933391 30.601857587486997 -1.9231411216129217
    endloop
  endfacet
  facet normal -0.2543539839111499 0.05059415309221456 -0.9657868722142625
    outer loop
      vertex 0.225241975529741 30.667825077741085 -1.7877205179804228
      vertex 0.2580532755005094 30.832778621872116 -1.7877205179804228
      vertex 0.7462288780222837 30.701972363411834 -1.9231411216129217
    endloop
  endfacet
  facet normal -0.25878181247039106 0.016961456102912924 -0.9657868722142625
    outer loop
      vertex 0.21424213878735365 30.5 -1.7877205179804228
      vertex 0.726314810933391 30.601857587486997 -1.9231411216129217
      vertex 0.7196387119354872 30.5 -1.9231411216129217
    endloop
  endfacet
  facet normal -0.2543539839111497 0.050594153092212664 -0.9657868722142625
    outer loop
      vertex 0.225241975529741 30.667825077741085 -1.7877205179804228
      vertex 0.7462288780222837 30.701972363411834 -1.9231411216129217
      vertex 0.726314810933391 30.601857587486997 -1.9231411216129217
    endloop
  endfacet
  facet normal -0.24557408816694185 0.08336117009475759 -0.9657868722142624
    outer loop
      vertex 0.2580532755005094 30.832778621872116 -1.7877205179804228
      vertex 0.31211462826014813 30.992038231519253 -1.7877205179804228
      vertex 0.7462288780222837 30.701972363411834 -1.9231411216129217
    endloop
  endfacet
  facet normal -0.2455740881669387 0.08336117009476225 -0.9657868722142626
    outer loop
      vertex 0.31211462826014813 30.992038231519253 -1.7877205179804228
      vertex 0.779040177993052 30.798631336201368 -1.9231411216129217
      vertex 0.7462288780222837 30.701972363411834 -1.9231411216129217
    endloop
  endfacet
  facet normal -0.23259235168819528 0.11470185436489985 -0.9657868722142624
    outer loop
      vertex 0.31211462826014813 30.992038231519253 -1.7877205179804228
      vertex 0.38650102907430206 31.142878930606322 -1.7877205179804228
      vertex 0.8241873004061855 30.890180644032256 -1.9231411216129217
    endloop
  endfacet
  facet normal -0.23259235168819611 0.11470185436489586 -0.9657868722142627
    outer loop
      vertex 0.31211462826014813 30.992038231519253 -1.7877205179804228
      vertex 0.8241873004061855 30.890180644032256 -1.9231411216129217
      vertex 0.779040177993052 30.798631336201368 -1.9231411216129217
    endloop
  endfacet
  facet normal -0.13052141585033028 0.008554825566378287 -0.9914085812438553
    outer loop
      vertex 0.7196387119354872 30.5 -1.9231411216129217
      vertex 0.726314810933391 30.601857587486997 -1.9231411216129217
      vertex 1.2406256144280294 30.53414728567075 -1.991435692954414
    endloop
  endfacet
  facet normal -0.12828815823775816 0.025518101261847833 -0.9914085812438552
    outer loop
      vertex 0.726314810933391 30.601857587486997 -1.9231411216129217
      vertex 0.7462288780222837 30.701972363411834 -1.9231411216129217
      vertex 1.2406256144280294 30.53414728567075 -1.991435692954414
    endloop
  endfacet
  facet normal -0.12385985466954003 0.0420447551697766 -0.9914085812438552
    outer loop
      vertex 0.7462288780222837 30.701972363411834 -1.9231411216129217
      vertex 0.779040177993052 30.798631336201368 -1.9231411216129217
      vertex 1.2583015501683206 30.600114775924837 -1.991435692954414
    endloop
  endfacet
  facet normal -0.11731227464748892 0.057852011659735955 -0.9914085812438552
    outer loop
      vertex 0.779040177993052 30.798631336201368 -1.9231411216129217
      vertex 0.8241873004061855 30.890180644032256 -1.9231411216129217
      vertex 1.2734369143987982 30.63080625846029 -1.991435692954414
    endloop
  endfacet
  facet normal -0.13052141585033014 0.008554825566376347 -0.9914085812438553
    outer loop
      vertex 0.7196387119354872 30.5 -1.9231411216129217
      vertex 1.2406256144280294 30.53414728567075 -1.991435692954414
      vertex 1.238387483079428 30.5 -1.991435692954414
    endloop
  endfacet
  facet normal -0.12385985466954123 0.04204475516977067 -0.9914085812438553
    outer loop
      vertex 0.7462288780222837 30.701972363411834 -1.9231411216129217
      vertex 1.2583015501683206 30.600114775924837 -1.991435692954414
      vertex 1.2473017134259332 30.56771030181625 -1.991435692954414
    endloop
  endfacet
  facet normal -0.12828815823775705 0.02551810126185095 -0.9914085812438552
    outer loop
      vertex 0.7462288780222837 30.701972363411834 -1.9231411216129217
      vertex 1.2473017134259332 30.56771030181625 -1.991435692954414
      vertex 1.2406256144280294 30.53414728567075 -1.991435692954414
    endloop
  endfacet
  facet normal -0.1173122746474889 0.057852011659735664 -0.9914085812438553
    outer loop
      vertex 0.779040177993052 30.798631336201368 -1.9231411216129217
      vertex 1.2734369143987982 30.63080625846029 -1.991435692954414
      vertex 1.2583015501683206 30.600114775924837 -1.991435692954414
    endloop
  endfacet
  facet normal 0 0 -1
    outer loop
      vertex 1.238387483079428 30.5 -1.991435692954414
      vertex 1.2406256144280294 30.53414728567075 -1.991435692954414
      vertex 1.2473017134259332 30.56771030181625 -1.991435692954414
    endloop
  endfacet
  facet normal 0 0 -1
    outer loop
      vertex 1.238387483079428 30.5 -1.991435692954414
      vertex 1.2473017134259332 30.56771030181625 -1.991435692954414
      vertex 1.2924488358390667 30.659259609647137 -1.991435692954414
    endloop
  endfacet
  facet normal 0 0 -1
    outer loop
      vertex 1.2473017134259332 30.56771030181625 -1.991435692954414
      vertex 1.2734369143987982 30.63080625846029 -1.991435692954414
      vertex 1.2924488358390667 30.659259609647137 -1.991435692954414
    endloop
  endfacet
  facet normal 0 0 -1
    outer loop
      vertex 1.2473017134259332 30.56771030181625 -1.991435692954414
      vertex 1.2583015501683206 30.600114775924837 -1.991435692954414
      vertex 1.2734369143987982 30.63080625846029 -1.991435692954414
    endloop
  endfacet
  facet normal -0.10875744908110958 0.07266940419059437 -0.9914085812438552
    outer loop
      vertex 0.8241873004061855 30.890180644032256 -1.9231411216129217
      vertex 0.8808977654800478 30.975053852865237 -1.9231411216129217
      vertex 1.2734369143987982 30.63080625846029 -1.991435692954414
    endloop
  endfacet
  facet normal -0.09834175340769384 0.08624340306798192 -0.9914085812438552
    outer loop
      vertex 0.8808977654800478 30.975053852865237 -1.9231411216129217
      vertex 0.9482012414341141 31.051798758565887 -1.9231411216129217
      vertex 1.2924488358390667 30.659259609647137 -1.991435692954414
    endloop
  endfacet
  facet normal -0.08624340306798113 0.09834175340769413 -0.9914085812438552
    outer loop
      vertex 0.9482012414341141 31.051798758565887 -1.9231411216129217
      vertex 1.0249461471347612 31.11910223451995 -1.9231411216129217
      vertex 1.3407403903528645 30.707551164160932 -1.991435692954414
    endloop
  endfacet
  facet normal -0.10875744908110767 0.07266940419059666 -0.9914085812438552
    outer loop
      vertex 0.8808977654800478 30.975053852865237 -1.9231411216129217
      vertex 1.2924488358390667 30.659259609647137 -1.991435692954414
      vertex 1.2734369143987982 30.63080625846029 -1.991435692954414
    endloop
  endfacet
  facet normal -0.09834175340769148 0.08624340306798399 -0.9914085812438553
    outer loop
      vertex 1.2924488358390667 30.659259609647137 -1.991435692954414
      vertex 0.9482012414341141 31.051798758565887 -1.9231411216129217
      vertex 1.315012015242183 30.684987984757818 -1.991435692954414
    endloop
  endfacet
  facet normal -0.08624340306797953 0.09834175340769594 -0.9914085812438552
    outer loop
      vertex 0.9482012414341141 31.051798758565887 -1.9231411216129217
      vertex 1.3407403903528645 30.707551164160932 -1.991435692954414
      vertex 1.315012015242183 30.684987984757818 -1.991435692954414
    endloop
  endfacet
  facet normal -0.07266940419058975 0.10875744908111148 -0.9914085812438554
    outer loop
      vertex 1.1098193559677436 31.175812699593813 -1.9231411216129217
      vertex 1.3691937415397137 30.7265630856012 -1.991435692954414
      vertex 1.3407403903528645 30.707551164160932 -1.991435692954414
    endloop
  endfacet
  facet normal -0.0726694041905938 0.10875744908110958 -0.9914085812438552
    outer loop
      vertex 1.0249461471347612 31.11910223451995 -1.9231411216129217
      vertex 1.1098193559677436 31.175812699593813 -1.9231411216129217
      vertex 1.3407403903528645 30.707551164160932 -1.991435692954414
    endloop
  endfacet
  facet normal -0.0578520116597476 0.11731227464748184 -0.9914085812438554
    outer loop
      vertex 1.1098193559677436 31.175812699593813 -1.9231411216129217
      vertex 1.3998852240751654 30.74169844983168 -1.991435692954414
      vertex 1.3691937415397137 30.7265630856012 -1.991435692954414
    endloop
  endfacet
  facet normal -0.34384662816213135 0.16956639193444312 -0.9235890509462895
    outer loop
      vertex -0.13448587341824103 31.17702621627707 -1.587490966130753
      vertex -0.03213296614480399 31.384577380438003 -1.587490966130753
      vertex 0.31211462826014813 30.992038231519253 -1.7877205179804228
    endloop
  endfacet
  facet normal -0.34384662816213046 0.16956639193444398 -0.9235890509462896
    outer loop
      vertex -0.03213296614480399 31.384577380438003 -1.587490966130753
      vertex 0.38650102907430206 31.142878930606322 -1.7877205179804228
      vertex 0.31211462826014813 30.992038231519253 -1.7877205179804228
    endloop
  endfacet
  facet normal -0.31877211712436254 0.21299671902680434 -0.9235890509462897
    outer loop
      vertex -0.03213296614480399 31.384577380438003 -1.587490966130753
      vertex 0.09643516096687987 31.57699318036846 -1.587490966130753
      vertex 0.38650102907430206 31.142878930606322 -1.7877205179804228
    endloop
  endfacet
  facet normal -0.3187721171243613 0.21299671902680525 -0.9235890509462898
    outer loop
      vertex 0.38650102907430206 31.142878930606322 -1.7877205179804228
      vertex 0.09643516096687987 31.57699318036846 -1.587490966130753
      vertex 0.4799397060012325 31.282719792951006 -1.7877205179804228
    endloop
  endfacet
  facet normal -0.28824332678226317 0.25278261320278084 -0.923589050946289
    outer loop
      vertex 0.5908318973726256 31.409168102627376 -1.7877205179804228
      vertex 0.09643516096687987 31.57699318036846 -1.587490966130753
      vertex 0.24901867161611158 31.750981328383887 -1.587490966130753
    endloop
  endfacet
  facet normal -0.21563089558528353 0.14407995810549212 -0.9657868722142624
    outer loop
      vertex 0.8241873004061855 30.890180644032256 -1.9231411216129217
      vertex 0.38650102907430206 31.142878930606322 -1.7877205179804228
      vertex 0.4799397060012325 31.282719792951006 -1.7877205179804228
    endloop
  endfacet
  facet normal -0.2882433267822667 0.25278261320277223 -0.9235890509462902
    outer loop
      vertex 0.4799397060012325 31.282719792951006 -1.7877205179804228
      vertex 0.09643516096687987 31.57699318036846 -1.587490966130753
      vertex 0.5908318973726256 31.409168102627376 -1.7877205179804228
    endloop
  endfacet
  facet normal -0.2527826132027819 0.28824332678226255 -0.923589050946289
    outer loop
      vertex 0.5908318973726256 31.409168102627376 -1.7877205179804228
      vertex 0.24901867161611158 31.750981328383887 -1.587490966130753
      vertex 0.4230068196315413 31.903564839033123 -1.587490966130753
    endloop
  endfacet
  facet normal -0.2527826132027723 0.2882433267822664 -0.9235890509462903
    outer loop
      vertex 0.5908318973726256 31.409168102627376 -1.7877205179804228
      vertex 0.4230068196315413 31.903564839033123 -1.587490966130753
      vertex 0.7172802070489932 31.520060293998768 -1.7877205179804228
    endloop
  endfacet
  facet normal -0.21299671902680584 0.31877211712436004 -0.9235890509462902
    outer loop
      vertex 0.4230068196315413 31.903564839033123 -1.587490966130753
      vertex 0.6154226195619974 32.03213296614481 -1.587490966130753
      vertex 0.7172802070489932 31.520060293998768 -1.7877205179804228
    endloop
  endfacet
  facet normal -0.376524367340262 0.33020300790065676 -0.8655607282983525
    outer loop
      vertex -0.07138991677420403 32.0713899167742 -1.325878449210181
      vertex 0.24901867161611158 31.750981328383887 -1.587490966130753
      vertex 0.09643516096687987 31.57699318036846 -1.587490966130753
    endloop
  endfacet
  facet normal -0.33020300790065804 0.3765243673402612 -0.8655607282983523
    outer loop
      vertex -0.07138991677420403 32.0713899167742 -1.325878449210181
      vertex 0.4230068196315413 31.903564839033123 -1.587490966130753
      vertex 0.24901867161611158 31.750981328383887 -1.587490966130753
    endloop
  endfacet
  facet normal -0.3302030079006572 0.3765243673402627 -0.865560728298352
    outer loop
      vertex -0.07138991677420403 32.0713899167742 -1.325878449210181
      vertex 0.14716108412911622 32.26305400052993 -1.325878449210181
      vertex 0.4230068196315413 31.903564839033123 -1.587490966130753
    endloop
  endfacet
  facet normal -0.2782317834462894 0.41640329046241364 -0.865560728298351
    outer loop
      vertex 0.4230068196315413 31.903564839033123 -1.587490966130753
      vertex 0.38885953396079564 32.42455174152566 -1.325878449210181
      vertex 0.6154226195619974 32.03213296614481 -1.587490966130753
    endloop
  endfacet
  facet normal -0.2156308955852815 0.14407995810549404 -0.9657868722142626
    outer loop
      vertex 0.8241873004061855 30.890180644032256 -1.9231411216129217
      vertex 0.4799397060012325 31.282719792951006 -1.7877205179804228
      vertex 0.8808977654800478 30.975053852865237 -1.9231411216129217
    endloop
  endfacet
  facet normal -0.19497993507472952 0.1709928138163871 -0.9657868722142627
    outer loop
      vertex 0.8808977654800478 30.975053852865237 -1.9231411216129217
      vertex 0.4799397060012325 31.282719792951006 -1.7877205179804228
      vertex 0.9482012414341141 31.051798758565887 -1.9231411216129217
    endloop
  endfacet
  facet normal -0.19497993507472847 0.17099281381638906 -0.9657868722142625
    outer loop
      vertex 0.4799397060012325 31.282719792951006 -1.7877205179804228
      vertex 0.5908318973726256 31.409168102627376 -1.7877205179804228
      vertex 0.9482012414341141 31.051798758565887 -1.9231411216129217
    endloop
  endfacet
  facet normal -0.1709928138163856 0.1949799350747302 -0.9657868722142628
    outer loop
      vertex 0.9482012414341141 31.051798758565887 -1.9231411216129217
      vertex 0.7172802070489932 31.520060293998768 -1.7877205179804228
      vertex 1.0249461471347612 31.11910223451995 -1.9231411216129217
    endloop
  endfacet
  facet normal -0.144079958105493 0.2156308955852816 -0.9657868722142628
    outer loop
      vertex 0.7172802070489932 31.520060293998768 -1.7877205179804228
      vertex 1.1098193559677436 31.175812699593813 -1.9231411216129217
      vertex 1.0249461471347612 31.11910223451995 -1.9231411216129217
    endloop
  endfacet
  facet normal -0.1709928138163892 0.19497993507472833 -0.9657868722142626
    outer loop
      vertex 0.5908318973726256 31.409168102627376 -1.7877205179804228
      vertex 0.7172802070489932 31.520060293998768 -1.7877205179804228
      vertex 0.9482012414341141 31.051798758565887 -1.9231411216129217
    endloop
  endfacet
  facet normal -0.14407995810549126 0.2156308955852836 -0.9657868722142626
    outer loop
      vertex 0.7172802070489932 31.520060293998768 -1.7877205179804228
      vertex 0.8571210693936768 31.613498970925697 -1.7877205179804228
      vertex 1.1098193559677436 31.175812699593813 -1.9231411216129217
    endloop
  endfacet
  facet normal -0.05785201165973762 0.1173122746474883 -0.9914085812438552
    outer loop
      vertex 1.1098193559677436 31.175812699593813 -1.9231411216129217
      vertex 1.2013686637986298 31.220959822006947 -1.9231411216129217
      vertex 1.3998852240751654 30.74169844983168 -1.991435692954414
    endloop
  endfacet
  facet normal -0.11470185436489919 0.23259235168819511 -0.9657868722142626
    outer loop
      vertex 1.1098193559677436 31.175812699593813 -1.9231411216129217
      vertex 0.8571210693936768 31.613498970925697 -1.7877205179804228
      vertex 1.2013686637986298 31.220959822006947 -1.9231411216129217
    endloop
  endfacet
  facet normal -0.11470185436490075 0.2325923516881937 -0.9657868722142627
    outer loop
      vertex 1.2013686637986298 31.220959822006947 -1.9231411216129217
      vertex 0.8571210693936768 31.613498970925697 -1.7877205179804228
      vertex 1.0079617684807478 31.687885371739853 -1.7877205179804228
    endloop
  endfacet
  facet normal -0.08336117009475486 0.24557408816694123 -0.9657868722142628
    outer loop
      vertex 1.2013686637986298 31.220959822006947 -1.9231411216129217
      vertex 1.0079617684807478 31.687885371739853 -1.7877205179804228
      vertex 1.2980276365881696 31.253771121977714 -1.9231411216129217
    endloop
  endfacet
  facet normal -0.05059415309222628 0.2543539839111445 -0.9657868722142632
    outer loop
      vertex 1.1672213781278833 31.741946724499492 -1.7877205179804228
      vertex 1.3981424125130042 31.27368518906661 -1.9231411216129217
      vertex 1.2980276365881696 31.253771121977714 -1.9231411216129217
    endloop
  endfacet
  facet normal -0.08336117009475807 0.24557408816693915 -0.965786872214263
    outer loop
      vertex 1.0079617684807478 31.687885371739853 -1.7877205179804228
      vertex 1.1672213781278833 31.741946724499492 -1.7877205179804228
      vertex 1.2980276365881696 31.253771121977714 -1.9231411216129217
    endloop
  endfacet
  facet normal -0.21299671902680356 0.31877211712436077 -0.9235890509462906
    outer loop
      vertex 0.6154226195619974 32.03213296614481 -1.587490966130753
      vertex 0.8571210693936768 31.613498970925697 -1.7877205179804228
      vertex 0.7172802070489932 31.520060293998768 -1.7877205179804228
    endloop
  endfacet
  facet normal -0.169566391934445 0.34384662816212724 -0.9235890509462907
    outer loop
      vertex 0.6154226195619974 32.03213296614481 -1.587490966130753
      vertex 1.0079617684807478 31.687885371739853 -1.7877205179804228
      vertex 0.8571210693936768 31.613498970925697 -1.7877205179804228
    endloop
  endfacet
  facet normal -0.16956639193443948 0.34384662816213285 -0.9235890509462896
    outer loop
      vertex 0.6154226195619974 32.03213296614481 -1.587490966130753
      vertex 0.8229737837229307 32.13448587341824 -1.587490966130753
      vertex 1.0079617684807478 31.687885371739853 -1.7877205179804228
    endloop
  endfacet
  facet normal -0.12323473686339352 0.36303782805975227 -0.9235890509462896
    outer loop
      vertex 1.0079617684807478 31.687885371739853 -1.7877205179804228
      vertex 0.8229737837229307 32.13448587341824 -1.587490966130753
      vertex 1.1672213781278833 31.741946724499492 -1.7877205179804228
    endloop
  endfacet
  facet normal -0.1232347368633868 0.3630378280597576 -0.9235890509462884
    outer loop
      vertex 1.1672213781278833 31.741946724499492 -1.7877205179804228
      vertex 0.8229737837229307 32.13448587341824 -1.587490966130753
      vertex 1.042109054151494 32.20887227423239 -1.587490966130753
    endloop
  endfacet
  facet normal -0.07479450127748438 0.3760173500661716 -0.9235890509462888
    outer loop
      vertex 1.1672213781278833 31.741946724499492 -1.7877205179804228
      vertex 1.269078965614879 32.254019396645525 -1.587490966130753
      vertex 1.3321749222589157 31.77475802447026 -1.7877205179804228
    endloop
  endfacet
  facet normal -0.07479450127748885 0.37601735006617226 -0.9235890509462882
    outer loop
      vertex 1.1672213781278833 31.741946724499492 -1.7877205179804228
      vertex 1.042109054151494 32.20887227423239 -1.587490966130753
      vertex 1.269078965614879 32.254019396645525 -1.587490966130753
    endloop
  endfacet
  facet normal 0 0 -1
    outer loop
      vertex 1.238387483079428 30.5 -1.991435692954414
      vertex 1.2924488358390667 30.659259609647137 -1.991435692954414
      vertex 1.465852714329254 30.759374385571974 -1.991435692954414
    endloop
  endfacet
  facet normal 0 0 -1
    outer loop
      vertex 1.2924488358390667 30.659259609647137 -1.991435692954414
      vertex 1.315012015242183 30.684987984757818 -1.991435692954414
      vertex 1.3407403903528645 30.707551164160932 -1.991435692954414
    endloop
  endfacet
  facet normal 0 0 -1
    outer loop
      vertex 1.2924488358390667 30.659259609647137 -1.991435692954414
      vertex 1.3407403903528645 30.707551164160932 -1.991435692954414
      vertex 1.3691937415397137 30.7265630856012 -1.991435692954414
    endloop
  endfacet
  facet normal 0 0 -1
    outer loop
      vertex 1.2924488358390667 30.659259609647137 -1.991435692954414
      vertex 1.3691937415397137 30.7265630856012 -1.991435692954414
      vertex 1.465852714329254 30.759374385571974 -1.991435692954414
    endloop
  endfacet
  facet normal 0 0 -1
    outer loop
      vertex 1.3691937415397137 30.7265630856012 -1.991435692954414
      vertex 1.3998852240751654 30.74169844983168 -1.991435692954414
      vertex 1.465852714329254 30.759374385571974 -1.991435692954414
    endloop
  endfacet
  facet normal 0 0 -1
    outer loop
      vertex 1.3998852240751654 30.74169844983168 -1.991435692954414
      vertex 1.4322896981837503 30.752698286574066 -1.991435692954414
      vertex 1.465852714329254 30.759374385571974 -1.991435692954414
    endloop
  endfacet
  facet normal -0.025518101261861513 0.1282881582377551 -0.9914085812438553
    outer loop
      vertex 1.4322896981837503 30.752698286574066 -1.991435692954414
      vertex 1.2980276365881696 31.253771121977714 -1.9231411216129217
      vertex 1.465852714329254 30.759374385571974 -1.991435692954414
    endloop
  endfacet
  facet normal -0.042044755169769035 0.12385985466954261 -0.9914085812438553
    outer loop
      vertex 1.3998852240751654 30.74169844983168 -1.991435692954414
      vertex 1.2980276365881696 31.253771121977714 -1.9231411216129217
      vertex 1.4322896981837503 30.752698286574066 -1.991435692954414
    endloop
  endfacet
  facet normal -0.008554825566363448 0.13052141585033028 -0.9914085812438554
    outer loop
      vertex 1.465852714329254 30.759374385571974 -1.991435692954414
      vertex 1.5 31.280361288064512 -1.9231411216129217
      vertex 1.5 30.76161251692057 -1.991435692954414
    endloop
  endfacet
  facet normal -0.042044755169772983 0.1238598546695418 -0.9914085812438552
    outer loop
      vertex 1.2013686637986298 31.220959822006947 -1.9231411216129217
      vertex 1.2980276365881696 31.253771121977714 -1.9231411216129217
      vertex 1.3998852240751654 30.74169844983168 -1.991435692954414
    endloop
  endfacet
  facet normal -0.025518101261855025 0.12828815823775724 -0.9914085812438551
    outer loop
      vertex 1.465852714329254 30.759374385571974 -1.991435692954414
      vertex 1.2980276365881696 31.253771121977714 -1.9231411216129217
      vertex 1.3981424125130042 31.27368518906661 -1.9231411216129217
    endloop
  endfacet
  facet normal -0.008554825566373953 0.13052141585033095 -0.9914085812438553
    outer loop
      vertex 1.465852714329254 30.759374385571974 -1.991435692954414
      vertex 1.3981424125130042 31.27368518906661 -1.9231411216129217
      vertex 1.5 31.280361288064512 -1.9231411216129217
    endloop
  endfacet
  facet normal -0.0505941530922122 0.2543539839111511 -0.9657868722142623
    outer loop
      vertex 1.1672213781278833 31.741946724499492 -1.7877205179804228
      vertex 1.3321749222589157 31.77475802447026 -1.7877205179804228
      vertex 1.3981424125130042 31.27368518906661 -1.9231411216129217
    endloop
  endfacet
  facet normal -0.01696145610290402 0.2587818124703915 -0.9657868722142625
    outer loop
      vertex 1.3981424125130042 31.27368518906661 -1.9231411216129217
      vertex 1.5 31.785757861212645 -1.7877205179804228
      vertex 1.5 31.280361288064512 -1.9231411216129217
    endloop
  endfacet
  facet normal -0.016961456102910614 0.2587818124703927 -0.9657868722142621
    outer loop
      vertex 1.3981424125130042 31.27368518906661 -1.9231411216129217
      vertex 1.3321749222589157 31.77475802447026 -1.7877205179804228
      vertex 1.5 31.785757861212645 -1.7877205179804228
    endloop
  endfacet
  facet normal -0.02507451103776662 0.3825631109612473 -0.9235890509462904
    outer loop
      vertex 1.3321749222589157 31.77475802447026 -1.7877205179804228
      vertex 1.5 32.269154760876006 -1.587490966130753
      vertex 1.5 31.785757861212645 -1.7877205179804228
    endloop
  endfacet
  facet normal -0.025074511037776633 0.3825631109612502 -0.923589050946289
    outer loop
      vertex 1.3321749222589157 31.77475802447026 -1.7877205179804228
      vertex 1.269078965614879 32.254019396645525 -1.587490966130753
      vertex 1.5 32.269154760876006 -1.587490966130753
    endloop
  endfacet
  facet normal -0.2782317834462854 0.41640329046241437 -0.865560728298352
    outer loop
      vertex 0.4230068196315413 31.903564839033123 -1.587490966130753
      vertex 0.14716108412911622 32.26305400052993 -1.325878449210181
      vertex 0.38885953396079564 32.42455174152566 -1.325878449210181
    endloop
  endfacet
  facet normal -0.22149993603673276 0.449157437835946 -0.8655607282983507
    outer loop
      vertex 0.6154226195619974 32.03213296614481 -1.587490966130753
      vertex 0.38885953396079564 32.42455174152566 -1.325878449210181
      vertex 0.8229737837229307 32.13448587341824 -1.587490966130753
    endloop
  endfacet
  facet normal -0.22149993603673532 0.44915743783594314 -0.8655607282983516
    outer loop
      vertex 0.8229737837229307 32.13448587341824 -1.587490966130753
      vertex 0.38885953396079564 32.42455174152566 -1.325878449210181
      vertex 0.6495699052327435 32.553119868637346 -1.325878449210181
    endloop
  endfacet
  facet normal -0.16097816331019843 0.47422637691813285 -0.8655607282983534
    outer loop
      vertex 0.8229737837229307 32.13448587341824 -1.587490966130753
      vertex 0.9248313712099265 32.646558545564275 -1.325878449210181
      vertex 1.042109054151494 32.20887227423239 -1.587490966130753
    endloop
  endfacet
  facet normal -0.16097816331020645 0.47422637691813363 -0.8655607282983516
    outer loop
      vertex 0.8229737837229307 32.13448587341824 -1.587490966130753
      vertex 0.6495699052327435 32.553119868637346 -1.325878449210181
      vertex 0.9248313712099265 32.646558545564275 -1.325878449210181
    endloop
  endfacet
  facet normal -0.0977020095778663 0.49118117121085875 -0.8655607282983533
    outer loop
      vertex 0.9248313712099265 32.646558545564275 -1.325878449210181
      vertex 1.269078965614879 32.254019396645525 -1.587490966130753
      vertex 1.042109054151494 32.20887227423239 -1.587490966130753
    endloop
  endfacet
  facet normal -0.09770200957786586 0.49118117121085897 -0.8655607282983531
    outer loop
      vertex 0.9248313712099265 32.646558545564275 -1.325878449210181
      vertex 1.2099341318925783 32.70326901063814 -1.325878449210181
      vertex 1.269078965614879 32.254019396645525 -1.587490966130753
    endloop
  endfacet
  facet normal -0.33866593865366923 0.5068493954076057 -0.7927225696110676
    outer loop
      vertex -0.10553720244495057 32.59237681926675 -1.0073592299159095
      vertex 0.1813083697998623 32.784040903022465 -1.0073592299159095
      vertex 0.14716108412911622 32.26305400052993 -1.325878449210181
    endloop
  endfacet
  facet normal -0.3386659386536683 0.5068493954076057 -0.7927225696110678
    outer loop
      vertex 0.14716108412911622 32.26305400052993 -1.325878449210181
      vertex 0.1813083697998623 32.784040903022465 -1.0073592299159095
      vertex 0.38885953396079564 32.42455174152566 -1.325878449210181
    endloop
  endfacet
  facet normal -0.26961148298893844 0.5467180039743809 -0.7927225696110678
    outer loop
      vertex 0.38885953396079564 32.42455174152566 -1.325878449210181
      vertex 0.1813083697998623 32.784040903022465 -1.0073592299159095
      vertex 0.49071712144779145 32.9366244136717 -1.0073592299159095
    endloop
  endfacet
  facet normal -0.2696114829889305 0.5467180039743809 -0.7927225696110705
    outer loop
      vertex 0.38885953396079564 32.42455174152566 -1.325878449210181
      vertex 0.49071712144779145 32.9366244136717 -1.0073592299159095
      vertex 0.6495699052327435 32.553119868637346 -1.325878449210181
    endloop
  endfacet
  facet normal -0.19594390009982163 0.5772321159142937 -0.7927225696110705
    outer loop
      vertex 0.6495699052327435 32.553119868637346 -1.325878449210181
      vertex 0.49071712144779145 32.9366244136717 -1.0073592299159095
      vertex 0.8173949829738278 33.04751660504309 -1.0073592299159095
    endloop
  endfacet
  facet normal -0.31308031699612243 0.6348640795793149 -0.706348579363983
    outer loop
      vertex -0.003679614957954769 33.10444949141279 -0.6373832604002754
      vertex 0.49071712144779145 32.9366244136717 -1.0073592299159095
      vertex 0.1813083697998623 32.784040903022465 -1.0073592299159095
    endloop
  endfacet
  facet normal -0.3130803169961117 0.634864079579329 -0.706348579363975
    outer loop
      vertex -0.003679614957954769 33.10444949141279 -0.6373832604002754
      vertex 0.34913344754094666 33.27843763942821 -0.6373832604002754
      vertex 0.49071712144779145 32.9366244136717 -1.0073592299159095
    endloop
  endfacet
  facet normal -0.22753548059831208 0.6702979110062852 -0.7063485793639747
    outer loop
      vertex 0.49071712144779145 32.9366244136717 -1.0073592299159095
      vertex 0.34913344754094666 33.27843763942821 -0.6373832604002754
      vertex 0.7216381558329124 33.40488594910458 -0.6373832604002754
    endloop
  endfacet
  facet normal -0.1959439000998217 0.5772321159142937 -0.7927225696110705
    outer loop
      vertex 0.6495699052327435 32.553119868637346 -1.325878449210181
      vertex 0.8173949829738278 33.04751660504309 -1.0073592299159095
      vertex 0.9248313712099265 32.646558545564275 -1.325878449210181
    endloop
  endfacet
  facet normal -0.11892366275410424 0.5978696263119322 -0.7927225696110706
    outer loop
      vertex 0.9248313712099265 32.646558545564275 -1.325878449210181
      vertex 0.8173949829738278 33.04751660504309 -1.0073592299159095
      vertex 1.1557524055950474 33.11482008099716 -1.0073592299159095
    endloop
  endfacet
  facet normal -0.11892366275409853 0.5978696263119306 -0.7927225696110725
    outer loop
      vertex 0.9248313712099265 32.646558545564275 -1.325878449210181
      vertex 1.1557524055950474 33.11482008099716 -1.0073592299159095
      vertex 1.2099341318925783 32.70326901063814 -1.325878449210181
    endloop
  endfacet
  facet normal -0.039868608566777576 0.6082774216425982 -0.7927225696110725
    outer loop
      vertex 1.2099341318925783 32.70326901063814 -1.325878449210181
      vertex 1.1557524055950474 33.11482008099716 -1.0073592299159095
      vertex 1.5 33.13738326040028 -1.0073592299159095
    endloop
  endfacet
  facet normal -0.22753548059830347 0.670297911006284 -0.7063485793639787
    outer loop
      vertex 0.49071712144779145 32.9366244136717 -1.0073592299159095
      vertex 0.7216381558329124 33.40488594910458 -0.6373832604002754
      vertex 0.8173949829738278 33.04751660504309 -1.0073592299159095
    endloop
  endfacet
  facet normal -0.13809744904271357 0.6942627593342338 -0.7063485793639789
    outer loop
      vertex 0.8173949829738278 33.04751660504309 -1.0073592299159095
      vertex 0.7216381558329124 33.40488594910458 -0.6373832604002754
      vertex 1.1557524055950474 33.11482008099716 -1.0073592299159095
    endloop
  endfacet
  facet normal -0.13809744904270094 0.6942627593342435 -0.7063485793639717
    outer loop
      vertex 1.1557524055950474 33.11482008099716 -1.0073592299159095
      vertex 0.7216381558329124 33.40488594910458 -0.6373832604002754
      vertex 1.1074608510812496 33.481630854805225 -0.6373832604002754
    endloop
  endfacet
  facet normal -0.046296531846139306 0.7063485793639844 -0.7063485793639713
    outer loop
      vertex 1.1557524055950474 33.11482008099716 -1.0073592299159095
      vertex 1.1074608510812496 33.481630854805225 -0.6373832604002754
      vertex 1.5 33.507359229915906 -0.6373832604002754
    endloop
  endfacet
  facet normal -0.03275414737353847 0.49973171948302086 -0.8655607282983533
    outer loop
      vertex 1.269078965614879 32.254019396645525 -1.587490966130753
      vertex 1.2099341318925783 32.70326901063814 -1.325878449210181
      vertex 1.5 32.269154760876006 -1.587490966130753
    endloop
  endfacet
  facet normal -0.03275414737352819 0.4997317194830262 -0.8655607282983507
    outer loop
      vertex 1.2099341318925783 32.70326901063814 -1.325878449210181
      vertex 1.5 32.722280932078405 -1.325878449210181
      vertex 1.5 32.269154760876006 -1.587490966130753
    endloop
  endfacet
  facet normal -0.039868608566777465 0.6082774216425982 -0.7927225696110726
    outer loop
      vertex 1.2099341318925783 32.70326901063814 -1.325878449210181
      vertex 1.5 33.13738326040028 -1.0073592299159095
      vertex 1.5 32.722280932078405 -1.325878449210181
    endloop
  endfacet
  facet normal -0.04629653184613599 0.706348579363983 -0.7063485793639728
    outer loop
      vertex 1.1557524055950474 33.11482008099716 -1.0073592299159095
      vertex 1.5 33.507359229915906 -0.6373832604002754
      vertex 1.5 33.13738326040028 -1.0073592299159095
    endloop
  endfacet
  facet normal -0.3511696618733865 0.7121016303436303 -0.607940076522082
    outer loop
      vertex -0.003679614957954769 33.10444949141279 -0.6373832604002754
      vertex 0.22724141942716614 33.57271102684567 -0.2222809320784087
      vertex 0.34913344754094666 33.27843763942821 -0.6373832604002754
    endloop
  endfacet
  facet normal -0.255217442452316 0.7518463409676388 -0.6079400765220795
    outer loop
      vertex 0.34913344754094666 33.27843763942821 -0.6373832604002754
      vertex 0.6391993156483684 33.71255188919035 -0.2222809320784087
      vertex 0.7216381558329124 33.40488594910458 -0.6373832604002754
    endloop
  endfacet
  facet normal -0.25521744245231126 0.7518463409676381 -0.6079400765220822
    outer loop
      vertex 0.34913344754094666 33.27843763942821 -0.6373832604002754
      vertex 0.22724141942716614 33.57271102684567 -0.2222809320784087
      vertex 0.6391993156483684 33.71255188919035 -0.2222809320784087
    endloop
  endfacet
  facet normal -0.38323821235151195 0.7771302178258057 -0.49919645144535363
    outer loop
      vertex -0.1629392246050907 33.38029522691521 -0.2222809320784087
      vertex 0.12712664350233105 33.81440947667735 0.2308452391239948
      vertex 0.22724141942716614 33.57271102684567 -0.2222809320784087
    endloop
  endfacet
  facet normal -0.27852370812604343 0.8205043856531695 -0.4991964514453537
    outer loop
      vertex 0.22724141942716614 33.57271102684567 -0.2222809320784087
      vertex 0.12712664350233105 33.81440947667735 0.2308452391239948
      vertex 0.5714890138321191 33.96525017576442 0.2308452391239948
    endloop
  endfacet
  facet normal -0.278523708126047 0.8205043856531699 -0.4991964514453512
    outer loop
      vertex 0.22724141942716614 33.57271102684567 -0.2222809320784087
      vertex 0.5714890138321191 33.96525017576442 0.2308452391239948
      vertex 0.6391993156483684 33.71255188919035 -0.2222809320784087
    endloop
  endfacet
  facet normal -0.1548983818312172 0.7787267522465079 -0.6079400765220833
    outer loop
      vertex 0.7216381558329124 33.40488594910458 -0.6373832604002754
      vertex 1.065885750237865 33.79742509802333 -0.2222809320784087
      vertex 1.1074608510812496 33.481630854805225 -0.6373832604002754
    endloop
  endfacet
  facet normal -0.15489838183122331 0.7787267522465094 -0.6079400765220795
    outer loop
      vertex 0.7216381558329124 33.40488594910458 -0.6373832604002754
      vertex 0.6391993156483684 33.71255188919035 -0.2222809320784087
      vertex 1.065885750237865 33.79742509802333 -0.2222809320784087
    endloop
  endfacet
  facet normal -0.051928966951062 0.7922829328905927 -0.607940076522083
    outer loop
      vertex 1.1074608510812496 33.481630854805225 -0.6373832604002754
      vertex 1.065885750237865 33.79742509802333 -0.2222809320784087
      vertex 1.5 33.507359229915906 -0.6373832604002754
    endloop
  endfacet
  facet normal -0.16904358603318426 0.849839495955213 -0.49919645144535124
    outer loop
      vertex 0.6391993156483684 33.71255188919035 -0.2222809320784087
      vertex 0.5714890138321191 33.96525017576442 0.2308452391239948
      vertex 1.065885750237865 33.79742509802333 -0.2222809320784087
    endloop
  endfacet
  facet normal -0.16904358603317876 0.8498394959552169 -0.4991964514453466
    outer loop
      vertex 1.065885750237865 33.79742509802333 -0.2222809320784087
      vertex 0.5714890138321191 33.96525017576442 0.2308452391239948
      vertex 1.0317384645671188 34.0567994835953 0.2308452391239948
    endloop
  endfacet
  facet normal -0.0566710813155649 0.8646336168614419 -0.4991964514453463
    outer loop
      vertex 1.065885750237865 33.79742509802333 -0.2222809320784087
      vertex 1.0317384645671188 34.0567994835953 0.2308452391239948
      vertex 1.5 34.08749096613075 0.2308452391239948
    endloop
  endfacet
  facet normal -0.2970644033586859 0.8751235125267699 -0.38198374059631957
    outer loop
      vertex 0.12712664350233105 33.81440947667735 0.2308452391239948
      vertex 0.5196657924210819 34.158657071082295 0.7142421387873537
      vertex 0.5714890138321191 33.96525017576442 0.2308452391239948
    endloop
  endfacet
  facet normal -0.2970644033586907 0.8751235125267699 -0.38198374059631557
    outer loop
      vertex 0.12712664350233105 33.81440947667735 0.2308452391239948
      vertex 0.05050211133957605 33.99939746143516 0.7142421387873537
      vertex 0.5196657924210819 34.158657071082295 0.7142421387873537
    endloop
  endfacet
  facet normal -0.18029643639468318 0.9064113949765937 -0.38198374059632884
    outer loop
      vertex 0.5714890138321191 33.96525017576442 0.2308452391239948
      vertex 1.0056032635942538 34.25531604387184 0.7142421387873537
      vertex 1.0317384645671188 34.0567994835953 0.2308452391239948
    endloop
  endfacet
  facet normal -0.06044354741637001 0.9221903271536531 -0.3819837405963286
    outer loop
      vertex 1.0317384645671188 34.0567994835953 0.2308452391239948
      vertex 1.0056032635942538 34.25531604387184 0.7142421387873537
      vertex 1.5 34.08749096613075 0.2308452391239948
    endloop
  endfacet
  facet normal -0.18029643639469495 0.9064113949765954 -0.3819837405963193
    outer loop
      vertex 0.5714890138321191 33.96525017576442 0.2308452391239948
      vertex 0.5196657924210819 34.158657071082295 0.7142421387873537
      vertex 1.0056032635942538 34.25531604387184 0.7142421387873537
    endloop
  endfacet
  facet normal -0.051928966951058746 0.7922829328905946 -0.6079400765220809
    outer loop
      vertex 1.5 33.507359229915906 -0.6373832604002754
      vertex 1.065885750237865 33.79742509802333 -0.2222809320784087
      vertex 1.5 33.82587844921018 -0.2222809320784087
    endloop
  endfacet
  facet normal -0.056671081315558515 0.8646336168614396 -0.49919645144535096
    outer loop
      vertex 1.065885750237865 33.79742509802333 -0.2222809320784087
      vertex 1.5 34.08749096613075 0.2308452391239948
      vertex 1.5 33.82587844921018 -0.2222809320784087
    endloop
  endfacet
  facet normal -0.06044354741637392 0.9221903271536513 -0.38198374059633206
    outer loop
      vertex 1.0056032635942538 34.25531604387184 0.7142421387873537
      vertex 1.5 34.287720517980425 0.7142421387873537
      vertex 1.5 34.08749096613075 0.2308452391239948
    endloop
  endfacet
  facet normal -0.9639958278814481 0.06318362469879239 -0.2583019035878051
    outer loop
      vertex -2.2877205179804228 30.5 0.7142421387873537
      vertex -2.4231411216129217 30.5 1.2196387119354872
      vertex -2.389578105467418 31.01207267214604 1.2196387119354872
    endloop
  endfacet
  facet normal -0.9639958278814481 0.0631836246987928 -0.25830190358780547
    outer loop
      vertex -2.2877205179804228 30.5 0.7142421387873537
      vertex -2.389578105467418 31.01207267214604 1.2196387119354872
      vertex -2.2553160438718374 30.994396736405747 0.7142421387873537
    endloop
  endfacet
  facet normal -0.9893581533630917 0.06484595933590649 -0.13025147189870512
    outer loop
      vertex -2.4231411216129217 30.5 1.2196387119354872
      vertex -2.457288407283668 31.020986902492545 1.738387483079428
      vertex -2.389578105467418 31.01207267214604 1.2196387119354872
    endloop
  endfacet
  facet normal -0.9893581533630917 0.06484595933590621 -0.1302514718987048
    outer loop
      vertex -2.4231411216129217 30.5 1.2196387119354872
      vertex -2.491435692954414 30.5 1.738387483079428
      vertex -2.457288407283668 31.020986902492545 1.738387483079428
    endloop
  endfacet
  facet normal -0.9978589232386035 0.0654031292301427 0
    outer loop
      vertex -2.491435692954414 30.5 1.738387483079428
      vertex -2.457288407283668 31.020986902492545 2.2616125169205725
      vertex -2.457288407283668 31.020986902492545 1.738387483079428
    endloop
  endfacet
  facet normal -0.9475015919962595 0.18846978475996987 -0.25830190358780586
    outer loop
      vertex -2.2553160438718374 30.994396736405747 0.7142421387873537
      vertex -2.389578105467418 31.01207267214604 1.2196387119354872
      vertex -2.1586570710822977 31.48033420757892 0.7142421387873537
    endloop
  endfacet
  facet normal -0.9475015919962598 0.18846978475997314 -0.25830190358780303
    outer loop
      vertex -2.1586570710822977 31.48033420757892 0.7142421387873537
      vertex -2.389578105467418 31.01207267214604 1.2196387119354872
      vertex -2.2894633295425835 31.515383638898285 1.2196387119354872
    endloop
  endfacet
  facet normal -0.9724299610571469 0.19342834566478803 -0.13025147189870548
    outer loop
      vertex -2.389578105467418 31.01207267214604 1.2196387119354872
      vertex -2.355430819796672 31.53305957463858 1.738387483079428
      vertex -2.2894633295425835 31.515383638898285 1.2196387119354872
    endloop
  endfacet
  facet normal -0.9147953411749455 0.3105311745502098 -0.25830190358780175
    outer loop
      vertex -2.1586570710822977 31.48033420757892 0.7142421387873537
      vertex -2.2894633295425835 31.515383638898285 1.2196387119354872
      vertex -2.124509785411551 32.00132111007146 1.2196387119354872
    endloop
  endfacet
  facet normal -0.9147953411749447 0.3105311745502113 -0.2583019035878034
    outer loop
      vertex -2.1586570710822977 31.48033420757892 0.7142421387873537
      vertex -2.124509785411551 32.00132111007146 1.2196387119354872
      vertex -1.9993974614351617 31.949497888660424 0.7142421387873537
    endloop
  endfacet
  facet normal -0.8664366884369443 0.42727928984838354 -0.2583019035878028
    outer loop
      vertex -1.9993974614351617 31.949497888660424 0.7142421387873537
      vertex -2.124509785411551 32.00132111007146 1.2196387119354872
      vertex -1.897539873948166 32.461570560806464 1.2196387119354872
    endloop
  endfacet
  facet normal -0.9388632225089948 0.31870111937087114 -0.13025147189870592
    outer loop
      vertex -2.2894633295425835 31.515383638898285 1.2196387119354872
      vertex -2.355430819796672 31.53305957463858 1.738387483079428
      vertex -2.124509785411551 32.00132111007146 1.2196387119354872
    endloop
  endfacet
  facet normal -0.8892322739216534 0.43852082856387326 -0.13025147189870662
    outer loop
      vertex -2.124509785411551 32.00132111007146 1.2196387119354872
      vertex -2.1876057420555877 32.027456311044325 1.738387483079428
      vertex -1.897539873948166 32.461570560806464 1.2196387119354872
    endloop
  endfacet
  facet normal -0.9724299610571472 0.19342834566478756 -0.130251471898705
    outer loop
      vertex -2.389578105467418 31.01207267214604 1.2196387119354872
      vertex -2.457288407283668 31.020986902492545 1.738387483079428
      vertex -2.355430819796672 31.53305957463858 1.738387483079428
    endloop
  endfacet
  facet normal -0.9388632225089948 0.318701119370871 -0.13025147189870606
    outer loop
      vertex -2.124509785411551 32.00132111007146 1.2196387119354872
      vertex -2.355430819796672 31.53305957463858 1.738387483079428
      vertex -2.1876057420555877 32.027456311044325 1.738387483079428
    endloop
  endfacet
  facet normal -0.8664366884369392 0.4272792898483896 -0.2583019035878099
    outer loop
      vertex -1.9993974614351617 31.949497888660424 0.7142421387873537
      vertex -1.897539873948166 32.461570560806464 1.2196387119354872
      vertex -1.7802621910065985 32.39386025899021 0.7142421387873537
    endloop
  endfacet
  facet normal -0.8032530637381484 0.5367165380330582 -0.2583019035878111
    outer loop
      vertex -1.7802621910065985 32.39386025899021 0.7142421387873537
      vertex -1.897539873948166 32.461570560806464 1.2196387119354872
      vertex -1.505000725029416 32.80581815521141 0.7142421387873537
    endloop
  endfacet
  facet normal -0.8032530637381462 0.5367165380330643 -0.2583019035878052
    outer loop
      vertex -1.505000725029416 32.80581815521141 0.7142421387873537
      vertex -1.897539873948166 32.461570560806464 1.2196387119354872
      vertex -1.6124371132655142 32.888256995395956 1.2196387119354872
    endloop
  endfacet
  facet normal -0.726325556414973 0.6369704174460505 -0.2583019035878052
    outer loop
      vertex -1.505000725029416 32.80581815521141 0.7142421387873537
      vertex -1.6124371132655142 32.888256995395956 1.2196387119354872
      vertex -1.274079690644295 33.27407969064429 1.2196387119354872
    endloop
  endfacet
  facet normal -0.7263255564149793 0.6369704174460464 -0.2583019035877984
    outer loop
      vertex -1.505000725029416 32.80581815521141 0.7142421387873537
      vertex -1.274079690644295 33.27407969064429 1.2196387119354872
      vertex -1.1783228635033796 33.17832286350338 0.7142421387873537
    endloop
  endfacet
  facet normal -0.8243863145857415 0.5508373247992175 -0.13025147189870875
    outer loop
      vertex -1.897539873948166 32.461570560806464 1.2196387119354872
      vertex -1.666618839563045 32.929832096239345 1.738387483079428
      vertex -1.6124371132655142 32.888256995395956 1.2196387119354872
    endloop
  endfacet
  facet normal -0.7454348768442076 0.6537288416862761 -0.130251471898711
    outer loop
      vertex -1.6124371132655142 32.888256995395956 1.2196387119354872
      vertex -1.3223712451580925 33.322371245158095 1.738387483079428
      vertex -1.274079690644295 33.27407969064429 1.2196387119354872
    endloop
  endfacet
  facet normal -0.8892322739216514 0.43852082856387914 -0.13025147189870065
    outer loop
      vertex -2.1876057420555877 32.027456311044325 1.738387483079428
      vertex -1.9566847076704668 32.495717846477206 1.738387483079428
      vertex -1.897539873948166 32.461570560806464 1.2196387119354872
    endloop
  endfacet
  facet normal -0.8968727415326878 0.44228869021900213 0
    outer loop
      vertex -2.1876057420555877 32.027456311044325 1.738387483079428
      vertex -2.1876057420555877 32.027456311044325 2.2616125169205725
      vertex -1.9566847076704668 32.495717846477206 1.738387483079428
    endloop
  endfacet
  facet normal -0.8243863145857476 0.5508373247992104 -0.13025147189869957
    outer loop
      vertex -1.897539873948166 32.461570560806464 1.2196387119354872
      vertex -1.9566847076704668 32.495717846477206 1.738387483079428
      vertex -1.666618839563045 32.929832096239345 1.738387483079428
    endloop
  endfacet
  facet normal -0.7454348768442087 0.6537288416862751 -0.13025147189870945
    outer loop
      vertex -1.6124371132655142 32.888256995395956 1.2196387119354872
      vertex -1.666618839563045 32.929832096239345 1.738387483079428
      vertex -1.3223712451580925 33.322371245158095 1.738387483079428
    endloop
  endfacet
  facet normal -0.6369704174460508 0.7263255564149756 -0.2583019035877976
    outer loop
      vertex -1.1783228635033796 33.17832286350338 0.7142421387873537
      vertex -1.274079690644295 33.27407969064429 1.2196387119354872
      vertex -0.8058181552114139 33.50500072502942 0.7142421387873537
    endloop
  endfacet
  facet normal -0.636970417446053 0.7263255564149725 -0.2583019035878011
    outer loop
      vertex -0.8058181552114139 33.50500072502942 0.7142421387873537
      vertex -1.274079690644295 33.27407969064429 1.2196387119354872
      vertex -0.8882569953959574 33.612437113265514 1.2196387119354872
    endloop
  endfacet
  facet normal -0.5367165380330647 0.8032530637381474 -0.25830190358780086
    outer loop
      vertex -0.8058181552114139 33.50500072502942 0.7142421387873537
      vertex -0.8882569953959574 33.612437113265514 1.2196387119354872
      vertex -0.46157056080646086 33.89753987394817 1.2196387119354872
    endloop
  endfacet
  facet normal -0.6537288416862778 0.7454348768442063 -0.13025147189871192
    outer loop
      vertex -1.274079690644295 33.27407969064429 1.2196387119354872
      vertex -1.3223712451580925 33.322371245158095 1.738387483079428
      vertex -0.8882569953959574 33.612437113265514 1.2196387119354872
    endloop
  endfacet
  facet normal -0.5508373247992178 0.8243863145857422 -0.13025147189870317
    outer loop
      vertex -0.8882569953959574 33.612437113265514 1.2196387119354872
      vertex -0.49571784647720696 33.95668470767047 1.738387483079428
      vertex -0.46157056080646086 33.89753987394817 1.2196387119354872
    endloop
  endfacet
  facet normal -0.5367165380330571 0.8032530637381501 -0.25830190358780825
    outer loop
      vertex -0.8058181552114139 33.50500072502942 0.7142421387873537
      vertex -0.46157056080646086 33.89753987394817 1.2196387119354872
      vertex -0.3938602589902116 33.7802621910066 0.7142421387873537
    endloop
  endfacet
  facet normal -0.4272792898483875 0.8664366884369407 -0.2583019035878085
    outer loop
      vertex -0.3938602589902116 33.7802621910066 0.7142421387873537
      vertex -0.46157056080646086 33.89753987394817 1.2196387119354872
      vertex -0.0013211100714611845 34.124509785411554 1.2196387119354872
    endloop
  endfacet
  facet normal -0.4272792898483802 0.8664366884369422 -0.25830190358781524
    outer loop
      vertex -0.3938602589902116 33.7802621910066 0.7142421387873537
      vertex -0.0013211100714611845 34.124509785411554 1.2196387119354872
      vertex 0.05050211133957605 33.99939746143516 0.7142421387873537
    endloop
  endfacet
  facet normal -0.43852082856387825 0.8892322739216515 -0.13025147189870315
    outer loop
      vertex -0.46157056080646086 33.89753987394817 1.2196387119354872
      vertex -0.49571784647720696 33.95668470767047 1.738387483079428
      vertex -0.0013211100714611845 34.124509785411554 1.2196387119354872
    endloop
  endfacet
  facet normal -0.6537288416862704 0.7454348768442142 -0.13025147189870145
    outer loop
      vertex -1.3223712451580925 33.322371245158095 1.738387483079428
      vertex -0.929832096239342 33.66661883956304 1.738387483079428
      vertex -0.8882569953959574 33.612437113265514 1.2196387119354872
    endloop
  endfacet
  facet normal -0.5508373247992197 0.8243863145857412 -0.13025147189870112
    outer loop
      vertex -0.8882569953959574 33.612437113265514 1.2196387119354872
      vertex -0.929832096239342 33.66661883956304 1.738387483079428
      vertex -0.49571784647720696 33.95668470767047 1.738387483079428
    endloop
  endfacet
  facet normal -0.6593458151000633 0.7518398074789822 0
    outer loop
      vertex -1.3223712451580925 33.322371245158095 1.738387483079428
      vertex -0.929832096239342 33.66661883956304 2.2616125169205725
      vertex -0.929832096239342 33.66661883956304 1.738387483079428
    endloop
  endfacet
  facet normal -0.5555702330196081 0.8314696123025412 0
    outer loop
      vertex -0.929832096239342 33.66661883956304 1.738387483079428
      vertex -0.929832096239342 33.66661883956304 2.2616125169205725
      vertex -0.49571784647720696 33.95668470767047 1.738387483079428
    endloop
  endfacet
  facet normal -0.43852082856387586 0.8892322739216532 -0.1302514718987003
    outer loop
      vertex -0.0013211100714611845 34.124509785411554 1.2196387119354872
      vertex -0.49571784647720696 33.95668470767047 1.738387483079428
      vertex -0.027456311044325776 34.18760574205559 1.738387483079428
    endloop
  endfacet
  facet normal -0.31053117455021073 0.9147953411749413 -0.25830190358781563
    outer loop
      vertex 0.05050211133957605 33.99939746143516 0.7142421387873537
      vertex -0.0013211100714611845 34.124509785411554 1.2196387119354872
      vertex 0.5196657924210819 34.158657071082295 0.7142421387873537
    endloop
  endfacet
  facet normal -0.31053117455020646 0.914795341174944 -0.2583019035878111
    outer loop
      vertex 0.5196657924210819 34.158657071082295 0.7142421387873537
      vertex -0.0013211100714611845 34.124509785411554 1.2196387119354872
      vertex 0.48461636110171114 34.289463329542585 1.2196387119354872
    endloop
  endfacet
  facet normal -0.3187011193708686 0.9388632225089958 -0.1302514718987046
    outer loop
      vertex -0.0013211100714611845 34.124509785411554 1.2196387119354872
      vertex 0.46694042536142044 34.35543081979667 1.738387483079428
      vertex 0.48461636110171114 34.289463329542585 1.2196387119354872
    endloop
  endfacet
  facet normal -0.1884697847599725 0.9475015919962572 -0.2583019035878128
    outer loop
      vertex 0.5196657924210819 34.158657071082295 0.7142421387873537
      vertex 0.9879273278539631 34.38957810546742 1.2196387119354872
      vertex 1.0056032635942538 34.25531604387184 0.7142421387873537
    endloop
  endfacet
  facet normal -0.18846978475997425 0.9475015919962574 -0.2583019035878112
    outer loop
      vertex 0.5196657924210819 34.158657071082295 0.7142421387873537
      vertex 0.48461636110171114 34.289463329542585 1.2196387119354872
      vertex 0.9879273278539631 34.38957810546742 1.2196387119354872
    endloop
  endfacet
  facet normal -0.0631836246987988 0.9639958278814454 -0.25830190358781324
    outer loop
      vertex 1.0056032635942538 34.25531604387184 0.7142421387873537
      vertex 0.9879273278539631 34.38957810546742 1.2196387119354872
      vertex 1.5 34.287720517980425 0.7142421387873537
    endloop
  endfacet
  facet normal -0.19342834566478972 0.9724299610571469 -0.13025147189870265
    outer loop
      vertex 0.48461636110171114 34.289463329542585 1.2196387119354872
      vertex 0.9790130975074574 34.45728840728367 1.738387483079428
      vertex 0.9879273278539631 34.38957810546742 1.2196387119354872
    endloop
  endfacet
  facet normal -0.31870111937087325 0.9388632225089949 -0.13025147189870004
    outer loop
      vertex -0.0013211100714611845 34.124509785411554 1.2196387119354872
      vertex -0.027456311044325776 34.18760574205559 1.738387483079428
      vertex 0.46694042536142044 34.35543081979667 1.738387483079428
    endloop
  endfacet
  facet normal -0.1934283456647877 0.972429961057147 -0.13025147189870465
    outer loop
      vertex 0.48461636110171114 34.289463329542585 1.2196387119354872
      vertex 0.46694042536142044 34.35543081979667 1.738387483079428
      vertex 0.9790130975074574 34.45728840728367 1.738387483079428
    endloop
  endfacet
  facet normal -0.0648459593358973 0.9893581533630927 -0.13025147189870262
    outer loop
      vertex 0.9879273278539631 34.38957810546742 1.2196387119354872
      vertex 0.9790130975074574 34.45728840728367 1.738387483079428
      vertex 1.5 34.49143569295441 1.738387483079428
    endloop
  endfacet
  facet normal -0.06318362469878616 0.9639958278814496 -0.2583019035878012
    outer loop
      vertex 1.5 34.287720517980425 0.7142421387873537
      vertex 0.9879273278539631 34.38957810546742 1.2196387119354872
      vertex 1.5 34.42314112161292 1.2196387119354872
    endloop
  endfacet
  facet normal -0.06484595933590011 0.9893581533630929 -0.13025147189869987
    outer loop
      vertex 0.9879273278539631 34.38957810546742 1.2196387119354872
      vertex 1.5 34.49143569295441 1.738387483079428
      vertex 1.5 34.42314112161292 1.2196387119354872
    endloop
  endfacet
  facet normal -1 0 0
    outer loop
      vertex -2.491435692954414 30.5 1.738387483079428
      vertex -2.491435692954414 29 5
      vertex -2.491435692954414 29 6
    endloop
  endfacet
  facet normal -1 0 0
    outer loop
      vertex -2.491435692954414 30.5 1.738387483079428
      vertex -2.491435692954414 29 6
      vertex -2.491435692954414 29 7.5
    endloop
  endfacet
  facet normal -1 0 0
    outer loop
      vertex -2.491435692954414 30.5 1.738387483079428
      vertex -2.491435692954414 29 7.5
      vertex -2.491435692954414 29 8.5
    endloop
  endfacet
  facet normal -1 0 0
    outer loop
      vertex -2.491435692954414 30.5 1.738387483079428
      vertex -2.491435692954414 29 8.5
      vertex -2.491435692954414 29 10
    endloop
  endfacet
  facet normal -1 0 0
    outer loop
      vertex -2.491435692954414 30.5 1.738387483079428
      vertex -2.491435692954414 29 10
      vertex -2.491435692954414 29 11
    endloop
  endfacet
  facet normal -1 0 0
    outer loop
      vertex -2.491435692954414 30.5 1.738387483079428
      vertex -2.491435692954414 29 11
      vertex -2.491435692954414 29 12.5
    endloop
  endfacet
  facet normal -0.9978589232386036 0.0654031292301427 0
    outer loop
      vertex -2.491435692954414 30.5 1.738387483079428
      vertex -2.491435692954414 30.5 18.76161251692057
      vertex -2.457288407283668 31.020986902492545 2.2616125169205725
    endloop
  endfacet
  facet normal -0.9807852804032301 0.19509032201613002 0
    outer loop
      vertex -2.457288407283668 31.020986902492545 1.738387483079428
      vertex -2.355430819796672 31.53305957463858 18.76161251692057
      vertex -2.355430819796672 31.53305957463858 1.738387483079428
    endloop
  endfacet
  facet normal -0.98078528040323 0.19509032201612997 0
    outer loop
      vertex -2.457288407283668 31.020986902492545 1.738387483079428
      vertex -2.457288407283668 31.020986902492545 2.2616125169205725
      vertex -2.355430819796672 31.53305957463858 18.76161251692057
    endloop
  endfacet
  facet normal -0.9469301294951059 0.32143946530316103 0
    outer loop
      vertex -2.355430819796672 31.53305957463858 1.738387483079428
      vertex -2.355430819796672 31.53305957463858 18.76161251692057
      vertex -2.1876057420555877 32.027456311044325 1.738387483079428
    endloop
  endfacet
  facet normal -0.9469301294951058 0.32143946530316103 0
    outer loop
      vertex -2.1876057420555877 32.027456311044325 1.738387483079428
      vertex -2.355430819796672 31.53305957463858 18.76161251692057
      vertex -2.1876057420555877 32.027456311044325 2.2616125169205725
    endloop
  endfacet
  facet normal -0.8968727415326878 0.44228869021900213 0
    outer loop
      vertex -2.1876057420555877 32.027456311044325 2.2616125169205725
      vertex -1.9566847076704668 32.495717846477206 18.76161251692057
      vertex -1.9566847076704668 32.495717846477206 1.738387483079428
    endloop
  endfacet
  facet normal -0.8314696123025476 0.5555702330195987 0
    outer loop
      vertex -1.9566847076704668 32.495717846477206 1.738387483079428
      vertex -1.666618839563045 32.929832096239345 18.23838748307943
      vertex -1.666618839563045 32.929832096239345 1.738387483079428
    endloop
  endfacet
  facet normal -0.7518398074789776 0.6593458151000686 0
    outer loop
      vertex -1.666618839563045 32.929832096239345 1.738387483079428
      vertex -1.666618839563045 32.929832096239345 18.23838748307943
      vertex -1.3223712451580925 33.322371245158095 1.738387483079428
    endloop
  endfacet
  facet normal -0.6593458151000634 0.7518398074789824 0
    outer loop
      vertex -1.3223712451580925 33.322371245158095 1.738387483079428
      vertex -1.3223712451580925 33.322371245158095 18.76161251692057
      vertex -0.929832096239342 33.66661883956304 2.2616125169205725
    endloop
  endfacet
  facet normal -0.5555702330196082 0.8314696123025415 0
    outer loop
      vertex -0.49571784647720696 33.95668470767047 1.738387483079428
      vertex -0.929832096239342 33.66661883956304 2.2616125169205725
      vertex -0.49571784647720696 33.95668470767047 18.76161251692057
    endloop
  endfacet
  facet normal -0.4422886902189987 0.8968727415326896 0
    outer loop
      vertex -0.49571784647720696 33.95668470767047 1.738387483079428
      vertex -0.49571784647720696 33.95668470767047 18.76161251692057
      vertex -0.027456311044325776 34.18760574205559 1.738387483079428
    endloop
  endfacet
  facet normal -0.3214394653031631 0.9469301294951051 0
    outer loop
      vertex -0.027456311044325776 34.18760574205559 1.738387483079428
      vertex 0.46694042536142044 34.35543081979667 18.23838748307943
      vertex 0.46694042536142044 34.35543081979667 1.738387483079428
    endloop
  endfacet
  facet normal -0.19509032201613016 0.98078528040323 0
    outer loop
      vertex 0.46694042536142044 34.35543081979667 1.738387483079428
      vertex 0.46694042536142044 34.35543081979667 18.23838748307943
      vertex 0.9790130975074574 34.45728840728367 1.738387483079428
    endloop
  endfacet
  facet normal -0.06540312923013372 0.9978589232386041 0
    outer loop
      vertex 0.9790130975074574 34.45728840728367 1.738387483079428
      vertex 0.9790130975074574 34.45728840728367 18.76161251692057
      vertex 1.5 34.49143569295441 1.738387483079428
    endloop
  endfacet
  facet normal 0 0 -1
    outer loop
      vertex 1.465852714329254 30.759374385571974 -1.991435692954414
      vertex 1.5 30.76161251692057 -1.991435692954414
      vertex 31.2 24.5 -1.991435692954414
    endloop
  endfacet
  facet normal 0 0.13052619222005166 -0.9914448613738104
    outer loop
      vertex 1.5 30.76161251692057 -1.991435692954414
      vertex 1.5 31.280361288064512 -1.9231411216129217
      vertex 31.2 30.76161251692057 -1.991435692954414
    endloop
  endfacet
  facet normal 0 0.25881904510252074 -0.9659258262890683
    outer loop
      vertex 1.5 31.280361288064512 -1.9231411216129217
      vertex 1.5 31.785757861212645 -1.7877205179804228
      vertex 31.2 31.280361288064512 -1.9231411216129217
    endloop
  endfacet
  facet normal 0 0.3826834323650884 -0.9238795325112873
    outer loop
      vertex 1.5 31.785757861212645 -1.7877205179804228
      vertex 1.5 32.269154760876006 -1.587490966130753
      vertex 31.2 31.785757861212645 -1.7877205179804228
    endloop
  endfacet
  facet normal 0 0.5000000000000037 -0.8660254037844365
    outer loop
      vertex 1.5 32.269154760876006 -1.587490966130753
      vertex 1.5 32.722280932078405 -1.325878449210181
      vertex 31.2 32.269154760876006 -1.587490966130753
    endloop
  endfacet
  facet normal 0 0.6087614290087157 -0.7933533402912389
    outer loop
      vertex 1.5 32.722280932078405 -1.325878449210181
      vertex 1.5 33.13738326040028 -1.0073592299159095
      vertex 31.2 32.722280932078405 -1.325878449210181
    endloop
  endfacet
  facet normal 0 0.7071067811865527 -0.7071067811865424
    outer loop
      vertex 1.5 33.13738326040028 -1.0073592299159095
      vertex 1.5 33.507359229915906 -0.6373832604002754
      vertex 31.2 33.13738326040028 -1.0073592299159095
    endloop
  endfacet
  facet normal 0 0.7933533402912332 -0.6087614290087233
    outer loop
      vertex 1.5 33.507359229915906 -0.6373832604002754
      vertex 1.5 33.82587844921018 -0.2222809320784087
      vertex 31.2 33.507359229915906 -0.6373832604002754
    endloop
  endfacet
  facet normal 0 0.866025403784439 -0.49999999999999933
    outer loop
      vertex 1.5 33.82587844921018 -0.2222809320784087
      vertex 1.5 34.08749096613075 0.2308452391239948
      vertex 31.2 33.82587844921018 -0.2222809320784087
    endloop
  endfacet
  facet normal 0 0.923879532511284 -0.3826834323650968
    outer loop
      vertex 1.5 34.08749096613075 0.2308452391239948
      vertex 1.5 34.287720517980425 0.7142421387873537
      vertex 31.2 34.08749096613075 0.2308452391239948
    endloop
  endfacet
  facet normal 0 0.9659258262890694 -0.25881904510251635
    outer loop
      vertex 1.5 34.287720517980425 0.7142421387873537
      vertex 1.5 34.42314112161292 1.2196387119354872
      vertex 31.2 34.287720517980425 0.7142421387873537
    endloop
  endfacet
  facet normal 0 0.9914448613738112 -0.13052619222004655
    outer loop
      vertex 1.5 34.42314112161292 1.2196387119354872
      vertex 1.5 34.49143569295441 1.738387483079428
      vertex 31.2 34.42314112161292 1.2196387119354872
    endloop
  endfacet
  facet normal 0 1 0
    outer loop
      vertex 1.5 34.49143569295441 1.738387483079428
      vertex 1.5 34.49143569295441 18.76161251692057
      vertex 31.2 34.49143569295441 1.738387483079428
    endloop
  endfacet
  facet normal -1 0 0
    outer loop
      vertex -2.491435692954414 3 11
      vertex -2.491435692954414 29 12.5
      vertex -2.491435692954414 29 11
    endloop
  endfacet
  facet normal -1 0 0
    outer loop
      vertex -2.491435692954414 3 13.5
      vertex -2.491435692954414 29 15
      vertex -2.491435692954414 29 13.5
    endloop
  endfacet
  facet normal -1 0 0
    outer loop
      vertex -2.491435692954414 3 16
      vertex -2.491435692954414 30.5 18.76161251692057
      vertex -2.491435692954414 29 16
    endloop
  endfacet
  facet normal -0.9914448613738105 0 0.13052619222005166
    outer loop
      vertex -2.491435692954414 1.5 18.76161251692057
      vertex -2.4231411216129217 30.5 19.280361288064512
      vertex -2.491435692954414 30.5 18.76161251692057
    endloop
  endfacet
  facet normal -0.9659258262890683 0 0.25881904510252074
    outer loop
      vertex -2.2877205179804228 1.5 19.785757861212645
      vertex -2.2877205179804228 30.5 19.785757861212645
      vertex -2.4231411216129217 30.5 19.280361288064512
    endloop
  endfacet
  facet normal -0.9238795325112874 0 0.38268343236508845
    outer loop
      vertex -2.2877205179804228 1.5 19.785757861212645
      vertex -2.087490966130753 30.5 20.269154760876006
      vertex -2.2877205179804228 30.5 19.785757861212645
    endloop
  endfacet
  facet normal -0.8660254037844384 0 0.5000000000000007
    outer loop
      vertex -2.087490966130753 1.5 20.269154760876006
      vertex -1.9542124051813714 30.5 20.5
      vertex -2.087490966130753 30.5 20.269154760876006
    endloop
  endfacet
  facet normal -1 0 0
    outer loop
      vertex -2.491435692954414 30.5 1.738387483079428
      vertex -2.491435692954414 29 12.5
      vertex -2.491435692954414 30.5 18.76161251692057
    endloop
  endfacet
  facet normal -0.9978589232386035 0.0654031292301427 0
    outer loop
      vertex -2.457288407283668 31.020986902492545 2.2616125169205725
      vertex -2.491435692954414 30.5 18.76161251692057
      vertex -2.457288407283668 31.020986902492545 18.76161251692057
    endloop
  endfacet
  facet normal -0.9807852804032301 0.19509032201613 0
    outer loop
      vertex -2.457288407283668 31.020986902492545 2.2616125169205725
      vertex -2.457288407283668 31.020986902492545 18.76161251692057
      vertex -2.355430819796672 31.53305957463858 18.76161251692057
    endloop
  endfacet
  facet normal -0.9469301294951058 0.32143946530316103 0
    outer loop
      vertex -2.1876057420555877 32.027456311044325 2.2616125169205725
      vertex -2.355430819796672 31.53305957463858 18.76161251692057
      vertex -2.1876057420555877 32.027456311044325 18.76161251692057
    endloop
  endfacet
  facet normal -0.8968727415326879 0.44228869021900213 0
    outer loop
      vertex -2.1876057420555877 32.027456311044325 2.2616125169205725
      vertex -2.1876057420555877 32.027456311044325 18.76161251692057
      vertex -1.9566847076704668 32.495717846477206 18.76161251692057
    endloop
  endfacet
  facet normal -0.8314696123025477 0.5555702330195987 0
    outer loop
      vertex -1.9566847076704668 32.495717846477206 1.738387483079428
      vertex -1.9566847076704668 32.495717846477206 18.76161251692057
      vertex -1.666618839563045 32.929832096239345 18.23838748307943
    endloop
  endfacet
  facet normal -0.7518398074789775 0.6593458151000685 0
    outer loop
      vertex -1.3223712451580925 33.322371245158095 1.738387483079428
      vertex -1.666618839563045 32.929832096239345 18.23838748307943
      vertex -1.3223712451580925 33.322371245158095 18.76161251692057
    endloop
  endfacet
  facet normal -0.6593458151000633 0.7518398074789822 0
    outer loop
      vertex -0.929832096239342 33.66661883956304 2.2616125169205725
      vertex -1.3223712451580925 33.322371245158095 18.76161251692057
      vertex -0.929832096239342 33.66661883956304 18.76161251692057
    endloop
  endfacet
  facet normal -0.5555702330196081 0.8314696123025413 0
    outer loop
      vertex -0.929832096239342 33.66661883956304 2.2616125169205725
      vertex -0.929832096239342 33.66661883956304 18.76161251692057
      vertex -0.49571784647720696 33.95668470767047 18.76161251692057
    endloop
  endfacet
  facet normal -0.4422886902189987 0.8968727415326896 0
    outer loop
      vertex -0.027456311044325776 34.18760574205559 1.738387483079428
      vertex -0.49571784647720696 33.95668470767047 18.76161251692057
      vertex -0.027456311044325776 34.18760574205559 18.76161251692057
    endloop
  endfacet
  facet normal -0.3214394653031631 0.946930129495105 0
    outer loop
      vertex -0.027456311044325776 34.18760574205559 1.738387483079428
      vertex -0.027456311044325776 34.18760574205559 18.76161251692057
      vertex 0.46694042536142044 34.35543081979667 18.23838748307943
    endloop
  endfacet
  facet normal -0.19509032201613016 0.9807852804032301 0
    outer loop
      vertex 0.9790130975074574 34.45728840728367 1.738387483079428
      vertex 0.46694042536142044 34.35543081979667 18.23838748307943
      vertex 0.9790130975074574 34.45728840728367 18.76161251692057
    endloop
  endfacet
  facet normal -0.06540312923013372 0.9978589232386041 0
    outer loop
      vertex 1.5 34.49143569295441 1.738387483079428
      vertex 0.9790130975074574 34.45728840728367 18.76161251692057
      vertex 1.5 34.49143569295441 18.76161251692057
    endloop
  endfacet
  facet normal -1 0 0
    outer loop
      vertex -2.491435692954414 29 12.5
      vertex -2.491435692954414 29 13.5
      vertex -2.491435692954414 30.5 18.76161251692057
    endloop
  endfacet
  facet normal -1 0 0
    outer loop
      vertex -2.491435692954414 29 13.5
      vertex -2.491435692954414 29 15
      vertex -2.491435692954414 30.5 18.76161251692057
    endloop
  endfacet
  facet normal -1 0 0
    outer loop
      vertex -2.491435692954414 29 15
      vertex -2.491435692954414 29 16
      vertex -2.491435692954414 30.5 18.76161251692057
    endloop
  endfacet
  facet normal -0.9893581533630917 0.0648459593359062 0.13025147189870492
    outer loop
      vertex -2.491435692954414 30.5 18.76161251692057
      vertex -2.4231411216129217 30.5 19.280361288064512
      vertex -2.457288407283668 31.020986902492545 18.76161251692057
    endloop
  endfacet
  facet normal -0.972429961057147 0.1934283456647875 0.13025147189870556
    outer loop
      vertex -2.457288407283668 31.020986902492545 18.76161251692057
      vertex -2.2894633295425835 31.515383638898285 19.280361288064512
      vertex -2.355430819796672 31.53305957463858 18.76161251692057
    endloop
  endfacet
  facet normal -0.9388632225089949 0.318701119370871 0.13025147189870606
    outer loop
      vertex -2.355430819796672 31.53305957463858 18.76161251692057
      vertex -2.2894633295425835 31.515383638898285 19.280361288064512
      vertex -2.1876057420555877 32.027456311044325 18.76161251692057
    endloop
  endfacet
  facet normal -0.9893581533630917 0.06484595933590649 0.1302514718987052
    outer loop
      vertex -2.457288407283668 31.020986902492545 18.76161251692057
      vertex -2.4231411216129217 30.5 19.280361288064512
      vertex -2.389578105467418 31.01207267214604 19.280361288064512
    endloop
  endfacet
  facet normal -0.963995827881448 0.06318362469879275 0.2583019035878055
    outer loop
      vertex -2.4231411216129217 30.5 19.280361288064512
      vertex -2.2877205179804228 30.5 19.785757861212645
      vertex -2.2553160438718374 30.994396736405747 19.785757861212645
    endloop
  endfacet
  facet normal -0.9639958278814479 0.06318362469879239 0.2583019035878058
    outer loop
      vertex -2.4231411216129217 30.5 19.280361288064512
      vertex -2.2553160438718374 30.994396736405747 19.785757861212645
      vertex -2.389578105467418 31.01207267214604 19.280361288064512
    endloop
  endfacet
  facet normal -0.9221903271536551 0.060443547416368267 0.38198374059632384
    outer loop
      vertex -2.2877205179804228 30.5 19.785757861212645
      vertex -2.087490966130753 30.5 20.269154760876006
      vertex -2.2553160438718374 30.994396736405747 19.785757861212645
    endloop
  endfacet
  facet normal -0.9221903271536551 0.060443547416368495 0.3819837405963241
    outer loop
      vertex -2.2553160438718374 30.994396736405747 19.785757861212645
      vertex -2.087490966130753 30.5 20.269154760876006
      vertex -2.0567994835953014 30.96826153543288 20.269154760876006
    endloop
  endfacet
  facet normal -0.8646336168614386 0.0566710813155633 0.4991964514453521
    outer loop
      vertex -2.087490966130753 30.5 20.269154760876006
      vertex -1.9542124051813714 30.5 20.5
      vertex -1.924661139210741 30.950865192367587 20.5
    endloop
  endfacet
  facet normal -0.8646336168614386 0.056671081315563136 0.4991964514453524
    outer loop
      vertex -2.087490966130753 30.5 20.269154760876006
      vertex -1.924661139210741 30.950865192367587 20.5
      vertex -2.0567994835953014 30.96826153543288 20.269154760876006
    endloop
  endfacet
  facet normal -0.9724299610571469 0.193428345664788 0.1302514718987051
    outer loop
      vertex -2.457288407283668 31.020986902492545 18.76161251692057
      vertex -2.389578105467418 31.01207267214604 19.280361288064512
      vertex -2.2894633295425835 31.515383638898285 19.280361288064512
    endloop
  endfacet
  facet normal -0.9475015919962596 0.1884697847599699 0.2583019035878064
    outer loop
      vertex -2.389578105467418 31.01207267214604 19.280361288064512
      vertex -2.2553160438718374 30.994396736405747 19.785757861212645
      vertex -2.1586570710822977 31.48033420757892 19.785757861212645
    endloop
  endfacet
  facet normal -0.9475015919962596 0.18846978475997306 0.25830190358780336
    outer loop
      vertex -2.389578105467418 31.01207267214604 19.280361288064512
      vertex -2.1586570710822977 31.48033420757892 19.785757861212645
      vertex -2.2894633295425835 31.515383638898285 19.280361288064512
    endloop
  endfacet
  facet normal -0.9388632225089949 0.31870111937087114 0.13025147189870623
    outer loop
      vertex -2.1876057420555877 32.027456311044325 18.76161251692057
      vertex -2.2894633295425835 31.515383638898285 19.280361288064512
      vertex -2.124509785411551 32.00132111007146 19.280361288064512
    endloop
  endfacet
  facet normal -0.8892322739216534 0.4385208285638732 0.13025147189870673
    outer loop
      vertex -2.1876057420555877 32.027456311044325 18.76161251692057
      vertex -2.124509785411551 32.00132111007146 19.280361288064512
      vertex -1.897539873948166 32.461570560806464 19.280361288064512
    endloop
  endfacet
  facet normal -0.9147953411749455 0.3105311745502098 0.2583019035878022
    outer loop
      vertex -2.2894633295425835 31.515383638898285 19.280361288064512
      vertex -2.1586570710822977 31.48033420757892 19.785757861212645
      vertex -2.124509785411551 32.00132111007146 19.280361288064512
    endloop
  endfacet
  facet normal -0.9147953411749444 0.31053117455021123 0.2583019035878038
    outer loop
      vertex -2.1586570710822977 31.48033420757892 19.785757861212645
      vertex -1.9993974614351617 31.949497888660424 19.785757861212645
      vertex -2.124509785411551 32.00132111007146 19.280361288064512
    endloop
  endfacet
  facet normal -0.8664366884369442 0.42727928984838354 0.25830190358780325
    outer loop
      vertex -2.124509785411551 32.00132111007146 19.280361288064512
      vertex -1.9993974614351617 31.949497888660424 19.785757861212645
      vertex -1.897539873948166 32.461570560806464 19.280361288064512
    endloop
  endfacet
  facet normal -0.9064113949765936 0.1802964363946916 0.38198374059632506
    outer loop
      vertex -2.2553160438718374 30.994396736405747 19.785757861212645
      vertex -1.9652501757644156 31.42851098616788 20.269154760876006
      vertex -2.1586570710822977 31.48033420757892 19.785757861212645
    endloop
  endfacet
  facet normal -0.9064113949765936 0.18029643639469226 0.38198374059632445
    outer loop
      vertex -2.2553160438718374 30.994396736405747 19.785757861212645
      vertex -2.0567994835953014 30.96826153543288 20.269154760876006
      vertex -1.9652501757644156 31.42851098616788 20.269154760876006
    endloop
  endfacet
  facet normal -0.8751235125267673 0.2970644033586853 0.38198374059632595
    outer loop
      vertex -2.1586570710822977 31.48033420757892 19.785757861212645
      vertex -1.9652501757644156 31.42851098616788 20.269154760876006
      vertex -1.8144094766773446 31.87287335649767 20.269154760876006
    endloop
  endfacet
  facet normal -0.8498394959552115 0.1690435860331859 0.4991964514453532
    outer loop
      vertex -2.0567994835953014 30.96826153543288 20.269154760876006
      vertex -1.924661139210741 30.950865192367587 20.5
      vertex -1.8365129716527662 31.39401595629032 20.5
    endloop
  endfacet
  facet normal -0.8498394959552118 0.16904358603318625 0.49919645144535285
    outer loop
      vertex -2.0567994835953014 30.96826153543288 20.269154760876006
      vertex -1.8365129716527662 31.39401595629032 20.5
      vertex -1.9652501757644156 31.42851098616788 20.269154760876006
    endloop
  endfacet
  facet normal -0.8751235125267672 0.2970644033586894 0.3819837405963226
    outer loop
      vertex -2.1586570710822977 31.48033420757892 19.785757861212645
      vertex -1.8144094766773446 31.87287335649767 20.269154760876006
      vertex -1.9993974614351617 31.949497888660424 19.785757861212645
    endloop
  endfacet
  facet normal -0.82050438565317 0.27852370812604293 0.4991964514453532
    outer loop
      vertex -1.9652501757644156 31.42851098616788 20.269154760876006
      vertex -1.8365129716527662 31.39401595629032 20.5
      vertex -1.6912761420936528 31.82186985933288 20.5
    endloop
  endfacet
  facet normal -0.8288620241475325 0.4087495160194037 0.3819837405963224
    outer loop
      vertex -1.9993974614351617 31.949497888660424 19.785757861212645
      vertex -1.8144094766773446 31.87287335649767 20.269154760876006
      vertex -1.6068583125164113 32.29374548306538 20.269154760876006
    endloop
  endfacet
  facet normal -0.8205043856531704 0.27852370812604393 0.49919645144535213
    outer loop
      vertex -1.9652501757644156 31.42851098616788 20.269154760876006
      vertex -1.6912761420936528 31.82186985933288 20.5
      vertex -1.8144094766773446 31.87287335649767 20.269154760876006
    endloop
  endfacet
  facet normal -0.7771302178258092 0.38323821235150696 0.4991964514453522
    outer loop
      vertex -1.8144094766773446 31.87287335649767 20.269154760876006
      vertex -1.6912761420936528 31.82186985933288 20.5
      vertex -1.4914356929544141 32.22710620259069 20.5
    endloop
  endfacet
  facet normal -0.7771302178258095 0.3832382123515086 0.4991964514453501
    outer loop
      vertex -1.8144094766773446 31.87287335649767 20.269154760876006
      vertex -1.4914356929544141 32.22710620259069 20.5
      vertex -1.6068583125164113 32.29374548306538 20.269154760876006
    endloop
  endfacet
  facet normal -0.8892322739216514 0.4385208285638791 0.13025147189870076
    outer loop
      vertex -2.1876057420555877 32.027456311044325 18.76161251692057
      vertex -1.897539873948166 32.461570560806464 19.280361288064512
      vertex -1.9566847076704668 32.495717846477206 18.76161251692057
    endloop
  endfacet
  facet normal -0.8243863145857477 0.5508373247992105 0.13025147189869973
    outer loop
      vertex -1.9566847076704668 32.495717846477206 18.76161251692057
      vertex -1.897539873948166 32.461570560806464 19.280361288064512
      vertex -1.666618839563045 32.929832096239345 18.76161251692057
    endloop
  endfacet
  facet normal -0.8314696123025476 0.5555702330195987 0
    outer loop
      vertex -1.666618839563045 32.929832096239345 18.23838748307943
      vertex -1.9566847076704668 32.495717846477206 18.76161251692057
      vertex -1.666618839563045 32.929832096239345 18.76161251692057
    endloop
  endfacet
  facet normal -0.7518398074789777 0.6593458151000686 0
    outer loop
      vertex -1.666618839563045 32.929832096239345 18.23838748307943
      vertex -1.666618839563045 32.929832096239345 18.76161251692057
      vertex -1.3223712451580925 33.322371245158095 18.76161251692057
    endloop
  endfacet
  facet normal -0.7454348768442088 0.6537288416862751 0.1302514718987096
    outer loop
      vertex -1.666618839563045 32.929832096239345 18.76161251692057
      vertex -1.6124371132655142 32.888256995395956 19.280361288064512
      vertex -1.3223712451580925 33.322371245158095 18.76161251692057
    endloop
  endfacet
  facet normal -0.6537288416862705 0.7454348768442142 0.13025147189870154
    outer loop
      vertex -1.3223712451580925 33.322371245158095 18.76161251692057
      vertex -0.8882569953959574 33.612437113265514 19.280361288064512
      vertex -0.929832096239342 33.66661883956304 18.76161251692057
    endloop
  endfacet
  facet normal -0.5508373247992198 0.8243863145857413 0.13025147189870126
    outer loop
      vertex -0.929832096239342 33.66661883956304 18.76161251692057
      vertex -0.8882569953959574 33.612437113265514 19.280361288064512
      vertex -0.49571784647720696 33.95668470767047 18.76161251692057
    endloop
  endfacet
  facet normal -0.4385208285638756 0.8892322739216527 0.13025147189870323
    outer loop
      vertex -0.49571784647720696 33.95668470767047 18.76161251692057
      vertex -0.46157056080646086 33.89753987394817 19.280361288064512
      vertex -0.027456311044325776 34.18760574205559 18.76161251692057
    endloop
  endfacet
  facet normal -0.8664366884369392 0.4272792898483896 0.25830190358781036
    outer loop
      vertex -1.9993974614351617 31.949497888660424 19.785757861212645
      vertex -1.7802621910065985 32.39386025899021 19.785757861212645
      vertex -1.897539873948166 32.461570560806464 19.280361288064512
    endloop
  endfacet
  facet normal -0.8032530637381483 0.5367165380330582 0.2583019035878115
    outer loop
      vertex -1.897539873948166 32.461570560806464 19.280361288064512
      vertex -1.7802621910065985 32.39386025899021 19.785757861212645
      vertex -1.505000725029416 32.80581815521141 19.785757861212645
    endloop
  endfacet
  facet normal -0.8032530637381462 0.5367165380330643 0.25830190358780564
    outer loop
      vertex -1.897539873948166 32.461570560806464 19.280361288064512
      vertex -1.505000725029416 32.80581815521141 19.785757861212645
      vertex -1.6124371132655142 32.888256995395956 19.280361288064512
    endloop
  endfacet
  facet normal -0.8243863145857416 0.5508373247992175 0.13025147189870886
    outer loop
      vertex -1.666618839563045 32.929832096239345 18.76161251692057
      vertex -1.897539873948166 32.461570560806464 19.280361288064512
      vertex -1.6124371132655142 32.888256995395956 19.280361288064512
    endloop
  endfacet
  facet normal -0.7454348768442076 0.653728841686276 0.13025147189871106
    outer loop
      vertex -1.3223712451580925 33.322371245158095 18.76161251692057
      vertex -1.6124371132655142 32.888256995395956 19.280361288064512
      vertex -1.274079690644295 33.27407969064429 19.280361288064512
    endloop
  endfacet
  facet normal -0.7263255564149778 0.636970417446045 0.2583019035878057
    outer loop
      vertex -1.6124371132655142 32.888256995395956 19.280361288064512
      vertex -1.505000725029416 32.80581815521141 19.785757861212645
      vertex -1.1783228635033796 33.17832286350338 19.785757861212645
    endloop
  endfacet
  facet normal -0.7263255564149743 0.6369704174460518 0.2583019035877989
    outer loop
      vertex -1.6124371132655142 32.888256995395956 19.280361288064512
      vertex -1.1783228635033796 33.17832286350338 19.785757861212645
      vertex -1.274079690644295 33.27407969064429 19.280361288064512
    endloop
  endfacet
  facet normal -0.8288620241475322 0.40874951601940657 0.38198374059632
    outer loop
      vertex -1.9993974614351617 31.949497888660424 19.785757861212645
      vertex -1.6068583125164113 32.29374548306538 20.269154760876006
      vertex -1.7802621910065985 32.39386025899021 19.785757861212645
    endloop
  endfacet
  facet normal -0.7684184767311653 0.513440811134253 0.38198374059631895
    outer loop
      vertex -1.7802621910065985 32.39386025899021 19.785757861212645
      vertex -1.6068583125164113 32.29374548306538 20.269154760876006
      vertex -1.3461479412444635 32.683926127097635 20.269154760876006
    endloop
  endfacet
  facet normal -0.7684184767311658 0.5134408111342513 0.3819837405963205
    outer loop
      vertex -1.7802621910065985 32.39386025899021 19.785757861212645
      vertex -1.3461479412444635 32.683926127097635 20.269154760876006
      vertex -1.505000725029416 32.80581815521141 19.785757861212645
    endloop
  endfacet
  facet normal -0.7204591365102453 0.4813954045099336 0.49919645144534947
    outer loop
      vertex -1.6068583125164113 32.29374548306538 20.269154760876006
      vertex -1.4914356929544141 32.22710620259069 20.5
      vertex -1.2404109497260625 32.60279127987786 20.5
    endloop
  endfacet
  facet normal -0.7204591365102448 0.4813954045099301 0.4991964514453534
    outer loop
      vertex -1.6068583125164113 32.29374548306538 20.269154760876006
      vertex -1.2404109497260625 32.60279127987786 20.5
      vertex -1.3461479412444635 32.683926127097635 20.269154760876006
    endloop
  endfacet
  facet normal -0.6948270761320798 0.6093469916179025 0.38198374059631995
    outer loop
      vertex -1.505000725029416 32.80581815521141 19.785757861212645
      vertex -1.3461479412444635 32.683926127097635 20.269154760876006
      vertex -1.1783228635033796 33.17832286350338 19.785757861212645
    endloop
  endfacet
  facet normal -0.6514607996199808 0.571315787829167 0.49919645144535363
    outer loop
      vertex -1.3461479412444635 32.683926127097635 20.269154760876006
      vertex -1.2404109497260625 32.60279127987786 20.5
      vertex -0.9424970153624421 32.94249701536244 20.5
    endloop
  endfacet
  facet normal -0.694827076132068 0.6093469916179094 0.38198374059633117
    outer loop
      vertex -1.3461479412444635 32.683926127097635 20.269154760876006
      vertex -1.0367391895965343 33.03673918959653 20.269154760876006
      vertex -1.1783228635033796 33.17832286350338 19.785757861212645
    endloop
  endfacet
  facet normal -0.6093469916179038 0.6948270761320722 0.3819837405963318
    outer loop
      vertex -1.1783228635033796 33.17832286350338 19.785757861212645
      vertex -1.0367391895965343 33.03673918959653 20.269154760876006
      vertex -0.6839261270976329 33.34614794124446 20.269154760876006
    endloop
  endfacet
  facet normal -0.6514607996199808 0.5713157878291727 0.4991964514453472
    outer loop
      vertex -1.3461479412444635 32.683926127097635 20.269154760876006
      vertex -0.9424970153624421 32.94249701536244 20.5
      vertex -1.0367391895965343 33.03673918959653 20.269154760876006
    endloop
  endfacet
  facet normal -0.571315787829168 0.6514607996199855 0.4991964514453465
    outer loop
      vertex -1.0367391895965343 33.03673918959653 20.269154760876006
      vertex -0.9424970153624421 32.94249701536244 20.5
      vertex -0.6027912798778615 33.24041094972606 20.5
    endloop
  endfacet
  facet normal -0.5713157878291681 0.6514607996199855 0.49919645144534663
    outer loop
      vertex -1.0367391895965343 33.03673918959653 20.269154760876006
      vertex -0.6027912798778615 33.24041094972606 20.5
      vertex -0.6839261270976329 33.34614794124446 20.269154760876006
    endloop
  endfacet
  facet normal -0.6537288416862777 0.7454348768442062 0.13025147189871203
    outer loop
      vertex -1.3223712451580925 33.322371245158095 18.76161251692057
      vertex -1.274079690644295 33.27407969064429 19.280361288064512
      vertex -0.8882569953959574 33.612437113265514 19.280361288064512
    endloop
  endfacet
  facet normal -0.5508373247992178 0.8243863145857423 0.13025147189870337
    outer loop
      vertex -0.49571784647720696 33.95668470767047 18.76161251692057
      vertex -0.8882569953959574 33.612437113265514 19.280361288064512
      vertex -0.46157056080646086 33.89753987394817 19.280361288064512
    endloop
  endfacet
  facet normal -0.6369704174460535 0.7263255564149732 0.25830190358779803
    outer loop
      vertex -1.274079690644295 33.27407969064429 19.280361288064512
      vertex -1.1783228635033796 33.17832286350338 19.785757861212645
      vertex -0.8882569953959574 33.612437113265514 19.280361288064512
    endloop
  endfacet
  facet normal -0.63697041744605 0.7263255564149749 0.2583019035878015
    outer loop
      vertex -1.1783228635033796 33.17832286350338 19.785757861212645
      vertex -0.8058181552114139 33.50500072502942 19.785757861212645
      vertex -0.8882569953959574 33.612437113265514 19.280361288064512
    endloop
  endfacet
  facet normal -0.5367165380330581 0.8032530637381516 0.2583019035878011
    outer loop
      vertex -0.8882569953959574 33.612437113265514 19.280361288064512
      vertex -0.8058181552114139 33.50500072502942 19.785757861212645
      vertex -0.3938602589902116 33.7802621910066 19.785757861212645
    endloop
  endfacet
  facet normal -0.5367165380330636 0.8032530637381455 0.2583019035878086
    outer loop
      vertex -0.8882569953959574 33.612437113265514 19.280361288064512
      vertex -0.3938602589902116 33.7802621910066 19.785757861212645
      vertex -0.46157056080646086 33.89753987394817 19.280361288064512
    endloop
  endfacet
  facet normal -0.4385208285638784 0.8892322739216518 0.13025147189870037
    outer loop
      vertex -0.027456311044325776 34.18760574205559 18.76161251692057
      vertex -0.46157056080646086 33.89753987394817 19.280361288064512
      vertex -0.0013211100714611845 34.124509785411554 19.280361288064512
    endloop
  endfacet
  facet normal -0.4272792898483875 0.8664366884369407 0.25830190358780897
    outer loop
      vertex -0.46157056080646086 33.89753987394817 19.280361288064512
      vertex -0.3938602589902116 33.7802621910066 19.785757861212645
      vertex -0.0013211100714611845 34.124509785411554 19.280361288064512
    endloop
  endfacet
  facet normal -0.4272792898483801 0.866436688436942 0.25830190358781563
    outer loop
      vertex -0.3938602589902116 33.7802621910066 19.785757861212645
      vertex 0.05050211133957605 33.99939746143516 19.785757861212645
      vertex -0.0013211100714611845 34.124509785411554 19.280361288064512
    endloop
  endfacet
  facet normal -0.6093469916179035 0.6948270761320727 0.38198374059633117
    outer loop
      vertex -1.1783228635033796 33.17832286350338 19.785757861212645
      vertex -0.6839261270976329 33.34614794124446 20.269154760876006
      vertex -0.8058181552114139 33.50500072502942 19.785757861212645
    endloop
  endfacet
  facet normal -0.5134408111342497 0.7684184767311611 0.3819837405963319
    outer loop
      vertex -0.8058181552114139 33.50500072502942 19.785757861212645
      vertex -0.6839261270976329 33.34614794124446 20.269154760876006
      vertex -0.2937454830653765 33.60685831251641 20.269154760876006
    endloop
  endfacet
  facet normal -0.5134408111342478 0.7684184767311637 0.3819837405963294
    outer loop
      vertex -0.8058181552114139 33.50500072502942 19.785757861212645
      vertex -0.2937454830653765 33.60685831251641 20.269154760876006
      vertex -0.3938602589902116 33.7802621910066 19.785757861212645
    endloop
  endfacet
  facet normal -0.40874951601939924 0.8288620241475383 0.3819837405963143
    outer loop
      vertex -0.3938602589902116 33.7802621910066 19.785757861212645
      vertex 0.12712664350233105 33.81440947667735 20.269154760876006
      vertex 0.05050211133957605 33.99939746143516 19.785757861212645
    endloop
  endfacet
  facet normal -0.40874951601941273 0.8288620241475245 0.3819837405963299
    outer loop
      vertex -0.3938602589902116 33.7802621910066 19.785757861212645
      vertex -0.2937454830653765 33.60685831251641 20.269154760876006
      vertex 0.12712664350233105 33.81440947667735 20.269154760876006
    endloop
  endfacet
  facet normal -0.481395404509929 0.7204591365102507 0.4991964514453459
    outer loop
      vertex -0.6027912798778615 33.24041094972606 20.5
      vertex -0.2271062025906858 33.49143569295441 20.5
      vertex -0.6839261270976329 33.34614794124446 20.269154760876006
    endloop
  endfacet
  facet normal -0.48139540450993046 0.7204591365102461 0.4991964514453515
    outer loop
      vertex -0.6839261270976329 33.34614794124446 20.269154760876006
      vertex -0.2271062025906858 33.49143569295441 20.5
      vertex -0.2937454830653765 33.60685831251641 20.269154760876006
    endloop
  endfacet
  facet normal -0.38323821235151817 0.7771302178258037 0.49919645144535185
    outer loop
      vertex -0.2937454830653765 33.60685831251641 20.269154760876006
      vertex -0.2271062025906858 33.49143569295441 20.5
      vertex 0.17813014066712046 33.691276142093656 20.5
    endloop
  endfacet
  facet normal -0.38323821235151806 0.7771302178258037 0.4991964514453517
    outer loop
      vertex -0.2937454830653765 33.60685831251641 20.269154760876006
      vertex 0.17813014066712046 33.691276142093656 20.5
      vertex 0.12712664350233105 33.81440947667735 20.269154760876006
    endloop
  endfacet
  facet normal -0.3214394653031631 0.9469301294951052 0
    outer loop
      vertex -0.027456311044325776 34.18760574205559 18.76161251692057
      vertex 0.46694042536142044 34.35543081979667 18.76161251692057
      vertex 0.46694042536142044 34.35543081979667 18.23838748307943
    endloop
  endfacet
  facet normal -0.19509032201613014 0.98078528040323 0
    outer loop
      vertex 0.46694042536142044 34.35543081979667 18.23838748307943
      vertex 0.46694042536142044 34.35543081979667 18.76161251692057
      vertex 0.9790130975074574 34.45728840728367 18.76161251692057
    endloop
  endfacet
  facet normal -0.3187011193708732 0.9388632225089948 0.13025147189870012
    outer loop
      vertex -0.027456311044325776 34.18760574205559 18.76161251692057
      vertex -0.0013211100714611845 34.124509785411554 19.280361288064512
      vertex 0.46694042536142044 34.35543081979667 18.76161251692057
    endloop
  endfacet
  facet normal -0.19342834566478778 0.9724299610571473 0.13025147189870281
    outer loop
      vertex 0.46694042536142044 34.35543081979667 18.76161251692057
      vertex 0.9879273278539631 34.38957810546742 19.280361288064512
      vertex 0.9790130975074574 34.45728840728367 18.76161251692057
    endloop
  endfacet
  facet normal -0.06484595933589735 0.9893581533630931 0.1302514718987
    outer loop
      vertex 0.9790130975074574 34.45728840728367 18.76161251692057
      vertex 1.5 34.42314112161292 19.280361288064512
      vertex 1.5 34.49143569295441 18.76161251692057
    endloop
  endfacet
  facet normal -0.3187011193708686 0.9388632225089958 0.1302514718987047
    outer loop
      vertex -0.0013211100714611845 34.124509785411554 19.280361288064512
      vertex 0.48461636110171114 34.289463329542585 19.280361288064512
      vertex 0.46694042536142044 34.35543081979667 18.76161251692057
    endloop
  endfacet
  facet normal -0.1934283456647897 0.9724299610571465 0.13025147189870478
    outer loop
      vertex 0.46694042536142044 34.35543081979667 18.76161251692057
      vertex 0.48461636110171114 34.289463329542585 19.280361288064512
      vertex 0.9879273278539631 34.38957810546742 19.280361288064512
    endloop
  endfacet
  facet normal -0.31053117455021073 0.9147953411749412 0.25830190358781613
    outer loop
      vertex -0.0013211100714611845 34.124509785411554 19.280361288064512
      vertex 0.05050211133957605 33.99939746143516 19.785757861212645
      vertex 0.5196657924210819 34.158657071082295 19.785757861212645
    endloop
  endfacet
  facet normal -0.31053117455020646 0.9147953411749441 0.2583019035878115
    outer loop
      vertex -0.0013211100714611845 34.124509785411554 19.280361288064512
      vertex 0.5196657924210819 34.158657071082295 19.785757861212645
      vertex 0.48461636110171114 34.289463329542585 19.280361288064512
    endloop
  endfacet
  facet normal -0.06484595933590007 0.9893581533630924 0.1302514718987027
    outer loop
      vertex 0.9790130975074574 34.45728840728367 18.76161251692057
      vertex 0.9879273278539631 34.38957810546742 19.280361288064512
      vertex 1.5 34.42314112161292 19.280361288064512
    endloop
  endfacet
  facet normal -0.1884697847599743 0.9475015919962573 0.2583019035878117
    outer loop
      vertex 0.48461636110171114 34.289463329542585 19.280361288064512
      vertex 0.5196657924210819 34.158657071082295 19.785757861212645
      vertex 0.9879273278539631 34.38957810546742 19.280361288064512
    endloop
  endfacet
  facet normal -0.1884697847599725 0.9475015919962572 0.25830190358781324
    outer loop
      vertex 0.5196657924210819 34.158657071082295 19.785757861212645
      vertex 1.0056032635942538 34.25531604387184 19.785757861212645
      vertex 0.9879273278539631 34.38957810546742 19.280361288064512
    endloop
  endfacet
  facet normal -0.0631836246987988 0.9639958278814453 0.25830190358781363
    outer loop
      vertex 0.9879273278539631 34.38957810546742 19.280361288064512
      vertex 1.0056032635942538 34.25531604387184 19.785757861212645
      vertex 1.5 34.287720517980425 19.785757861212645
    endloop
  endfacet
  facet normal -0.27852370812604044 0.8205043856531719 0.49919645144535185
    outer loop
      vertex 0.12712664350233105 33.81440947667735 20.269154760876006
      vertex 0.17813014066712046 33.691276142093656 20.5
      vertex 0.6059840437096761 33.836512971652766 20.5
    endloop
  endfacet
  facet normal -0.27852370812604277 0.8205043856531677 0.499196451445357
    outer loop
      vertex 0.12712664350233105 33.81440947667735 20.269154760876006
      vertex 0.6059840437096761 33.836512971652766 20.5
      vertex 0.5714890138321191 33.96525017576442 20.269154760876006
    endloop
  endfacet
  facet normal -0.29706440335869105 0.8751235125267708 0.38198374059631385
    outer loop
      vertex 0.05050211133957605 33.99939746143516 19.785757861212645
      vertex 0.12712664350233105 33.81440947667735 20.269154760876006
      vertex 0.5196657924210819 34.158657071082295 19.785757861212645
    endloop
  endfacet
  facet normal -0.29706440335868617 0.8751235125267707 0.3819837405963178
    outer loop
      vertex 0.5196657924210819 34.158657071082295 19.785757861212645
      vertex 0.12712664350233105 33.81440947667735 20.269154760876006
      vertex 0.5714890138321191 33.96525017576442 20.269154760876006
    endloop
  endfacet
  facet normal -0.1690435860331861 0.8498394959552092 0.4991964514453571
    outer loop
      vertex 0.6059840437096761 33.836512971652766 20.5
      vertex 1.0491348076324096 33.92466113921074 20.5
      vertex 0.5714890138321191 33.96525017576442 20.269154760876006
    endloop
  endfacet
  facet normal -0.18029643639469506 0.9064113949765962 0.38198374059631746
    outer loop
      vertex 0.5196657924210819 34.158657071082295 19.785757861212645
      vertex 0.5714890138321191 33.96525017576442 20.269154760876006
      vertex 1.0056032635942538 34.25531604387184 19.785757861212645
    endloop
  endfacet
  facet normal -0.18029643639468335 0.9064113949765944 0.381983740596327
    outer loop
      vertex 1.0056032635942538 34.25531604387184 19.785757861212645
      vertex 0.5714890138321191 33.96525017576442 20.269154760876006
      vertex 1.0317384645671188 34.0567994835953 20.269154760876006
    endloop
  endfacet
  facet normal -0.06044354741637011 0.9221903271536539 0.38198374059632684
    outer loop
      vertex 1.0056032635942538 34.25531604387184 19.785757861212645
      vertex 1.0317384645671188 34.0567994835953 20.269154760876006
      vertex 1.5 34.08749096613075 20.269154760876006
    endloop
  endfacet
  facet normal -0.16904358603317904 0.8498394959552182 0.4991964514453442
    outer loop
      vertex 0.5714890138321191 33.96525017576442 20.269154760876006
      vertex 1.0491348076324096 33.92466113921074 20.5
      vertex 1.0317384645671188 34.0567994835953 20.269154760876006
    endloop
  endfacet
  facet normal -0.05667108131556573 0.8646336168614432 0.49919645144534386
    outer loop
      vertex 1.0317384645671188 34.0567994835953 20.269154760876006
      vertex 1.0491348076324096 33.92466113921074 20.5
      vertex 1.5 33.95421240518137 20.5
    endloop
  endfacet
  facet normal -0.06318362469878619 0.9639958278814494 0.2583019035878017
    outer loop
      vertex 0.9879273278539631 34.38957810546742 19.280361288064512
      vertex 1.5 34.287720517980425 19.785757861212645
      vertex 1.5 34.42314112161292 19.280361288064512
    endloop
  endfacet
  facet normal -0.060443547416373984 0.9221903271536522 0.38198374059633033
    outer loop
      vertex 1.0056032635942538 34.25531604387184 19.785757861212645
      vertex 1.5 34.08749096613075 20.269154760876006
      vertex 1.5 34.287720517980425 19.785757861212645
    endloop
  endfacet
  facet normal -0.056671081315565024 0.8646336168614439 0.4991964514453427
    outer loop
      vertex 1.0317384645671188 34.0567994835953 20.269154760876006
      vertex 1.5 33.95421240518137 20.5
      vertex 1.5 34.08749096613075 20.269154760876006
    endloop
  endfacet
  facet normal 0 1 0
    outer loop
      vertex 1.5 34.49143569295441 18.76161251692057
      vertex 20.723263308980673 34.49143569295441 12.669334998469477
      vertex 21.02512626584708 34.49143569295441 12.325126265847082
    endloop
  endfacet
  facet normal 0 1 0
    outer loop
      vertex 1.5 34.49143569295441 18.76161251692057
      vertex 20.46891108675446 34.49143569295441 13.049999999999999
      vertex 20.723263308980673 34.49143569295441 12.669334998469477
    endloop
  endfacet
  facet normal 0 0.9914448613738109 0.13052619222004663
    outer loop
      vertex 1.5 34.49143569295441 18.76161251692057
      vertex 1.5 34.42314112161292 19.280361288064512
      vertex 33.9 34.42314112161292 19.280361288064512
    endloop
  endfacet
  facet normal 0 0.9659258262890693 0.2588190451025168
    outer loop
      vertex 1.5 34.42314112161292 19.280361288064512
      vertex 1.5 34.287720517980425 19.785757861212645
      vertex 33.9 34.287720517980425 19.785757861212645
    endloop
  endfacet
  facet normal 0 0.9238795325112847 0.38268343236509494
    outer loop
      vertex 1.5 34.287720517980425 19.785757861212645
      vertex 1.5 34.08749096613075 20.269154760876006
      vertex 33.9 34.08749096613075 20.269154760876006
    endloop
  endfacet
  facet normal 0 0.8660254037844437 0.4999999999999912
    outer loop
      vertex 1.5 34.08749096613075 20.269154760876006
      vertex 1.5 33.95421240518137 20.5
      vertex 33.9 33.95421240518137 20.5
    endloop
  endfacet
  facet normal 0 1 0
    outer loop
      vertex 1.5 34.49143569295441 18.76161251692057
      vertex 20.02994298519166 34.49143569295441 14.343158327229819
      vertex 20.11925960798826 34.49143569295441 13.894133342141176
    endloop
  endfacet
  facet normal 0 1 0
    outer loop
      vertex 1.5 34.49143569295441 18.76161251692057
      vertex 19.999999999999996 34.49143569295441 14.799999999999999
      vertex 20.02994298519166 34.49143569295441 14.343158327229819
    endloop
  endfacet
  facet normal 0 1 0
    outer loop
      vertex 1.5 34.49143569295441 18.76161251692057
      vertex 20.02994298519166 34.49143569295441 15.256841672770179
      vertex 19.999999999999996 34.49143569295441 14.799999999999999
    endloop
  endfacet
  facet normal 0 1 0
    outer loop
      vertex 1.5 34.49143569295441 18.76161251692057
      vertex 20.266421636210495 34.49143569295441 13.460607986722184
      vertex 20.46891108675446 34.49143569295441 13.049999999999999
    endloop
  endfacet
  facet normal 0 1 0
    outer loop
      vertex 1.5 34.49143569295441 18.76161251692057
      vertex 20.11925960798826 34.49143569295441 13.894133342141176
      vertex 20.266421636210495 34.49143569295441 13.460607986722184
    endloop
  endfacet
  facet normal 0 1 0
    outer loop
      vertex 1.5 34.49143569295441 18.76161251692057
      vertex 20.11925960798826 34.49143569295441 15.705866657858822
      vertex 20.02994298519166 34.49143569295441 15.256841672770179
    endloop
  endfacet
  facet normal 0 1 0
    outer loop
      vertex 1.5 34.49143569295441 18.76161251692057
      vertex 20.266421636210495 34.49143569295441 16.139392013277813
      vertex 20.11925960798826 34.49143569295441 15.705866657858822
    endloop
  endfacet
  facet normal 0 1 0
    outer loop
      vertex 1.5 34.49143569295441 18.76161251692057
      vertex 20.46891108675446 34.49143569295441 16.549999999999997
      vertex 20.266421636210495 34.49143569295441 16.139392013277813
    endloop
  endfacet
  facet normal 0 1 0
    outer loop
      vertex 1.5 34.49143569295441 18.76161251692057
      vertex 20.723263308980673 34.49143569295441 16.93066500153052
      vertex 20.46891108675446 34.49143569295441 16.549999999999997
    endloop
  endfacet
  facet normal 0 1 0
    outer loop
      vertex 1.5 34.49143569295441 18.76161251692057
      vertex 21.02512626584708 34.49143569295441 17.274873734152916
      vertex 20.723263308980673 34.49143569295441 16.93066500153052
    endloop
  endfacet
  facet normal 0 1 0
    outer loop
      vertex 1.5 34.49143569295441 18.76161251692057
      vertex 21.369334998469476 34.49143569295441 17.57673669101932
      vertex 21.02512626584708 34.49143569295441 17.274873734152916
    endloop
  endfacet
  facet normal 0 1 0
    outer loop
      vertex 1.5 34.49143569295441 18.76161251692057
      vertex 21.749999999999996 34.49143569295441 17.831088913245534
      vertex 21.369334998469476 34.49143569295441 17.57673669101932
    endloop
  endfacet
  facet normal 0 1 0
    outer loop
      vertex 1.5 34.49143569295441 18.76161251692057
      vertex 22.160607986722184 34.49143569295441 18.033578363789502
      vertex 21.749999999999996 34.49143569295441 17.831088913245534
    endloop
  endfacet
  facet normal 0 1 0
    outer loop
      vertex 1.5 34.49143569295441 18.76161251692057
      vertex 22.594133342141173 34.49143569295441 18.18074039201174
      vertex 22.160607986722184 34.49143569295441 18.033578363789502
    endloop
  endfacet
  facet normal 0 1 0
    outer loop
      vertex 1.5 34.49143569295441 18.76161251692057
      vertex 23.04315832722982 34.49143569295441 18.270057014808337
      vertex 22.594133342141173 34.49143569295441 18.18074039201174
    endloop
  endfacet
  facet normal 0 1 0
    outer loop
      vertex 1.5 34.49143569295441 18.76161251692057
      vertex 23.499999999999996 34.49143569295441 18.299999999999997
      vertex 23.04315832722982 34.49143569295441 18.270057014808337
    endloop
  endfacet
  facet normal 0 -1 0
    outer loop
      vertex 1.5 -2.491435692954414 2.2616125169205725
      vertex 33.9 -2.491435692954414 1.738387483079428
      vertex 20.671779055671934 -2.491435692954414 5.409037355874981
    endloop
  endfacet
  facet normal 0 -0.4999999999999999 -0.8660254037844386
    outer loop
      vertex 1.5 -0.2691547608760052 -1.587490966130753
      vertex 33.9 -0.2691547608760052 -1.587490966130753
      vertex 33.9 -0.7222809320784087 -1.325878449210181
    endloop
  endfacet
  facet normal 0 -0.6087614290087207 -0.7933533402912353
    outer loop
      vertex 1.5 -1.1373832604002754 -1.0073592299159095
      vertex 33.9 -0.7222809320784087 -1.325878449210181
      vertex 33.9 -1.1373832604002754 -1.0073592299159095
    endloop
  endfacet
  facet normal 0 -0.7071067811865476 -0.7071067811865476
    outer loop
      vertex 1.5 -1.1373832604002754 -1.0073592299159095
      vertex 33.9 -1.1373832604002754 -1.0073592299159095
      vertex 33.9 -1.5073592299159095 -0.6373832604002754
    endloop
  endfacet
  facet normal 0 -0.7933533402912353 -0.6087614290087207
    outer loop
      vertex 1.5 -1.5073592299159095 -0.6373832604002754
      vertex 33.9 -1.5073592299159095 -0.6373832604002754
      vertex 33.9 -1.825878449210181 -0.2222809320784087
    endloop
  endfacet
  facet normal 0 -0.8660254037844386 -0.4999999999999999
    outer loop
      vertex 1.5 -1.825878449210181 -0.2222809320784087
      vertex 33.9 -1.825878449210181 -0.2222809320784087
      vertex 33.9 -2.087490966130753 0.2308452391239948
    endloop
  endfacet
  facet normal 0 -0.9238795325112865 -0.38268343236509017
    outer loop
      vertex 1.5 -2.2877205179804228 0.7142421387873537
      vertex 33.9 -2.087490966130753 0.2308452391239948
      vertex 33.9 -2.2877205179804228 0.7142421387873537
    endloop
  endfacet
  facet normal 0 -0.38268343236509017 -0.9238795325112865
    outer loop
      vertex 1.5 -0.2691547608760052 -1.587490966130753
      vertex 33.9 0.21424213878735365 -1.7877205179804228
      vertex 33.9 -0.2691547608760052 -1.587490966130753
    endloop
  endfacet
  facet normal 0 -0.2588190451025203 -0.9659258262890683
    outer loop
      vertex 1.5 0.21424213878735365 -1.7877205179804228
      vertex 33.9 0.7196387119354872 -1.9231411216129217
      vertex 33.9 0.21424213878735365 -1.7877205179804228
    endloop
  endfacet
  facet normal 0 -0.13052619222005152 -0.9914448613738104
    outer loop
      vertex 1.5 0.7196387119354872 -1.9231411216129217
      vertex 33.9 1.238387483079428 -1.991435692954414
      vertex 33.9 0.7196387119354872 -1.9231411216129217
    endloop
  endfacet
  facet normal 0 0 -1
    outer loop
      vertex 1.5 1.238387483079428 -1.991435692954414
      vertex 34.08498798475782 1.315012015242183 -1.991435692954414
      vertex 33.9 1.238387483079428 -1.991435692954414
    endloop
  endfacet
  facet normal 0 -0.9659258262890683 -0.2588190451025203
    outer loop
      vertex 1.5 -2.4231411216129217 1.2196387119354872
      vertex 33.9 -2.2877205179804228 0.7142421387873537
      vertex 33.9 -2.4231411216129217 1.2196387119354872
    endloop
  endfacet
  facet normal 0 -0.9914448613738104 -0.13052619222005152
    outer loop
      vertex 1.5 -2.4231411216129217 1.2196387119354872
      vertex 33.9 -2.4231411216129217 1.2196387119354872
      vertex 33.9 -2.491435692954414 1.738387483079428
    endloop
  endfacet
  facet normal 0 -1 0
    outer loop
      vertex 20.671779055671934 -2.491435692954414 5.409037355874981
      vertex 33.9 -2.491435692954414 1.738387483079428
      vertex 21.082316184895834 -2.491435692954414 5.327376443603807
    endloop
  endfacet
  facet normal 0 -1 0
    outer loop
      vertex 21.082316184895834 -2.491435692954414 5.327376443603807
      vertex 33.9 -2.491435692954414 1.738387483079428
      vertex 21.5 -2.491435692954414 5.3
    endloop
  endfacet
  facet normal 0 -1 0
    outer loop
      vertex 21.5 -2.491435692954414 5.3
      vertex 33.9 -2.491435692954414 1.738387483079428
      vertex 21.917683815104166 -2.491435692954414 5.327376443603807
    endloop
  endfacet
  facet normal 0 -1 0
    outer loop
      vertex 21.917683815104166 -2.491435692954414 5.327376443603807
      vertex 33.9 -2.491435692954414 1.738387483079428
      vertex 22.328220944328066 -2.491435692954414 5.409037355874981
    endloop
  endfacet
  facet normal 0 -1 0
    outer loop
      vertex 22.328220944328066 -2.491435692954414 5.409037355874981
      vertex 33.9 -2.491435692954414 1.738387483079428
      vertex 22.724586983568287 -2.491435692954414 5.543585495963882
    endloop
  endfacet
  facet normal 0 -1 0
    outer loop
      vertex 22.724586983568287 -2.491435692954414 5.543585495963882
      vertex 33.9 -2.491435692954414 1.738387483079428
      vertex 23.1 -2.491435692954414 5.728718707889796
    endloop
  endfacet
  facet normal 0 -1 0
    outer loop
      vertex 23.1 -2.491435692954414 5.728718707889796
      vertex 33.9 -2.491435692954414 1.738387483079428
      vertex 23.448036572827906 -2.491435692954414 5.9612693110680475
    endloop
  endfacet
  facet normal 0 -1 0
    outer loop
      vertex 23.448036572827906 -2.491435692954414 5.9612693110680475
      vertex 33.9 -2.491435692954414 1.738387483079428
      vertex 23.76274169979695 -2.491435692954414 6.237258300203047
    endloop
  endfacet
  facet normal 0 -1 0
    outer loop
      vertex 23.76274169979695 -2.491435692954414 6.237258300203047
      vertex 33.9 -2.491435692954414 1.738387483079428
      vertex 24.038730688931953 -2.491435692954414 6.551963427172094
    endloop
  endfacet
  facet normal 0 -1 0
    outer loop
      vertex 24.038730688931953 -2.491435692954414 6.551963427172094
      vertex 26.595543642135613 -2.491435692954414 7.190966988519462
      vertex 24.271281292110203 -2.491435692954414 6.9
    endloop
  endfacet
  facet normal 0 -1 0
    outer loop
      vertex 24.271281292110203 -2.491435692954414 6.9
      vertex 26.290966988519465 -2.491435692954414 7.495543642135611
      vertex 24.45641450403612 -2.491435692954414 7.275413016431712
    endloop
  endfacet
  facet normal 0 -1 0
    outer loop
      vertex 24.45641450403612 -2.491435692954414 7.275413016431712
      vertex 26.17105808375568 -2.491435692954414 7.675
      vertex 24.590962644125018 -2.491435692954414 7.671779055671934
    endloop
  endfacet
  facet normal 0 -1 0
    outer loop
      vertex 24.590962644125018 -2.491435692954414 7.671779055671934
      vertex 26.00622238662304 -2.491435692954414 8.07294857558084
      vertex 24.672623556396193 -2.491435692954414 8.082316184895834
    endloop
  endfacet
  facet normal 0 -1 0
    outer loop
      vertex 24.672623556396193 -2.491435692954414 8.082316184895834
      vertex 25.950000000000003 -2.491435692954414 8.5
      vertex 24.7 -2.491435692954414 8.5
    endloop
  endfacet
  facet normal 0 -1 0
    outer loop
      vertex 24.038730688931953 -2.491435692954414 6.551963427172094
      vertex 26.775000000000002 -2.491435692954414 7.071058083755677
      vertex 26.595543642135613 -2.491435692954414 7.190966988519462
    endloop
  endfacet
  facet normal 0 -1 0
    outer loop
      vertex 24.271281292110203 -2.491435692954414 6.9
      vertex 26.595543642135613 -2.491435692954414 7.190966988519462
      vertex 26.4332738110422 -2.491435692954414 7.333273811042197
    endloop
  endfacet
  facet normal 0 -1 0
    outer loop
      vertex 24.038730688931953 -2.491435692954414 6.551963427172094
      vertex 27.384631782836916 -2.491435692954414 6.864115978733213
      vertex 27.172948575580843 -2.491435692954414 6.906222386623037
    endloop
  endfacet
  facet normal 0 -1 0
    outer loop
      vertex 24.038730688931953 -2.491435692954414 6.551963427172094
      vertex 27.6 -2.491435692954414 6.85
      vertex 27.384631782836916 -2.491435692954414 6.864115978733213
    endloop
  endfacet
  facet normal 0 -1 0
    outer loop
      vertex 24.038730688931953 -2.491435692954414 6.551963427172094
      vertex 26.968572336597603 -2.491435692954414 6.975598771356377
      vertex 26.775000000000002 -2.491435692954414 7.071058083755677
    endloop
  endfacet
  facet normal 0 -1 0
    outer loop
      vertex 24.038730688931953 -2.491435692954414 6.551963427172094
      vertex 27.172948575580843 -2.491435692954414 6.906222386623037
      vertex 26.968572336597603 -2.491435692954414 6.975598771356377
    endloop
  endfacet
  facet normal 0 -1 0
    outer loop
      vertex 24.271281292110203 -2.491435692954414 6.9
      vertex 26.4332738110422 -2.491435692954414 7.333273811042197
      vertex 26.290966988519465 -2.491435692954414 7.495543642135611
    endloop
  endfacet
  facet normal 0 -1 0
    outer loop
      vertex 24.45641450403612 -2.491435692954414 7.275413016431712
      vertex 26.290966988519465 -2.491435692954414 7.495543642135611
      vertex 26.17105808375568 -2.491435692954414 7.675
    endloop
  endfacet
  facet normal 0 -1 0
    outer loop
      vertex 24.590962644125018 -2.491435692954414 7.671779055671934
      vertex 26.17105808375568 -2.491435692954414 7.675
      vertex 26.07559877135638 -2.491435692954414 7.868572336597602
    endloop
  endfacet
  facet normal 0 -1 0
    outer loop
      vertex 24.590962644125018 -2.491435692954414 7.671779055671934
      vertex 26.07559877135638 -2.491435692954414 7.868572336597602
      vertex 26.00622238662304 -2.491435692954414 8.07294857558084
    endloop
  endfacet
  facet normal 0 -1 0
    outer loop
      vertex 24.672623556396193 -2.491435692954414 8.082316184895834
      vertex 26.00622238662304 -2.491435692954414 8.07294857558084
      vertex 25.964115978733215 -2.491435692954414 8.284631782836914
    endloop
  endfacet
  facet normal 0 -1 0
    outer loop
      vertex 24.672623556396193 -2.491435692954414 8.082316184895834
      vertex 25.964115978733215 -2.491435692954414 8.284631782836914
      vertex 25.950000000000003 -2.491435692954414 8.5
    endloop
  endfacet
  facet normal 0 -1 0
    outer loop
      vertex 24.7 -2.491435692954414 8.5
      vertex 25.950000000000003 -2.491435692954414 8.5
      vertex 25.964115978733215 -2.491435692954414 8.715368217163086
    endloop
  endfacet
  facet normal 0 -1 0
    outer loop
      vertex 24.7 -2.491435692954414 8.5
      vertex 25.964115978733215 -2.491435692954414 8.715368217163086
      vertex 26.00622238662304 -2.491435692954414 8.92705142441916
    endloop
  endfacet
  facet normal 0 -1 0
    outer loop
      vertex 24.7 -2.491435692954414 8.5
      vertex 26.00622238662304 -2.491435692954414 8.92705142441916
      vertex 26.07559877135638 -2.491435692954414 9.131427663402398
    endloop
  endfacet
  facet normal 0 -1 0
    outer loop
      vertex 24.7 -2.491435692954414 8.5
      vertex 26.07559877135638 -2.491435692954414 9.131427663402398
      vertex 26.17105808375568 -2.491435692954414 9.325
    endloop
  endfacet
  facet normal 0 -1 0
    outer loop
      vertex 24.7 -2.491435692954414 8.5
      vertex 26.17105808375568 -2.491435692954414 9.325
      vertex 26.290966988519465 -2.491435692954414 9.504456357864388
    endloop
  endfacet
  facet normal 0.032754147373531314 -0.49973171948302253 -0.8655607282983527
    outer loop
      vertex 33.9 -0.7222809320784087 -1.325878449210181
      vertex 34.13092103438512 -0.25401939664552753 -1.587490966130753
      vertex 34.19006586810742 -0.7032690106381398 -1.325878449210181
    endloop
  endfacet
  facet normal 0.03275414737353115 -0.4997317194830224 -0.8655607282983528
    outer loop
      vertex 33.9 -0.7222809320784087 -1.325878449210181
      vertex 33.9 -0.2691547608760052 -1.587490966130753
      vertex 34.13092103438512 -0.25401939664552753 -1.587490966130753
    endloop
  endfacet
  facet normal 0.03986860856678087 -0.608277421642603 -0.7927225696110688
    outer loop
      vertex 33.9 -0.7222809320784087 -1.325878449210181
      vertex 34.24424759440495 -1.1148200809971591 -1.0073592299159095
      vertex 33.9 -1.1373832604002754 -1.0073592299159095
    endloop
  endfacet
  facet normal 0.0462965318461389 -0.7063485793639778 -0.7063485793639778
    outer loop
      vertex 33.9 -1.5073592299159095 -0.6373832604002754
      vertex 33.9 -1.1373832604002754 -1.0073592299159095
      vertex 34.24424759440495 -1.1148200809971591 -1.0073592299159095
    endloop
  endfacet
  facet normal 0.04629653184613965 -0.7063485793639781 -0.7063485793639775
    outer loop
      vertex 33.9 -1.5073592299159095 -0.6373832604002754
      vertex 34.24424759440495 -1.1148200809971591 -1.0073592299159095
      vertex 34.29253914891875 -1.481630854805228 -0.6373832604002754
    endloop
  endfacet
  facet normal 0.09770200957786353 -0.49118117121086025 -0.8655607282983527
    outer loop
      vertex 34.19006586810742 -0.7032690106381398 -1.325878449210181
      vertex 34.13092103438512 -0.25401939664552753 -1.587490966130753
      vertex 34.47516862879007 -0.6465585455642779 -1.325878449210181
    endloop
  endfacet
  facet normal 0.09770200957786451 -0.4911811712108595 -0.865560728298353
    outer loop
      vertex 34.13092103438512 -0.25401939664552753 -1.587490966130753
      vertex 34.3578909458485 -0.20887227423239452 -1.587490966130753
      vertex 34.47516862879007 -0.6465585455642779 -1.325878449210181
    endloop
  endfacet
  facet normal 0.16097816331020603 -0.47422637691813085 -0.8655607282983531
    outer loop
      vertex 34.3578909458485 -0.20887227423239452 -1.587490966130753
      vertex 34.57702621627707 -0.13448587341824103 -1.587490966130753
      vertex 34.47516862879007 -0.6465585455642779 -1.325878449210181
    endloop
  endfacet
  facet normal 0.22149993603673648 -0.449157437835942 -0.8655607282983518
    outer loop
      vertex 34.75043009476725 -0.5531198686373466 -1.325878449210181
      vertex 34.57702621627707 -0.13448587341824103 -1.587490966130753
      vertex 34.784577380438 -0.03213296614480399 -1.587490966130753
    endloop
  endfacet
  facet normal 0.16097816331020998 -0.47422637691813124 -0.8655607282983524
    outer loop
      vertex 34.47516862879007 -0.6465585455642779 -1.325878449210181
      vertex 34.57702621627707 -0.13448587341824103 -1.587490966130753
      vertex 34.75043009476725 -0.5531198686373466 -1.325878449210181
    endloop
  endfacet
  facet normal 0.22149993603673487 -0.4491574378359421 -0.8655607282983523
    outer loop
      vertex 34.75043009476725 -0.5531198686373466 -1.325878449210181
      vertex 34.784577380438 -0.03213296614480399 -1.587490966130753
      vertex 35.0111404660392 -0.42455174152566233 -1.325878449210181
    endloop
  endfacet
  facet normal 0.27823178344628774 -0.41640329046241326 -0.8655607282983516
    outer loop
      vertex 35.0111404660392 -0.42455174152566233 -1.325878449210181
      vertex 34.97699318036846 0.09643516096687987 -1.587490966130753
      vertex 35.25283891587088 -0.2630540005299249 -1.325878449210181
    endloop
  endfacet
  facet normal 0.03986860856678184 -0.6082774216426025 -0.7927225696110692
    outer loop
      vertex 33.9 -0.7222809320784087 -1.325878449210181
      vertex 34.19006586810742 -0.7032690106381398 -1.325878449210181
      vertex 34.24424759440495 -1.1148200809971591 -1.0073592299159095
    endloop
  endfacet
  facet normal 0.11892366275409627 -0.597869626311935 -0.7927225696110696
    outer loop
      vertex 34.19006586810742 -0.7032690106381398 -1.325878449210181
      vertex 34.47516862879007 -0.6465585455642779 -1.325878449210181
      vertex 34.24424759440495 -1.1148200809971591 -1.0073592299159095
    endloop
  endfacet
  facet normal 0.11892366275410043 -0.5978696263119362 -0.7927225696110682
    outer loop
      vertex 34.47516862879007 -0.6465585455642779 -1.325878449210181
      vertex 34.58260501702617 -1.0475166050430929 -1.0073592299159095
      vertex 34.24424759440495 -1.1148200809971591 -1.0073592299159095
    endloop
  endfacet
  facet normal 0.19594390009982549 -0.5772321159142959 -0.7927225696110679
    outer loop
      vertex 34.47516862879007 -0.6465585455642779 -1.325878449210181
      vertex 34.909282878552204 -0.9366244136716997 -1.0073592299159095
      vertex 34.58260501702617 -1.0475166050430929 -1.0073592299159095
    endloop
  endfacet
  facet normal 0.13809744904270704 -0.6942627593342365 -0.7063485793639772
    outer loop
      vertex 34.29253914891875 -1.481630854805228 -0.6373832604002754
      vertex 34.24424759440495 -1.1148200809971591 -1.0073592299159095
      vertex 34.678361844167085 -1.4048859491045809 -0.6373832604002754
    endloop
  endfacet
  facet normal 0.13809744904270851 -0.6942627593342354 -0.7063485793639781
    outer loop
      vertex 34.678361844167085 -1.4048859491045809 -0.6373832604002754
      vertex 34.24424759440495 -1.1148200809971591 -1.0073592299159095
      vertex 34.58260501702617 -1.0475166050430929 -1.0073592299159095
    endloop
  endfacet
  facet normal 0.19594390009982723 -0.5772321159142944 -0.7927225696110686
    outer loop
      vertex 34.47516862879007 -0.6465585455642779 -1.325878449210181
      vertex 34.75043009476725 -0.5531198686373466 -1.325878449210181
      vertex 34.909282878552204 -0.9366244136716997 -1.0073592299159095
    endloop
  endfacet
  facet normal 0.26961148298893167 -0.5467180039743832 -0.7927225696110685
    outer loop
      vertex 34.75043009476725 -0.5531198686373466 -1.325878449210181
      vertex 35.218691630200134 -0.7840409030224675 -1.0073592299159095
      vertex 34.909282878552204 -0.9366244136716997 -1.0073592299159095
    endloop
  endfacet
  facet normal 0.22753548059830642 -0.6702979110062819 -0.7063485793639797
    outer loop
      vertex 34.58260501702617 -1.0475166050430929 -1.0073592299159095
      vertex 34.909282878552204 -0.9366244136716997 -1.0073592299159095
      vertex 35.050866552459055 -1.2784376394282138 -0.6373832604002754
    endloop
  endfacet
  facet normal 0.22753548059830425 -0.670297911006284 -0.7063485793639783
    outer loop
      vertex 34.678361844167085 -1.4048859491045809 -0.6373832604002754
      vertex 34.58260501702617 -1.0475166050430929 -1.0073592299159095
      vertex 35.050866552459055 -1.2784376394282138 -0.6373832604002754
    endloop
  endfacet
  facet normal 0.3130803169961204 -0.6348640795793206 -0.7063485793639785
    outer loop
      vertex 35.218691630200134 -0.7840409030224675 -1.0073592299159095
      vertex 35.40367961495795 -1.104449491412784 -0.6373832604002754
      vertex 35.050866552459055 -1.2784376394282138 -0.6373832604002754
    endloop
  endfacet
  facet normal 0.31308031699611616 -0.6348640795793208 -0.7063485793639804
    outer loop
      vertex 34.909282878552204 -0.9366244136716997 -1.0073592299159095
      vertex 35.218691630200134 -0.7840409030224675 -1.0073592299159095
      vertex 35.050866552459055 -1.2784376394282138 -0.6373832604002754
    endloop
  endfacet
  facet normal 0.26961148298893167 -0.5467180039743833 -0.7927225696110686
    outer loop
      vertex 34.75043009476725 -0.5531198686373466 -1.325878449210181
      vertex 35.0111404660392 -0.42455174152566233 -1.325878449210181
      vertex 35.218691630200134 -0.7840409030224675 -1.0073592299159095
    endloop
  endfacet
  facet normal 0.3386659386536704 -0.5068493954076033 -0.7927225696110684
    outer loop
      vertex 35.0111404660392 -0.42455174152566233 -1.325878449210181
      vertex 35.25283891587088 -0.2630540005299249 -1.325878449210181
      vertex 35.218691630200134 -0.7840409030224675 -1.0073592299159095
    endloop
  endfacet
  facet normal 0.33866593865366956 -0.5068493954076034 -0.7927225696110687
    outer loop
      vertex 35.25283891587088 -0.2630540005299249 -1.325878449210181
      vertex 35.50553720244495 -0.5923768192667471 -1.0073592299159095
      vertex 35.218691630200134 -0.7840409030224675 -1.0073592299159095
    endloop
  endfacet
  facet normal 0.05667108131556317 -0.8646336168614389 -0.49919645144535146
    outer loop
      vertex 33.9 -1.825878449210181 -0.2222809320784087
      vertex 34.36826153543288 -2.0567994835953014 0.2308452391239948
      vertex 33.9 -2.087490966130753 0.2308452391239948
    endloop
  endfacet
  facet normal 0.05192896695106314 -0.7922829328905964 -0.607940076522078
    outer loop
      vertex 33.9 -1.5073592299159095 -0.6373832604002754
      vertex 34.29253914891875 -1.481630854805228 -0.6373832604002754
      vertex 33.9 -1.825878449210181 -0.2222809320784087
    endloop
  endfacet
  facet normal 0.060443547416368246 -0.9221903271536543 -0.38198374059632567
    outer loop
      vertex 33.9 -2.087490966130753 0.2308452391239948
      vertex 34.394396736405746 -2.2553160438718374 0.7142421387873537
      vertex 33.9 -2.2877205179804228 0.7142421387873537
    endloop
  endfacet
  facet normal 0.05192896695106327 -0.7922829328905965 -0.607940076522078
    outer loop
      vertex 34.29253914891875 -1.481630854805228 -0.6373832604002754
      vertex 34.33411424976213 -1.7974250980233313 -0.2222809320784087
      vertex 33.9 -1.825878449210181 -0.2222809320784087
    endloop
  endfacet
  facet normal 0.15489838183122445 -0.778726752246511 -0.6079400765220775
    outer loop
      vertex 34.29253914891875 -1.481630854805228 -0.6373832604002754
      vertex 34.76080068435163 -1.7125518891903493 -0.2222809320784087
      vertex 34.33411424976213 -1.7974250980233313 -0.2222809320784087
    endloop
  endfacet
  facet normal 0.15489838183122598 -0.7787267522465098 -0.6079400765220785
    outer loop
      vertex 34.29253914891875 -1.481630854805228 -0.6373832604002754
      vertex 34.678361844167085 -1.4048859491045809 -0.6373832604002754
      vertex 34.76080068435163 -1.7125518891903493 -0.2222809320784087
    endloop
  endfacet
  facet normal 0.0566710813155633 -0.8646336168614389 -0.4991964514453516
    outer loop
      vertex 33.9 -1.825878449210181 -0.2222809320784087
      vertex 34.33411424976213 -1.7974250980233313 -0.2222809320784087
      vertex 34.36826153543288 -2.0567994835953014 0.2308452391239948
    endloop
  endfacet
  facet normal 0.16904358603318498 -0.8498394959552124 -0.499196451445352
    outer loop
      vertex 34.33411424976213 -1.7974250980233313 -0.2222809320784087
      vertex 34.76080068435163 -1.7125518891903493 -0.2222809320784087
      vertex 34.36826153543288 -2.0567994835953014 0.2308452391239948
    endloop
  endfacet
  facet normal 0.16904358603318637 -0.8498394959552127 -0.499196451445351
    outer loop
      vertex 34.76080068435163 -1.7125518891903493 -0.2222809320784087
      vertex 34.82851098616788 -1.9652501757644156 0.2308452391239948
      vertex 34.36826153543288 -2.0567994835953014 0.2308452391239948
    endloop
  endfacet
  facet normal 0.25521744245230854 -0.7518463409676419 -0.6079400765220787
    outer loop
      vertex 34.678361844167085 -1.4048859491045809 -0.6373832604002754
      vertex 35.050866552459055 -1.2784376394282138 -0.6373832604002754
      vertex 34.76080068435163 -1.7125518891903493 -0.2222809320784087
    endloop
  endfacet
  facet normal 0.25521744245231215 -0.7518463409676424 -0.6079400765220766
    outer loop
      vertex 35.050866552459055 -1.2784376394282138 -0.6373832604002754
      vertex 35.17275858057283 -1.5727110268456652 -0.2222809320784087
      vertex 34.76080068435163 -1.7125518891903493 -0.2222809320784087
    endloop
  endfacet
  facet normal 0.35116966187339627 -0.7121016303436306 -0.6079400765220762
    outer loop
      vertex 35.050866552459055 -1.2784376394282138 -0.6373832604002754
      vertex 35.56293922460509 -1.3802952269152096 -0.2222809320784087
      vertex 35.17275858057283 -1.5727110268456652 -0.2222809320784087
    endloop
  endfacet
  facet normal 0.2785237081260441 -0.8205043856531711 -0.4991964514453509
    outer loop
      vertex 34.76080068435163 -1.7125518891903493 -0.2222809320784087
      vertex 35.27287335649767 -1.8144094766773446 0.2308452391239948
      vertex 34.82851098616788 -1.9652501757644156 0.2308452391239948
    endloop
  endfacet
  facet normal 0.2785237081260461 -0.8205043856531691 -0.49919645144535274
    outer loop
      vertex 34.76080068435163 -1.7125518891903493 -0.2222809320784087
      vertex 35.17275858057283 -1.5727110268456652 -0.2222809320784087
      vertex 35.27287335649767 -1.8144094766773446 0.2308452391239948
    endloop
  endfacet
  facet normal 0.06044354741636846 -0.9221903271536545 -0.3819837405963259
    outer loop
      vertex 33.9 -2.087490966130753 0.2308452391239948
      vertex 34.36826153543288 -2.0567994835953014 0.2308452391239948
      vertex 34.394396736405746 -2.2553160438718374 0.7142421387873537
    endloop
  endfacet
  facet normal 0.1802964363946921 -0.9064113949765927 -0.3819837405963269
    outer loop
      vertex 34.36826153543288 -2.0567994835953014 0.2308452391239948
      vertex 34.82851098616788 -1.9652501757644156 0.2308452391239948
      vertex 34.88033420757892 -2.1586570710822977 0.7142421387873537
    endloop
  endfacet
  facet normal 0.1802964363946915 -0.9064113949765932 -0.38198374059632634
    outer loop
      vertex 34.36826153543288 -2.0567994835953014 0.2308452391239948
      vertex 34.88033420757892 -2.1586570710822977 0.7142421387873537
      vertex 34.394396736405746 -2.2553160438718374 0.7142421387873537
    endloop
  endfacet
  facet normal 0.2970644033586855 -0.8751235125267679 -0.3819837405963244
    outer loop
      vertex 34.82851098616788 -1.9652501757644156 0.2308452391239948
      vertex 35.27287335649767 -1.8144094766773446 0.2308452391239948
      vertex 35.34949788866042 -1.9993974614351617 0.7142421387873537
    endloop
  endfacet
  facet normal 0.2970644033586887 -0.8751235125267655 -0.3819837405963277
    outer loop
      vertex 34.82851098616788 -1.9652501757644156 0.2308452391239948
      vertex 35.34949788866042 -1.9993974614351617 0.7142421387873537
      vertex 34.88033420757892 -2.1586570710822977 0.7142421387873537
    endloop
  endfacet
  facet normal 0.3511696618733992 -0.712101630343627 -0.6079400765220787
    outer loop
      vertex 35.050866552459055 -1.2784376394282138 -0.6373832604002754
      vertex 35.40367961495795 -1.104449491412784 -0.6373832604002754
      vertex 35.56293922460509 -1.3802952269152096 -0.2222809320784087
    endloop
  endfacet
  facet normal 0.025074511037770943 -0.3825631109612492 -0.9235890509462895
    outer loop
      vertex 33.9 -0.2691547608760052 -1.587490966130753
      vertex 34.067825077741084 0.225241975529741 -1.7877205179804228
      vertex 34.13092103438512 -0.25401939664552753 -1.587490966130753
    endloop
  endfacet
  facet normal 0.02507451103777058 -0.38256311096124906 -0.9235890509462895
    outer loop
      vertex 33.9 -0.2691547608760052 -1.587490966130753
      vertex 33.9 0.21424213878735365 -1.7877205179804228
      vertex 34.067825077741084 0.225241975529741 -1.7877205179804228
    endloop
  endfacet
  facet normal 0.016961456102913143 -0.25878181247039106 -0.9657868722142625
    outer loop
      vertex 33.9 0.21424213878735365 -1.7877205179804228
      vertex 33.9 0.7196387119354872 -1.9231411216129217
      vertex 34.067825077741084 0.225241975529741 -1.7877205179804228
    endloop
  endfacet
  facet normal 0.05059415309221449 -0.2543539839111495 -0.9657868722142626
    outer loop
      vertex 34.067825077741084 0.225241975529741 -1.7877205179804228
      vertex 34.001857587486995 0.726314810933391 -1.9231411216129217
      vertex 34.232778621872114 0.2580532755005094 -1.7877205179804228
    endloop
  endfacet
  facet normal 0.01696145610291293 -0.25878181247039117 -0.9657868722142625
    outer loop
      vertex 34.067825077741084 0.225241975529741 -1.7877205179804228
      vertex 33.9 0.7196387119354872 -1.9231411216129217
      vertex 34.001857587486995 0.726314810933391 -1.9231411216129217
    endloop
  endfacet
  facet normal 0.008554825566378287 -0.13052141585033028 -0.9914085812438553
    outer loop
      vertex 33.9 0.7196387119354872 -1.9231411216129217
      vertex 33.93414728567075 1.2406256144280294 -1.991435692954414
      vertex 34.001857587486995 0.726314810933391 -1.9231411216129217
    endloop
  endfacet
  facet normal 0.025518101261847833 -0.12828815823775816 -0.9914085812438552
    outer loop
      vertex 34.001857587486995 0.726314810933391 -1.9231411216129217
      vertex 33.93414728567075 1.2406256144280294 -1.991435692954414
      vertex 34.10197236341183 0.7462288780222837 -1.9231411216129217
    endloop
  endfacet
  facet normal 0.0420447551697766 -0.12385985466954003 -0.9914085812438552
    outer loop
      vertex 34.10197236341183 0.7462288780222837 -1.9231411216129217
      vertex 34.000114775924835 1.2583015501683206 -1.991435692954414
      vertex 34.198631336201366 0.779040177993052 -1.9231411216129217
    endloop
  endfacet
  facet normal 0.008554825566376347 -0.13052141585033014 -0.9914085812438553
    outer loop
      vertex 33.9 0.7196387119354872 -1.9231411216129217
      vertex 33.9 1.238387483079428 -1.991435692954414
      vertex 33.93414728567075 1.2406256144280294 -1.991435692954414
    endloop
  endfacet
  facet normal 0 0 -1
    outer loop
      vertex 33.9 1.238387483079428 -1.991435692954414
      vertex 34.000114775924835 1.2583015501683206 -1.991435692954414
      vertex 33.93414728567075 1.2406256144280294 -1.991435692954414
    endloop
  endfacet
  facet normal 0.04204475516977067 -0.12385985466954123 -0.9914085812438553
    outer loop
      vertex 34.10197236341183 0.7462288780222837 -1.9231411216129217
      vertex 33.96771030181625 1.2473017134259332 -1.991435692954414
      vertex 34.000114775924835 1.2583015501683206 -1.991435692954414
    endloop
  endfacet
  facet normal 0.02551810126185095 -0.12828815823775705 -0.9914085812438552
    outer loop
      vertex 34.10197236341183 0.7462288780222837 -1.9231411216129217
      vertex 33.93414728567075 1.2406256144280294 -1.991435692954414
      vertex 33.96771030181625 1.2473017134259332 -1.991435692954414
    endloop
  endfacet
  facet normal 0 0 -1
    outer loop
      vertex 33.93414728567075 1.2406256144280294 -1.991435692954414
      vertex 34.000114775924835 1.2583015501683206 -1.991435692954414
      vertex 33.96771030181625 1.2473017134259332 -1.991435692954414
    endloop
  endfacet
  facet normal 0 0 -1
    outer loop
      vertex 33.9 1.238387483079428 -1.991435692954414
      vertex 34.08498798475782 1.315012015242183 -1.991435692954414
      vertex 34.000114775924835 1.2583015501683206 -1.991435692954414
    endloop
  endfacet
  facet normal 0 0 -1
    outer loop
      vertex 34.000114775924835 1.2583015501683206 -1.991435692954414
      vertex 34.08498798475782 1.315012015242183 -1.991435692954414
      vertex 34.03080625846029 1.2734369143987982 -1.991435692954414
    endloop
  endfacet
  facet normal 0 0 -1
    outer loop
      vertex 34.03080625846029 1.2734369143987982 -1.991435692954414
      vertex 34.08498798475782 1.315012015242183 -1.991435692954414
      vertex 34.059259609647135 1.2924488358390667 -1.991435692954414
    endloop
  endfacet
  facet normal 0.07479450127748687 -0.37601735006616954 -0.9235890509462894
    outer loop
      vertex 34.13092103438512 -0.25401939664552753 -1.587490966130753
      vertex 34.232778621872114 0.2580532755005094 -1.7877205179804228
      vertex 34.3578909458485 -0.20887227423239452 -1.587490966130753
    endloop
  endfacet
  facet normal 0.07479450127748788 -0.3760173500661697 -0.9235890509462893
    outer loop
      vertex 34.13092103438512 -0.25401939664552753 -1.587490966130753
      vertex 34.067825077741084 0.225241975529741 -1.7877205179804228
      vertex 34.232778621872114 0.2580532755005094 -1.7877205179804228
    endloop
  endfacet
  facet normal 0.12323473686339165 -0.3630378280597532 -0.9235890509462895
    outer loop
      vertex 34.3578909458485 -0.20887227423239452 -1.587490966130753
      vertex 34.232778621872114 0.2580532755005094 -1.7877205179804228
      vertex 34.57702621627707 -0.13448587341824103 -1.587490966130753
    endloop
  endfacet
  facet normal 0.12323473686339173 -0.3630378280597531 -0.9235890509462895
    outer loop
      vertex 34.232778621872114 0.2580532755005094 -1.7877205179804228
      vertex 34.39203823151925 0.31211462826014813 -1.7877205179804228
      vertex 34.57702621627707 -0.13448587341824103 -1.587490966130753
    endloop
  endfacet
  facet normal 0.16956639193444314 -0.34384662816213135 -0.9235890509462895
    outer loop
      vertex 34.39203823151925 0.31211462826014813 -1.7877205179804228
      vertex 34.784577380438 -0.03213296614480399 -1.587490966130753
      vertex 34.57702621627707 -0.13448587341824103 -1.587490966130753
    endloop
  endfacet
  facet normal 0.16956639193444398 -0.3438466281621304 -0.9235890509462896
    outer loop
      vertex 34.39203823151925 0.31211462826014813 -1.7877205179804228
      vertex 34.54287893060632 0.38650102907430206 -1.7877205179804228
      vertex 34.784577380438 -0.03213296614480399 -1.587490966130753
    endloop
  endfacet
  facet normal 0.21299671902680525 -0.3187721171243613 -0.9235890509462898
    outer loop
      vertex 34.54287893060632 0.38650102907430206 -1.7877205179804228
      vertex 34.682719792951005 0.4799397060012325 -1.7877205179804228
      vertex 34.97699318036846 0.09643516096687987 -1.587490966130753
    endloop
  endfacet
  facet normal 0.08336117009475756 -0.2455740881669418 -0.9657868722142624
    outer loop
      vertex 34.10197236341183 0.7462288780222837 -1.9231411216129217
      vertex 34.39203823151925 0.31211462826014813 -1.7877205179804228
      vertex 34.232778621872114 0.2580532755005094 -1.7877205179804228
    endloop
  endfacet
  facet normal 0.05059415309221273 -0.2543539839111503 -0.9657868722142624
    outer loop
      vertex 34.001857587486995 0.726314810933391 -1.9231411216129217
      vertex 34.10197236341183 0.7462288780222837 -1.9231411216129217
      vertex 34.232778621872114 0.2580532755005094 -1.7877205179804228
    endloop
  endfacet
  facet normal 0.08336117009476238 -0.24557408816693874 -0.9657868722142628
    outer loop
      vertex 34.10197236341183 0.7462288780222837 -1.9231411216129217
      vertex 34.198631336201366 0.779040177993052 -1.9231411216129217
      vertex 34.39203823151925 0.31211462826014813 -1.7877205179804228
    endloop
  endfacet
  facet normal 0.11470185436489985 -0.23259235168819528 -0.9657868722142624
    outer loop
      vertex 34.39203823151925 0.31211462826014813 -1.7877205179804228
      vertex 34.290180644032255 0.8241873004061855 -1.9231411216129217
      vertex 34.54287893060632 0.38650102907430206 -1.7877205179804228
    endloop
  endfacet
  facet normal 0.11470185436489586 -0.23259235168819611 -0.9657868722142627
    outer loop
      vertex 34.39203823151925 0.31211462826014813 -1.7877205179804228
      vertex 34.198631336201366 0.779040177993052 -1.9231411216129217
      vertex 34.290180644032255 0.8241873004061855 -1.9231411216129217
    endloop
  endfacet
  facet normal 0.057852011659735955 -0.11731227464748893 -0.9914085812438552
    outer loop
      vertex 34.000114775924835 1.2583015501683206 -1.991435692954414
      vertex 34.290180644032255 0.8241873004061855 -1.9231411216129217
      vertex 34.198631336201366 0.779040177993052 -1.9231411216129217
    endloop
  endfacet
  facet normal 0.14407995810549215 -0.21563089558528353 -0.9657868722142624
    outer loop
      vertex 34.54287893060632 0.38650102907430206 -1.7877205179804228
      vertex 34.290180644032255 0.8241873004061855 -1.9231411216129217
      vertex 34.682719792951005 0.4799397060012325 -1.7877205179804228
    endloop
  endfacet
  facet normal 0.17099281381638906 -0.19497993507472847 -0.9657868722142625
    outer loop
      vertex 34.682719792951005 0.4799397060012325 -1.7877205179804228
      vertex 34.451798758565886 0.9482012414341141 -1.9231411216129217
      vertex 34.809168102627375 0.5908318973726256 -1.7877205179804228
    endloop
  endfacet
  facet normal 0.14407995810549404 -0.2156308955852815 -0.9657868722142626
    outer loop
      vertex 34.290180644032255 0.8241873004061855 -1.9231411216129217
      vertex 34.375053852865236 0.8808977654800478 -1.9231411216129217
      vertex 34.682719792951005 0.4799397060012325 -1.7877205179804228
    endloop
  endfacet
  facet normal 0.1709928138163871 -0.19497993507472952 -0.9657868722142627
    outer loop
      vertex 34.375053852865236 0.8808977654800478 -1.9231411216129217
      vertex 34.451798758565886 0.9482012414341141 -1.9231411216129217
      vertex 34.682719792951005 0.4799397060012325 -1.7877205179804228
    endloop
  endfacet
  facet normal 0.19497993507472833 -0.17099281381638912 -0.9657868722142626
    outer loop
      vertex 34.451798758565886 0.9482012414341141 -1.9231411216129217
      vertex 34.920060293998766 0.7172802070489932 -1.7877205179804228
      vertex 34.809168102627375 0.5908318973726256 -1.7877205179804228
    endloop
  endfacet
  facet normal 0.1949799350747302 -0.1709928138163856 -0.9657868722142628
    outer loop
      vertex 34.451798758565886 0.9482012414341141 -1.9231411216129217
      vertex 34.51910223451995 1.0249461471347612 -1.9231411216129217
      vertex 34.920060293998766 0.7172802070489932 -1.7877205179804228
    endloop
  endfacet
  facet normal 0.21299671902680437 -0.3187721171243626 -0.9235890509462897
    outer loop
      vertex 34.54287893060632 0.38650102907430206 -1.7877205179804228
      vertex 34.97699318036846 0.09643516096687987 -1.587490966130753
      vertex 34.784577380438 -0.03213296614480399 -1.587490966130753
    endloop
  endfacet
  facet normal 0.25278261320277223 -0.2882433267822667 -0.9235890509462902
    outer loop
      vertex 34.682719792951005 0.4799397060012325 -1.7877205179804228
      vertex 34.809168102627375 0.5908318973726256 -1.7877205179804228
      vertex 34.97699318036846 0.09643516096687987 -1.587490966130753
    endloop
  endfacet
  facet normal 0.2527826132027809 -0.2882433267822633 -0.923589050946289
    outer loop
      vertex 34.97699318036846 0.09643516096687987 -1.587490966130753
      vertex 34.809168102627375 0.5908318973726256 -1.7877205179804228
      vertex 35.150981328383885 0.24901867161611158 -1.587490966130753
    endloop
  endfacet
  facet normal 0.27823178344628524 -0.41640329046241376 -0.8655607282983523
    outer loop
      vertex 35.0111404660392 -0.42455174152566233 -1.325878449210181
      vertex 34.784577380438 -0.03213296614480399 -1.587490966130753
      vertex 34.97699318036846 0.09643516096687987 -1.587490966130753
    endloop
  endfacet
  facet normal 0.3302030079006578 -0.37652436734026334 -0.8655607282983515
    outer loop
      vertex 35.25283891587088 -0.2630540005299249 -1.325878449210181
      vertex 34.97699318036846 0.09643516096687987 -1.587490966130753
      vertex 35.150981328383885 0.24901867161611158 -1.587490966130753
    endloop
  endfacet
  facet normal 0.33020300790065443 -0.37652436734026445 -0.8655607282983524
    outer loop
      vertex 35.25283891587088 -0.2630540005299249 -1.325878449210181
      vertex 35.150981328383885 0.24901867161611158 -1.587490966130753
      vertex 35.4713899167742 -0.07138991677420403 -1.325878449210181
    endloop
  endfacet
  facet normal 0.2882433267822664 -0.2527826132027723 -0.9235890509462903
    outer loop
      vertex 34.809168102627375 0.5908318973726256 -1.7877205179804228
      vertex 34.920060293998766 0.7172802070489932 -1.7877205179804228
      vertex 35.30356483903312 0.4230068196315413 -1.587490966130753
    endloop
  endfacet
  facet normal 0.21563089558528317 -0.14407995810549099 -0.9657868722142628
    outer loop
      vertex 34.920060293998766 0.7172802070489932 -1.7877205179804228
      vertex 34.51910223451995 1.0249461471347612 -1.9231411216129217
      vertex 35.013498970925696 0.8571210693936768 -1.7877205179804228
    endloop
  endfacet
  facet normal 0.2882433267822625 -0.2527826132027819 -0.923589050946289
    outer loop
      vertex 35.150981328383885 0.24901867161611158 -1.587490966130753
      vertex 34.809168102627375 0.5908318973726256 -1.7877205179804228
      vertex 35.30356483903312 0.4230068196315413 -1.587490966130753
    endloop
  endfacet
  facet normal 0.3187721171243601 -0.21299671902680584 -0.9235890509462902
    outer loop
      vertex 34.920060293998766 0.7172802070489932 -1.7877205179804228
      vertex 35.432132966144806 0.6154226195619974 -1.587490966130753
      vertex 35.30356483903312 0.4230068196315413 -1.587490966130753
    endloop
  endfacet
  facet normal 0.31877211712436077 -0.2129967190268035 -0.9235890509462906
    outer loop
      vertex 34.920060293998766 0.7172802070489932 -1.7877205179804228
      vertex 35.013498970925696 0.8571210693936768 -1.7877205179804228
      vertex 35.432132966144806 0.6154226195619974 -1.587490966130753
    endloop
  endfacet
  facet normal 0.34384662816212724 -0.16956639193444498 -0.9235890509462907
    outer loop
      vertex 35.013498970925696 0.8571210693936768 -1.7877205179804228
      vertex 35.08788537173985 1.0079617684807478 -1.7877205179804228
      vertex 35.432132966144806 0.6154226195619974 -1.587490966130753
    endloop
  endfacet
  facet normal 0.3438466281621329 -0.1695663919344395 -0.9235890509462895
    outer loop
      vertex 35.08788537173985 1.0079617684807478 -1.7877205179804228
      vertex 35.53448587341824 0.8229737837229307 -1.587490966130753
      vertex 35.432132966144806 0.6154226195619974 -1.587490966130753
    endloop
  endfacet
  facet normal 0.05785201165973586 -0.11731227464748897 -0.9914085812438551
    outer loop
      vertex 34.000114775924835 1.2583015501683206 -1.991435692954414
      vertex 34.03080625846029 1.2734369143987982 -1.991435692954414
      vertex 34.290180644032255 0.8241873004061855 -1.9231411216129217
    endloop
  endfacet
  facet normal 0.07266940419059434 -0.10875744908110965 -0.9914085812438552
    outer loop
      vertex 34.03080625846029 1.2734369143987982 -1.991435692954414
      vertex 34.375053852865236 0.8808977654800478 -1.9231411216129217
      vertex 34.290180644032255 0.8241873004061855 -1.9231411216129217
    endloop
  endfacet
  facet normal 0.07266940419059667 -0.1087574490811076 -0.9914085812438552
    outer loop
      vertex 34.03080625846029 1.2734369143987982 -1.991435692954414
      vertex 34.059259609647135 1.2924488358390667 -1.991435692954414
      vertex 34.375053852865236 0.8808977654800478 -1.9231411216129217
    endloop
  endfacet
  facet normal 0.0862434030679844 -0.09834175340769197 -0.9914085812438552
    outer loop
      vertex 34.059259609647135 1.2924488358390667 -1.991435692954414
      vertex 34.08498798475782 1.315012015242183 -1.991435692954414
      vertex 34.375053852865236 0.8808977654800478 -1.9231411216129217
    endloop
  endfacet
  facet normal 0.09834175340769591 -0.08624340306797959 -0.9914085812438552
    outer loop
      vertex 34.08498798475782 1.315012015242183 -1.991435692954414
      vertex 34.10755116416093 1.3407403903528645 -1.991435692954414
      vertex 34.451798758565886 0.9482012414341141 -1.9231411216129217
    endloop
  endfacet
  facet normal 0.10875744908111233 -0.0726694041905902 -0.9914085812438552
    outer loop
      vertex 34.10755116416093 1.3407403903528645 -1.991435692954414
      vertex 34.1265630856012 1.3691937415397137 -1.991435692954414
      vertex 34.51910223451995 1.0249461471347612 -1.9231411216129217
    endloop
  endfacet
  facet normal 0.08624340306798188 -0.09834175340769373 -0.9914085812438552
    outer loop
      vertex 34.08498798475782 1.315012015242183 -1.991435692954414
      vertex 34.451798758565886 0.9482012414341141 -1.9231411216129217
      vertex 34.375053852865236 0.8808977654800478 -1.9231411216129217
    endloop
  endfacet
  facet normal 0.09834175340769413 -0.08624340306798113 -0.9914085812438552
    outer loop
      vertex 34.451798758565886 0.9482012414341141 -1.9231411216129217
      vertex 34.10755116416093 1.3407403903528645 -1.991435692954414
      vertex 34.51910223451995 1.0249461471347612 -1.9231411216129217
    endloop
  endfacet
  facet normal 0.10875744908110939 -0.07266940419059362 -0.9914085812438553
    outer loop
      vertex 34.1265630856012 1.3691937415397137 -1.991435692954414
      vertex 34.57581269959381 1.1098193559677436 -1.9231411216129217
      vertex 34.51910223451995 1.0249461471347612 -1.9231411216129217
    endloop
  endfacet
  facet normal 0 0 -1
    outer loop
      vertex 34.08498798475782 1.315012015242183 -1.991435692954414
      vertex 34.14169844983168 1.3998852240751654 -1.991435692954414
      vertex 34.1265630856012 1.3691937415397137 -1.991435692954414
    endloop
  endfacet
  facet normal 0 0 -1
    outer loop
      vertex 34.08498798475782 1.315012015242183 -1.991435692954414
      vertex 34.1265630856012 1.3691937415397137 -1.991435692954414
      vertex 34.10755116416093 1.3407403903528645 -1.991435692954414
    endloop
  endfacet
  facet normal 0 0 -1
    outer loop
      vertex 34.08498798475782 1.315012015242183 -1.991435692954414
      vertex 34.16161251692057 1.5 -1.991435692954414
      vertex 34.14169844983168 1.3998852240751654 -1.991435692954414
    endloop
  endfacet
  facet normal 0 0 -1
    outer loop
      vertex 34.14169844983168 1.3998852240751654 -1.991435692954414
      vertex 34.16161251692057 1.5 -1.991435692954414
      vertex 34.152698286574065 1.4322896981837503 -1.991435692954414
    endloop
  endfacet
  facet normal 0 0 -1
    outer loop
      vertex 34.152698286574065 1.4322896981837503 -1.991435692954414
      vertex 34.16161251692057 1.5 -1.991435692954414
      vertex 34.15937438557197 1.465852714329254 -1.991435692954414
    endloop
  endfacet
  facet normal 0.1173122746474817 -0.05785201165974753 -0.9914085812438554
    outer loop
      vertex 34.1265630856012 1.3691937415397137 -1.991435692954414
      vertex 34.14169844983168 1.3998852240751654 -1.991435692954414
      vertex 34.57581269959381 1.1098193559677436 -1.9231411216129217
    endloop
  endfacet
  facet normal 0.1282881582377551 -0.025518101261861513 -0.9914085812438553
    outer loop
      vertex 34.152698286574065 1.4322896981837503 -1.991435692954414
      vertex 34.15937438557197 1.465852714329254 -1.991435692954414
      vertex 34.65377112197771 1.2980276365881696 -1.9231411216129217
    endloop
  endfacet
  facet normal 0.12385985466954261 -0.042044755169769035 -0.9914085812438553
    outer loop
      vertex 34.14169844983168 1.3998852240751654 -1.991435692954414
      vertex 34.152698286574065 1.4322896981837503 -1.991435692954414
      vertex 34.65377112197771 1.2980276365881696 -1.9231411216129217
    endloop
  endfacet
  facet normal 0.1305214158503323 -0.00855482556636358 -0.9914085812438551
    outer loop
      vertex 34.15937438557197 1.465852714329254 -1.991435692954414
      vertex 34.16161251692057 1.5 -1.991435692954414
      vertex 34.67368518906661 1.3981424125130042 -1.9231411216129217
    endloop
  endfacet
  facet normal 0.11731227464748825 -0.05785201165973767 -0.9914085812438552
    outer loop
      vertex 34.14169844983168 1.3998852240751654 -1.991435692954414
      vertex 34.620959822006945 1.2013686637986298 -1.9231411216129217
      vertex 34.57581269959381 1.1098193559677436 -1.9231411216129217
    endloop
  endfacet
  facet normal 0.21563089558528217 -0.14407995810549343 -0.9657868722142626
    outer loop
      vertex 35.013498970925696 0.8571210693936768 -1.7877205179804228
      vertex 34.51910223451995 1.0249461471347612 -1.9231411216129217
      vertex 34.57581269959381 1.1098193559677436 -1.9231411216129217
    endloop
  endfacet
  facet normal 0.1238598546695418 -0.04204475516977294 -0.9914085812438552
    outer loop
      vertex 34.14169844983168 1.3998852240751654 -1.991435692954414
      vertex 34.65377112197771 1.2980276365881696 -1.9231411216129217
      vertex 34.620959822006945 1.2013686637986298 -1.9231411216129217
    endloop
  endfacet
  facet normal 0.12828815823775724 -0.025518101261855025 -0.9914085812438551
    outer loop
      vertex 34.15937438557197 1.465852714329254 -1.991435692954414
      vertex 34.67368518906661 1.3981424125130042 -1.9231411216129217
      vertex 34.65377112197771 1.2980276365881696 -1.9231411216129217
    endloop
  endfacet
  facet normal 0.13052141585033028 -0.008554825566373778 -0.9914085812438553
    outer loop
      vertex 34.16161251692057 1.5 -1.991435692954414
      vertex 34.68036128806451 1.5 -1.9231411216129217
      vertex 34.67368518906661 1.3981424125130042 -1.9231411216129217
    endloop
  endfacet
  facet normal 0.2325923516881951 -0.11470185436489914 -0.9657868722142626
    outer loop
      vertex 35.013498970925696 0.8571210693936768 -1.7877205179804228
      vertex 34.57581269959381 1.1098193559677436 -1.9231411216129217
      vertex 34.620959822006945 1.2013686637986298 -1.9231411216129217
    endloop
  endfacet
  facet normal 0.24557408816694123 -0.08336117009475486 -0.9657868722142628
    outer loop
      vertex 34.620959822006945 1.2013686637986298 -1.9231411216129217
      vertex 34.65377112197771 1.2980276365881696 -1.9231411216129217
      vertex 35.08788537173985 1.0079617684807478 -1.7877205179804228
    endloop
  endfacet
  facet normal 0.23259235168819373 -0.11470185436490081 -0.9657868722142627
    outer loop
      vertex 35.013498970925696 0.8571210693936768 -1.7877205179804228
      vertex 34.620959822006945 1.2013686637986298 -1.9231411216129217
      vertex 35.08788537173985 1.0079617684807478 -1.7877205179804228
    endloop
  endfacet
  facet normal 0.2455740881669391 -0.08336117009475805 -0.965786872214263
    outer loop
      vertex 34.65377112197771 1.2980276365881696 -1.9231411216129217
      vertex 35.14194672449949 1.1672213781278833 -1.7877205179804228
      vertex 35.08788537173985 1.0079617684807478 -1.7877205179804228
    endloop
  endfacet
  facet normal 0.25435398391114444 -0.05059415309222623 -0.9657868722142632
    outer loop
      vertex 34.65377112197771 1.2980276365881696 -1.9231411216129217
      vertex 34.67368518906661 1.3981424125130042 -1.9231411216129217
      vertex 35.14194672449949 1.1672213781278833 -1.7877205179804228
    endloop
  endfacet
  facet normal 0.2587818124703915 -0.01696145610290402 -0.9657868722142625
    outer loop
      vertex 34.67368518906661 1.3981424125130042 -1.9231411216129217
      vertex 34.68036128806451 1.5 -1.9231411216129217
      vertex 35.18575786121264 1.5 -1.7877205179804228
    endloop
  endfacet
  facet normal 0.2543539839111511 -0.05059415309221227 -0.9657868722142623
    outer loop
      vertex 34.67368518906661 1.3981424125130042 -1.9231411216129217
      vertex 35.17475802447026 1.3321749222589157 -1.7877205179804228
      vertex 35.14194672449949 1.1672213781278833 -1.7877205179804228
    endloop
  endfacet
  facet normal 0.2587818124703927 -0.016961456102910614 -0.9657868722142621
    outer loop
      vertex 34.67368518906661 1.3981424125130042 -1.9231411216129217
      vertex 35.18575786121264 1.5 -1.7877205179804228
      vertex 35.17475802447026 1.3321749222589157 -1.7877205179804228
    endloop
  endfacet
  facet normal 0.36303782805975227 -0.12323473686339352 -0.9235890509462896
    outer loop
      vertex 35.08788537173985 1.0079617684807478 -1.7877205179804228
      vertex 35.14194672449949 1.1672213781278833 -1.7877205179804228
      vertex 35.53448587341824 0.8229737837229307 -1.587490966130753
    endloop
  endfacet
  facet normal 0.3760173500661733 -0.07479450127748473 -0.9235890509462882
    outer loop
      vertex 35.14194672449949 1.1672213781278833 -1.7877205179804228
      vertex 35.17475802447026 1.3321749222589157 -1.7877205179804228
      vertex 35.60887227423239 1.042109054151494 -1.587490966130753
    endloop
  endfacet
  facet normal 0.3825631109612473 -0.02507451103776662 -0.9235890509462904
    outer loop
      vertex 35.17475802447026 1.3321749222589157 -1.7877205179804228
      vertex 35.18575786121264 1.5 -1.7877205179804228
      vertex 35.669154760876005 1.5 -1.587490966130753
    endloop
  endfacet
  facet normal 0.39326826236785795 -0.588567547733185 -0.7063485793639785
    outer loop
      vertex 35.218691630200134 -0.7840409030224675 -1.0073592299159095
      vertex 35.50553720244495 -0.5923768192667471 -1.0073592299159095
      vertex 35.40367961495795 -1.104449491412784 -0.6373832604002754
    endloop
  endfacet
  facet normal 0.3932682623678591 -0.5885675477331848 -0.7063485793639781
    outer loop
      vertex 35.40367961495795 -1.104449491412784 -0.6373832604002754
      vertex 35.50553720244495 -0.5923768192667471 -1.0073592299159095
      vertex 35.730764302346174 -0.8858984905094633 -0.6373832604002754
    endloop
  endfacet
  facet normal 0.40192572621210787 -0.45830845316019847 -0.7927225696110689
    outer loop
      vertex 35.25283891587088 -0.2630540005299249 -1.325878449210181
      vertex 35.76491158801692 -0.3649115880169207 -1.0073592299159095
      vertex 35.50553720244495 -0.5923768192667471 -1.0073592299159095
    endloop
  endfacet
  facet normal 0.4019257262121108 -0.45830845316019136 -0.7927225696110713
    outer loop
      vertex 35.25283891587088 -0.2630540005299249 -1.325878449210181
      vertex 35.4713899167742 -0.07138991677420403 -1.325878449210181
      vertex 35.76491158801692 -0.3649115880169207 -1.0073592299159095
    endloop
  endfacet
  facet normal 0.4667272787359256 -0.5322004619635793 -0.7063485793639783
    outer loop
      vertex 35.730764302346174 -0.8858984905094633 -0.6373832604002754
      vertex 35.50553720244495 -0.5923768192667471 -1.0073592299159095
      vertex 35.76491158801692 -0.3649115880169207 -1.0073592299159095
    endloop
  endfacet
  facet normal 0.46672727873592745 -0.5322004619635787 -0.7063485793639775
    outer loop
      vertex 35.730764302346174 -0.8858984905094633 -0.6373832604002754
      vertex 35.76491158801692 -0.3649115880169207 -1.0073592299159095
      vertex 36.026524104937494 -0.6265241049374932 -0.6373832604002754
    endloop
  endfacet
  facet normal 0.5322004619635801 -0.4667272787359264 -0.7063485793639774
    outer loop
      vertex 35.76491158801692 -0.3649115880169207 -1.0073592299159095
      vertex 35.992376819266745 -0.10553720244495057 -1.0073592299159095
      vertex 36.026524104937494 -0.6265241049374932 -0.6373832604002754
    endloop
  endfacet
  facet normal 0.532200461963581 -0.4667272787359259 -0.706348579363977
    outer loop
      vertex 36.026524104937494 -0.6265241049374932 -0.6373832604002754
      vertex 35.992376819266745 -0.10553720244495057 -1.0073592299159095
      vertex 36.28589849050946 -0.33076430234617504 -0.6373832604002754
    endloop
  endfacet
  facet normal 0.3832382123515079 -0.7771302178258079 -0.49919645144535324
    outer loop
      vertex 35.17275858057283 -1.5727110268456652 -0.2222809320784087
      vertex 35.69374548306538 -1.6068583125164113 0.2308452391239948
      vertex 35.27287335649767 -1.8144094766773446 0.2308452391239948
    endloop
  endfacet
  facet normal 0.38323821235150834 -0.7771302178258075 -0.49919645144535363
    outer loop
      vertex 35.17275858057283 -1.5727110268456652 -0.2222809320784087
      vertex 35.56293922460509 -1.3802952269152096 -0.2222809320784087
      vertex 35.69374548306538 -1.6068583125164113 0.2308452391239948
    endloop
  endfacet
  facet normal 0.48139540450992824 -0.7204591365102456 -0.49919645144535424
    outer loop
      vertex 35.56293922460509 -1.3802952269152096 -0.2222809320784087
      vertex 35.9246665174505 -1.1385967770835301 -0.2222809320784087
      vertex 35.69374548306538 -1.6068583125164113 0.2308452391239948
    endloop
  endfacet
  facet normal 0.4813954045099303 -0.7204591365102452 -0.49919645144535274
    outer loop
      vertex 35.69374548306538 -1.6068583125164113 0.2308452391239948
      vertex 35.9246665174505 -1.1385967770835301 -0.2222809320784087
      vertex 36.083926127097634 -1.3461479412444635 0.2308452391239948
    endloop
  endfacet
  facet normal 0.4087495160194033 -0.8288620241475319 -0.3819837405963242
    outer loop
      vertex 35.34949788866042 -1.9993974614351617 0.7142421387873537
      vertex 35.27287335649767 -1.8144094766773446 0.2308452391239948
      vertex 35.69374548306538 -1.6068583125164113 0.2308452391239948
    endloop
  endfacet
  facet normal 0.5134408111342523 -0.7684184767311641 -0.3819837405963223
    outer loop
      vertex 35.69374548306538 -1.6068583125164113 0.2308452391239948
      vertex 36.083926127097634 -1.3461479412444635 0.2308452391239948
      vertex 36.20581815521141 -1.505000725029416 0.7142421387873537
    endloop
  endfacet
  facet normal 0.40874951601940623 -0.8288620241475314 -0.3819837405963218
    outer loop
      vertex 35.34949788866042 -1.9993974614351617 0.7142421387873537
      vertex 35.69374548306538 -1.6068583125164113 0.2308452391239948
      vertex 35.79386025899021 -1.7802621910065985 0.7142421387873537
    endloop
  endfacet
  facet normal 0.5134408111342511 -0.7684184767311656 -0.38198374059632084
    outer loop
      vertex 35.69374548306538 -1.6068583125164113 0.2308452391239948
      vertex 36.20581815521141 -1.505000725029416 0.7142421387873537
      vertex 35.79386025899021 -1.7802621910065985 0.7142421387873537
    endloop
  endfacet
  facet normal 0.6093469916179021 -0.6948270761320793 -0.3819837405963218
    outer loop
      vertex 36.083926127097634 -1.3461479412444635 0.2308452391239948
      vertex 36.57832286350338 -1.1783228635033796 0.7142421387873537
      vertex 36.20581815521141 -1.505000725029416 0.7142421387873537
    endloop
  endfacet
  facet normal 0.44111327101719944 -0.6601726633925671 -0.6079400765220788
    outer loop
      vertex 35.40367961495795 -1.104449491412784 -0.6373832604002754
      vertex 35.9246665174505 -1.1385967770835301 -0.2222809320784087
      vertex 35.56293922460509 -1.3802952269152096 -0.2222809320784087
    endloop
  endfacet
  facet normal 0.4411132710171992 -0.6601726633925675 -0.6079400765220786
    outer loop
      vertex 35.40367961495795 -1.104449491412784 -0.6373832604002754
      vertex 35.730764302346174 -0.8858984905094633 -0.6373832604002754
      vertex 35.9246665174505 -1.1385967770835301 -0.2222809320784087
    endloop
  endfacet
  facet normal 0.5235093097941961 -0.5969479591364172 -0.6079400765220787
    outer loop
      vertex 35.730764302346174 -0.8858984905094633 -0.6373832604002754
      vertex 36.25175120483872 -0.8517512048387177 -0.2222809320784087
      vertex 35.9246665174505 -1.1385967770835301 -0.2222809320784087
    endloop
  endfacet
  facet normal 0.5235093097941962 -0.5969479591364169 -0.6079400765220789
    outer loop
      vertex 35.730764302346174 -0.8858984905094633 -0.6373832604002754
      vertex 36.026524104937494 -0.6265241049374932 -0.6373832604002754
      vertex 36.25175120483872 -0.8517512048387177 -0.2222809320784087
    endloop
  endfacet
  facet normal 0.5713157878291633 -0.6514607996199847 -0.4991964514453529
    outer loop
      vertex 36.083926127097634 -1.3461479412444635 0.2308452391239948
      vertex 35.9246665174505 -1.1385967770835301 -0.2222809320784087
      vertex 36.25175120483872 -0.8517512048387177 -0.2222809320784087
    endloop
  endfacet
  facet normal 0.5713157878291734 -0.6514607996199815 -0.49919645144534563
    outer loop
      vertex 36.083926127097634 -1.3461479412444635 0.2308452391239948
      vertex 36.25175120483872 -0.8517512048387177 -0.2222809320784087
      vertex 36.43673918959653 -1.0367391895965343 0.2308452391239948
    endloop
  endfacet
  facet normal 0.6514607996199862 -0.5713157878291688 -0.4991964514453447
    outer loop
      vertex 36.25175120483872 -0.8517512048387177 -0.2222809320784087
      vertex 36.74614794124446 -0.6839261270976329 0.2308452391239948
      vertex 36.43673918959653 -1.0367391895965343 0.2308452391239948
    endloop
  endfacet
  facet normal 0.5969479591364188 -0.523509309794194 -0.6079400765220789
    outer loop
      vertex 36.026524104937494 -0.6265241049374932 -0.6373832604002754
      vertex 36.28589849050946 -0.33076430234617504 -0.6373832604002754
      vertex 36.25175120483872 -0.8517512048387177 -0.2222809320784087
    endloop
  endfacet
  facet normal 0.5969479591364208 -0.5235093097941932 -0.6079400765220778
    outer loop
      vertex 36.28589849050946 -0.33076430234617504 -0.6373832604002754
      vertex 36.53859677708353 -0.5246665174504974 -0.2222809320784087
      vertex 36.25175120483872 -0.8517512048387177 -0.2222809320784087
    endloop
  endfacet
  facet normal 0.6601726633925658 -0.44111327101720316 -0.6079400765220776
    outer loop
      vertex 36.28589849050946 -0.33076430234617504 -0.6373832604002754
      vertex 36.78029522691521 -0.1629392246050907 -0.2222809320784087
      vertex 36.53859677708353 -0.5246665174504974 -0.2222809320784087
    endloop
  endfacet
  facet normal 0.651460799619989 -0.5713157878291601 -0.4991964514453509
    outer loop
      vertex 36.25175120483872 -0.8517512048387177 -0.2222809320784087
      vertex 36.53859677708353 -0.5246665174504974 -0.2222809320784087
      vertex 36.74614794124446 -0.6839261270976329 0.2308452391239948
    endloop
  endfacet
  facet normal 0.6093469916179088 -0.6948270761320673 -0.3819837405963329
    outer loop
      vertex 36.083926127097634 -1.3461479412444635 0.2308452391239948
      vertex 36.43673918959653 -1.0367391895965343 0.2308452391239948
      vertex 36.57832286350338 -1.1783228635033796 0.7142421387873537
    endloop
  endfacet
  facet normal 0.6948270761320717 -0.6093469916179034 -0.3819837405963336
    outer loop
      vertex 36.43673918959653 -1.0367391895965343 0.2308452391239948
      vertex 36.74614794124446 -0.6839261270976329 0.2308452391239948
      vertex 36.57832286350338 -1.1783228635033796 0.7142421387873537
    endloop
  endfacet
  facet normal 0.7204591365102465 -0.4813954045099306 -0.49919645144535063
    outer loop
      vertex 36.53859677708353 -0.5246665174504974 -0.2222809320784087
      vertex 37.00685831251641 -0.2937454830653765 0.2308452391239948
      vertex 36.74614794124446 -0.6839261270976329 0.2308452391239948
    endloop
  endfacet
  facet normal 0.720459136510246 -0.48139540450993346 -0.4991964514453486
    outer loop
      vertex 36.53859677708353 -0.5246665174504974 -0.2222809320784087
      vertex 36.78029522691521 -0.1629392246050907 -0.2222809320784087
      vertex 37.00685831251641 -0.2937454830653765 0.2308452391239948
    endloop
  endfacet
  facet normal 0.6948270761320722 -0.6093469916179031 -0.38198374059633294
    outer loop
      vertex 36.57832286350338 -1.1783228635033796 0.7142421387873537
      vertex 36.74614794124446 -0.6839261270976329 0.2308452391239948
      vertex 36.90500072502942 -0.8058181552114139 0.7142421387873537
    endloop
  endfacet
  facet normal 0.7684184767311605 -0.5134408111342493 -0.3819837405963337
    outer loop
      vertex 36.90500072502942 -0.8058181552114139 0.7142421387873537
      vertex 36.74614794124446 -0.6839261270976329 0.2308452391239948
      vertex 37.00685831251641 -0.2937454830653765 0.2308452391239948
    endloop
  endfacet
  facet normal 0.8288620241475239 -0.4087495160194124 -0.38198374059633167
    outer loop
      vertex 37.00685831251641 -0.2937454830653765 0.2308452391239948
      vertex 37.214409476677346 0.12712664350233105 0.2308452391239948
      vertex 37.1802621910066 -0.3938602589902116 0.7142421387873537
    endloop
  endfacet
  facet normal 0.768418476731163 -0.5134408111342472 -0.38198374059633117
    outer loop
      vertex 36.90500072502942 -0.8058181552114139 0.7142421387873537
      vertex 37.00685831251641 -0.2937454830653765 0.2308452391239948
      vertex 37.1802621910066 -0.3938602589902116 0.7142421387873537
    endloop
  endfacet
  facet normal 0.37652436734026223 -0.33020300790065676 -0.8655607282983523
    outer loop
      vertex 35.150981328383885 0.24901867161611158 -1.587490966130753
      vertex 35.663054000529925 0.14716108412911622 -1.325878449210181
      vertex 35.4713899167742 -0.07138991677420403 -1.325878449210181
    endloop
  endfacet
  facet normal 0.3765243673402617 -0.3302030079006585 -0.8655607282983518
    outer loop
      vertex 35.150981328383885 0.24901867161611158 -1.587490966130753
      vertex 35.30356483903312 0.4230068196315413 -1.587490966130753
      vertex 35.663054000529925 0.14716108412911622 -1.325878449210181
    endloop
  endfacet
  facet normal 0.41640329046241437 -0.2782317834462854 -0.865560728298352
    outer loop
      vertex 35.30356483903312 0.4230068196315413 -1.587490966130753
      vertex 35.82455174152566 0.38885953396079564 -1.325878449210181
      vertex 35.663054000529925 0.14716108412911622 -1.325878449210181
    endloop
  endfacet
  facet normal 0.41640329046241364 -0.2782317834462894 -0.865560728298351
    outer loop
      vertex 35.30356483903312 0.4230068196315413 -1.587490966130753
      vertex 35.432132966144806 0.6154226195619974 -1.587490966130753
      vertex 35.82455174152566 0.38885953396079564 -1.325878449210181
    endloop
  endfacet
  facet normal 0.44915743783594453 -0.22149993603673201 -0.8655607282983518
    outer loop
      vertex 35.432132966144806 0.6154226195619974 -1.587490966130753
      vertex 35.53448587341824 0.8229737837229307 -1.587490966130753
      vertex 35.953119868637344 0.6495699052327435 -1.325878449210181
    endloop
  endfacet
  facet normal 0.44915743783594425 -0.22149993603673596 -0.8655607282983508
    outer loop
      vertex 35.82455174152566 0.38885953396079564 -1.325878449210181
      vertex 35.432132966144806 0.6154226195619974 -1.587490966130753
      vertex 35.953119868637344 0.6495699052327435 -1.325878449210181
    endloop
  endfacet
  facet normal 0.47422637691813624 -0.16097816331019957 -0.8655607282983514
    outer loop
      vertex 35.53448587341824 0.8229737837229307 -1.587490966130753
      vertex 35.60887227423239 1.042109054151494 -1.587490966130753
      vertex 35.953119868637344 0.6495699052327435 -1.325878449210181
    endloop
  endfacet
  facet normal 0.4742263769181309 -0.1609781633102055 -0.8655607282983532
    outer loop
      vertex 35.953119868637344 0.6495699052327435 -1.325878449210181
      vertex 35.60887227423239 1.042109054151494 -1.587490966130753
      vertex 36.046558545564274 0.9248313712099265 -1.325878449210181
    endloop
  endfacet
  facet normal 0.4583084531601883 -0.4019257262121134 -0.7927225696110719
    outer loop
      vertex 35.76491158801692 -0.3649115880169207 -1.0073592299159095
      vertex 35.4713899167742 -0.07138991677420403 -1.325878449210181
      vertex 35.663054000529925 0.14716108412911622 -1.325878449210181
    endloop
  endfacet
  facet normal 0.4583084531601994 -0.4019257262121087 -0.7927225696110679
    outer loop
      vertex 35.76491158801692 -0.3649115880169207 -1.0073592299159095
      vertex 35.663054000529925 0.14716108412911622 -1.325878449210181
      vertex 35.992376819266745 -0.10553720244495057 -1.0073592299159095
    endloop
  endfacet
  facet normal 0.5068493954076057 -0.3386659386536692 -0.7927225696110676
    outer loop
      vertex 35.663054000529925 0.14716108412911622 -1.325878449210181
      vertex 36.18404090302246 0.1813083697998623 -1.0073592299159095
      vertex 35.992376819266745 -0.10553720244495057 -1.0073592299159095
    endloop
  endfacet
  facet normal 0.5068493954076057 -0.3386659386536683 -0.7927225696110678
    outer loop
      vertex 35.663054000529925 0.14716108412911622 -1.325878449210181
      vertex 35.82455174152566 0.38885953396079564 -1.325878449210181
      vertex 36.18404090302246 0.1813083697998623 -1.0073592299159095
    endloop
  endfacet
  facet normal 0.5467180039743809 -0.26961148298893844 -0.7927225696110678
    outer loop
      vertex 35.82455174152566 0.38885953396079564 -1.325878449210181
      vertex 36.3366244136717 0.49071712144779145 -1.0073592299159095
      vertex 36.18404090302246 0.1813083697998623 -1.0073592299159095
    endloop
  endfacet
  facet normal 0.5885675477331826 -0.3932682623678544 -0.7063485793639824
    outer loop
      vertex 35.992376819266745 -0.10553720244495057 -1.0073592299159095
      vertex 36.18404090302246 0.1813083697998623 -1.0073592299159095
      vertex 36.504449491412785 -0.003679614957954769 -0.6373832604002754
    endloop
  endfacet
  facet normal 0.5885675477331811 -0.3932682623678669 -0.7063485793639768
    outer loop
      vertex 36.28589849050946 -0.33076430234617504 -0.6373832604002754
      vertex 35.992376819266745 -0.10553720244495057 -1.0073592299159095
      vertex 36.504449491412785 -0.003679614957954769 -0.6373832604002754
    endloop
  endfacet
  facet normal 0.6348640795793149 -0.31308031699612243 -0.706348579363983
    outer loop
      vertex 36.18404090302246 0.1813083697998623 -1.0073592299159095
      vertex 36.3366244136717 0.49071712144779145 -1.0073592299159095
      vertex 36.504449491412785 -0.003679614957954769 -0.6373832604002754
    endloop
  endfacet
  facet normal 0.634864079579329 -0.3130803169961117 -0.706348579363975
    outer loop
      vertex 36.504449491412785 -0.003679614957954769 -0.6373832604002754
      vertex 36.3366244136717 0.49071712144779145 -1.0073592299159095
      vertex 36.67843763942821 0.34913344754094666 -0.6373832604002754
    endloop
  endfacet
  facet normal 0.5467180039743809 -0.2696114829889305 -0.7927225696110705
    outer loop
      vertex 35.82455174152566 0.38885953396079564 -1.325878449210181
      vertex 35.953119868637344 0.6495699052327435 -1.325878449210181
      vertex 36.3366244136717 0.49071712144779145 -1.0073592299159095
    endloop
  endfacet
  facet normal 0.5772321159142937 -0.1959439000998217 -0.7927225696110705
    outer loop
      vertex 35.953119868637344 0.6495699052327435 -1.325878449210181
      vertex 36.046558545564274 0.9248313712099265 -1.325878449210181
      vertex 36.3366244136717 0.49071712144779145 -1.0073592299159095
    endloop
  endfacet
  facet normal 0.5772321159142937 -0.19594390009982166 -0.7927225696110705
    outer loop
      vertex 36.046558545564274 0.9248313712099265 -1.325878449210181
      vertex 36.44751660504309 0.8173949829738278 -1.0073592299159095
      vertex 36.3366244136717 0.49071712144779145 -1.0073592299159095
    endloop
  endfacet
  facet normal 0.670297911006284 -0.22753548059830347 -0.7063485793639787
    outer loop
      vertex 36.3366244136717 0.49071712144779145 -1.0073592299159095
      vertex 36.44751660504309 0.8173949829738278 -1.0073592299159095
      vertex 36.80488594910458 0.7216381558329124 -0.6373832604002754
    endloop
  endfacet
  facet normal 0.6702979110062852 -0.22753548059831208 -0.7063485793639747
    outer loop
      vertex 36.3366244136717 0.49071712144779145 -1.0073592299159095
      vertex 36.80488594910458 0.7216381558329124 -0.6373832604002754
      vertex 36.67843763942821 0.34913344754094666 -0.6373832604002754
    endloop
  endfacet
  facet normal 0.3630378280597576 -0.1232347368633868 -0.9235890509462884
    outer loop
      vertex 35.14194672449949 1.1672213781278833 -1.7877205179804228
      vertex 35.60887227423239 1.042109054151494 -1.587490966130753
      vertex 35.53448587341824 0.8229737837229307 -1.587490966130753
    endloop
  endfacet
  facet normal 0.376017350066171 -0.07479450127748873 -0.9235890509462888
    outer loop
      vertex 35.17475802447026 1.3321749222589157 -1.7877205179804228
      vertex 35.65401939664552 1.269078965614879 -1.587490966130753
      vertex 35.60887227423239 1.042109054151494 -1.587490966130753
    endloop
  endfacet
  facet normal 0.3825631109612502 -0.025074511037776633 -0.923589050946289
    outer loop
      vertex 35.17475802447026 1.3321749222589157 -1.7877205179804228
      vertex 35.669154760876005 1.5 -1.587490966130753
      vertex 35.65401939664552 1.269078965614879 -1.587490966130753
    endloop
  endfacet
  facet normal 0.49118117121085875 -0.0977020095778663 -0.8655607282983533
    outer loop
      vertex 36.046558545564274 0.9248313712099265 -1.325878449210181
      vertex 35.60887227423239 1.042109054151494 -1.587490966130753
      vertex 35.65401939664552 1.269078965614879 -1.587490966130753
    endloop
  endfacet
  facet normal 0.49118117121085897 -0.09770200957786586 -0.8655607282983531
    outer loop
      vertex 36.046558545564274 0.9248313712099265 -1.325878449210181
      vertex 35.65401939664552 1.269078965614879 -1.587490966130753
      vertex 36.10326901063814 1.2099341318925783 -1.325878449210181
    endloop
  endfacet
  facet normal 0.49973171948302086 -0.03275414737353847 -0.8655607282983533
    outer loop
      vertex 35.65401939664552 1.269078965614879 -1.587490966130753
      vertex 35.669154760876005 1.5 -1.587490966130753
      vertex 36.10326901063814 1.2099341318925783 -1.325878449210181
    endloop
  endfacet
  facet normal 0.4997317194830201 -0.03275414737354003 -0.8655607282983536
    outer loop
      vertex 35.669154760876005 1.5 -1.587490966130753
      vertex 36.12228093207841 1.5 -1.325878449210181
      vertex 36.10326901063814 1.2099341318925783 -1.325878449210181
    endloop
  endfacet
  facet normal 0.5978696263119333 -0.11892366275409907 -0.7927225696110705
    outer loop
      vertex 36.046558545564274 0.9248313712099265 -1.325878449210181
      vertex 36.10326901063814 1.2099341318925783 -1.325878449210181
      vertex 36.44751660504309 0.8173949829738278 -1.0073592299159095
    endloop
  endfacet
  facet normal 0.6082774216426032 -0.03986860856679269 -0.792722569611068
    outer loop
      vertex 36.10326901063814 1.2099341318925783 -1.325878449210181
      vertex 36.12228093207841 1.5 -1.325878449210181
      vertex 36.514820080997154 1.1557524055950474 -1.0073592299159095
    endloop
  endfacet
  facet normal 0.597869626311938 -0.11892366275409284 -0.7927225696110678
    outer loop
      vertex 36.44751660504309 0.8173949829738278 -1.0073592299159095
      vertex 36.10326901063814 1.2099341318925783 -1.325878449210181
      vertex 36.514820080997154 1.1557524055950474 -1.0073592299159095
    endloop
  endfacet
  facet normal 0.6082774216426046 -0.03986860856679047 -0.7927225696110672
    outer loop
      vertex 36.12228093207841 1.5 -1.325878449210181
      vertex 36.537383260400276 1.5 -1.0073592299159095
      vertex 36.514820080997154 1.1557524055950474 -1.0073592299159095
    endloop
  endfacet
  facet normal 0.6942627593342369 -0.13809744904269963 -0.7063485793639784
    outer loop
      vertex 36.44751660504309 0.8173949829738278 -1.0073592299159095
      vertex 36.514820080997154 1.1557524055950474 -1.0073592299159095
      vertex 36.88163085480522 1.1074608510812496 -0.6373832604002754
    endloop
  endfacet
  facet normal 0.694262759334237 -0.13809744904269972 -0.7063485793639784
    outer loop
      vertex 36.44751660504309 0.8173949829738278 -1.0073592299159095
      vertex 36.88163085480522 1.1074608510812496 -0.6373832604002754
      vertex 36.80488594910458 0.7216381558329124 -0.6373832604002754
    endloop
  endfacet
  facet normal 0.7063485793639764 -0.04629653184615147 -0.7063485793639784
    outer loop
      vertex 36.514820080997154 1.1557524055950474 -1.0073592299159095
      vertex 36.90735922991591 1.5 -0.6373832604002754
      vertex 36.88163085480522 1.1074608510812496 -0.6373832604002754
    endloop
  endfacet
  facet normal 0.7063485793639758 -0.0462965318461501 -0.7063485793639792
    outer loop
      vertex 36.514820080997154 1.1557524055950474 -1.0073592299159095
      vertex 36.537383260400276 1.5 -1.0073592299159095
      vertex 36.90735922991591 1.5 -0.6373832604002754
    endloop
  endfacet
  facet normal 0.660172663392565 -0.44111327101720876 -0.6079400765220744
    outer loop
      vertex 36.28589849050946 -0.33076430234617504 -0.6373832604002754
      vertex 36.504449491412785 -0.003679614957954769 -0.6373832604002754
      vertex 36.78029522691521 -0.1629392246050907 -0.2222809320784087
    endloop
  endfacet
  facet normal 0.7121016303436302 -0.3511696618734001 -0.6079400765220745
    outer loop
      vertex 36.504449491412785 -0.003679614957954769 -0.6373832604002754
      vertex 36.972711026845666 0.22724141942716614 -0.2222809320784087
      vertex 36.78029522691521 -0.1629392246050907 -0.2222809320784087
    endloop
  endfacet
  facet normal 0.7121016303436303 -0.3511696618733865 -0.607940076522082
    outer loop
      vertex 36.504449491412785 -0.003679614957954769 -0.6373832604002754
      vertex 36.67843763942821 0.34913344754094666 -0.6373832604002754
      vertex 36.972711026845666 0.22724141942716614 -0.2222809320784087
    endloop
  endfacet
  facet normal 0.7771302178258083 -0.38323821235151323 -0.49919645144534863
    outer loop
      vertex 37.00685831251641 -0.2937454830653765 0.2308452391239948
      vertex 36.78029522691521 -0.1629392246050907 -0.2222809320784087
      vertex 36.972711026845666 0.22724141942716614 -0.2222809320784087
    endloop
  endfacet
  facet normal 0.7771302178258029 -0.38323821235151767 -0.49919645144535346
    outer loop
      vertex 37.00685831251641 -0.2937454830653765 0.2308452391239948
      vertex 36.972711026845666 0.22724141942716614 -0.2222809320784087
      vertex 37.214409476677346 0.12712664350233105 0.2308452391239948
    endloop
  endfacet
  facet normal 0.8205043856531695 -0.27852370812604343 -0.4991964514453537
    outer loop
      vertex 36.972711026845666 0.22724141942716614 -0.2222809320784087
      vertex 37.365250175764416 0.5714890138321191 0.2308452391239948
      vertex 37.214409476677346 0.12712664350233105 0.2308452391239948
    endloop
  endfacet
  facet normal 0.7518463409676388 -0.255217442452316 -0.6079400765220795
    outer loop
      vertex 36.67843763942821 0.34913344754094666 -0.6373832604002754
      vertex 36.80488594910458 0.7216381558329124 -0.6373832604002754
      vertex 37.11255188919035 0.6391993156483684 -0.2222809320784087
    endloop
  endfacet
  facet normal 0.7518463409676381 -0.25521744245231126 -0.6079400765220822
    outer loop
      vertex 36.67843763942821 0.34913344754094666 -0.6373832604002754
      vertex 37.11255188919035 0.6391993156483684 -0.2222809320784087
      vertex 36.972711026845666 0.22724141942716614 -0.2222809320784087
    endloop
  endfacet
  facet normal 0.7787267522465079 -0.1548983818312172 -0.6079400765220833
    outer loop
      vertex 36.80488594910458 0.7216381558329124 -0.6373832604002754
      vertex 36.88163085480522 1.1074608510812496 -0.6373832604002754
      vertex 37.19742509802333 1.065885750237865 -0.2222809320784087
    endloop
  endfacet
  facet normal 0.7787267522465094 -0.15489838183122331 -0.6079400765220795
    outer loop
      vertex 36.80488594910458 0.7216381558329124 -0.6373832604002754
      vertex 37.19742509802333 1.065885750237865 -0.2222809320784087
      vertex 37.11255188919035 0.6391993156483684 -0.2222809320784087
    endloop
  endfacet
  facet normal 0.8205043856531699 -0.278523708126047 -0.4991964514453512
    outer loop
      vertex 36.972711026845666 0.22724141942716614 -0.2222809320784087
      vertex 37.11255188919035 0.6391993156483684 -0.2222809320784087
      vertex 37.365250175764416 0.5714890138321191 0.2308452391239948
    endloop
  endfacet
  facet normal 0.849839495955213 -0.16904358603318426 -0.49919645144535124
    outer loop
      vertex 37.11255188919035 0.6391993156483684 -0.2222809320784087
      vertex 37.19742509802333 1.065885750237865 -0.2222809320784087
      vertex 37.365250175764416 0.5714890138321191 0.2308452391239948
    endloop
  endfacet
  facet normal 0.8498394959552169 -0.16904358603317876 -0.49919645144534663
    outer loop
      vertex 37.365250175764416 0.5714890138321191 0.2308452391239948
      vertex 37.19742509802333 1.065885750237865 -0.2222809320784087
      vertex 37.4567994835953 1.0317384645671188 0.2308452391239948
    endloop
  endfacet
  facet normal 0.8288620241475377 -0.408749516019399 -0.3819837405963162
    outer loop
      vertex 37.1802621910066 -0.3938602589902116 0.7142421387873537
      vertex 37.214409476677346 0.12712664350233105 0.2308452391239948
      vertex 37.39939746143516 0.05050211133957605 0.7142421387873537
    endloop
  endfacet
  facet normal 0.8751235125267699 -0.2970644033586907 -0.38198374059631557
    outer loop
      vertex 37.214409476677346 0.12712664350233105 0.2308452391239948
      vertex 37.558657071082294 0.5196657924210819 0.7142421387873537
      vertex 37.39939746143516 0.05050211133957605 0.7142421387873537
    endloop
  endfacet
  facet normal 0.8751235125267699 -0.2970644033586859 -0.38198374059631957
    outer loop
      vertex 37.214409476677346 0.12712664350233105 0.2308452391239948
      vertex 37.365250175764416 0.5714890138321191 0.2308452391239948
      vertex 37.558657071082294 0.5196657924210819 0.7142421387873537
    endloop
  endfacet
  facet normal 0.9064113949765937 -0.18029643639468318 -0.38198374059632884
    outer loop
      vertex 37.365250175764416 0.5714890138321191 0.2308452391239948
      vertex 37.4567994835953 1.0317384645671188 0.2308452391239948
      vertex 37.655316043871835 1.0056032635942538 0.7142421387873537
    endloop
  endfacet
  facet normal 0.9064113949765954 -0.18029643639469495 -0.3819837405963193
    outer loop
      vertex 37.365250175764416 0.5714890138321191 0.2308452391239948
      vertex 37.655316043871835 1.0056032635942538 0.7142421387873537
      vertex 37.558657071082294 0.5196657924210819 0.7142421387873537
    endloop
  endfacet
  facet normal 0.7922829328905914 -0.05192896695107626 -0.6079400765220835
    outer loop
      vertex 36.88163085480522 1.1074608510812496 -0.6373832604002754
      vertex 36.90735922991591 1.5 -0.6373832604002754
      vertex 37.19742509802333 1.065885750237865 -0.2222809320784087
    endloop
  endfacet
  facet normal 0.792282932890601 -0.051928966951059106 -0.6079400765220724
    outer loop
      vertex 36.90735922991591 1.5 -0.6373832604002754
      vertex 37.22587844921018 1.5 -0.2222809320784087
      vertex 37.19742509802333 1.065885750237865 -0.2222809320784087
    endloop
  endfacet
  facet normal 0.8646336168614419 -0.0566710813155649 -0.4991964514453463
    outer loop
      vertex 37.19742509802333 1.065885750237865 -0.2222809320784087
      vertex 37.48749096613075 1.5 0.2308452391239948
      vertex 37.4567994835953 1.0317384645671188 0.2308452391239948
    endloop
  endfacet
  facet normal 0.8646336168614396 -0.056671081315558515 -0.49919645144535096
    outer loop
      vertex 37.19742509802333 1.065885750237865 -0.2222809320784087
      vertex 37.22587844921018 1.5 -0.2222809320784087
      vertex 37.48749096613075 1.5 0.2308452391239948
    endloop
  endfacet
  facet normal 0.9221903271536531 -0.06044354741637001 -0.3819837405963286
    outer loop
      vertex 37.4567994835953 1.0317384645671188 0.2308452391239948
      vertex 37.48749096613075 1.5 0.2308452391239948
      vertex 37.655316043871835 1.0056032635942538 0.7142421387873537
    endloop
  endfacet
  facet normal 0.9221903271536513 -0.060443547416373936 -0.38198374059633206
    outer loop
      vertex 37.48749096613075 1.5 0.2308452391239948
      vertex 37.68772051798042 1.5 0.7142421387873537
      vertex 37.655316043871835 1.0056032635942538 0.7142421387873537
    endloop
  endfacet
  facet normal 0.06318362469879239 -0.9639958278814481 -0.2583019035878051
    outer loop
      vertex 33.9 -2.2877205179804228 0.7142421387873537
      vertex 34.41207267214604 -2.389578105467418 1.2196387119354872
      vertex 33.9 -2.4231411216129217 1.2196387119354872
    endloop
  endfacet
  facet normal 0.06484595933590649 -0.9893581533630917 -0.1302514718987048
    outer loop
      vertex 33.9 -2.4231411216129217 1.2196387119354872
      vertex 34.41207267214604 -2.389578105467418 1.2196387119354872
      vertex 33.9 -2.491435692954414 1.738387483079428
    endloop
  endfacet
  facet normal 0.0631836246987928 -0.9639958278814481 -0.25830190358780547
    outer loop
      vertex 33.9 -2.2877205179804228 0.7142421387873537
      vertex 34.394396736405746 -2.2553160438718374 0.7142421387873537
      vertex 34.41207267214604 -2.389578105467418 1.2196387119354872
    endloop
  endfacet
  facet normal 0.18846978475996987 -0.9475015919962595 -0.25830190358780586
    outer loop
      vertex 34.394396736405746 -2.2553160438718374 0.7142421387873537
      vertex 34.88033420757892 -2.1586570710822977 0.7142421387873537
      vertex 34.41207267214604 -2.389578105467418 1.2196387119354872
    endloop
  endfacet
  facet normal 0.18846978475997314 -0.9475015919962598 -0.25830190358780303
    outer loop
      vertex 34.88033420757892 -2.1586570710822977 0.7142421387873537
      vertex 34.915383638898284 -2.2894633295425835 1.2196387119354872
      vertex 34.41207267214604 -2.389578105467418 1.2196387119354872
    endloop
  endfacet
  facet normal 0.3105311745502113 -0.9147953411749447 -0.2583019035878034
    outer loop
      vertex 34.88033420757892 -2.1586570710822977 0.7142421387873537
      vertex 35.34949788866042 -1.9993974614351617 0.7142421387873537
      vertex 35.40132111007146 -2.124509785411551 1.2196387119354872
    endloop
  endfacet
  facet normal 0.3105311745502098 -0.9147953411749455 -0.25830190358780175
    outer loop
      vertex 34.88033420757892 -2.1586570710822977 0.7142421387873537
      vertex 35.40132111007146 -2.124509785411551 1.2196387119354872
      vertex 34.915383638898284 -2.2894633295425835 1.2196387119354872
    endloop
  endfacet
  facet normal 0.19342834566478803 -0.9724299610571469 -0.13025147189870548
    outer loop
      vertex 34.41207267214604 -2.389578105467418 1.2196387119354872
      vertex 34.915383638898284 -2.2894633295425835 1.2196387119354872
      vertex 34.93305957463858 -2.355430819796672 1.738387483079428
    endloop
  endfacet
  facet normal 0.31870111937087114 -0.9388632225089948 -0.13025147189870612
    outer loop
      vertex 34.915383638898284 -2.2894633295425835 1.2196387119354872
      vertex 35.40132111007146 -2.124509785411551 1.2196387119354872
      vertex 35.427456311044324 -2.1876057420555877 1.738387483079428
    endloop
  endfacet
  facet normal 0.06484595933590621 -0.9893581533630917 -0.13025147189870512
    outer loop
      vertex 33.9 -2.491435692954414 1.738387483079428
      vertex 34.41207267214604 -2.389578105467418 1.2196387119354872
      vertex 34.420986902492544 -2.457288407283668 1.738387483079428
    endloop
  endfacet
  facet normal 0.19342834566478756 -0.9724299610571472 -0.130251471898705
    outer loop
      vertex 34.41207267214604 -2.389578105467418 1.2196387119354872
      vertex 34.93305957463858 -2.355430819796672 1.738387483079428
      vertex 34.420986902492544 -2.457288407283668 1.738387483079428
    endloop
  endfacet
  facet normal 0.318701119370871 -0.9388632225089948 -0.13025147189870592
    outer loop
      vertex 34.915383638898284 -2.2894633295425835 1.2196387119354872
      vertex 35.427456311044324 -2.1876057420555877 1.738387483079428
      vertex 34.93305957463858 -2.355430819796672 1.738387483079428
    endloop
  endfacet
  facet normal 0.32143946530316103 -0.9469301294951058 0
    outer loop
      vertex 34.93305957463858 -2.355430819796672 1.738387483079428
      vertex 35.427456311044324 -2.1876057420555877 1.738387483079428
      vertex 35.427456311044324 -2.1876057420555877 2.2616125169205725
    endloop
  endfacet
  facet normal 0.4272792898483889 -0.8664366884369419 -0.25830190358780275
    outer loop
      vertex 35.34949788866042 -1.9993974614351617 0.7142421387873537
      vertex 35.861570560806456 -1.897539873948166 1.2196387119354872
      vertex 35.40132111007146 -2.124509785411551 1.2196387119354872
    endloop
  endfacet
  facet normal 0.4385208285638787 -0.8892322739216507 -0.13025147189870656
    outer loop
      vertex 35.40132111007146 -2.124509785411551 1.2196387119354872
      vertex 35.861570560806456 -1.897539873948166 1.2196387119354872
      vertex 35.427456311044324 -2.1876057420555877 1.738387483079428
    endloop
  endfacet
  facet normal 0.4272792898483902 -0.8664366884369405 -0.2583019035878043
    outer loop
      vertex 35.34949788866042 -1.9993974614351617 0.7142421387873537
      vertex 35.79386025899021 -1.7802621910065985 0.7142421387873537
      vertex 35.861570560806456 -1.897539873948166 1.2196387119354872
    endloop
  endfacet
  facet normal 0.5367165380330592 -0.8032530637381499 -0.258301903587804
    outer loop
      vertex 35.79386025899021 -1.7802621910065985 0.7142421387873537
      vertex 36.20581815521141 -1.505000725029416 0.7142421387873537
      vertex 35.861570560806456 -1.897539873948166 1.2196387119354872
    endloop
  endfacet
  facet normal 0.5367165380330582 -0.8032530637381504 -0.25830190358780514
    outer loop
      vertex 36.20581815521141 -1.505000725029416 0.7142421387873537
      vertex 36.288256995395955 -1.6124371132655142 1.2196387119354872
      vertex 35.861570560806456 -1.897539873948166 1.2196387119354872
    endloop
  endfacet
  facet normal 0.6369704174460505 -0.726325556414973 -0.2583019035878052
    outer loop
      vertex 36.20581815521141 -1.505000725029416 0.7142421387873537
      vertex 36.67407969064429 -1.274079690644295 1.2196387119354872
      vertex 36.288256995395955 -1.6124371132655142 1.2196387119354872
    endloop
  endfacet
  facet normal 0.5508373247992114 -0.824386314585746 -0.130251471898707
    outer loop
      vertex 35.861570560806456 -1.897539873948166 1.2196387119354872
      vertex 36.288256995395955 -1.6124371132655142 1.2196387119354872
      vertex 35.895717846477204 -1.9566847076704668 1.738387483079428
    endloop
  endfacet
  facet normal 0.6537288416862761 -0.7454348768442076 -0.130251471898711
    outer loop
      vertex 36.288256995395955 -1.6124371132655142 1.2196387119354872
      vertex 36.67407969064429 -1.274079690644295 1.2196387119354872
      vertex 36.722371245158094 -1.3223712451580925 1.738387483079428
    endloop
  endfacet
  facet normal 0.4385208285638788 -0.8892322739216506 -0.1302514718987065
    outer loop
      vertex 35.861570560806456 -1.897539873948166 1.2196387119354872
      vertex 35.895717846477204 -1.9566847076704668 1.738387483079428
      vertex 35.427456311044324 -2.1876057420555877 1.738387483079428
    endloop
  endfacet
  facet normal 0.44228869021900213 -0.8968727415326878 0
    outer loop
      vertex 35.427456311044324 -2.1876057420555877 1.738387483079428
      vertex 35.895717846477204 -1.9566847076704668 1.738387483079428
      vertex 35.427456311044324 -2.1876057420555877 2.2616125169205725
    endloop
  endfacet
  facet normal 0.5508373247992098 -0.8243863145857468 -0.1302514718987087
    outer loop
      vertex 36.288256995395955 -1.6124371132655142 1.2196387119354872
      vertex 36.32983209623934 -1.666618839563045 1.738387483079428
      vertex 35.895717846477204 -1.9566847076704668 1.738387483079428
    endloop
  endfacet
  facet normal 0.6537288416862751 -0.7454348768442087 -0.13025147189870945
    outer loop
      vertex 36.288256995395955 -1.6124371132655142 1.2196387119354872
      vertex 36.722371245158094 -1.3223712451580925 1.738387483079428
      vertex 36.32983209623934 -1.666618839563045 1.738387483079428
    endloop
  endfacet
  facet normal 0.5555702330195987 -0.8314696123025477 0
    outer loop
      vertex 35.895717846477204 -1.9566847076704668 1.738387483079428
      vertex 36.32983209623934 -1.666618839563045 1.738387483079428
      vertex 35.895717846477204 -1.9566847076704668 2.2616125169205725
    endloop
  endfacet
  facet normal 0.6369704174460464 -0.7263255564149793 -0.2583019035877984
    outer loop
      vertex 36.20581815521141 -1.505000725029416 0.7142421387873537
      vertex 36.57832286350338 -1.1783228635033796 0.7142421387873537
      vertex 36.67407969064429 -1.274079690644295 1.2196387119354872
    endloop
  endfacet
  facet normal 0.7263255564149732 -0.6369704174460535 -0.2583019035877976
    outer loop
      vertex 36.57832286350338 -1.1783228635033796 0.7142421387873537
      vertex 37.01243711326551 -0.8882569953959574 1.2196387119354872
      vertex 36.67407969064429 -1.274079690644295 1.2196387119354872
    endloop
  endfacet
  facet normal 0.7263255564149749 -0.6369704174460501 -0.25830190358780103
    outer loop
      vertex 36.57832286350338 -1.1783228635033796 0.7142421387873537
      vertex 36.90500072502942 -0.8058181552114139 0.7142421387873537
      vertex 37.01243711326551 -0.8882569953959574 1.2196387119354872
    endloop
  endfacet
  facet normal 0.7454348768442063 -0.6537288416862778 -0.13025147189871192
    outer loop
      vertex 36.67407969064429 -1.274079690644295 1.2196387119354872
      vertex 37.01243711326551 -0.8882569953959574 1.2196387119354872
      vertex 36.722371245158094 -1.3223712451580925 1.738387483079428
    endloop
  endfacet
  facet normal 0.8032530637381501 -0.5367165380330571 -0.25830190358780825
    outer loop
      vertex 36.90500072502942 -0.8058181552114139 0.7142421387873537
      vertex 37.1802621910066 -0.3938602589902116 0.7142421387873537
      vertex 37.29753987394817 -0.46157056080646086 1.2196387119354872
    endloop
  endfacet
  facet normal 0.8032530637381474 -0.5367165380330647 -0.25830190358780086
    outer loop
      vertex 36.90500072502942 -0.8058181552114139 0.7142421387873537
      vertex 37.29753987394817 -0.46157056080646086 1.2196387119354872
      vertex 37.01243711326551 -0.8882569953959574 1.2196387119354872
    endloop
  endfacet
  facet normal 0.8243863145857422 -0.5508373247992178 -0.13025147189870317
    outer loop
      vertex 37.01243711326551 -0.8882569953959574 1.2196387119354872
      vertex 37.29753987394817 -0.46157056080646086 1.2196387119354872
      vertex 37.35668470767047 -0.49571784647720696 1.738387483079428
    endloop
  endfacet
  facet normal 0.8664366884369439 -0.42727928984838104 -0.2583019035878084
    outer loop
      vertex 37.1802621910066 -0.3938602589902116 0.7142421387873537
      vertex 37.39939746143516 0.05050211133957605 0.7142421387873537
      vertex 37.29753987394817 -0.46157056080646086 1.2196387119354872
    endloop
  endfacet
  facet normal 0.8892322739216515 -0.43852082856387825 -0.13025147189870315
    outer loop
      vertex 37.29753987394817 -0.46157056080646086 1.2196387119354872
      vertex 37.52450978541155 -0.0013211100714611845 1.2196387119354872
      vertex 37.35668470767047 -0.49571784647720696 1.738387483079428
    endloop
  endfacet
  facet normal 0.7454348768442142 -0.6537288416862704 -0.13025147189870145
    outer loop
      vertex 37.01243711326551 -0.8882569953959574 1.2196387119354872
      vertex 37.06661883956304 -0.929832096239342 1.738387483079428
      vertex 36.722371245158094 -1.3223712451580925 1.738387483079428
    endloop
  endfacet
  facet normal 0.8243863145857412 -0.5508373247992197 -0.13025147189870112
    outer loop
      vertex 37.01243711326551 -0.8882569953959574 1.2196387119354872
      vertex 37.35668470767047 -0.49571784647720696 1.738387483079428
      vertex 37.06661883956304 -0.929832096239342 1.738387483079428
    endloop
  endfacet
  facet normal 0.7518398074789822 -0.6593458151000633 0
    outer loop
      vertex 36.722371245158094 -1.3223712451580925 1.738387483079428
      vertex 37.06661883956304 -0.929832096239342 1.738387483079428
      vertex 37.06661883956304 -0.929832096239342 2.2616125169205725
    endloop
  endfacet
  facet normal 0.8314696123025412 -0.5555702330196081 0
    outer loop
      vertex 37.06661883956304 -0.929832096239342 1.738387483079428
      vertex 37.35668470767047 -0.49571784647720696 1.738387483079428
      vertex 37.06661883956304 -0.929832096239342 2.2616125169205725
    endloop
  endfacet
  facet normal 0.866436688436939 -0.4272792898483867 -0.2583019035878151
    outer loop
      vertex 37.39939746143516 0.05050211133957605 0.7142421387873537
      vertex 37.52450978541155 -0.0013211100714611845 1.2196387119354872
      vertex 37.29753987394817 -0.46157056080646086 1.2196387119354872
    endloop
  endfacet
  facet normal 0.9147953411749413 -0.31053117455021073 -0.25830190358781563
    outer loop
      vertex 37.39939746143516 0.05050211133957605 0.7142421387873537
      vertex 37.558657071082294 0.5196657924210819 0.7142421387873537
      vertex 37.52450978541155 -0.0013211100714611845 1.2196387119354872
    endloop
  endfacet
  facet normal 0.914795341174944 -0.31053117455020646 -0.2583019035878111
    outer loop
      vertex 37.558657071082294 0.5196657924210819 0.7142421387873537
      vertex 37.68946332954258 0.48461636110171114 1.2196387119354872
      vertex 37.52450978541155 -0.0013211100714611845 1.2196387119354872
    endloop
  endfacet
  facet normal 0.9388632225089958 -0.3187011193708686 -0.1302514718987046
    outer loop
      vertex 37.52450978541155 -0.0013211100714611845 1.2196387119354872
      vertex 37.68946332954258 0.48461636110171114 1.2196387119354872
      vertex 37.75543081979667 0.46694042536142044 1.738387483079428
    endloop
  endfacet
  facet normal 0.9475015919962576 -0.1884697847599726 -0.2583019035878112
    outer loop
      vertex 37.558657071082294 0.5196657924210819 0.7142421387873537
      vertex 37.655316043871835 1.0056032635942538 0.7142421387873537
      vertex 37.68946332954258 0.48461636110171114 1.2196387119354872
    endloop
  endfacet
  facet normal 0.9475015919962627 -0.18846978475996196 -0.25830190358780053
    outer loop
      vertex 37.655316043871835 1.0056032635942538 0.7142421387873537
      vertex 37.78957810546741 0.9879273278539631 1.2196387119354872
      vertex 37.68946332954258 0.48461636110171114 1.2196387119354872
    endloop
  endfacet
  facet normal 0.9724299610571479 -0.19342834566477618 -0.1302514718987159
    outer loop
      vertex 37.68946332954258 0.48461636110171114 1.2196387119354872
      vertex 37.78957810546741 0.9879273278539631 1.2196387119354872
      vertex 37.85728840728367 0.9790130975074574 1.738387483079428
    endloop
  endfacet
  facet normal 0.8892322739216533 -0.43852082856387586 -0.1302514718987003
    outer loop
      vertex 37.35668470767047 -0.49571784647720696 1.738387483079428
      vertex 37.52450978541155 -0.0013211100714611845 1.2196387119354872
      vertex 37.58760574205559 -0.027456311044325776 1.738387483079428
    endloop
  endfacet
  facet normal 0.9388632225089949 -0.31870111937087325 -0.13025147189870004
    outer loop
      vertex 37.52450978541155 -0.0013211100714611845 1.2196387119354872
      vertex 37.75543081979667 0.46694042536142044 1.738387483079428
      vertex 37.58760574205559 -0.027456311044325776 1.738387483079428
    endloop
  endfacet
  facet normal 0.972429961057147 -0.1934283456647877 -0.13025147189870465
    outer loop
      vertex 37.68946332954258 0.48461636110171114 1.2196387119354872
      vertex 37.85728840728367 0.9790130975074574 1.738387483079428
      vertex 37.75543081979667 0.46694042536142044 1.738387483079428
    endloop
  endfacet
  facet normal 0.98078528040323 -0.19509032201613014 0
    outer loop
      vertex 37.75543081979667 0.46694042536142044 1.738387483079428
      vertex 37.85728840728367 0.9790130975074574 1.738387483079428
      vertex 37.85728840728367 0.9790130975074574 2.2616125169205725
    endloop
  endfacet
  facet normal 0.9639958278814489 -0.06318362469879903 -0.2583019035878006
    outer loop
      vertex 37.655316043871835 1.0056032635942538 0.7142421387873537
      vertex 37.68772051798042 1.5 0.7142421387873537
      vertex 37.78957810546741 0.9879273278539631 1.2196387119354872
    endloop
  endfacet
  facet normal 0.9639958278814487 -0.0631836246987995 -0.258301903587801
    outer loop
      vertex 37.68772051798042 1.5 0.7142421387873537
      vertex 37.82314112161292 1.5 1.2196387119354872
      vertex 37.78957810546741 0.9879273278539631 1.2196387119354872
    endloop
  endfacet
  facet normal 0.9893581533630899 -0.06484595933591362 -0.13025147189871603
    outer loop
      vertex 37.78957810546741 0.9879273278539631 1.2196387119354872
      vertex 37.82314112161292 1.5 1.2196387119354872
      vertex 37.85728840728367 0.9790130975074574 1.738387483079428
    endloop
  endfacet
  facet normal 0.9893581533630931 -0.06484595933589732 -0.1302514718986999
    outer loop
      vertex 37.82314112161292 1.5 1.2196387119354872
      vertex 37.89143569295441 1.5 1.738387483079428
      vertex 37.85728840728367 0.9790130975074574 1.738387483079428
    endloop
  endfacet
  facet normal 0.9978589232386041 -0.06540312923013372 0
    outer loop
      vertex 37.85728840728367 0.9790130975074574 1.738387483079428
      vertex 37.89143569295441 1.5 1.738387483079428
      vertex 37.85728840728367 0.9790130975074574 2.2616125169205725
    endloop
  endfacet
  facet normal 1 0 0
    outer loop
      vertex 37.89143569295441 1.5 1.738387483079428
      vertex 37.89143569295441 3 2.5
      vertex 37.89143569295441 3 3.5
    endloop
  endfacet
  facet normal 1 0 0
    outer loop
      vertex 37.89143569295441 1.5 1.738387483079428
      vertex 37.89143569295441 3 3.5
      vertex 37.89143569295441 3 5
    endloop
  endfacet
  facet normal 0 -1 0
    outer loop
      vertex 24.038730688931953 -2.491435692954414 6.551963427172094
      vertex 33.9 -2.491435692954414 1.738387483079428
      vertex 27.6 -2.491435692954414 6.85
    endloop
  endfacet
  facet normal 0 -1 0
    outer loop
      vertex 27.6 -2.491435692954414 6.85
      vertex 33.9 -2.491435692954414 1.738387483079428
      vertex 27.815368217163087 -2.491435692954414 6.864115978733213
    endloop
  endfacet
  facet normal 0 -1 0
    outer loop
      vertex 33.9 -2.491435692954414 1.738387483079428
      vertex 28.02705142441916 -2.491435692954414 6.906222386623037
      vertex 27.815368217163087 -2.491435692954414 6.864115978733213
    endloop
  endfacet
  facet normal 0 -1 0
    outer loop
      vertex 33.9 -2.491435692954414 1.738387483079428
      vertex 28.2314276634024 -2.491435692954414 6.975598771356377
      vertex 28.02705142441916 -2.491435692954414 6.906222386623037
    endloop
  endfacet
  facet normal 0 -1 0
    outer loop
      vertex 33.9 -2.491435692954414 1.738387483079428
      vertex 28.425 -2.491435692954414 7.071058083755677
      vertex 28.2314276634024 -2.491435692954414 6.975598771356377
    endloop
  endfacet
  facet normal 0 -1 0
    outer loop
      vertex 33.9 -2.491435692954414 1.738387483079428
      vertex 28.60445635786439 -2.491435692954414 7.190966988519462
      vertex 28.425 -2.491435692954414 7.071058083755677
    endloop
  endfacet
  facet normal 0 -1 0
    outer loop
      vertex 33.9 -2.491435692954414 1.738387483079428
      vertex 28.766726188957804 -2.491435692954414 7.333273811042197
      vertex 28.60445635786439 -2.491435692954414 7.190966988519462
    endloop
  endfacet
  facet normal 0 -1 0
    outer loop
      vertex 33.9 -2.491435692954414 1.738387483079428
      vertex 28.90903301148054 -2.491435692954414 7.495543642135611
      vertex 28.766726188957804 -2.491435692954414 7.333273811042197
    endloop
  endfacet
  facet normal 0 -1 0
    outer loop
      vertex 33.9 -2.491435692954414 1.738387483079428
      vertex 29.028941916244325 -2.491435692954414 7.675
      vertex 28.90903301148054 -2.491435692954414 7.495543642135611
    endloop
  endfacet
  facet normal 0 -1 0
    outer loop
      vertex 33.9 -2.491435692954414 1.738387483079428
      vertex 29.124401228643624 -2.491435692954414 7.868572336597602
      vertex 29.028941916244325 -2.491435692954414 7.675
    endloop
  endfacet
  facet normal 0.0654031292301427 -0.9978589232386035 0
    outer loop
      vertex 33.9 -2.491435692954414 1.738387483079428
      vertex 34.420986902492544 -2.457288407283668 1.738387483079428
      vertex 34.420986902492544 -2.457288407283668 18.23838748307943
    endloop
  endfacet
  facet normal 0.19509032201613 -0.9807852804032301 0
    outer loop
      vertex 34.420986902492544 -2.457288407283668 1.738387483079428
      vertex 34.93305957463858 -2.355430819796672 1.738387483079428
      vertex 34.420986902492544 -2.457288407283668 18.23838748307943
    endloop
  endfacet
  facet normal 0.3214394653031611 -0.9469301294951059 0
    outer loop
      vertex 34.93305957463858 -2.355430819796672 1.738387483079428
      vertex 35.427456311044324 -2.1876057420555877 2.2616125169205725
      vertex 35.427456311044324 -2.1876057420555877 18.23838748307943
    endloop
  endfacet
  facet normal 0.44228869021900213 -0.8968727415326879 0
    outer loop
      vertex 35.895717846477204 -1.9566847076704668 1.738387483079428
      vertex 35.427456311044324 -2.1876057420555877 18.23838748307943
      vertex 35.427456311044324 -2.1876057420555877 2.2616125169205725
    endloop
  endfacet
  facet normal 0.44228869021900213 -0.8968727415326878 0
    outer loop
      vertex 35.895717846477204 -1.9566847076704668 1.738387483079428
      vertex 35.895717846477204 -1.9566847076704668 2.2616125169205725
      vertex 35.427456311044324 -2.1876057420555877 18.23838748307943
    endloop
  endfacet
  facet normal 0.6593458151000686 -0.7518398074789776 0
    outer loop
      vertex 36.32983209623934 -1.666618839563045 1.738387483079428
      vertex 36.722371245158094 -1.3223712451580925 1.738387483079428
      vertex 36.722371245158094 -1.3223712451580925 18.23838748307943
    endloop
  endfacet
  facet normal 0.5555702330195987 -0.8314696123025477 0
    outer loop
      vertex 36.32983209623934 -1.666618839563045 1.738387483079428
      vertex 36.32983209623934 -1.666618839563045 18.76161251692057
      vertex 35.895717846477204 -1.9566847076704668 2.2616125169205725
    endloop
  endfacet
  facet normal 0.7518398074789822 -0.6593458151000633 0
    outer loop
      vertex 36.722371245158094 -1.3223712451580925 1.738387483079428
      vertex 37.06661883956304 -0.929832096239342 2.2616125169205725
      vertex 36.722371245158094 -1.3223712451580925 18.23838748307943
    endloop
  endfacet
  facet normal 0.8314696123025412 -0.5555702330196081 0
    outer loop
      vertex 37.35668470767047 -0.49571784647720696 1.738387483079428
      vertex 37.06661883956304 -0.929832096239342 18.76161251692057
      vertex 37.06661883956304 -0.929832096239342 2.2616125169205725
    endloop
  endfacet
  facet normal 0.8968727415326896 -0.44228869021899875 0
    outer loop
      vertex 37.35668470767047 -0.49571784647720696 1.738387483079428
      vertex 37.58760574205559 -0.027456311044325776 1.738387483079428
      vertex 37.58760574205559 -0.027456311044325776 18.23838748307943
    endloop
  endfacet
  facet normal 0.946930129495105 -0.3214394653031631 0
    outer loop
      vertex 37.58760574205559 -0.027456311044325776 1.738387483079428
      vertex 37.75543081979667 0.46694042536142044 1.738387483079428
      vertex 37.75543081979667 0.46694042536142044 18.76161251692057
    endloop
  endfacet
  facet normal 0.9807852804032301 -0.19509032201613016 0
    outer loop
      vertex 37.75543081979667 0.46694042536142044 1.738387483079428
      vertex 37.85728840728367 0.9790130975074574 2.2616125169205725
      vertex 37.75543081979667 0.46694042536142044 18.76161251692057
    endloop
  endfacet
  facet normal 0.9978589232386041 -0.06540312923013372 0
    outer loop
      vertex 37.89143569295441 1.5 1.738387483079428
      vertex 37.89143569295441 1.5 18.76161251692057
      vertex 37.85728840728367 0.9790130975074574 2.2616125169205725
    endloop
  endfacet
  facet normal 1 0 0
    outer loop
      vertex 37.89143569295441 1.5 1.738387483079428
      vertex 37.89143569295441 3 5
      vertex 37.89143569295441 3 6
    endloop
  endfacet
  facet normal 1 0 0
    outer loop
      vertex 37.89143569295441 1.5 1.738387483079428
      vertex 37.89143569295441 3 6
      vertex 37.89143569295441 3 7.5
    endloop
  endfacet
  facet normal 1 0 0
    outer loop
      vertex 37.89143569295441 1.5 1.738387483079428
      vertex 37.89143569295441 3 7.5
      vertex 37.89143569295441 3 8.5
    endloop
  endfacet
  facet normal 1 0 0
    outer loop
      vertex 37.89143569295441 1.5 1.738387483079428
      vertex 37.89143569295441 3 8.5
      vertex 37.89143569295441 3 10
    endloop
  endfacet
  facet normal 1 0 0
    outer loop
      vertex 37.89143569295441 1.5 1.738387483079428
      vertex 37.89143569295441 3 10
      vertex 37.89143569295441 3 11
    endloop
  endfacet
  facet normal 1 0 0
    outer loop
      vertex 37.89143569295441 1.5 1.738387483079428
      vertex 37.89143569295441 3 11
      vertex 37.89143569295441 3 12.5
    endloop
  endfacet
  facet normal 0 0 -1
    outer loop
      vertex 34.08498798475782 1.315012015242183 -1.991435692954414
      vertex 34.16161251692057 24.5 -1.991435692954414
      vertex 34.16161251692057 1.5 -1.991435692954414
    endloop
  endfacet
  facet normal 0.13052619222005166 2.0180965535981726e-18 -0.9914448613738104
    outer loop
      vertex 34.16161251692057 1.5 -1.991435692954414
      vertex 34.6 24.5 -1.9337208858959545
      vertex 34.68036128806451 1.5 -1.9231411216129217
    endloop
  endfacet
  facet normal 0.25881904510252074 0 -0.9659258262890683
    outer loop
      vertex 34.68036128806451 1.5 -1.9231411216129217
      vertex 35.18575786121264 30.5 -1.7877205179804228
      vertex 35.18575786121264 1.5 -1.7877205179804228
    endloop
  endfacet
  facet normal 0.38268343236508845 0 -0.9238795325112874
    outer loop
      vertex 35.18575786121264 1.5 -1.7877205179804228
      vertex 35.669154760876005 30.5 -1.587490966130753
      vertex 35.669154760876005 1.5 -1.587490966130753
    endloop
  endfacet
  facet normal 0.4999999999999977 0 -0.8660254037844399
    outer loop
      vertex 35.669154760876005 1.5 -1.587490966130753
      vertex 36.12228093207841 30.5 -1.325878449210181
      vertex 36.12228093207841 1.5 -1.325878449210181
    endloop
  endfacet
  facet normal 0.6087614290087223 0 -0.7933533402912339
    outer loop
      vertex 36.12228093207841 1.5 -1.325878449210181
      vertex 36.12228093207841 30.5 -1.325878449210181
      vertex 36.537383260400276 1.5 -1.0073592299159095
    endloop
  endfacet
  facet normal 0.7071067811865458 0 -0.7071067811865492
    outer loop
      vertex 36.537383260400276 1.5 -1.0073592299159095
      vertex 36.90735922991591 30.5 -0.6373832604002754
      vertex 36.90735922991591 1.5 -0.6373832604002754
    endloop
  endfacet
  facet normal 0.7933533402912397 0 -0.6087614290087147
    outer loop
      vertex 36.90735922991591 1.5 -0.6373832604002754
      vertex 36.90735922991591 30.5 -0.6373832604002754
      vertex 37.22587844921018 1.5 -0.2222809320784087
    endloop
  endfacet
  facet normal 0.8660254037844389 0 -0.4999999999999993
    outer loop
      vertex 37.22587844921018 1.5 -0.2222809320784087
      vertex 37.48749096613075 30.5 0.2308452391239948
      vertex 37.48749096613075 1.5 0.2308452391239948
    endloop
  endfacet
  facet normal 0.923879532511284 0 -0.3826834323650968
    outer loop
      vertex 37.48749096613075 1.5 0.2308452391239948
      vertex 37.68772051798042 30.5 0.7142421387873537
      vertex 37.68772051798042 1.5 0.7142421387873537
    endloop
  endfacet
  facet normal 0.9659258262890695 0 -0.25881904510251635
    outer loop
      vertex 37.68772051798042 1.5 0.7142421387873537
      vertex 37.68772051798042 30.5 0.7142421387873537
      vertex 37.82314112161292 1.5 1.2196387119354872
    endloop
  endfacet
  facet normal 0.991444861373811 0 -0.13052619222004655
    outer loop
      vertex 37.82314112161292 1.5 1.2196387119354872
      vertex 37.89143569295441 30.5 1.738387483079428
      vertex 37.89143569295441 1.5 1.738387483079428
    endloop
  endfacet
  facet normal 1 0 0
    outer loop
      vertex 37.89143569295441 1.5 1.738387483079428
      vertex 37.89143569295441 29 2.5
      vertex 37.89143569295441 3 2.5
    endloop
  endfacet
  facet normal 1 0 0
    outer loop
      vertex 37.89143569295441 3 3.5
      vertex 37.89143569295441 29 3.5
      vertex 37.89143569295441 3 5
    endloop
  endfacet
  facet normal 1 0 0
    outer loop
      vertex 37.89143569295441 3 6
      vertex 37.89143569295441 29 6
      vertex 37.89143569295441 3 7.5
    endloop
  endfacet
  facet normal 1 0 0
    outer loop
      vertex 37.89143569295441 3 8.5
      vertex 37.89143569295441 29 8.5
      vertex 37.89143569295441 3 10
    endloop
  endfacet
  facet normal 0 -1 0
    outer loop
      vertex 24.7 -2.491435692954414 8.5
      vertex 33.9 -2.491435692954414 18.76161251692057
      vertex 24.672623556396193 -2.491435692954414 8.917683815104166
    endloop
  endfacet
  facet normal 0 -1 0
    outer loop
      vertex 19.9 -2.491435692954414 11.271281292110203
      vertex 20.275413016431713 -2.491435692954414 11.456414504036118
      vertex 33.9 -2.491435692954414 18.76161251692057
    endloop
  endfacet
  facet normal 0 -1 0
    outer loop
      vertex 20.275413016431713 -2.491435692954414 11.456414504036118
      vertex 20.671779055671934 -2.491435692954414 11.59096264412502
      vertex 33.9 -2.491435692954414 18.76161251692057
    endloop
  endfacet
  facet normal 0 -1 0
    outer loop
      vertex 20.671779055671934 -2.491435692954414 11.59096264412502
      vertex 21.082316184895834 -2.491435692954414 11.672623556396193
      vertex 33.9 -2.491435692954414 18.76161251692057
    endloop
  endfacet
  facet normal 0 -1 0
    outer loop
      vertex 24.672623556396193 -2.491435692954414 8.917683815104166
      vertex 33.9 -2.491435692954414 18.76161251692057
      vertex 24.590962644125018 -2.491435692954414 9.328220944328066
    endloop
  endfacet
  facet normal 0 -1 0
    outer loop
      vertex 24.590962644125018 -2.491435692954414 9.328220944328066
      vertex 33.9 -2.491435692954414 18.76161251692057
      vertex 24.45641450403612 -2.491435692954414 9.724586983568287
    endloop
  endfacet
  facet normal 0 -1 0
    outer loop
      vertex 24.271281292110203 -2.491435692954414 10.1
      vertex 33.9 -2.491435692954414 18.76161251692057
      vertex 24.038730688931953 -2.491435692954414 10.448036572827906
    endloop
  endfacet
  facet normal 0 -1 0
    outer loop
      vertex 24.45641450403612 -2.491435692954414 9.724586983568287
      vertex 33.9 -2.491435692954414 18.76161251692057
      vertex 24.271281292110203 -2.491435692954414 10.1
    endloop
  endfacet
  facet normal 0 -1 0
    outer loop
      vertex 24.038730688931953 -2.491435692954414 10.448036572827906
      vertex 33.9 -2.491435692954414 18.76161251692057
      vertex 23.76274169979695 -2.491435692954414 10.762741699796953
    endloop
  endfacet
  facet normal 0 -1 0
    outer loop
      vertex 21.082316184895834 -2.491435692954414 11.672623556396193
      vertex 21.5 -2.491435692954414 11.7
      vertex 33.9 -2.491435692954414 18.76161251692057
    endloop
  endfacet
  facet normal 0 -1 0
    outer loop
      vertex 21.5 -2.491435692954414 11.7
      vertex 21.917683815104166 -2.491435692954414 11.672623556396193
      vertex 33.9 -2.491435692954414 18.76161251692057
    endloop
  endfacet
  facet normal 0 -1 0
    outer loop
      vertex 21.917683815104166 -2.491435692954414 11.672623556396193
      vertex 22.328220944328066 -2.491435692954414 11.59096264412502
      vertex 33.9 -2.491435692954414 18.76161251692057
    endloop
  endfacet
  facet normal 0 -1 0
    outer loop
      vertex 22.328220944328066 -2.491435692954414 11.59096264412502
      vertex 22.724586983568287 -2.491435692954414 11.456414504036118
      vertex 33.9 -2.491435692954414 18.76161251692057
    endloop
  endfacet
  facet normal 0 -1 0
    outer loop
      vertex 23.1 -2.491435692954414 11.271281292110203
      vertex 23.448036572827906 -2.491435692954414 11.038730688931953
      vertex 33.9 -2.491435692954414 18.76161251692057
    endloop
  endfacet
  facet normal 0 -1 0
    outer loop
      vertex 23.76274169979695 -2.491435692954414 10.762741699796953
      vertex 33.9 -2.491435692954414 18.76161251692057
      vertex 23.448036572827906 -2.491435692954414 11.038730688931953
    endloop
  endfacet
  facet normal 0 -1 0
    outer loop
      vertex 22.724586983568287 -2.491435692954414 11.456414504036118
      vertex 23.1 -2.491435692954414 11.271281292110203
      vertex 33.9 -2.491435692954414 18.76161251692057
    endloop
  endfacet
  facet normal 0 -1 0
    outer loop
      vertex 1.5 -2.491435692954414 18.76161251692057
      vertex 19.9 -2.491435692954414 11.271281292110203
      vertex 33.9 -2.491435692954414 18.76161251692057
    endloop
  endfacet
  facet normal 0 -0.9914448613738104 0.13052619222005163
    outer loop
      vertex 1.5 -2.491435692954414 18.76161251692057
      vertex 33.9 -2.491435692954414 18.76161251692057
      vertex 33.9 -2.4231411216129217 19.280361288064512
    endloop
  endfacet
  facet normal 0 -0.9659258262890683 0.25881904510252074
    outer loop
      vertex 1.5 -2.2877205179804228 19.785757861212645
      vertex 33.9 -2.4231411216129217 19.280361288064512
      vertex 33.9 -2.2877205179804228 19.785757861212645
    endloop
  endfacet
  facet normal 0 -0.9238795325112874 0.38268343236508845
    outer loop
      vertex 1.5 -2.2877205179804228 19.785757861212645
      vertex 33.9 -2.2877205179804228 19.785757861212645
      vertex 33.9 -2.087490966130753 20.269154760876006
    endloop
  endfacet
  facet normal 0 -0.8660254037844382 0.5000000000000006
    outer loop
      vertex 1.5 -1.9542124051813714 20.5
      vertex 33.9 -2.087490966130753 20.269154760876006
      vertex 33.9 -1.9542124051813714 20.5
    endloop
  endfacet
  facet normal 0 -1 0
    outer loop
      vertex 33.9 -2.491435692954414 1.738387483079428
      vertex 33.9 -2.491435692954414 18.76161251692057
      vertex 29.124401228643624 -2.491435692954414 7.868572336597602
    endloop
  endfacet
  facet normal 0 -1 0
    outer loop
      vertex 29.124401228643624 -2.491435692954414 7.868572336597602
      vertex 33.9 -2.491435692954414 18.76161251692057
      vertex 29.193777613376962 -2.491435692954414 8.07294857558084
    endloop
  endfacet
  facet normal 0 -1 0
    outer loop
      vertex 29.193777613376962 -2.491435692954414 8.07294857558084
      vertex 33.9 -2.491435692954414 18.76161251692057
      vertex 29.235884021266788 -2.491435692954414 8.284631782836914
    endloop
  endfacet
  facet normal 0 -1 0
    outer loop
      vertex 29.235884021266788 -2.491435692954414 8.284631782836914
      vertex 33.9 -2.491435692954414 18.76161251692057
      vertex 29.25 -2.491435692954414 8.5
    endloop
  endfacet
  facet normal 0 -1 0
    outer loop
      vertex 29.25 -2.491435692954414 8.5
      vertex 33.9 -2.491435692954414 18.76161251692057
      vertex 29.235884021266788 -2.491435692954414 8.715368217163086
    endloop
  endfacet
  facet normal 0 -1 0
    outer loop
      vertex 24.7 -2.491435692954414 8.5
      vertex 26.290966988519465 -2.491435692954414 9.504456357864388
      vertex 33.9 -2.491435692954414 18.76161251692057
    endloop
  endfacet
  facet normal 0 -1 0
    outer loop
      vertex 26.290966988519465 -2.491435692954414 9.504456357864388
      vertex 26.4332738110422 -2.491435692954414 9.666726188957803
      vertex 33.9 -2.491435692954414 18.76161251692057
    endloop
  endfacet
  facet normal 0 -1 0
    outer loop
      vertex 26.4332738110422 -2.491435692954414 9.666726188957803
      vertex 26.595543642135613 -2.491435692954414 9.809033011480539
      vertex 33.9 -2.491435692954414 18.76161251692057
    endloop
  endfacet
  facet normal 0 -1 0
    outer loop
      vertex 26.595543642135613 -2.491435692954414 9.809033011480539
      vertex 26.775000000000002 -2.491435692954414 9.928941916244323
      vertex 33.9 -2.491435692954414 18.76161251692057
    endloop
  endfacet
  facet normal 0 -1 0
    outer loop
      vertex 26.775000000000002 -2.491435692954414 9.928941916244323
      vertex 26.968572336597603 -2.491435692954414 10.024401228643622
      vertex 33.9 -2.491435692954414 18.76161251692057
    endloop
  endfacet
  facet normal 0 -1 0
    outer loop
      vertex 26.968572336597603 -2.491435692954414 10.024401228643622
      vertex 27.172948575580843 -2.491435692954414 10.093777613376963
      vertex 33.9 -2.491435692954414 18.76161251692057
    endloop
  endfacet
  facet normal 0 -1 0
    outer loop
      vertex 27.172948575580843 -2.491435692954414 10.093777613376963
      vertex 27.384631782836916 -2.491435692954414 10.135884021266786
      vertex 33.9 -2.491435692954414 18.76161251692057
    endloop
  endfacet
  facet normal 0 -1 0
    outer loop
      vertex 27.384631782836916 -2.491435692954414 10.135884021266786
      vertex 27.6 -2.491435692954414 10.15
      vertex 33.9 -2.491435692954414 18.76161251692057
    endloop
  endfacet
  facet normal 0 -1 0
    outer loop
      vertex 27.6 -2.491435692954414 10.15
      vertex 27.815368217163087 -2.491435692954414 10.135884021266786
      vertex 33.9 -2.491435692954414 18.76161251692057
    endloop
  endfacet
  facet normal 0 -1 0
    outer loop
      vertex 28.02705142441916 -2.491435692954414 10.093777613376963
      vertex 33.9 -2.491435692954414 18.76161251692057
      vertex 27.815368217163087 -2.491435692954414 10.135884021266786
    endloop
  endfacet
  facet normal 0 -1 0
    outer loop
      vertex 28.425 -2.491435692954414 9.928941916244323
      vertex 28.60445635786439 -2.491435692954414 9.809033011480539
      vertex 33.9 -2.491435692954414 18.76161251692057
    endloop
  endfacet
  facet normal 0 -1 0
    outer loop
      vertex 28.425 -2.491435692954414 9.928941916244323
      vertex 33.9 -2.491435692954414 18.76161251692057
      vertex 28.2314276634024 -2.491435692954414 10.024401228643622
    endloop
  endfacet
  facet normal 0 -1 0
    outer loop
      vertex 28.02705142441916 -2.491435692954414 10.093777613376963
      vertex 28.2314276634024 -2.491435692954414 10.024401228643622
      vertex 33.9 -2.491435692954414 18.76161251692057
    endloop
  endfacet
  facet normal 0 -1 0
    outer loop
      vertex 29.235884021266788 -2.491435692954414 8.715368217163086
      vertex 33.9 -2.491435692954414 18.76161251692057
      vertex 29.193777613376962 -2.491435692954414 8.92705142441916
    endloop
  endfacet
  facet normal 0 -1 0
    outer loop
      vertex 29.193777613376962 -2.491435692954414 8.92705142441916
      vertex 33.9 -2.491435692954414 18.76161251692057
      vertex 29.124401228643624 -2.491435692954414 9.131427663402398
    endloop
  endfacet
  facet normal 0 -1 0
    outer loop
      vertex 29.124401228643624 -2.491435692954414 9.131427663402398
      vertex 33.9 -2.491435692954414 18.76161251692057
      vertex 29.028941916244325 -2.491435692954414 9.325
    endloop
  endfacet
  facet normal 0 -1 0
    outer loop
      vertex 29.028941916244325 -2.491435692954414 9.325
      vertex 33.9 -2.491435692954414 18.76161251692057
      vertex 28.90903301148054 -2.491435692954414 9.504456357864388
    endloop
  endfacet
  facet normal 0 -1 0
    outer loop
      vertex 28.60445635786439 -2.491435692954414 9.809033011480539
      vertex 28.766726188957804 -2.491435692954414 9.666726188957803
      vertex 33.9 -2.491435692954414 18.76161251692057
    endloop
  endfacet
  facet normal 0 -1 0
    outer loop
      vertex 28.90903301148054 -2.491435692954414 9.504456357864388
      vertex 33.9 -2.491435692954414 18.76161251692057
      vertex 28.766726188957804 -2.491435692954414 9.666726188957803
    endloop
  endfacet
  facet normal 1 0 0
    outer loop
      vertex 37.89143569295441 1.5 1.738387483079428
      vertex 37.89143569295441 3 12.5
      vertex 37.89143569295441 1.5 18.76161251692057
    endloop
  endfacet
  facet normal 0.0654031292301427 -0.9978589232386036 0
    outer loop
      vertex 33.9 -2.491435692954414 1.738387483079428
      vertex 34.420986902492544 -2.457288407283668 18.23838748307943
      vertex 33.9 -2.491435692954414 18.76161251692057
    endloop
  endfacet
  facet normal 0.1950903220161308 -0.98078528040323 0
    outer loop
      vertex 34.93305957463858 -2.355430819796672 1.738387483079428
      vertex 34.420986902492544 -2.457288407283668 18.76161251692057
      vertex 34.420986902492544 -2.457288407283668 18.23838748307943
    endloop
  endfacet
  facet normal 0.19509032201613002 -0.9807852804032301 0
    outer loop
      vertex 34.93305957463858 -2.355430819796672 1.738387483079428
      vertex 34.93305957463858 -2.355430819796672 18.76161251692057
      vertex 34.420986902492544 -2.457288407283668 18.76161251692057
    endloop
  endfacet
  facet normal 0.32143946530316103 -0.9469301294951059 0
    outer loop
      vertex 34.93305957463858 -2.355430819796672 1.738387483079428
      vertex 35.427456311044324 -2.1876057420555877 18.23838748307943
      vertex 34.93305957463858 -2.355430819796672 18.76161251692057
    endloop
  endfacet
  facet normal 0.4422886902190022 -0.8968727415326879 0
    outer loop
      vertex 35.895717846477204 -1.9566847076704668 2.2616125169205725
      vertex 35.895717846477204 -1.9566847076704668 18.23838748307943
      vertex 35.427456311044324 -2.1876057420555877 18.23838748307943
    endloop
  endfacet
  facet normal 0.5555702330195987 -0.8314696123025477 0
    outer loop
      vertex 35.895717846477204 -1.9566847076704668 2.2616125169205725
      vertex 36.32983209623934 -1.666618839563045 18.76161251692057
      vertex 35.895717846477204 -1.9566847076704668 18.23838748307943
    endloop
  endfacet
  facet normal 0.6593458151000685 -0.7518398074789775 0
    outer loop
      vertex 36.32983209623934 -1.666618839563045 1.738387483079428
      vertex 36.722371245158094 -1.3223712451580925 18.23838748307943
      vertex 36.32983209623934 -1.666618839563045 18.76161251692057
    endloop
  endfacet
  facet normal 0.7518398074789822 -0.6593458151000633 0
    outer loop
      vertex 37.06661883956304 -0.929832096239342 2.2616125169205725
      vertex 37.06661883956304 -0.929832096239342 18.76161251692057
      vertex 36.722371245158094 -1.3223712451580925 18.23838748307943
    endloop
  endfacet
  facet normal 0.8314696123025415 -0.5555702330196082 0
    outer loop
      vertex 37.35668470767047 -0.49571784647720696 1.738387483079428
      vertex 37.35668470767047 -0.49571784647720696 18.76161251692057
      vertex 37.06661883956304 -0.929832096239342 18.76161251692057
    endloop
  endfacet
  facet normal 0.8968727415326901 -0.4422886902189976 0
    outer loop
      vertex 37.35668470767047 -0.49571784647720696 1.738387483079428
      vertex 37.58760574205559 -0.027456311044325776 18.23838748307943
      vertex 37.58760574205559 -0.027456311044325776 18.76161251692057
    endloop
  endfacet
  facet normal 0.8968727415326896 -0.4422886902189987 0
    outer loop
      vertex 37.35668470767047 -0.49571784647720696 1.738387483079428
      vertex 37.58760574205559 -0.027456311044325776 18.76161251692057
      vertex 37.35668470767047 -0.49571784647720696 18.76161251692057
    endloop
  endfacet
  facet normal 0.9469301294951051 -0.3214394653031631 0
    outer loop
      vertex 37.58760574205559 -0.027456311044325776 1.738387483079428
      vertex 37.75543081979667 0.46694042536142044 18.76161251692057
      vertex 37.58760574205559 -0.027456311044325776 18.23838748307943
    endloop
  endfacet
  facet normal 0.98078528040323 -0.19509032201613016 0
    outer loop
      vertex 37.85728840728367 0.9790130975074574 2.2616125169205725
      vertex 37.85728840728367 0.9790130975074574 18.76161251692057
      vertex 37.75543081979667 0.46694042536142044 18.76161251692057
    endloop
  endfacet
  facet normal 0.997858923238604 -0.06540312923013372 0
    outer loop
      vertex 37.85728840728367 0.9790130975074574 2.2616125169205725
      vertex 37.89143569295441 1.5 18.76161251692057
      vertex 37.85728840728367 0.9790130975074574 18.76161251692057
    endloop
  endfacet
  facet normal 0.0654031292301427 -0.9978589232386035 0
    outer loop
      vertex 33.9 -2.491435692954414 18.76161251692057
      vertex 34.420986902492544 -2.457288407283668 18.23838748307943
      vertex 34.420986902492544 -2.457288407283668 18.76161251692057
    endloop
  endfacet
  facet normal 0.0648459593359062 -0.9893581533630917 0.13025147189870523
    outer loop
      vertex 33.9 -2.491435692954414 18.76161251692057
      vertex 34.420986902492544 -2.457288407283668 18.76161251692057
      vertex 34.41207267214604 -2.389578105467418 19.280361288064512
    endloop
  endfacet
  facet normal 0.1934283456647875 -0.972429961057147 0.1302514718987051
    outer loop
      vertex 34.420986902492544 -2.457288407283668 18.76161251692057
      vertex 34.93305957463858 -2.355430819796672 18.76161251692057
      vertex 34.41207267214604 -2.389578105467418 19.280361288064512
    endloop
  endfacet
  facet normal 0.3214394653031611 -0.9469301294951059 0
    outer loop
      vertex 34.93305957463858 -2.355430819796672 18.76161251692057
      vertex 35.427456311044324 -2.1876057420555877 18.23838748307943
      vertex 35.427456311044324 -2.1876057420555877 18.76161251692057
    endloop
  endfacet
  facet normal 0.318701119370871 -0.9388632225089949 0.1302514718987062
    outer loop
      vertex 34.93305957463858 -2.355430819796672 18.76161251692057
      vertex 35.427456311044324 -2.1876057420555877 18.76161251692057
      vertex 35.40132111007146 -2.124509785411551 19.280361288064512
    endloop
  endfacet
  facet normal 0.06484595933590648 -0.9893581533630917 0.13025147189870492
    outer loop
      vertex 33.9 -2.491435692954414 18.76161251692057
      vertex 34.41207267214604 -2.389578105467418 19.280361288064512
      vertex 33.9 -2.4231411216129217 19.280361288064512
    endloop
  endfacet
  facet normal 0.06318362469879275 -0.963995827881448 0.2583019035878055
    outer loop
      vertex 33.9 -2.4231411216129217 19.280361288064512
      vertex 34.394396736405746 -2.2553160438718374 19.785757861212645
      vertex 33.9 -2.2877205179804228 19.785757861212645
    endloop
  endfacet
  facet normal 0.060443547416368267 -0.9221903271536551 0.38198374059632384
    outer loop
      vertex 33.9 -2.2877205179804228 19.785757861212645
      vertex 34.394396736405746 -2.2553160438718374 19.785757861212645
      vertex 33.9 -2.087490966130753 20.269154760876006
    endloop
  endfacet
  facet normal 0.056671081315563136 -0.8646336168614386 0.49919645144535213
    outer loop
      vertex 33.9 -2.087490966130753 20.269154760876006
      vertex 34.36826153543288 -2.0567994835953014 20.269154760876006
      vertex 33.9 -1.9542124051813714 20.5
    endloop
  endfacet
  facet normal 0.06318362469879239 -0.9639958278814479 0.2583019035878058
    outer loop
      vertex 33.9 -2.4231411216129217 19.280361288064512
      vertex 34.41207267214604 -2.389578105467418 19.280361288064512
      vertex 34.394396736405746 -2.2553160438718374 19.785757861212645
    endloop
  endfacet
  facet normal 0.1884697847599699 -0.9475015919962596 0.2583019035878064
    outer loop
      vertex 34.41207267214604 -2.389578105467418 19.280361288064512
      vertex 34.88033420757892 -2.1586570710822977 19.785757861212645
      vertex 34.394396736405746 -2.2553160438718374 19.785757861212645
    endloop
  endfacet
  facet normal 0.18846978475997306 -0.9475015919962596 0.25830190358780336
    outer loop
      vertex 34.41207267214604 -2.389578105467418 19.280361288064512
      vertex 34.915383638898284 -2.2894633295425835 19.280361288064512
      vertex 34.88033420757892 -2.1586570710822977 19.785757861212645
    endloop
  endfacet
  facet normal 0.19342834566478798 -0.9724299610571466 0.13025147189870556
    outer loop
      vertex 34.93305957463858 -2.355430819796672 18.76161251692057
      vertex 34.915383638898284 -2.2894633295425835 19.280361288064512
      vertex 34.41207267214604 -2.389578105467418 19.280361288064512
    endloop
  endfacet
  facet normal 0.31870111937087114 -0.9388632225089949 0.13025147189870603
    outer loop
      vertex 34.93305957463858 -2.355430819796672 18.76161251692057
      vertex 35.40132111007146 -2.124509785411551 19.280361288064512
      vertex 34.915383638898284 -2.2894633295425835 19.280361288064512
    endloop
  endfacet
  facet normal 0.3105311745502098 -0.9147953411749455 0.2583019035878022
    outer loop
      vertex 34.915383638898284 -2.2894633295425835 19.280361288064512
      vertex 35.40132111007146 -2.124509785411551 19.280361288064512
      vertex 34.88033420757892 -2.1586570710822977 19.785757861212645
    endloop
  endfacet
  facet normal 0.31053117455021123 -0.9147953411749444 0.2583019035878038
    outer loop
      vertex 34.88033420757892 -2.1586570710822977 19.785757861212645
      vertex 35.40132111007146 -2.124509785411551 19.280361288064512
      vertex 35.34949788866042 -1.9993974614351617 19.785757861212645
    endloop
  endfacet
  facet normal 0.06044354741636851 -0.9221903271536551 0.3819837405963241
    outer loop
      vertex 33.9 -2.087490966130753 20.269154760876006
      vertex 34.394396736405746 -2.2553160438718374 19.785757861212645
      vertex 34.36826153543288 -2.0567994835953014 20.269154760876006
    endloop
  endfacet
  facet normal 0.1802964363946916 -0.9064113949765936 0.38198374059632506
    outer loop
      vertex 34.394396736405746 -2.2553160438718374 19.785757861212645
      vertex 34.88033420757892 -2.1586570710822977 19.785757861212645
      vertex 34.82851098616788 -1.9652501757644156 20.269154760876006
    endloop
  endfacet
  facet normal 0.18029643639469226 -0.9064113949765936 0.38198374059632445
    outer loop
      vertex 34.394396736405746 -2.2553160438718374 19.785757861212645
      vertex 34.82851098616788 -1.9652501757644156 20.269154760876006
      vertex 34.36826153543288 -2.0567994835953014 20.269154760876006
    endloop
  endfacet
  facet normal 0.05667108131556328 -0.8646336168614385 0.4991964514453523
    outer loop
      vertex 33.9 -1.9542124051813714 20.5
      vertex 34.36826153543288 -2.0567994835953014 20.269154760876006
      vertex 34.350865192367586 -1.924661139210741 20.5
    endloop
  endfacet
  facet normal 0.16904358603318617 -0.8498394959552114 0.4991964514453532
    outer loop
      vertex 34.36826153543288 -2.0567994835953014 20.269154760876006
      vertex 34.82851098616788 -1.9652501757644156 20.269154760876006
      vertex 34.350865192367586 -1.924661139210741 20.5
    endloop
  endfacet
  facet normal 0.16904358603318492 -0.8498394959552132 0.4991964514453508
    outer loop
      vertex 34.350865192367586 -1.924661139210741 20.5
      vertex 34.82851098616788 -1.9652501757644156 20.269154760876006
      vertex 34.79401595629032 -1.8365129716527662 20.5
    endloop
  endfacet
  facet normal 0.2970644033586853 -0.8751235125267673 0.38198374059632595
    outer loop
      vertex 34.88033420757892 -2.1586570710822977 19.785757861212645
      vertex 35.27287335649767 -1.8144094766773446 20.269154760876006
      vertex 34.82851098616788 -1.9652501757644156 20.269154760876006
    endloop
  endfacet
  facet normal 0.2970644033586894 -0.8751235125267672 0.3819837405963226
    outer loop
      vertex 34.88033420757892 -2.1586570710822977 19.785757861212645
      vertex 35.34949788866042 -1.9993974614351617 19.785757861212645
      vertex 35.27287335649767 -1.8144094766773446 20.269154760876006
    endloop
  endfacet
  facet normal 0.2785237081260443 -0.8205043856531715 0.4991964514453499
    outer loop
      vertex 34.82851098616788 -1.9652501757644156 20.269154760876006
      vertex 35.27287335649767 -1.8144094766773446 20.269154760876006
      vertex 34.79401595629032 -1.8365129716527662 20.5
    endloop
  endfacet
  facet normal 0.2785237081260467 -0.8205043856531674 0.4991964514453554
    outer loop
      vertex 34.79401595629032 -1.8365129716527662 20.5
      vertex 35.27287335649767 -1.8144094766773446 20.269154760876006
      vertex 35.22186985933288 -1.6912761420936528 20.5
    endloop
  endfacet
  facet normal 0.44228869021900213 -0.896872741532688 0
    outer loop
      vertex 35.427456311044324 -2.1876057420555877 18.23838748307943
      vertex 35.895717846477204 -1.9566847076704668 18.76161251692057
      vertex 35.427456311044324 -2.1876057420555877 18.76161251692057
    endloop
  endfacet
  facet normal 0.44228869021900213 -0.896872741532688 0
    outer loop
      vertex 35.427456311044324 -2.1876057420555877 18.23838748307943
      vertex 35.895717846477204 -1.9566847076704668 18.23838748307943
      vertex 35.895717846477204 -1.9566847076704668 18.76161251692057
    endloop
  endfacet
  facet normal 0.43852082856387875 -0.8892322739216506 0.13025147189870664
    outer loop
      vertex 35.427456311044324 -2.1876057420555877 18.76161251692057
      vertex 35.895717846477204 -1.9566847076704668 18.76161251692057
      vertex 35.861570560806456 -1.897539873948166 19.280361288064512
    endloop
  endfacet
  facet normal 0.5555702330195987 -0.8314696123025476 0
    outer loop
      vertex 35.895717846477204 -1.9566847076704668 18.23838748307943
      vertex 36.32983209623934 -1.666618839563045 18.76161251692057
      vertex 35.895717846477204 -1.9566847076704668 18.76161251692057
    endloop
  endfacet
  facet normal 0.6593458151000686 -0.7518398074789777 0
    outer loop
      vertex 36.32983209623934 -1.666618839563045 18.76161251692057
      vertex 36.722371245158094 -1.3223712451580925 18.23838748307943
      vertex 36.722371245158094 -1.3223712451580925 18.76161251692057
    endloop
  endfacet
  facet normal 0.5508373247992098 -0.8243863145857467 0.13025147189870878
    outer loop
      vertex 35.895717846477204 -1.9566847076704668 18.76161251692057
      vertex 36.32983209623934 -1.666618839563045 18.76161251692057
      vertex 36.288256995395955 -1.6124371132655142 19.280361288064512
    endloop
  endfacet
  facet normal 0.6537288416862751 -0.7454348768442088 0.1302514718987096
    outer loop
      vertex 36.32983209623934 -1.666618839563045 18.76161251692057
      vertex 36.722371245158094 -1.3223712451580925 18.76161251692057
      vertex 36.288256995395955 -1.6124371132655142 19.280361288064512
    endloop
  endfacet
  facet normal 0.7518398074789823 -0.6593458151000633 0
    outer loop
      vertex 36.722371245158094 -1.3223712451580925 18.23838748307943
      vertex 37.06661883956304 -0.929832096239342 18.76161251692057
      vertex 36.722371245158094 -1.3223712451580925 18.76161251692057
    endloop
  endfacet
  facet normal 0.7454348768442142 -0.6537288416862705 0.13025147189870154
    outer loop
      vertex 36.722371245158094 -1.3223712451580925 18.76161251692057
      vertex 37.06661883956304 -0.929832096239342 18.76161251692057
      vertex 37.01243711326551 -0.8882569953959574 19.280361288064512
    endloop
  endfacet
  facet normal 0.8243863145857413 -0.5508373247992198 0.13025147189870126
    outer loop
      vertex 37.06661883956304 -0.929832096239342 18.76161251692057
      vertex 37.35668470767047 -0.49571784647720696 18.76161251692057
      vertex 37.01243711326551 -0.8882569953959574 19.280361288064512
    endloop
  endfacet
  facet normal 0.43852082856387864 -0.8892322739216507 0.13025147189870667
    outer loop
      vertex 35.427456311044324 -2.1876057420555877 18.76161251692057
      vertex 35.861570560806456 -1.897539873948166 19.280361288064512
      vertex 35.40132111007146 -2.124509785411551 19.280361288064512
    endloop
  endfacet
  facet normal 0.42727928984839036 -0.8664366884369409 0.25830190358780314
    outer loop
      vertex 35.34949788866042 -1.9993974614351617 19.785757861212645
      vertex 35.40132111007146 -2.124509785411551 19.280361288064512
      vertex 35.79386025899021 -1.7802621910065985 19.785757861212645
    endloop
  endfacet
  facet normal 0.42727928984838864 -0.8664366884369413 0.25830190358780475
    outer loop
      vertex 35.40132111007146 -2.124509785411551 19.280361288064512
      vertex 35.861570560806456 -1.897539873948166 19.280361288064512
      vertex 35.79386025899021 -1.7802621910065985 19.785757861212645
    endloop
  endfacet
  facet normal 0.5367165380330583 -0.8032530637381505 0.25830190358780447
    outer loop
      vertex 35.861570560806456 -1.897539873948166 19.280361288064512
      vertex 36.288256995395955 -1.6124371132655142 19.280361288064512
      vertex 35.79386025899021 -1.7802621910065985 19.785757861212645
    endloop
  endfacet
  facet normal 0.5508373247992113 -0.824386314585746 0.13025147189870712
    outer loop
      vertex 35.895717846477204 -1.9566847076704668 18.76161251692057
      vertex 36.288256995395955 -1.6124371132655142 19.280361288064512
      vertex 35.861570560806456 -1.897539873948166 19.280361288064512
    endloop
  endfacet
  facet normal 0.653728841686276 -0.7454348768442076 0.13025147189871106
    outer loop
      vertex 36.722371245158094 -1.3223712451580925 18.76161251692057
      vertex 36.67407969064429 -1.274079690644295 19.280361288064512
      vertex 36.288256995395955 -1.6124371132655142 19.280361288064512
    endloop
  endfacet
  facet normal 0.5367165380330591 -0.8032530637381498 0.2583019035878056
    outer loop
      vertex 35.79386025899021 -1.7802621910065985 19.785757861212645
      vertex 36.288256995395955 -1.6124371132655142 19.280361288064512
      vertex 36.20581815521141 -1.505000725029416 19.785757861212645
    endloop
  endfacet
  facet normal 0.6369704174460505 -0.726325556414973 0.2583019035878056
    outer loop
      vertex 36.288256995395955 -1.6124371132655142 19.280361288064512
      vertex 36.67407969064429 -1.274079690644295 19.280361288064512
      vertex 36.20581815521141 -1.505000725029416 19.785757861212645
    endloop
  endfacet
  facet normal 0.4087495160194062 -0.8288620241475314 0.3819837405963223
    outer loop
      vertex 35.34949788866042 -1.9993974614351617 19.785757861212645
      vertex 35.79386025899021 -1.7802621910065985 19.785757861212645
      vertex 35.27287335649767 -1.8144094766773446 20.269154760876006
    endloop
  endfacet
  facet normal 0.40874951601940407 -0.8288620241475334 0.38198374059631995
    outer loop
      vertex 35.27287335649767 -1.8144094766773446 20.269154760876006
      vertex 35.79386025899021 -1.7802621910065985 19.785757861212645
      vertex 35.69374548306538 -1.6068583125164113 20.269154760876006
    endloop
  endfacet
  facet normal 0.5134408111342516 -0.7684184767311661 0.38198374059631907
    outer loop
      vertex 35.79386025899021 -1.7802621910065985 19.785757861212645
      vertex 36.20581815521141 -1.505000725029416 19.785757861212645
      vertex 35.69374548306538 -1.6068583125164113 20.269154760876006
    endloop
  endfacet
  facet normal 0.5134408111342527 -0.7684184767311647 0.38198374059632045
    outer loop
      vertex 36.20581815521141 -1.505000725029416 19.785757861212645
      vertex 36.083926127097634 -1.3461479412444635 20.269154760876006
      vertex 35.69374548306538 -1.6068583125164113 20.269154760876006
    endloop
  endfacet
  facet normal 0.383238212351507 -0.7771302178258063 0.49919645144535657
    outer loop
      vertex 35.27287335649767 -1.8144094766773446 20.269154760876006
      vertex 35.69374548306538 -1.6068583125164113 20.269154760876006
      vertex 35.22186985933288 -1.6912761420936528 20.5
    endloop
  endfacet
  facet normal 0.38323821235150474 -0.7771302178258114 0.49919645144535
    outer loop
      vertex 35.22186985933288 -1.6912761420936528 20.5
      vertex 35.69374548306538 -1.6068583125164113 20.269154760876006
      vertex 35.62710620259069 -1.4914356929544141 20.5
    endloop
  endfacet
  facet normal 0.48139540450993135 -0.7204591365102467 0.49919645144534963
    outer loop
      vertex 35.62710620259069 -1.4914356929544141 20.5
      vertex 35.69374548306538 -1.6068583125164113 20.269154760876006
      vertex 36.083926127097634 -1.3461479412444635 20.269154760876006
    endloop
  endfacet
  facet normal 0.48139540450993223 -0.7204591365102433 0.4991964514453536
    outer loop
      vertex 35.62710620259069 -1.4914356929544141 20.5
      vertex 36.083926127097634 -1.3461479412444635 20.269154760876006
      vertex 36.00279127987786 -1.2404109497260625 20.5
    endloop
  endfacet
  facet normal 0.6093469916179025 -0.6948270761320798 0.38198374059631995
    outer loop
      vertex 36.20581815521141 -1.505000725029416 19.785757861212645
      vertex 36.57832286350338 -1.1783228635033796 19.785757861212645
      vertex 36.083926127097634 -1.3461479412444635 20.269154760876006
    endloop
  endfacet
  facet normal 0.6369704174460462 -0.7263255564149792 0.2583019035877988
    outer loop
      vertex 36.20581815521141 -1.505000725029416 19.785757861212645
      vertex 36.67407969064429 -1.274079690644295 19.280361288064512
      vertex 36.57832286350338 -1.1783228635033796 19.785757861212645
    endloop
  endfacet
  facet normal 0.6093469916179094 -0.694827076132068 0.38198374059633117
    outer loop
      vertex 36.083926127097634 -1.3461479412444635 20.269154760876006
      vertex 36.57832286350338 -1.1783228635033796 19.785757861212645
      vertex 36.43673918959653 -1.0367391895965343 20.269154760876006
    endloop
  endfacet
  facet normal 0.5713157878291704 -0.651460799619978 0.4991964514453535
    outer loop
      vertex 36.083926127097634 -1.3461479412444635 20.269154760876006
      vertex 36.43673918959653 -1.0367391895965343 20.269154760876006
      vertex 36.00279127987786 -1.2404109497260625 20.5
    endloop
  endfacet
  facet normal 0.5713157878291696 -0.6514607996199837 0.4991964514453472
    outer loop
      vertex 36.00279127987786 -1.2404109497260625 20.5
      vertex 36.43673918959653 -1.0367391895965343 20.269154760876006
      vertex 36.34249701536244 -0.9424970153624421 20.5
    endloop
  endfacet
  facet normal 0.6514607996199855 -0.5713157878291681 0.4991964514453465
    outer loop
      vertex 36.43673918959653 -1.0367391895965343 20.269154760876006
      vertex 36.74614794124446 -0.6839261270976329 20.269154760876006
      vertex 36.34249701536244 -0.9424970153624421 20.5
    endloop
  endfacet
  facet normal 0.6514607996199855 -0.5713157878291679 0.4991964514453467
    outer loop
      vertex 36.34249701536244 -0.9424970153624421 20.5
      vertex 36.74614794124446 -0.6839261270976329 20.269154760876006
      vertex 36.64041094972606 -0.6027912798778615 20.5
    endloop
  endfacet
  facet normal 0.7454348768442062 -0.6537288416862777 0.13025147189871203
    outer loop
      vertex 36.722371245158094 -1.3223712451580925 18.76161251692057
      vertex 37.01243711326551 -0.8882569953959574 19.280361288064512
      vertex 36.67407969064429 -1.274079690644295 19.280361288064512
    endloop
  endfacet
  facet normal 0.7263255564149756 -0.6369704174460507 0.25830190358779803
    outer loop
      vertex 36.57832286350338 -1.1783228635033796 19.785757861212645
      vertex 36.67407969064429 -1.274079690644295 19.280361288064512
      vertex 36.90500072502942 -0.8058181552114139 19.785757861212645
    endloop
  endfacet
  facet normal 0.7263255564149724 -0.6369704174460529 0.2583019035878016
    outer loop
      vertex 36.67407969064429 -1.274079690644295 19.280361288064512
      vertex 37.01243711326551 -0.8882569953959574 19.280361288064512
      vertex 36.90500072502942 -0.8058181552114139 19.785757861212645
    endloop
  endfacet
  facet normal 0.8243863145857423 -0.5508373247992178 0.13025147189870337
    outer loop
      vertex 37.35668470767047 -0.49571784647720696 18.76161251692057
      vertex 37.29753987394817 -0.46157056080646086 19.280361288064512
      vertex 37.01243711326551 -0.8882569953959574 19.280361288064512
    endloop
  endfacet
  facet normal 0.8032530637381472 -0.5367165380330647 0.2583019035878012
    outer loop
      vertex 37.01243711326551 -0.8882569953959574 19.280361288064512
      vertex 37.29753987394817 -0.46157056080646086 19.280361288064512
      vertex 36.90500072502942 -0.8058181552114139 19.785757861212645
    endloop
  endfacet
  facet normal 0.8032530637381501 -0.536716538033057 0.2583019035878087
    outer loop
      vertex 36.90500072502942 -0.8058181552114139 19.785757861212645
      vertex 37.29753987394817 -0.46157056080646086 19.280361288064512
      vertex 37.1802621910066 -0.3938602589902116 19.785757861212645
    endloop
  endfacet
  facet normal 0.8892322739216514 -0.43852082856387825 0.13025147189870326
    outer loop
      vertex 37.35668470767047 -0.49571784647720696 18.76161251692057
      vertex 37.52450978541155 -0.0013211100714611845 19.280361288064512
      vertex 37.29753987394817 -0.46157056080646086 19.280361288064512
    endloop
  endfacet
  facet normal 0.8664366884369407 -0.4272792898483874 0.25830190358780897
    outer loop
      vertex 37.1802621910066 -0.3938602589902116 19.785757861212645
      vertex 37.29753987394817 -0.46157056080646086 19.280361288064512
      vertex 37.52450978541155 -0.0013211100714611845 19.280361288064512
    endloop
  endfacet
  facet normal 0.6948270761320726 -0.6093469916179034 0.3819837405963317
    outer loop
      vertex 36.57832286350338 -1.1783228635033796 19.785757861212645
      vertex 36.90500072502942 -0.8058181552114139 19.785757861212645
      vertex 36.43673918959653 -1.0367391895965343 20.269154760876006
    endloop
  endfacet
  facet normal 0.6948270761320724 -0.6093469916179041 0.3819837405963312
    outer loop
      vertex 36.43673918959653 -1.0367391895965343 20.269154760876006
      vertex 36.90500072502942 -0.8058181552114139 19.785757861212645
      vertex 36.74614794124446 -0.6839261270976329 20.269154760876006
    endloop
  endfacet
  facet normal 0.7684184767311611 -0.5134408111342497 0.3819837405963319
    outer loop
      vertex 36.90500072502942 -0.8058181552114139 19.785757861212645
      vertex 37.00685831251641 -0.2937454830653765 20.269154760876006
      vertex 36.74614794124446 -0.6839261270976329 20.269154760876006
    endloop
  endfacet
  facet normal 0.7684184767311637 -0.5134408111342478 0.3819837405963294
    outer loop
      vertex 36.90500072502942 -0.8058181552114139 19.785757861212645
      vertex 37.1802621910066 -0.3938602589902116 19.785757861212645
      vertex 37.00685831251641 -0.2937454830653765 20.269154760876006
    endloop
  endfacet
  facet normal 0.8288620241475245 -0.40874951601941273 0.3819837405963299
    outer loop
      vertex 37.1802621910066 -0.3938602589902116 19.785757861212645
      vertex 37.214409476677346 0.12712664350233105 20.269154760876006
      vertex 37.00685831251641 -0.2937454830653765 20.269154760876006
    endloop
  endfacet
  facet normal 0.7204591365102486 -0.4813954045099321 0.4991964514453461
    outer loop
      vertex 36.74614794124446 -0.6839261270976329 20.269154760876006
      vertex 37.00685831251641 -0.2937454830653765 20.269154760876006
      vertex 36.64041094972606 -0.6027912798778615 20.5
    endloop
  endfacet
  facet normal 0.720459136510248 -0.4813954045099272 0.49919645144535163
    outer loop
      vertex 36.64041094972606 -0.6027912798778615 20.5
      vertex 37.00685831251641 -0.2937454830653765 20.269154760876006
      vertex 36.89143569295441 -0.2271062025906858 20.5
    endloop
  endfacet
  facet normal 0.9469301294951052 -0.3214394653031631 0
    outer loop
      vertex 37.58760574205559 -0.027456311044325776 18.23838748307943
      vertex 37.75543081979667 0.46694042536142044 18.76161251692057
      vertex 37.58760574205559 -0.027456311044325776 18.76161251692057
    endloop
  endfacet
  facet normal 0.889232273921653 -0.43852082856387575 0.13025147189870034
    outer loop
      vertex 37.35668470767047 -0.49571784647720696 18.76161251692057
      vertex 37.58760574205559 -0.027456311044325776 18.76161251692057
      vertex 37.52450978541155 -0.0013211100714611845 19.280361288064512
    endloop
  endfacet
  facet normal 0.9388632225089948 -0.3187011193708732 0.13025147189870012
    outer loop
      vertex 37.58760574205559 -0.027456311044325776 18.76161251692057
      vertex 37.75543081979667 0.46694042536142044 18.76161251692057
      vertex 37.52450978541155 -0.0013211100714611845 19.280361288064512
    endloop
  endfacet
  facet normal 0.972429961057147 -0.19342834566478773 0.13025147189870478
    outer loop
      vertex 37.75543081979667 0.46694042536142044 18.76161251692057
      vertex 37.85728840728367 0.9790130975074574 18.76161251692057
      vertex 37.68946332954258 0.48461636110171114 19.280361288064512
    endloop
  endfacet
  facet normal 0.9893581533630931 -0.06484595933589735 0.1302514718987
    outer loop
      vertex 37.85728840728367 0.9790130975074574 18.76161251692057
      vertex 37.89143569295441 1.5 18.76161251692057
      vertex 37.82314112161292 1.5 19.280361288064512
    endloop
  endfacet
  facet normal 0.9388632225089958 -0.3187011193708686 0.1302514718987047
    outer loop
      vertex 37.75543081979667 0.46694042536142044 18.76161251692057
      vertex 37.68946332954258 0.48461636110171114 19.280361288064512
      vertex 37.52450978541155 -0.0013211100714611845 19.280361288064512
    endloop
  endfacet
  facet normal 0.866436688436942 -0.4272792898483801 0.25830190358781563
    outer loop
      vertex 37.1802621910066 -0.3938602589902116 19.785757861212645
      vertex 37.52450978541155 -0.0013211100714611845 19.280361288064512
      vertex 37.39939746143516 0.05050211133957605 19.785757861212645
    endloop
  endfacet
  facet normal 0.9147953411749412 -0.31053117455021073 0.25830190358781613
    outer loop
      vertex 37.52450978541155 -0.0013211100714611845 19.280361288064512
      vertex 37.558657071082294 0.5196657924210819 19.785757861212645
      vertex 37.39939746143516 0.05050211133957605 19.785757861212645
    endloop
  endfacet
  facet normal 0.9147953411749441 -0.31053117455020646 0.2583019035878115
    outer loop
      vertex 37.52450978541155 -0.0013211100714611845 19.280361288064512
      vertex 37.68946332954258 0.48461636110171114 19.280361288064512
      vertex 37.558657071082294 0.5196657924210819 19.785757861212645
    endloop
  endfacet
  facet normal 0.9724299610571477 -0.1934283456647762 0.13025147189871597
    outer loop
      vertex 37.85728840728367 0.9790130975074574 18.76161251692057
      vertex 37.78957810546741 0.9879273278539631 19.280361288064512
      vertex 37.68946332954258 0.48461636110171114 19.280361288064512
    endloop
  endfacet
  facet normal 0.9475015919962575 -0.18846978475997256 0.25830190358781163
    outer loop
      vertex 37.68946332954258 0.48461636110171114 19.280361288064512
      vertex 37.655316043871835 1.0056032635942538 19.785757861212645
      vertex 37.558657071082294 0.5196657924210819 19.785757861212645
    endloop
  endfacet
  facet normal 0.9475015919962626 -0.18846978475996198 0.25830190358780103
    outer loop
      vertex 37.68946332954258 0.48461636110171114 19.280361288064512
      vertex 37.78957810546741 0.9879273278539631 19.280361288064512
      vertex 37.655316043871835 1.0056032635942538 19.785757861212645
    endloop
  endfacet
  facet normal 0.7771302178258037 -0.38323821235151806 0.4991964514453518
    outer loop
      vertex 36.89143569295441 -0.2271062025906858 20.5
      vertex 37.00685831251641 -0.2937454830653765 20.269154760876006
      vertex 37.214409476677346 0.12712664350233105 20.269154760876006
    endloop
  endfacet
  facet normal 0.7771302178258038 -0.3832382123515182 0.49919645144535174
    outer loop
      vertex 36.89143569295441 -0.2271062025906858 20.5
      vertex 37.214409476677346 0.12712664350233105 20.269154760876006
      vertex 37.091276142093655 0.17813014066712046 20.5
    endloop
  endfacet
  facet normal 0.8205043856531706 -0.2785237081260437 0.4991964514453519
    outer loop
      vertex 37.214409476677346 0.12712664350233105 20.269154760876006
      vertex 37.365250175764416 0.5714890138321191 20.269154760876006
      vertex 37.091276142093655 0.17813014066712046 20.5
    endloop
  endfacet
  facet normal 0.8205043856531689 -0.27852370812603944 0.4991964514453572
    outer loop
      vertex 37.091276142093655 0.17813014066712046 20.5
      vertex 37.365250175764416 0.5714890138321191 20.269154760876006
      vertex 37.236512971652765 0.6059840437096761 20.5
    endloop
  endfacet
  facet normal 0.8288620241475383 -0.40874951601939924 0.3819837405963143
    outer loop
      vertex 37.1802621910066 -0.3938602589902116 19.785757861212645
      vertex 37.39939746143516 0.05050211133957605 19.785757861212645
      vertex 37.214409476677346 0.12712664350233105 20.269154760876006
    endloop
  endfacet
  facet normal 0.8751235125267691 -0.2970644033586905 0.3819837405963176
    outer loop
      vertex 37.39939746143516 0.05050211133957605 19.785757861212645
      vertex 37.558657071082294 0.5196657924210819 19.785757861212645
      vertex 37.365250175764416 0.5714890138321191 20.269154760876006
    endloop
  endfacet
  facet normal 0.8751235125267722 -0.29706440335868667 0.3819837405963137
    outer loop
      vertex 37.39939746143516 0.05050211133957605 19.785757861212645
      vertex 37.365250175764416 0.5714890138321191 20.269154760876006
      vertex 37.214409476677346 0.12712664350233105 20.269154760876006
    endloop
  endfacet
  facet normal 0.9064113949765962 -0.18029643639469506 0.38198374059631746
    outer loop
      vertex 37.558657071082294 0.5196657924210819 19.785757861212645
      vertex 37.655316043871835 1.0056032635942538 19.785757861212645
      vertex 37.365250175764416 0.5714890138321191 20.269154760876006
    endloop
  endfacet
  facet normal 0.9064113949765944 -0.18029643639468332 0.381983740596327
    outer loop
      vertex 37.365250175764416 0.5714890138321191 20.269154760876006
      vertex 37.655316043871835 1.0056032635942538 19.785757861212645
      vertex 37.4567994835953 1.0317384645671188 20.269154760876006
    endloop
  endfacet
  facet normal 0.849839495955211 -0.16904358603317754 0.49919645144535685
    outer loop
      vertex 37.236512971652765 0.6059840437096761 20.5
      vertex 37.365250175764416 0.5714890138321191 20.269154760876006
      vertex 37.4567994835953 1.0317384645671188 20.269154760876006
    endloop
  endfacet
  facet normal 0.8498394959552167 -0.16904358603318756 0.4991964514453438
    outer loop
      vertex 37.236512971652765 0.6059840437096761 20.5
      vertex 37.4567994835953 1.0317384645671188 20.269154760876006
      vertex 37.32466113921074 1.0491348076324096 20.5
    endloop
  endfacet
  facet normal 0.9893581533630897 -0.06484595933591361 0.13025147189871616
    outer loop
      vertex 37.85728840728367 0.9790130975074574 18.76161251692057
      vertex 37.82314112161292 1.5 19.280361288064512
      vertex 37.78957810546741 0.9879273278539631 19.280361288064512
    endloop
  endfacet
  facet normal 0.9639958278814487 -0.06318362469879901 0.25830190358780103
    outer loop
      vertex 37.78957810546741 0.9879273278539631 19.280361288064512
      vertex 37.68772051798042 1.5 19.785757861212645
      vertex 37.655316043871835 1.0056032635942538 19.785757861212645
    endloop
  endfacet
  facet normal 0.9639958278814487 -0.06318362469879951 0.2583019035878015
    outer loop
      vertex 37.78957810546741 0.9879273278539631 19.280361288064512
      vertex 37.82314112161292 1.5 19.280361288064512
      vertex 37.68772051798042 1.5 19.785757861212645
    endloop
  endfacet
  facet normal 0.9221903271536525 -0.06044354741636996 0.3819837405963304
    outer loop
      vertex 37.68772051798042 1.5 19.785757861212645
      vertex 37.48749096613075 1.5 20.269154760876006
      vertex 37.4567994835953 1.0317384645671188 20.269154760876006
    endloop
  endfacet
  facet normal 0.9221903271536535 -0.06044354741637407 0.3819837405963269
    outer loop
      vertex 37.655316043871835 1.0056032635942538 19.785757861212645
      vertex 37.68772051798042 1.5 19.785757861212645
      vertex 37.4567994835953 1.0317384645671188 20.269154760876006
    endloop
  endfacet
  facet normal 0.8646336168614434 -0.05667108131556498 0.49919645144534386
    outer loop
      vertex 37.4567994835953 1.0317384645671188 20.269154760876006
      vertex 37.48749096613075 1.5 20.269154760876006
      vertex 37.32466113921074 1.0491348076324096 20.5
    endloop
  endfacet
  facet normal 0.8646336168614438 -0.05667108131556577 0.49919645144534275
    outer loop
      vertex 37.32466113921074 1.0491348076324096 20.5
      vertex 37.48749096613075 1.5 20.269154760876006
      vertex 37.35421240518137 1.5 20.5
    endloop
  endfacet
  facet normal 1 0 0
    outer loop
      vertex 37.89143569295441 3 12.5
      vertex 37.89143569295441 3 13.5
      vertex 37.89143569295441 1.5 18.76161251692057
    endloop
  endfacet
  facet normal 1 0 0
    outer loop
      vertex 37.89143569295441 3 13.5
      vertex 37.89143569295441 3 15
      vertex 37.89143569295441 1.5 18.76161251692057
    endloop
  endfacet
  facet normal 1 0 0
    outer loop
      vertex 37.89143569295441 1.5 18.76161251692057
      vertex 37.89143569295441 3 15
      vertex 37.89143569295441 3 16
    endloop
  endfacet
  facet normal 1 0 0
    outer loop
      vertex 37.89143569295441 3 11
      vertex 37.89143569295441 29 11
      vertex 37.89143569295441 3 12.5
    endloop
  endfacet
  facet normal 1 0 0
    outer loop
      vertex 37.89143569295441 3 13.5
      vertex 37.89143569295441 29 13.5
      vertex 37.89143569295441 3 15
    endloop
  endfacet
  facet normal 1 0 0
    outer loop
      vertex 37.89143569295441 1.5 18.76161251692057
      vertex 37.89143569295441 3 16
      vertex 37.89143569295441 29 16
    endloop
  endfacet
  facet normal 0.991444861373811 0 0.13052619222004666
    outer loop
      vertex 37.89143569295441 1.5 18.76161251692057
      vertex 37.89143569295441 30.5 18.76161251692057
      vertex 37.82314112161292 1.5 19.280361288064512
    endloop
  endfacet
  facet normal 0.9659258262890693 0 0.25881904510251674
    outer loop
      vertex 37.82314112161292 1.5 19.280361288064512
      vertex 37.68772051798042 30.5 19.785757861212645
      vertex 37.68772051798042 1.5 19.785757861212645
    endloop
  endfacet
  facet normal 0.9238795325112846 0 0.38268343236509494
    outer loop
      vertex 37.68772051798042 1.5 19.785757861212645
      vertex 37.68772051798042 30.5 19.785757861212645
      vertex 37.48749096613075 1.5 20.269154760876006
    endloop
  endfacet
  facet normal 0.8660254037844437 0 0.49999999999999123
    outer loop
      vertex 37.48749096613075 1.5 20.269154760876006
      vertex 37.48749096613075 30.5 20.269154760876006
      vertex 37.35421240518137 1.5 20.5
    endloop
  endfacet
  facet normal 0 0 -1
    outer loop
      vertex 1.465852714329254 30.759374385571974 -1.991435692954414
      vertex 31.2 24.5 -1.991435692954414
      vertex 34.08498798475782 1.315012015242183 -1.991435692954414
    endloop
  endfacet
  facet normal 0 0 -1
    outer loop
      vertex 1.5 30.76161251692057 -1.991435692954414
      vertex 31.2 30.76161251692057 -1.991435692954414
      vertex 31.2 24.5 -1.991435692954414
    endloop
  endfacet
  facet normal 0 0.13052619222005166 -0.9914448613738104
    outer loop
      vertex 1.5 31.280361288064512 -1.9231411216129217
      vertex 31.2 31.280361288064512 -1.9231411216129217
      vertex 31.2 30.76161251692057 -1.991435692954414
    endloop
  endfacet
  facet normal 0 0.25881904510252074 -0.9659258262890683
    outer loop
      vertex 1.5 31.785757861212645 -1.7877205179804228
      vertex 31.2 31.785757861212645 -1.7877205179804228
      vertex 31.2 31.280361288064512 -1.9231411216129217
    endloop
  endfacet
  facet normal 0 0.3826834323650884 -0.9238795325112873
    outer loop
      vertex 1.5 32.269154760876006 -1.587490966130753
      vertex 31.2 32.269154760876006 -1.587490966130753
      vertex 31.2 31.785757861212645 -1.7877205179804228
    endloop
  endfacet
  facet normal 0 0.5000000000000037 -0.8660254037844365
    outer loop
      vertex 1.5 32.722280932078405 -1.325878449210181
      vertex 31.2 32.722280932078405 -1.325878449210181
      vertex 31.2 32.269154760876006 -1.587490966130753
    endloop
  endfacet
  facet normal 0 0.6087614290087157 -0.7933533402912389
    outer loop
      vertex 1.5 33.13738326040028 -1.0073592299159095
      vertex 31.2 33.13738326040028 -1.0073592299159095
      vertex 31.2 32.722280932078405 -1.325878449210181
    endloop
  endfacet
  facet normal 0 0.7071067811865527 -0.7071067811865424
    outer loop
      vertex 1.5 33.507359229915906 -0.6373832604002754
      vertex 31.2 33.507359229915906 -0.6373832604002754
      vertex 31.2 33.13738326040028 -1.0073592299159095
    endloop
  endfacet
  facet normal 0 0.7933533402912332 -0.6087614290087233
    outer loop
      vertex 1.5 33.82587844921018 -0.2222809320784087
      vertex 31.2 33.82587844921018 -0.2222809320784087
      vertex 31.2 33.507359229915906 -0.6373832604002754
    endloop
  endfacet
  facet normal 0 0.866025403784439 -0.49999999999999933
    outer loop
      vertex 1.5 34.08749096613075 0.2308452391239948
      vertex 31.2 34.08749096613075 0.2308452391239948
      vertex 31.2 33.82587844921018 -0.2222809320784087
    endloop
  endfacet
  facet normal 0 0.923879532511284 -0.3826834323650968
    outer loop
      vertex 1.5 34.287720517980425 0.7142421387873537
      vertex 31.2 34.287720517980425 0.7142421387873537
      vertex 31.2 34.08749096613075 0.2308452391239948
    endloop
  endfacet
  facet normal 0 0.9659258262890694 -0.25881904510251635
    outer loop
      vertex 1.5 34.42314112161292 1.2196387119354872
      vertex 31.2 34.42314112161292 1.2196387119354872
      vertex 31.2 34.287720517980425 0.7142421387873537
    endloop
  endfacet
  facet normal 0 0.9914448613738112 -0.13052619222004655
    outer loop
      vertex 1.5 34.49143569295441 1.738387483079428
      vertex 31.2 34.49143569295441 1.738387483079428
      vertex 31.2 34.42314112161292 1.2196387119354872
    endloop
  endfacet
  facet normal 0 1 0
    outer loop
      vertex 31.2 34.49143569295441 1.738387483079428
      vertex 21.369334998469476 34.49143569295441 12.023263308980676
      vertex 21.749999999999996 34.49143569295441 11.768911086754464
    endloop
  endfacet
  facet normal 0 1 0
    outer loop
      vertex 31.2 34.49143569295441 1.738387483079428
      vertex 21.749999999999996 34.49143569295441 11.768911086754464
      vertex 22.160607986722184 34.49143569295441 11.566421636210496
    endloop
  endfacet
  facet normal 0 1 0
    outer loop
      vertex 31.2 34.49143569295441 1.738387483079428
      vertex 21.02512626584708 34.49143569295441 12.325126265847082
      vertex 21.369334998469476 34.49143569295441 12.023263308980676
    endloop
  endfacet
  facet normal 0 1 0
    outer loop
      vertex 31.2 34.49143569295441 1.738387483079428
      vertex 22.594133342141173 34.49143569295441 11.41925960798826
      vertex 23.04315832722982 34.49143569295441 11.329942985191662
    endloop
  endfacet
  facet normal 0 1 0
    outer loop
      vertex 31.2 34.49143569295441 1.738387483079428
      vertex 22.160607986722184 34.49143569295441 11.566421636210496
      vertex 22.594133342141173 34.49143569295441 11.41925960798826
    endloop
  endfacet
  facet normal 0 1 0
    outer loop
      vertex 31.2 34.49143569295441 1.738387483079428
      vertex 23.04315832722982 34.49143569295441 11.329942985191662
      vertex 23.499999999999996 34.49143569295441 11.299999999999999
    endloop
  endfacet
  facet normal 0 0 -1
    outer loop
      vertex 34.08498798475782 1.315012015242183 -1.991435692954414
      vertex 31.2 24.5 -1.991435692954414
      vertex 34.16161251692057 24.5 -1.991435692954414
    endloop
  endfacet
  facet normal 0.1305261922200518 0 -0.9914448613738105
    outer loop
      vertex 34.16161251692057 1.5 -1.991435692954414
      vertex 34.16161251692057 24.5 -1.991435692954414
      vertex 34.6 24.5 -1.9337208858959545
    endloop
  endfacet
  facet normal 0.13052619222005107 0 -0.9914448613738105
    outer loop
      vertex 34.68036128806451 1.5 -1.9231411216129217
      vertex 34.6 24.5 -1.9337208858959545
      vertex 34.68036128806451 30.5 -1.9231411216129217
    endloop
  endfacet
  facet normal 1 0 0
    outer loop
      vertex 37.89143569295441 1.5 1.738387483079428
      vertex 37.89143569295441 30.5 2.2616125169205725
      vertex 37.89143569295441 29 2.5
    endloop
  endfacet
  facet normal 0.25881904510252074 0 -0.9659258262890683
    outer loop
      vertex 34.68036128806451 1.5 -1.9231411216129217
      vertex 34.68036128806451 30.5 -1.9231411216129217
      vertex 35.18575786121264 30.5 -1.7877205179804228
    endloop
  endfacet
  facet normal 0.38268343236508845 0 -0.9238795325112874
    outer loop
      vertex 35.18575786121264 1.5 -1.7877205179804228
      vertex 35.18575786121264 30.5 -1.7877205179804228
      vertex 35.669154760876005 30.5 -1.587490966130753
    endloop
  endfacet
  facet normal 0.4999999999999977 0 -0.8660254037844399
    outer loop
      vertex 35.669154760876005 1.5 -1.587490966130753
      vertex 35.669154760876005 30.5 -1.587490966130753
      vertex 36.12228093207841 30.5 -1.325878449210181
    endloop
  endfacet
  facet normal 0.6087614290087223 0 -0.7933533402912339
    outer loop
      vertex 36.537383260400276 1.5 -1.0073592299159095
      vertex 36.12228093207841 30.5 -1.325878449210181
      vertex 36.537383260400276 30.5 -1.0073592299159095
    endloop
  endfacet
  facet normal 0.7071067811865458 0 -0.7071067811865492
    outer loop
      vertex 36.537383260400276 1.5 -1.0073592299159095
      vertex 36.537383260400276 30.5 -1.0073592299159095
      vertex 36.90735922991591 30.5 -0.6373832604002754
    endloop
  endfacet
  facet normal 0.7933533402912397 0 -0.6087614290087147
    outer loop
      vertex 37.22587844921018 1.5 -0.2222809320784087
      vertex 36.90735922991591 30.5 -0.6373832604002754
      vertex 37.22587844921018 30.5 -0.2222809320784087
    endloop
  endfacet
  facet normal 0.8660254037844389 0 -0.4999999999999993
    outer loop
      vertex 37.22587844921018 1.5 -0.2222809320784087
      vertex 37.22587844921018 30.5 -0.2222809320784087
      vertex 37.48749096613075 30.5 0.2308452391239948
    endloop
  endfacet
  facet normal 0.923879532511284 0 -0.3826834323650968
    outer loop
      vertex 37.48749096613075 1.5 0.2308452391239948
      vertex 37.48749096613075 30.5 0.2308452391239948
      vertex 37.68772051798042 30.5 0.7142421387873537
    endloop
  endfacet
  facet normal 0.9659258262890695 0 -0.25881904510251635
    outer loop
      vertex 37.82314112161292 1.5 1.2196387119354872
      vertex 37.68772051798042 30.5 0.7142421387873537
      vertex 37.82314112161292 30.5 1.2196387119354872
    endloop
  endfacet
  facet normal 0.991444861373811 0 -0.13052619222004655
    outer loop
      vertex 37.82314112161292 1.5 1.2196387119354872
      vertex 37.82314112161292 30.5 1.2196387119354872
      vertex 37.89143569295441 30.5 1.738387483079428
    endloop
  endfacet
  facet normal 1 0 0
    outer loop
      vertex 37.89143569295441 1.5 1.738387483079428
      vertex 37.89143569295441 30.5 1.738387483079428
      vertex 37.89143569295441 30.5 2.2616125169205725
    endloop
  endfacet
  facet normal 1 0 0
    outer loop
      vertex 37.89143569295441 3 5
      vertex 37.89143569295441 29 3.5
      vertex 37.89143569295441 29 5
    endloop
  endfacet
  facet normal 1 0 0
    outer loop
      vertex 37.89143569295441 3 7.5
      vertex 37.89143569295441 29 6
      vertex 37.89143569295441 29 7.5
    endloop
  endfacet
  facet normal 0.13052619222005105 0 -0.9914448613738105
    outer loop
      vertex 34.6 24.5 -1.9337208858959545
      vertex 34.6 30.5 -1.9337208858959545
      vertex 34.68036128806451 30.5 -1.9231411216129217
    endloop
  endfacet
  facet normal 1 0 0
    outer loop
      vertex 37.89143569295441 29 2.5
      vertex 37.89143569295441 30.5 2.2616125169205725
      vertex 37.89143569295441 29 3.5
    endloop
  endfacet
  facet normal 1 0 0
    outer loop
      vertex 37.89143569295441 29 3.5
      vertex 37.89143569295441 30.5 2.2616125169205725
      vertex 37.89143569295441 29 5
    endloop
  endfacet
  facet normal 0.13052141585032967 0.00855482556637157 -0.9914085812438553
    outer loop
      vertex 34.6 30.5 -1.9337208858959545
      vertex 34.6 30.59215674831118 -1.9329256689475829
      vertex 34.68036128806451 30.5 -1.9231411216129217
    endloop
  endfacet
  facet normal 0.13052141585033225 0.008554825566373865 -0.9914085812438551
    outer loop
      vertex 34.68036128806451 30.5 -1.9231411216129217
      vertex 34.6 30.59215674831118 -1.9329256689475829
      vertex 34.67368518906661 30.601857587486997 -1.9231411216129217
    endloop
  endfacet
  facet normal 0.12828815823775871 0.025518101261856132 -0.991408581243855
    outer loop
      vertex 34.6 30.59215674831118 -1.9329256689475829
      vertex 34.6 30.68756443470179 -1.9304699478165226
      vertex 34.67368518906661 30.601857587486997 -1.9231411216129217
    endloop
  endfacet
  facet normal 0.12385985466954072 0.04204475516977554 -0.9914085812438552
    outer loop
      vertex 34.6 30.68756443470179 -1.9304699478165226
      vertex 34.6 30.789949493661165 -1.9261278886308042
      vertex 34.65377112197771 30.701972363411834 -1.9231411216129217
    endloop
  endfacet
  facet normal 0.1282881582377567 0.025518101261854383 -0.9914085812438552
    outer loop
      vertex 34.6 30.68756443470179 -1.9304699478165226
      vertex 34.65377112197771 30.701972363411834 -1.9231411216129217
      vertex 34.67368518906661 30.601857587486997 -1.9231411216129217
    endloop
  endfacet
  facet normal 0.1238598546695392 0.042044755169774614 -0.9914085812438553
    outer loop
      vertex 34.65377112197771 30.701972363411834 -1.9231411216129217
      vertex 34.6 30.789949493661165 -1.9261278886308042
      vertex 34.620959822006945 30.798631336201368 -1.9231411216129217
    endloop
  endfacet
  facet normal 0.11731227464748753 0.05785201165973493 -0.9914085812438553
    outer loop
      vertex 34.6 30.789949493661165 -1.9261278886308042
      vertex 34.6 30.84113365073285 -1.9231411216129217
      vertex 34.620959822006945 30.798631336201368 -1.9231411216129217
    endloop
  endfacet
  facet normal 0.2325923516882016 0.1147018543648978 -0.9657868722142613
    outer loop
      vertex 34.620959822006945 30.798631336201368 -1.9231411216129217
      vertex 34.6 30.84113365073285 -1.9231411216129217
      vertex 34.6 30.90414518843274 -1.9156575448233653
    endloop
  endfacet
  facet normal 0.2587818124703915 0.01696145610290387 -0.9657868722142626
    outer loop
      vertex 34.68036128806451 30.5 -1.9231411216129217
      vertex 34.67368518906661 30.601857587486997 -1.9231411216129217
      vertex 35.18575786121264 30.5 -1.7877205179804228
    endloop
  endfacet
  facet normal 0.25435398391114505 0.05059415309222522 -0.9657868722142631
    outer loop
      vertex 34.65377112197771 30.701972363411834 -1.9231411216129217
      vertex 35.14194672449949 30.832778621872116 -1.7877205179804228
      vertex 34.67368518906661 30.601857587486997 -1.9231411216129217
    endloop
  endfacet
  facet normal 0.2587818124703928 0.016961456102910524 -0.9657868722142621
    outer loop
      vertex 34.67368518906661 30.601857587486997 -1.9231411216129217
      vertex 35.17475802447026 30.667825077741085 -1.7877205179804228
      vertex 35.18575786121264 30.5 -1.7877205179804228
    endloop
  endfacet
  facet normal 0.25435398391115094 0.050594153092212796 -0.9657868722142622
    outer loop
      vertex 34.67368518906661 30.601857587486997 -1.9231411216129217
      vertex 35.14194672449949 30.832778621872116 -1.7877205179804228
      vertex 35.17475802447026 30.667825077741085 -1.7877205179804228
    endloop
  endfacet
  facet normal 0.24557408816693949 0.08336117009475924 -0.9657868722142628
    outer loop
      vertex 34.65377112197771 30.701972363411834 -1.9231411216129217
      vertex 34.620959822006945 30.798631336201368 -1.9231411216129217
      vertex 35.14194672449949 30.832778621872116 -1.7877205179804228
    endloop
  endfacet
  facet normal 0.23259235168819478 0.11470185436489654 -0.965786872214263
    outer loop
      vertex 34.620959822006945 30.798631336201368 -1.9231411216129217
      vertex 34.6 30.90414518843274 -1.9156575448233653
      vertex 35.08788537173985 30.992038231519253 -1.7877205179804228
    endloop
  endfacet
  facet normal 0.24557408816693965 0.08336117009475762 -0.9657868722142631
    outer loop
      vertex 34.620959822006945 30.798631336201368 -1.9231411216129217
      vertex 35.08788537173985 30.992038231519253 -1.7877205179804228
      vertex 35.14194672449949 30.832778621872116 -1.7877205179804228
    endloop
  endfacet
  facet normal 0.23259235168819375 0.1147018543649018 -0.9657868722142626
    outer loop
      vertex 34.6 30.90414518843274 -1.9156575448233653
      vertex 35.013498970925696 31.142878930606322 -1.7877205179804228
      vertex 35.08788537173985 30.992038231519253 -1.7877205179804228
    endloop
  endfacet
  facet normal 0.38256311096125156 0.025074511037766766 -0.9235890509462886
    outer loop
      vertex 35.18575786121264 30.5 -1.7877205179804228
      vertex 35.17475802447026 30.667825077741085 -1.7877205179804228
      vertex 35.65401939664552 30.73092103438512 -1.587490966130753
    endloop
  endfacet
  facet normal 0.37601735006617193 0.07479450127748524 -0.9235890509462887
    outer loop
      vertex 35.17475802447026 30.667825077741085 -1.7877205179804228
      vertex 35.14194672449949 30.832778621872116 -1.7877205179804228
      vertex 35.65401939664552 30.73092103438512 -1.587490966130753
    endloop
  endfacet
  facet normal 0.36303782805975243 0.12323473686339252 -0.9235890509462896
    outer loop
      vertex 35.14194672449949 30.832778621872116 -1.7877205179804228
      vertex 35.08788537173985 30.992038231519253 -1.7877205179804228
      vertex 35.53448587341824 31.17702621627707 -1.587490966130753
    endloop
  endfacet
  facet normal 0.19497993507473035 0.17099281381638592 -0.9657868722142627
    outer loop
      vertex 34.6 31.037128891585276 -1.8958185027632866
      vertex 34.6 31.200000000000003 -1.86698213118021
      vertex 34.920060293998766 31.282719792951006 -1.7877205179804228
    endloop
  endfacet
  facet normal 0.17099281381638515 0.19497993507473235 -0.9657868722142626
    outer loop
      vertex 34.6 31.200000000000003 -1.86698213118021
      vertex 34.6 31.412257760988847 -1.8241300220375094
      vertex 34.809168102627375 31.409168102627376 -1.7877205179804228
    endloop
  endfacet
  facet normal 0.17099281381638526 0.19497993507472727 -0.9657868722142635
    outer loop
      vertex 34.6 31.412257760988847 -1.8241300220375094
      vertex 34.682719792951005 31.520060293998768 -1.7877205179804228
      vertex 34.809168102627375 31.409168102627376 -1.7877205179804228
    endloop
  endfacet
  facet normal 0.14407995810548704 0.21563089558528287 -0.9657868722142634
    outer loop
      vertex 34.6 31.412257760988847 -1.8241300220375094
      vertex 34.6 31.575331892581733 -1.7877205179804228
      vertex 34.682719792951005 31.520060293998768 -1.7877205179804228
    endloop
  endfacet
  facet normal 0.21299671902679873 0.31877211712436193 -0.9235890509462913
    outer loop
      vertex 34.6 31.575331892581733 -1.7877205179804228
      vertex 34.6 31.712435565298218 -1.7403998747001885
      vertex 34.682719792951005 31.520060293998768 -1.7877205179804228
    endloop
  endfacet
  facet normal 0.16956639193443654 0.34384662816213 -0.9235890509462913
    outer loop
      vertex 34.6 31.712435565298218 -1.7403998747001885
      vertex 34.6 32.123156457056645 -1.587490966130753
      vertex 34.784577380438 32.03213296614481 -1.587490966130753
    endloop
  endfacet
  facet normal 0.22149993603672138 0.4491574378359273 -0.8655607282983635
    outer loop
      vertex 34.6 32.123156457056645 -1.587490966130753
      vertex 34.6 32.189949493661175 -1.5528306722822196
      vertex 34.784577380438 32.03213296614481 -1.587490966130753
    endloop
  endfacet
  facet normal 0.21563089558528337 0.1440799581054917 -0.9657868722142625
    outer loop
      vertex 34.6 30.90414518843274 -1.9156575448233653
      vertex 34.6 31.037128891585276 -1.8958185027632866
      vertex 35.013498970925696 31.142878930606322 -1.7877205179804228
    endloop
  endfacet
  facet normal 0.21563089558528367 0.14407995810549087 -0.9657868722142626
    outer loop
      vertex 34.6 31.037128891585276 -1.8958185027632866
      vertex 34.920060293998766 31.282719792951006 -1.7877205179804228
      vertex 35.013498970925696 31.142878930606322 -1.7877205179804228
    endloop
  endfacet
  facet normal 0.19497993507472994 0.17099281381638765 -0.9657868722142625
    outer loop
      vertex 34.6 31.200000000000003 -1.86698213118021
      vertex 34.809168102627375 31.409168102627376 -1.7877205179804228
      vertex 34.920060293998766 31.282719792951006 -1.7877205179804228
    endloop
  endfacet
  facet normal 0.25278261320277357 0.28824332678227294 -0.923589050946288
    outer loop
      vertex 34.682719792951005 31.520060293998768 -1.7877205179804228
      vertex 35.150981328383885 31.750981328383887 -1.587490966130753
      vertex 34.809168102627375 31.409168102627376 -1.7877205179804228
    endloop
  endfacet
  facet normal 0.2882433267822674 0.25278261320276874 -0.923589050946291
    outer loop
      vertex 34.920060293998766 31.282719792951006 -1.7877205179804228
      vertex 34.809168102627375 31.409168102627376 -1.7877205179804228
      vertex 35.30356483903312 31.57699318036846 -1.587490966130753
    endloop
  endfacet
  facet normal 0.34384662816212913 0.16956639193444742 -0.9235890509462895
    outer loop
      vertex 35.08788537173985 30.992038231519253 -1.7877205179804228
      vertex 35.013498970925696 31.142878930606322 -1.7877205179804228
      vertex 35.53448587341824 31.17702621627707 -1.587490966130753
    endloop
  endfacet
  facet normal 0.3438466281621302 0.16956639193443893 -0.9235890509462907
    outer loop
      vertex 35.013498970925696 31.142878930606322 -1.7877205179804228
      vertex 35.432132966144806 31.384577380438003 -1.587490966130753
      vertex 35.53448587341824 31.17702621627707 -1.587490966130753
    endloop
  endfacet
  facet normal 0.3187721171243609 0.2129967190268029 -0.9235890509462906
    outer loop
      vertex 35.013498970925696 31.142878930606322 -1.7877205179804228
      vertex 34.920060293998766 31.282719792951006 -1.7877205179804228
      vertex 35.30356483903312 31.57699318036846 -1.587490966130753
    endloop
  endfacet
  facet normal 0.2882433267822603 0.25278261320278644 -0.9235890509462883
    outer loop
      vertex 34.809168102627375 31.409168102627376 -1.7877205179804228
      vertex 35.150981328383885 31.750981328383887 -1.587490966130753
      vertex 35.30356483903312 31.57699318036846 -1.587490966130753
    endloop
  endfacet
  facet normal 0.3187721171243602 0.21299671902680342 -0.9235890509462907
    outer loop
      vertex 35.013498970925696 31.142878930606322 -1.7877205179804228
      vertex 35.30356483903312 31.57699318036846 -1.587490966130753
      vertex 35.432132966144806 31.384577380438003 -1.587490966130753
    endloop
  endfacet
  facet normal 0.21299671902680067 0.3187721171243626 -0.9235890509462906
    outer loop
      vertex 34.682719792951005 31.520060293998768 -1.7877205179804228
      vertex 34.6 31.712435565298218 -1.7403998747001885
      vertex 34.97699318036846 31.903564839033123 -1.587490966130753
    endloop
  endfacet
  facet normal 0.25278261320278295 0.28824332678225634 -0.9235890509462905
    outer loop
      vertex 34.682719792951005 31.520060293998768 -1.7877205179804228
      vertex 34.97699318036846 31.903564839033123 -1.587490966130753
      vertex 35.150981328383885 31.750981328383887 -1.587490966130753
    endloop
  endfacet
  facet normal 0.21299671902680267 0.31877211712435904 -0.9235890509462913
    outer loop
      vertex 34.6 31.712435565298218 -1.7403998747001885
      vertex 34.784577380438 32.03213296614481 -1.587490966130753
      vertex 34.97699318036846 31.903564839033123 -1.587490966130753
    endloop
  endfacet
  facet normal 0.2782317834462871 0.416403290462415 -0.8655607282983512
    outer loop
      vertex 34.784577380438 32.03213296614481 -1.587490966130753
      vertex 35.25283891587088 32.26305400052993 -1.325878449210181
      vertex 34.97699318036846 31.903564839033123 -1.587490966130753
    endloop
  endfacet
  facet normal 0.37652436734025696 0.3302030079006628 -0.8655607282983523
    outer loop
      vertex 35.30356483903312 31.57699318036846 -1.587490966130753
      vertex 35.150981328383885 31.750981328383887 -1.587490966130753
      vertex 35.4713899167742 32.0713899167742 -1.325878449210181
    endloop
  endfacet
  facet normal 0.3302030079006646 0.37652436734025896 -0.8655607282983507
    outer loop
      vertex 34.97699318036846 31.903564839033123 -1.587490966130753
      vertex 35.25283891587088 32.26305400052993 -1.325878449210181
      vertex 35.150981328383885 31.750981328383887 -1.587490966130753
    endloop
  endfacet
  facet normal 0.3302030079006589 0.3765243673402609 -0.8655607282983522
    outer loop
      vertex 35.150981328383885 31.750981328383887 -1.587490966130753
      vertex 35.25283891587088 32.26305400052993 -1.325878449210181
      vertex 35.4713899167742 32.0713899167742 -1.325878449210181
    endloop
  endfacet
  facet normal 0.16097816331020334 0.47422637691813796 -0.8655607282983498
    outer loop
      vertex 34.6 32.189949493661175 -1.5528306722822196
      vertex 34.6 32.60418400496731 -1.325878449210181
      vertex 34.75043009476725 32.553119868637346 -1.325878449210181
    endloop
  endfacet
  facet normal 0.2214999360367382 0.4491574378359441 -0.8655607282983505
    outer loop
      vertex 34.784577380438 32.03213296614481 -1.587490966130753
      vertex 34.6 32.189949493661175 -1.5528306722822196
      vertex 35.0111404660392 32.42455174152566 -1.325878449210181
    endloop
  endfacet
  facet normal 0.2214999360367368 0.44915743783594597 -0.86556072829835
    outer loop
      vertex 34.6 32.189949493661175 -1.5528306722822196
      vertex 34.75043009476725 32.553119868637346 -1.325878449210181
      vertex 35.0111404660392 32.42455174152566 -1.325878449210181
    endloop
  endfacet
  facet normal 0.27823178344628574 0.41640329046241714 -0.8655607282983506
    outer loop
      vertex 34.784577380438 32.03213296614481 -1.587490966130753
      vertex 35.0111404660392 32.42455174152566 -1.325878449210181
      vertex 35.25283891587088 32.26305400052993 -1.325878449210181
    endloop
  endfacet
  facet normal 0.19594390009981685 0.5772321159142955 -0.7927225696110703
    outer loop
      vertex 34.6 32.60418400496731 -1.325878449210181
      vertex 34.6 33.04161180398977 -1.0073592299159095
      vertex 34.75043009476725 32.553119868637346 -1.325878449210181
    endloop
  endfacet
  facet normal 0.2275354805982928 0.6702979110062683 -0.706348579363997
    outer loop
      vertex 34.6 33.04161180398977 -1.0073592299159095
      vertex 34.6 33.112435565298235 -0.9401501767067736
      vertex 34.909282878552204 32.9366244136717 -1.0073592299159095
    endloop
  endfacet
  facet normal 0.22753548059830567 0.6702979110062839 -0.7063485793639781
    outer loop
      vertex 34.6 33.112435565298235 -0.9401501767067736
      vertex 34.678361844167085 33.40488594910458 -0.6373832604002754
      vertex 34.909282878552204 32.9366244136717 -1.0073592299159095
    endloop
  endfacet
  facet normal 0.13809744904272006 0.6942627593342328 -0.7063485793639782
    outer loop
      vertex 34.6 33.112435565298235 -0.9401501767067736
      vertex 34.6 33.420473089040094 -0.6373832604002754
      vertex 34.678361844167085 33.40488594910458 -0.6373832604002754
    endloop
  endfacet
  facet normal 0.2696114829889307 0.5467180039743812 -0.7927225696110702
    outer loop
      vertex 35.0111404660392 32.42455174152566 -1.325878449210181
      vertex 34.75043009476725 32.553119868637346 -1.325878449210181
      vertex 34.909282878552204 32.9366244136717 -1.0073592299159095
    endloop
  endfacet
  facet normal 0.26961148298893856 0.5467180039743811 -0.7927225696110676
    outer loop
      vertex 35.0111404660392 32.42455174152566 -1.325878449210181
      vertex 34.909282878552204 32.9366244136717 -1.0073592299159095
      vertex 35.218691630200134 32.784040903022465 -1.0073592299159095
    endloop
  endfacet
  facet normal 0.33866593865366723 0.506849395407607 -0.7927225696110676
    outer loop
      vertex 35.0111404660392 32.42455174152566 -1.325878449210181
      vertex 35.218691630200134 32.784040903022465 -1.0073592299159095
      vertex 35.25283891587088 32.26305400052993 -1.325878449210181
    endloop
  endfacet
  facet normal 0.33866593865366784 0.5068493954076069 -0.7927225696110672
    outer loop
      vertex 35.25283891587088 32.26305400052993 -1.325878449210181
      vertex 35.218691630200134 32.784040903022465 -1.0073592299159095
      vertex 35.50553720244495 32.59237681926675 -1.0073592299159095
    endloop
  endfacet
  facet normal 0.19594390009981758 0.5772321159142956 -0.7927225696110701
    outer loop
      vertex 34.75043009476725 32.553119868637346 -1.325878449210181
      vertex 34.6 33.04161180398977 -1.0073592299159095
      vertex 34.909282878552204 32.9366244136717 -1.0073592299159095
    endloop
  endfacet
  facet normal 0.22753548059830908 0.6702979110062843 -0.7063485793639765
    outer loop
      vertex 34.909282878552204 32.9366244136717 -1.0073592299159095
      vertex 34.678361844167085 33.40488594910458 -0.6373832604002754
      vertex 35.050866552459055 33.27843763942821 -0.6373832604002754
    endloop
  endfacet
  facet normal 0.31308031699612227 0.6348640795793146 -0.7063485793639832
    outer loop
      vertex 34.909282878552204 32.9366244136717 -1.0073592299159095
      vertex 35.40367961495795 33.10444949141279 -0.6373832604002754
      vertex 35.218691630200134 32.784040903022465 -1.0073592299159095
    endloop
  endfacet
  facet normal 0.31308031699611444 0.6348640795793249 -0.7063485793639774
    outer loop
      vertex 34.909282878552204 32.9366244136717 -1.0073592299159095
      vertex 35.050866552459055 33.27843763942821 -0.6373832604002754
      vertex 35.40367961495795 33.10444949141279 -0.6373832604002754
    endloop
  endfacet
  facet normal 0.3511696618733915 0.7121016303436296 -0.6079400765220802
    outer loop
      vertex 35.050866552459055 33.27843763942821 -0.6373832604002754
      vertex 35.17275858057283 33.57271102684567 -0.2222809320784087
      vertex 35.40367961495795 33.10444949141279 -0.6373832604002754
    endloop
  endfacet
  facet normal 0.1548983818312411 0.7787267522465086 -0.6079400765220763
    outer loop
      vertex 34.6 33.420473089040094 -0.6373832604002754
      vertex 34.6 33.744537133991 -0.2222809320784087
      vertex 34.678361844167085 33.40488594910458 -0.6373832604002754
    endloop
  endfacet
  facet normal 0.15489838183122567 0.778726752246509 -0.6079400765220795
    outer loop
      vertex 34.678361844167085 33.40488594910458 -0.6373832604002754
      vertex 34.6 33.744537133991 -0.2222809320784087
      vertex 34.76080068435163 33.71255188919035 -0.2222809320784087
    endloop
  endfacet
  facet normal 0.16904358603318745 0.8498394959552159 -0.49919645144534514
    outer loop
      vertex 34.6 33.744537133991 -0.2222809320784087
      vertex 34.6 34.010703836995326 0.2308452391239948
      vertex 34.76080068435163 33.71255188919035 -0.2222809320784087
    endloop
  endfacet
  facet normal 0.16904358603317185 0.8498394959552159 -0.49919645144535063
    outer loop
      vertex 34.76080068435163 33.71255188919035 -0.2222809320784087
      vertex 34.6 34.010703836995326 0.2308452391239948
      vertex 34.82851098616788 33.96525017576442 0.2308452391239948
    endloop
  endfacet
  facet normal 0.25521744245231287 0.7518463409676387 -0.6079400765220808
    outer loop
      vertex 35.050866552459055 33.27843763942821 -0.6373832604002754
      vertex 34.678361844167085 33.40488594910458 -0.6373832604002754
      vertex 35.17275858057283 33.57271102684567 -0.2222809320784087
    endloop
  endfacet
  facet normal 0.25521744245231137 0.7518463409676402 -0.6079400765220795
    outer loop
      vertex 34.678361844167085 33.40488594910458 -0.6373832604002754
      vertex 34.76080068435163 33.71255188919035 -0.2222809320784087
      vertex 35.17275858057283 33.57271102684567 -0.2222809320784087
    endloop
  endfacet
  facet normal 0.2785237081260419 0.8205043856531716 -0.49919645144535096
    outer loop
      vertex 34.76080068435163 33.71255188919035 -0.2222809320784087
      vertex 34.82851098616788 33.96525017576442 0.2308452391239948
      vertex 35.27287335649767 33.81440947667735 0.2308452391239948
    endloop
  endfacet
  facet normal 0.2785237081260458 0.8205043856531682 -0.49919645144535457
    outer loop
      vertex 34.76080068435163 33.71255188919035 -0.2222809320784087
      vertex 35.27287335649767 33.81440947667735 0.2308452391239948
      vertex 35.17275858057283 33.57271102684567 -0.2222809320784087
    endloop
  endfacet
  facet normal 0.1802964363946764 0.9064113949765947 -0.3819837405963296
    outer loop
      vertex 34.6 34.010703836995326 0.2308452391239948
      vertex 34.6 34.21441901196932 0.7142421387873537
      vertex 34.82851098616788 33.96525017576442 0.2308452391239948
    endloop
  endfacet
  facet normal 0.2970644033586835 0.8751235125267698 -0.3819837405963217
    outer loop
      vertex 35.27287335649767 33.81440947667735 0.2308452391239948
      vertex 34.82851098616788 33.96525017576442 0.2308452391239948
      vertex 34.88033420757892 34.158657071082295 0.7142421387873537
    endloop
  endfacet
  facet normal 0.18029643639469545 0.9064113949765947 -0.38198374059632045
    outer loop
      vertex 34.6 34.21441901196932 0.7142421387873537
      vertex 34.88033420757892 34.158657071082295 0.7142421387873537
      vertex 34.82851098616788 33.96525017576442 0.2308452391239948
    endloop
  endfacet
  facet normal 0.2970644033586919 0.87512351252677 -0.3819837405963149
    outer loop
      vertex 35.27287335649767 33.81440947667735 0.2308452391239948
      vertex 34.88033420757892 34.158657071082295 0.7142421387873537
      vertex 35.34949788866042 33.99939746143516 0.7142421387873537
    endloop
  endfacet
  facet normal 0.38256311096124723 0.025074511037776633 -0.9235890509462901
    outer loop
      vertex 35.18575786121264 30.5 -1.7877205179804228
      vertex 35.65401939664552 30.73092103438512 -1.587490966130753
      vertex 35.669154760876005 30.5 -1.587490966130753
    endloop
  endfacet
  facet normal 0.3760173500661724 0.07479450127748888 -0.9235890509462882
    outer loop
      vertex 35.14194672449949 30.832778621872116 -1.7877205179804228
      vertex 35.60887227423239 30.957890945848504 -1.587490966130753
      vertex 35.65401939664552 30.73092103438512 -1.587490966130753
    endloop
  endfacet
  facet normal 0.36303782805975815 0.12323473686338525 -0.9235890509462884
    outer loop
      vertex 35.14194672449949 30.832778621872116 -1.7877205179804228
      vertex 35.53448587341824 31.17702621627707 -1.587490966130753
      vertex 35.60887227423239 30.957890945848504 -1.587490966130753
    endloop
  endfacet
  facet normal 0.49973171948302086 0.032754147373538725 -0.8655607282983533
    outer loop
      vertex 35.669154760876005 30.5 -1.587490966130753
      vertex 35.65401939664552 30.73092103438512 -1.587490966130753
      vertex 36.10326901063814 30.79006586810742 -1.325878449210181
    endloop
  endfacet
  facet normal 0.4997317194830201 0.03275414737354033 -0.8655607282983537
    outer loop
      vertex 35.669154760876005 30.5 -1.587490966130753
      vertex 36.10326901063814 30.79006586810742 -1.325878449210181
      vertex 36.12228093207841 30.5 -1.325878449210181
    endloop
  endfacet
  facet normal 0.4911811712108591 0.09770200957786634 -0.8655607282983531
    outer loop
      vertex 35.65401939664552 30.73092103438512 -1.587490966130753
      vertex 35.60887227423239 30.957890945848504 -1.587490966130753
      vertex 36.10326901063814 30.79006586810742 -1.325878449210181
    endloop
  endfacet
  facet normal 0.4911811712108587 0.09770200957786469 -0.8655607282983533
    outer loop
      vertex 35.60887227423239 30.957890945848504 -1.587490966130753
      vertex 36.046558545564274 31.075168628790074 -1.325878449210181
      vertex 36.10326901063814 30.79006586810742 -1.325878449210181
    endloop
  endfacet
  facet normal 0.6082774216426029 0.039868608566793036 -0.7927225696110682
    outer loop
      vertex 36.12228093207841 30.5 -1.325878449210181
      vertex 36.10326901063814 30.79006586810742 -1.325878449210181
      vertex 36.514820080997154 30.844247594404955 -1.0073592299159095
    endloop
  endfacet
  facet normal 0.5978696263119363 0.11892366275409838 -0.7927225696110684
    outer loop
      vertex 36.10326901063814 30.79006586810742 -1.325878449210181
      vertex 36.046558545564274 31.075168628790074 -1.325878449210181
      vertex 36.514820080997154 30.844247594404955 -1.0073592299159095
    endloop
  endfacet
  facet normal 0.6082774216426045 0.039868608566790205 -0.7927225696110672
    outer loop
      vertex 36.12228093207841 30.5 -1.325878449210181
      vertex 36.514820080997154 30.844247594404955 -1.0073592299159095
      vertex 36.537383260400276 30.5 -1.0073592299159095
    endloop
  endfacet
  facet normal 0.6942627593342371 0.13809744904270163 -0.706348579363978
    outer loop
      vertex 36.514820080997154 30.844247594404955 -1.0073592299159095
      vertex 36.44751660504309 31.18260501702617 -1.0073592299159095
      vertex 36.88163085480522 30.89253914891875 -0.6373832604002754
    endloop
  endfacet
  facet normal 0.4491574378359464 0.22149993603673387 -0.8655607282983503
    outer loop
      vertex 35.53448587341824 31.17702621627707 -1.587490966130753
      vertex 35.432132966144806 31.384577380438003 -1.587490966130753
      vertex 35.82455174152566 31.611140466039203 -1.325878449210181
    endloop
  endfacet
  facet normal 0.47422637691813296 0.16097816331019618 -0.8655607282983538
    outer loop
      vertex 35.60887227423239 30.957890945848504 -1.587490966130753
      vertex 35.53448587341824 31.17702621627707 -1.587490966130753
      vertex 36.046558545564274 31.075168628790074 -1.325878449210181
    endloop
  endfacet
  facet normal 0.47422637691813396 0.16097816331020787 -0.8655607282983512
    outer loop
      vertex 35.53448587341824 31.17702621627707 -1.587490966130753
      vertex 35.953119868637344 31.350430094767255 -1.325878449210181
      vertex 36.046558545564274 31.075168628790074 -1.325878449210181
    endloop
  endfacet
  facet normal 0.4491574378359442 0.22149993603673584 -0.8655607282983512
    outer loop
      vertex 35.53448587341824 31.17702621627707 -1.587490966130753
      vertex 35.82455174152566 31.611140466039203 -1.325878449210181
      vertex 35.953119868637344 31.350430094767255 -1.325878449210181
    endloop
  endfacet
  facet normal 0.416403290462415 0.2782317834462871 -0.8655607282983512
    outer loop
      vertex 35.30356483903312 31.57699318036846 -1.587490966130753
      vertex 35.663054000529925 31.852838915870883 -1.325878449210181
      vertex 35.432132966144806 31.384577380438003 -1.587490966130753
    endloop
  endfacet
  facet normal 0.37652436734026234 0.33020300790066026 -0.8655607282983508
    outer loop
      vertex 35.30356483903312 31.57699318036846 -1.587490966130753
      vertex 35.4713899167742 32.0713899167742 -1.325878449210181
      vertex 35.663054000529925 31.852838915870883 -1.325878449210181
    endloop
  endfacet
  facet normal 0.41640329046241714 0.27823178344628574 -0.8655607282983506
    outer loop
      vertex 35.432132966144806 31.384577380438003 -1.587490966130753
      vertex 35.663054000529925 31.852838915870883 -1.325878449210181
      vertex 35.82455174152566 31.611140466039203 -1.325878449210181
    endloop
  endfacet
  facet normal 0.4583084531601838 0.4019257262121135 -0.7927225696110746
    outer loop
      vertex 35.663054000529925 31.852838915870883 -1.325878449210181
      vertex 35.4713899167742 32.0713899167742 -1.325878449210181
      vertex 35.76491158801692 32.36491158801692 -1.0073592299159095
    endloop
  endfacet
  facet normal 0.506849395407607 0.33866593865366723 -0.7927225696110675
    outer loop
      vertex 35.663054000529925 31.852838915870883 -1.325878449210181
      vertex 36.18404090302246 31.818691630200135 -1.0073592299159095
      vertex 35.82455174152566 31.611140466039203 -1.325878449210181
    endloop
  endfacet
  facet normal 0.4583084531602022 0.40192572621210565 -0.7927225696110678
    outer loop
      vertex 35.663054000529925 31.852838915870883 -1.325878449210181
      vertex 35.76491158801692 32.36491158801692 -1.0073592299159095
      vertex 35.992376819266745 32.10553720244495 -1.0073592299159095
    endloop
  endfacet
  facet normal 0.5068493954076069 0.33866593865366784 -0.7927225696110672
    outer loop
      vertex 35.663054000529925 31.852838915870883 -1.325878449210181
      vertex 35.992376819266745 32.10553720244495 -1.0073592299159095
      vertex 36.18404090302246 31.818691630200135 -1.0073592299159095
    endloop
  endfacet
  facet normal 0.5772321159142942 0.19594390009982346 -0.7927225696110697
    outer loop
      vertex 35.953119868637344 31.350430094767255 -1.325878449210181
      vertex 36.44751660504309 31.18260501702617 -1.0073592299159095
      vertex 36.046558545564274 31.075168628790074 -1.325878449210181
    endloop
  endfacet
  facet normal 0.5467180039743813 0.26961148298893073 -0.7927225696110702
    outer loop
      vertex 35.953119868637344 31.350430094767255 -1.325878449210181
      vertex 35.82455174152566 31.611140466039203 -1.325878449210181
      vertex 36.3366244136717 31.509282878552206 -1.0073592299159095
    endloop
  endfacet
  facet normal 0.577232115914294 0.19594390009982177 -0.7927225696110703
    outer loop
      vertex 35.953119868637344 31.350430094767255 -1.325878449210181
      vertex 36.3366244136717 31.509282878552206 -1.0073592299159095
      vertex 36.44751660504309 31.18260501702617 -1.0073592299159095
    endloop
  endfacet
  facet normal 0.5978696263119352 0.118923662754094 -0.7927225696110699
    outer loop
      vertex 36.514820080997154 30.844247594404955 -1.0073592299159095
      vertex 36.046558545564274 31.075168628790074 -1.325878449210181
      vertex 36.44751660504309 31.18260501702617 -1.0073592299159095
    endloop
  endfacet
  facet normal 0.6702979110062836 0.22753548059830334 -0.7063485793639792
    outer loop
      vertex 36.44751660504309 31.18260501702617 -1.0073592299159095
      vertex 36.3366244136717 31.509282878552206 -1.0073592299159095
      vertex 36.80488594910458 31.278361844167087 -0.6373832604002754
    endloop
  endfacet
  facet normal 0.6702979110062843 0.22753548059830908 -0.7063485793639765
    outer loop
      vertex 36.3366244136717 31.509282878552206 -1.0073592299159095
      vertex 36.67843763942821 31.650866552459057 -0.6373832604002754
      vertex 36.80488594910458 31.278361844167087 -0.6373832604002754
    endloop
  endfacet
  facet normal 0.5467180039743811 0.26961148298893856 -0.7927225696110676
    outer loop
      vertex 35.82455174152566 31.611140466039203 -1.325878449210181
      vertex 36.18404090302246 31.818691630200135 -1.0073592299159095
      vertex 36.3366244136717 31.509282878552206 -1.0073592299159095
    endloop
  endfacet
  facet normal 0.5885675477331884 0.3932682623678558 -0.7063485793639768
    outer loop
      vertex 35.992376819266745 32.10553720244495 -1.0073592299159095
      vertex 36.28589849050946 32.330764302346175 -0.6373832604002754
      vertex 36.18404090302246 31.818691630200135 -1.0073592299159095
    endloop
  endfacet
  facet normal 0.6348640795793201 0.31308031699612504 -0.7063485793639771
    outer loop
      vertex 36.3366244136717 31.509282878552206 -1.0073592299159095
      vertex 36.18404090302246 31.818691630200135 -1.0073592299159095
      vertex 36.67843763942821 31.650866552459057 -0.6373832604002754
    endloop
  endfacet
  facet normal 0.63486407957932 0.313080316996112 -0.706348579363983
    outer loop
      vertex 36.18404090302246 31.818691630200135 -1.0073592299159095
      vertex 36.504449491412785 32.00367961495795 -0.6373832604002754
      vertex 36.67843763942821 31.650866552459057 -0.6373832604002754
    endloop
  endfacet
  facet normal 0.5885675477331773 0.3932682623678621 -0.7063485793639827
    outer loop
      vertex 36.18404090302246 31.818691630200135 -1.0073592299159095
      vertex 36.28589849050946 32.330764302346175 -0.6373832604002754
      vertex 36.504449491412785 32.00367961495795 -0.6373832604002754
    endloop
  endfacet
  facet normal 0.7063485793639759 0.046296531846149805 -0.7063485793639792
    outer loop
      vertex 36.537383260400276 30.5 -1.0073592299159095
      vertex 36.514820080997154 30.844247594404955 -1.0073592299159095
      vertex 36.90735922991591 30.5 -0.6373832604002754
    endloop
  endfacet
  facet normal 0.7063485793639765 0.04629653184615147 -0.7063485793639783
    outer loop
      vertex 36.514820080997154 30.844247594404955 -1.0073592299159095
      vertex 36.88163085480522 30.89253914891875 -0.6373832604002754
      vertex 36.90735922991591 30.5 -0.6373832604002754
    endloop
  endfacet
  facet normal 0.6942627593342365 0.13809744904269997 -0.7063485793639787
    outer loop
      vertex 36.44751660504309 31.18260501702617 -1.0073592299159095
      vertex 36.80488594910458 31.278361844167087 -0.6373832604002754
      vertex 36.88163085480522 30.89253914891875 -0.6373832604002754
    endloop
  endfacet
  facet normal 0.7922829328906011 0.05192896695105948 -0.6079400765220723
    outer loop
      vertex 36.90735922991591 30.5 -0.6373832604002754
      vertex 37.19742509802333 30.934114249762132 -0.2222809320784087
      vertex 37.22587844921018 30.5 -0.2222809320784087
    endloop
  endfacet
  facet normal 0.7922829328905916 0.05192896695107627 -0.6079400765220833
    outer loop
      vertex 36.90735922991591 30.5 -0.6373832604002754
      vertex 36.88163085480522 30.89253914891875 -0.6373832604002754
      vertex 37.19742509802333 30.934114249762132 -0.2222809320784087
    endloop
  endfacet
  facet normal 0.8646336168614396 0.056671081315558924 -0.49919645144535096
    outer loop
      vertex 37.22587844921018 30.5 -0.2222809320784087
      vertex 37.19742509802333 30.934114249762132 -0.2222809320784087
      vertex 37.48749096613075 30.5 0.2308452391239948
    endloop
  endfacet
  facet normal 0.8646336168614417 0.05667108131556499 -0.4991964514453465
    outer loop
      vertex 37.19742509802333 30.934114249762132 -0.2222809320784087
      vertex 37.4567994835953 30.96826153543288 0.2308452391239948
      vertex 37.48749096613075 30.5 0.2308452391239948
    endloop
  endfacet
  facet normal 0.9221903271536516 0.06044354741637002 -0.38198374059633217
    outer loop
      vertex 37.48749096613075 30.5 0.2308452391239948
      vertex 37.4567994835953 30.96826153543288 0.2308452391239948
      vertex 37.68772051798042 30.5 0.7142421387873537
    endloop
  endfacet
  facet normal 0.9221903271536527 0.06044354741637386 -0.3819837405963289
    outer loop
      vertex 37.4567994835953 30.96826153543288 0.2308452391239948
      vertex 37.655316043871835 30.994396736405747 0.7142421387873537
      vertex 37.68772051798042 30.5 0.7142421387873537
    endloop
  endfacet
  facet normal 0.7518463409676397 0.2552174424523132 -0.6079400765220795
    outer loop
      vertex 36.80488594910458 31.278361844167087 -0.6373832604002754
      vertex 36.67843763942821 31.650866552459057 -0.6373832604002754
      vertex 37.11255188919035 31.36080068435163 -0.2222809320784087
    endloop
  endfacet
  facet normal 0.7518463409676395 0.2552174424523111 -0.6079400765220807
    outer loop
      vertex 36.67843763942821 31.650866552459057 -0.6373832604002754
      vertex 36.972711026845666 31.772758580572834 -0.2222809320784087
      vertex 37.11255188919035 31.36080068435163 -0.2222809320784087
    endloop
  endfacet
  facet normal 0.7787267522465083 0.15489838183121765 -0.6079400765220824
    outer loop
      vertex 36.88163085480522 30.89253914891875 -0.6373832604002754
      vertex 36.80488594910458 31.278361844167087 -0.6373832604002754
      vertex 37.19742509802333 30.934114249762132 -0.2222809320784087
    endloop
  endfacet
  facet normal 0.7787267522465097 0.1548983818312225 -0.6079400765220795
    outer loop
      vertex 36.80488594910458 31.278361844167087 -0.6373832604002754
      vertex 37.11255188919035 31.36080068435163 -0.2222809320784087
      vertex 37.19742509802333 30.934114249762132 -0.2222809320784087
    endloop
  endfacet
  facet normal 0.8498394959552134 0.1690435860331834 -0.49919645144535085
    outer loop
      vertex 37.19742509802333 30.934114249762132 -0.2222809320784087
      vertex 37.11255188919035 31.36080068435163 -0.2222809320784087
      vertex 37.365250175764416 31.42851098616788 0.2308452391239948
    endloop
  endfacet
  facet normal 0.8205043856531702 0.2785237081260465 -0.4991964514453508
    outer loop
      vertex 37.11255188919035 31.36080068435163 -0.2222809320784087
      vertex 36.972711026845666 31.772758580572834 -0.2222809320784087
      vertex 37.365250175764416 31.42851098616788 0.2308452391239948
    endloop
  endfacet
  facet normal 0.7121016303436262 0.351169661873399 -0.6079400765220799
    outer loop
      vertex 36.67843763942821 31.650866552459057 -0.6373832604002754
      vertex 36.78029522691521 32.16293922460509 -0.2222809320784087
      vertex 36.972711026845666 31.772758580572834 -0.2222809320784087
    endloop
  endfacet
  facet normal 0.7121016303436333 0.3511696618733933 -0.6079400765220747
    outer loop
      vertex 36.504449491412785 32.00367961495795 -0.6373832604002754
      vertex 36.78029522691521 32.16293922460509 -0.2222809320784087
      vertex 36.67843763942821 31.650866552459057 -0.6373832604002754
    endloop
  endfacet
  facet normal 0.8205043856531699 0.27852370812604127 -0.49919645144535446
    outer loop
      vertex 36.972711026845666 31.772758580572834 -0.2222809320784087
      vertex 37.214409476677346 31.87287335649767 0.2308452391239948
      vertex 37.365250175764416 31.42851098616788 0.2308452391239948
    endloop
  endfacet
  facet normal 0.7771302178258048 0.38323821235151234 -0.4991964514453547
    outer loop
      vertex 36.78029522691521 32.16293922460509 -0.2222809320784087
      vertex 37.214409476677346 31.87287335649767 0.2308452391239948
      vertex 36.972711026845666 31.772758580572834 -0.2222809320784087
    endloop
  endfacet
  facet normal 0.7771302178258045 0.3832382123515176 -0.4991964514453511
    outer loop
      vertex 36.78029522691521 32.16293922460509 -0.2222809320784087
      vertex 37.00685831251641 32.29374548306538 0.2308452391239948
      vertex 37.214409476677346 31.87287335649767 0.2308452391239948
    endloop
  endfacet
  facet normal 0.8498394959552165 0.16904358603317898 -0.49919645144534724
    outer loop
      vertex 37.19742509802333 30.934114249762132 -0.2222809320784087
      vertex 37.365250175764416 31.42851098616788 0.2308452391239948
      vertex 37.4567994835953 30.96826153543288 0.2308452391239948
    endloop
  endfacet
  facet normal 0.9064113949765934 0.18029643639468346 -0.38198374059632934
    outer loop
      vertex 37.4567994835953 30.96826153543288 0.2308452391239948
      vertex 37.365250175764416 31.42851098616788 0.2308452391239948
      vertex 37.655316043871835 30.994396736405747 0.7142421387873537
    endloop
  endfacet
  facet normal 0.8751235125267698 0.2970644033586835 -0.3819837405963217
    outer loop
      vertex 37.214409476677346 31.87287335649767 0.2308452391239948
      vertex 37.558657071082294 31.48033420757892 0.7142421387873537
      vertex 37.365250175764416 31.42851098616788 0.2308452391239948
    endloop
  endfacet
  facet normal 0.906411394976595 0.18029643639469434 -0.3819837405963206
    outer loop
      vertex 37.655316043871835 30.994396736405747 0.7142421387873537
      vertex 37.365250175764416 31.42851098616788 0.2308452391239948
      vertex 37.558657071082294 31.48033420757892 0.7142421387873537
    endloop
  endfacet
  facet normal 0.87512351252677 0.2970644033586919 -0.3819837405963149
    outer loop
      vertex 37.214409476677346 31.87287335649767 0.2308452391239948
      vertex 37.39939746143516 31.949497888660424 0.7142421387873537
      vertex 37.558657071082294 31.48033420757892 0.7142421387873537
    endloop
  endfacet
  facet normal 0.8288620241475367 0.4087495160194014 -0.38198374059631507
    outer loop
      vertex 37.214409476677346 31.87287335649767 0.2308452391239948
      vertex 37.1802621910066 32.39386025899021 0.7142421387873537
      vertex 37.39939746143516 31.949497888660424 0.7142421387873537
    endloop
  endfacet
  facet normal 0.4019257262121135 0.4583084531601838 -0.7927225696110746
    outer loop
      vertex 35.25283891587088 32.26305400052993 -1.325878449210181
      vertex 35.76491158801692 32.36491158801692 -1.0073592299159095
      vertex 35.4713899167742 32.0713899167742 -1.325878449210181
    endloop
  endfacet
  facet normal 0.40192572621210565 0.4583084531602022 -0.7927225696110678
    outer loop
      vertex 35.25283891587088 32.26305400052993 -1.325878449210181
      vertex 35.50553720244495 32.59237681926675 -1.0073592299159095
      vertex 35.76491158801692 32.36491158801692 -1.0073592299159095
    endloop
  endfacet
  facet normal 0.4667272787359225 0.532200461963583 -0.7063485793639775
    outer loop
      vertex 35.50553720244495 32.59237681926675 -1.0073592299159095
      vertex 35.730764302346174 32.88589849050946 -0.6373832604002754
      vertex 35.76491158801692 32.36491158801692 -1.0073592299159095
    endloop
  endfacet
  facet normal 0.4667272787359244 0.5322004619635825 -0.7063485793639768
    outer loop
      vertex 35.76491158801692 32.36491158801692 -1.0073592299159095
      vertex 35.730764302346174 32.88589849050946 -0.6373832604002754
      vertex 36.026524104937494 32.626524104937495 -0.6373832604002754
    endloop
  endfacet
  facet normal 0.3932682623678524 0.5885675477331834 -0.706348579363983
    outer loop
      vertex 35.218691630200134 32.784040903022465 -1.0073592299159095
      vertex 35.40367961495795 33.10444949141279 -0.6373832604002754
      vertex 35.50553720244495 32.59237681926675 -1.0073592299159095
    endloop
  endfacet
  facet normal 0.3932682623678651 0.5885675477331818 -0.7063485793639772
    outer loop
      vertex 35.50553720244495 32.59237681926675 -1.0073592299159095
      vertex 35.40367961495795 33.10444949141279 -0.6373832604002754
      vertex 35.730764302346174 32.88589849050946 -0.6373832604002754
    endloop
  endfacet
  facet normal 0.532200461963583 0.4667272787359225 -0.7063485793639775
    outer loop
      vertex 35.992376819266745 32.10553720244495 -1.0073592299159095
      vertex 35.76491158801692 32.36491158801692 -1.0073592299159095
      vertex 36.28589849050946 32.330764302346175 -0.6373832604002754
    endloop
  endfacet
  facet normal 0.5322004619635825 0.4667272787359244 -0.7063485793639768
    outer loop
      vertex 35.76491158801692 32.36491158801692 -1.0073592299159095
      vertex 36.026524104937494 32.626524104937495 -0.6373832604002754
      vertex 36.28589849050946 32.330764302346175 -0.6373832604002754
    endloop
  endfacet
  facet normal 0.4411132710172027 0.6601726633925683 -0.6079400765220752
    outer loop
      vertex 35.40367961495795 33.10444949141279 -0.6373832604002754
      vertex 35.56293922460509 33.38029522691521 -0.2222809320784087
      vertex 35.9246665174505 33.13859677708353 -0.2222809320784087
    endloop
  endfacet
  facet normal 0.4411132710172055 0.6601726633925635 -0.6079400765220783
    outer loop
      vertex 35.40367961495795 33.10444949141279 -0.6373832604002754
      vertex 35.9246665174505 33.13859677708353 -0.2222809320784087
      vertex 35.730764302346174 32.88589849050946 -0.6373832604002754
    endloop
  endfacet
  facet normal 0.5235093097941912 0.5969479591364217 -0.6079400765220785
    outer loop
      vertex 35.730764302346174 32.88589849050946 -0.6373832604002754
      vertex 35.9246665174505 33.13859677708353 -0.2222809320784087
      vertex 36.25175120483872 32.85175120483872 -0.2222809320784087
    endloop
  endfacet
  facet normal 0.59694795913642 0.5235093097941917 -0.6079400765220797
    outer loop
      vertex 36.28589849050946 32.330764302346175 -0.6373832604002754
      vertex 36.026524104937494 32.626524104937495 -0.6373832604002754
      vertex 36.25175120483872 32.85175120483872 -0.2222809320784087
    endloop
  endfacet
  facet normal 0.6601726633925635 0.4411132710172055 -0.6079400765220783
    outer loop
      vertex 36.504449491412785 32.00367961495795 -0.6373832604002754
      vertex 36.28589849050946 32.330764302346175 -0.6373832604002754
      vertex 36.53859677708353 32.5246665174505 -0.2222809320784087
    endloop
  endfacet
  facet normal 0.6601726633925683 0.4411132710172027 -0.6079400765220752
    outer loop
      vertex 36.504449491412785 32.00367961495795 -0.6373832604002754
      vertex 36.53859677708353 32.5246665174505 -0.2222809320784087
      vertex 36.78029522691521 32.16293922460509 -0.2222809320784087
    endloop
  endfacet
  facet normal 0.5969479591364217 0.5235093097941912 -0.6079400765220785
    outer loop
      vertex 36.28589849050946 32.330764302346175 -0.6373832604002754
      vertex 36.25175120483872 32.85175120483872 -0.2222809320784087
      vertex 36.53859677708353 32.5246665174505 -0.2222809320784087
    endloop
  endfacet
  facet normal 0.6514607996199899 0.5713157878291578 -0.49919645144535224
    outer loop
      vertex 36.53859677708353 32.5246665174505 -0.2222809320784087
      vertex 36.25175120483872 32.85175120483872 -0.2222809320784087
      vertex 36.74614794124446 32.683926127097635 0.2308452391239948
    endloop
  endfacet
  facet normal 0.5235093097941917 0.59694795913642 -0.6079400765220797
    outer loop
      vertex 35.730764302346174 32.88589849050946 -0.6373832604002754
      vertex 36.25175120483872 32.85175120483872 -0.2222809320784087
      vertex 36.026524104937494 32.626524104937495 -0.6373832604002754
    endloop
  endfacet
  facet normal 0.5713157878291578 0.6514607996199899 -0.49919645144535224
    outer loop
      vertex 35.9246665174505 33.13859677708353 -0.2222809320784087
      vertex 36.083926127097634 33.34614794124446 0.2308452391239948
      vertex 36.25175120483872 32.85175120483872 -0.2222809320784087
    endloop
  endfacet
  facet normal 0.5713157878291758 0.6514607996199842 -0.4991964514453394
    outer loop
      vertex 36.25175120483872 32.85175120483872 -0.2222809320784087
      vertex 36.083926127097634 33.34614794124446 0.2308452391239948
      vertex 36.43673918959653 33.03673918959653 0.2308452391239948
    endloop
  endfacet
  facet normal 0.6514607996199842 0.5713157878291758 -0.4991964514453394
    outer loop
      vertex 36.25175120483872 32.85175120483872 -0.2222809320784087
      vertex 36.43673918959653 33.03673918959653 0.2308452391239948
      vertex 36.74614794124446 32.683926127097635 0.2308452391239948
    endloop
  endfacet
  facet normal 0.6948270761320651 0.6093469916179068 -0.38198374059633994
    outer loop
      vertex 36.43673918959653 33.03673918959653 0.2308452391239948
      vertex 36.57832286350338 33.17832286350338 0.7142421387873537
      vertex 36.74614794124446 32.683926127097635 0.2308452391239948
    endloop
  endfacet
  facet normal 0.6093469916179068 0.6948270761320651 -0.38198374059633994
    outer loop
      vertex 36.43673918959653 33.03673918959653 0.2308452391239948
      vertex 36.083926127097634 33.34614794124446 0.2308452391239948
      vertex 36.57832286350338 33.17832286350338 0.7142421387873537
    endloop
  endfacet
  facet normal 0.35116966187340065 0.7121016303436295 -0.6079400765220749
    outer loop
      vertex 35.17275858057283 33.57271102684567 -0.2222809320784087
      vertex 35.56293922460509 33.38029522691521 -0.2222809320784087
      vertex 35.40367961495795 33.10444949141279 -0.6373832604002754
    endloop
  endfacet
  facet normal 0.3832382123515133 0.7771302178258067 -0.4991964514453509
    outer loop
      vertex 35.17275858057283 33.57271102684567 -0.2222809320784087
      vertex 35.69374548306538 33.60685831251641 0.2308452391239948
      vertex 35.56293922460509 33.38029522691521 -0.2222809320784087
    endloop
  endfacet
  facet normal 0.3832382123515167 0.7771302178258026 -0.49919645144535457
    outer loop
      vertex 35.17275858057283 33.57271102684567 -0.2222809320784087
      vertex 35.27287335649767 33.81440947667735 0.2308452391239948
      vertex 35.69374548306538 33.60685831251641 0.2308452391239948
    endloop
  endfacet
  facet normal 0.48139540450993085 0.7204591365102456 -0.4991964514453515
    outer loop
      vertex 35.9246665174505 33.13859677708353 -0.2222809320784087
      vertex 35.56293922460509 33.38029522691521 -0.2222809320784087
      vertex 35.69374548306538 33.60685831251641 0.2308452391239948
    endloop
  endfacet
  facet normal 0.4813954045099307 0.7204591365102457 -0.4991964514453517
    outer loop
      vertex 35.9246665174505 33.13859677708353 -0.2222809320784087
      vertex 35.69374548306538 33.60685831251641 0.2308452391239948
      vertex 36.083926127097634 33.34614794124446 0.2308452391239948
    endloop
  endfacet
  facet normal 0.4087495160194124 0.8288620241475256 -0.38198374059632784
    outer loop
      vertex 35.27287335649767 33.81440947667735 0.2308452391239948
      vertex 35.79386025899021 33.7802621910066 0.7142421387873537
      vertex 35.69374548306538 33.60685831251641 0.2308452391239948
    endloop
  endfacet
  facet normal 0.5134408111342514 0.7684184767311629 -0.3819837405963262
    outer loop
      vertex 35.69374548306538 33.60685831251641 0.2308452391239948
      vertex 35.79386025899021 33.7802621910066 0.7142421387873537
      vertex 36.083926127097634 33.34614794124446 0.2308452391239948
    endloop
  endfacet
  facet normal 0.4087495160194014 0.8288620241475367 -0.38198374059631507
    outer loop
      vertex 35.27287335649767 33.81440947667735 0.2308452391239948
      vertex 35.34949788866042 33.99939746143516 0.7142421387873537
      vertex 35.79386025899021 33.7802621910066 0.7142421387873537
    endloop
  endfacet
  facet normal 0.5134408111342468 0.7684184767311639 -0.38198374059633
    outer loop
      vertex 35.79386025899021 33.7802621910066 0.7142421387873537
      vertex 36.20581815521141 33.50500072502942 0.7142421387873537
      vertex 36.083926127097634 33.34614794124446 0.2308452391239948
    endloop
  endfacet
  facet normal 0.6093469916179001 0.6948270761320771 -0.3819837405963289
    outer loop
      vertex 36.57832286350338 33.17832286350338 0.7142421387873537
      vertex 36.083926127097634 33.34614794124446 0.2308452391239948
      vertex 36.20581815521141 33.50500072502942 0.7142421387873537
    endloop
  endfacet
  facet normal 0.7204591365102456 0.48139540450993085 -0.4991964514453517
    outer loop
      vertex 36.78029522691521 32.16293922460509 -0.2222809320784087
      vertex 36.53859677708353 32.5246665174505 -0.2222809320784087
      vertex 36.74614794124446 32.683926127097635 0.2308452391239948
    endloop
  endfacet
  facet normal 0.7204591365102457 0.4813954045099307 -0.4991964514453515
    outer loop
      vertex 36.78029522691521 32.16293922460509 -0.2222809320784087
      vertex 36.74614794124446 32.683926127097635 0.2308452391239948
      vertex 37.00685831251641 32.29374548306538 0.2308452391239948
    endloop
  endfacet
  facet normal 0.7684184767311615 0.5134408111342506 -0.38198374059633017
    outer loop
      vertex 36.74614794124446 32.683926127097635 0.2308452391239948
      vertex 36.90500072502942 32.80581815521141 0.7142421387873537
      vertex 37.00685831251641 32.29374548306538 0.2308452391239948
    endloop
  endfacet
  facet normal 0.8288620241475256 0.4087495160194124 -0.38198374059632784
    outer loop
      vertex 37.214409476677346 31.87287335649767 0.2308452391239948
      vertex 37.00685831251641 32.29374548306538 0.2308452391239948
      vertex 37.1802621910066 32.39386025899021 0.7142421387873537
    endloop
  endfacet
  facet normal 0.7684184767311653 0.5134408111342476 -0.3819837405963263
    outer loop
      vertex 37.00685831251641 32.29374548306538 0.2308452391239948
      vertex 36.90500072502942 32.80581815521141 0.7142421387873537
      vertex 37.1802621910066 32.39386025899021 0.7142421387873537
    endloop
  endfacet
  facet normal 0.6948270761320771 0.6093469916179001 -0.3819837405963289
    outer loop
      vertex 36.57832286350338 33.17832286350338 0.7142421387873537
      vertex 36.90500072502942 32.80581815521141 0.7142421387873537
      vertex 36.74614794124446 32.683926127097635 0.2308452391239948
    endloop
  endfacet
  facet normal 0.18846978475997325 0.9475015919962573 -0.25830190358781197
    outer loop
      vertex 34.6 34.21441901196932 0.7142421387873537
      vertex 34.6 34.352197035788656 1.2196387119354872
      vertex 34.88033420757892 34.158657071082295 0.7142421387873537
    endloop
  endfacet
  facet normal 0.19342834566479342 0.972429961057146 -0.13025147189870365
    outer loop
      vertex 34.6 34.352197035788656 1.2196387119354872
      vertex 34.6 34.421680488266496 1.738387483079428
      vertex 34.915383638898284 34.289463329542585 1.2196387119354872
    endloop
  endfacet
  facet normal 0.188469784759978 0.9475015919962572 -0.2583019035878093
    outer loop
      vertex 34.88033420757892 34.158657071082295 0.7142421387873537
      vertex 34.6 34.352197035788656 1.2196387119354872
      vertex 34.915383638898284 34.289463329542585 1.2196387119354872
    endloop
  endfacet
  facet normal 0.310531174550212 0.9147953411749415 -0.25830190358781396
    outer loop
      vertex 34.88033420757892 34.158657071082295 0.7142421387873537
      vertex 35.40132111007146 34.124509785411554 1.2196387119354872
      vertex 35.34949788866042 33.99939746143516 0.7142421387873537
    endloop
  endfacet
  facet normal 0.31053117455020635 0.9147953411749452 -0.25830190358780786
    outer loop
      vertex 34.88033420757892 34.158657071082295 0.7142421387873537
      vertex 34.915383638898284 34.289463329542585 1.2196387119354872
      vertex 35.40132111007146 34.124509785411554 1.2196387119354872
    endloop
  endfacet
  facet normal 0.3187011193708681 0.9388632225089959 -0.13025147189870595
    outer loop
      vertex 34.915383638898284 34.289463329542585 1.2196387119354872
      vertex 34.93305957463858 34.35543081979667 1.738387483079428
      vertex 35.40132111007146 34.124509785411554 1.2196387119354872
    endloop
  endfacet
  facet normal 0.19342834566479053 0.9724299610571462 -0.1302514718987055
    outer loop
      vertex 34.915383638898284 34.289463329542585 1.2196387119354872
      vertex 34.6 34.421680488266496 1.738387483079428
      vertex 34.93305957463858 34.35543081979667 1.738387483079428
    endloop
  endfacet
  facet normal 0.3187011193708727 0.938863222508995 -0.13025147189870143
    outer loop
      vertex 34.93305957463858 34.35543081979667 1.738387483079428
      vertex 35.427456311044324 34.18760574205559 1.738387483079428
      vertex 35.40132111007146 34.124509785411554 1.2196387119354872
    endloop
  endfacet
  facet normal 0.19509032201613305 0.9807852804032295 0
    outer loop
      vertex 34.6 34.421680488266496 1.738387483079428
      vertex 34.6 34.421680488266496 6
      vertex 34.93305957463858 34.35543081979667 1.738387483079428
    endloop
  endfacet
  facet normal 0.9639958278814487 0.06318362469879912 -0.25830190358780103
    outer loop
      vertex 37.68772051798042 30.5 0.7142421387873537
      vertex 37.78957810546741 31.01207267214604 1.2196387119354872
      vertex 37.82314112161292 30.5 1.2196387119354872
    endloop
  endfacet
  facet normal 0.9639958278814487 0.06318362469879889 -0.25830190358780075
    outer loop
      vertex 37.68772051798042 30.5 0.7142421387873537
      vertex 37.655316043871835 30.994396736405747 0.7142421387873537
      vertex 37.78957810546741 31.01207267214604 1.2196387119354872
    endloop
  endfacet
  facet normal 0.9893581533630896 0.06484595933591322 -0.13025147189871597
    outer loop
      vertex 37.82314112161292 30.5 1.2196387119354872
      vertex 37.78957810546741 31.01207267214604 1.2196387119354872
      vertex 37.85728840728367 31.020986902492545 1.738387483079428
    endloop
  endfacet
  facet normal 0.989358153363093 0.064845959335897 -0.1302514718986999
    outer loop
      vertex 37.82314112161292 30.5 1.2196387119354872
      vertex 37.85728840728367 31.020986902492545 1.738387483079428
      vertex 37.89143569295441 30.5 1.738387483079428
    endloop
  endfacet
  facet normal 0.947501591996262 0.18846978475996437 -0.2583019035878013
    outer loop
      vertex 37.655316043871835 30.994396736405747 0.7142421387873537
      vertex 37.68946332954258 31.515383638898285 1.2196387119354872
      vertex 37.78957810546741 31.01207267214604 1.2196387119354872
    endloop
  endfacet
  facet normal 0.9475015919962584 0.18846978475997223 -0.2583019035878092
    outer loop
      vertex 37.655316043871835 30.994396736405747 0.7142421387873537
      vertex 37.558657071082294 31.48033420757892 0.7142421387873537
      vertex 37.68946332954258 31.515383638898285 1.2196387119354872
    endloop
  endfacet
  facet normal 0.9724299610571474 0.1934283456647787 -0.13025147189871572
    outer loop
      vertex 37.78957810546741 31.01207267214604 1.2196387119354872
      vertex 37.68946332954258 31.515383638898285 1.2196387119354872
      vertex 37.85728840728367 31.020986902492545 1.738387483079428
    endloop
  endfacet
  facet normal 0.9147953411749429 0.31053117455021245 -0.2583019035878077
    outer loop
      vertex 37.558657071082294 31.48033420757892 0.7142421387873537
      vertex 37.39939746143516 31.949497888660424 0.7142421387873537
      vertex 37.68946332954258 31.515383638898285 1.2196387119354872
    endloop
  endfacet
  facet normal 0.9147953411749437 0.3105311745502058 -0.25830190358781385
    outer loop
      vertex 37.39939746143516 31.949497888660424 0.7142421387873537
      vertex 37.52450978541155 32.00132111007146 1.2196387119354872
      vertex 37.68946332954258 31.515383638898285 1.2196387119354872
    endloop
  endfacet
  facet normal 0.8664366884369417 0.4272792898483829 -0.25830190358781274
    outer loop
      vertex 37.39939746143516 31.949497888660424 0.7142421387873537
      vertex 37.1802621910066 32.39386025899021 0.7142421387873537
      vertex 37.52450978541155 32.00132111007146 1.2196387119354872
    endloop
  endfacet
  facet normal 0.9388632225089959 0.3187011193708681 -0.13025147189870595
    outer loop
      vertex 37.68946332954258 31.515383638898285 1.2196387119354872
      vertex 37.52450978541155 32.00132111007146 1.2196387119354872
      vertex 37.75543081979667 31.53305957463858 1.738387483079428
    endloop
  endfacet
  facet normal 0.9724299610571465 0.19342834566478911 -0.13025147189870548
    outer loop
      vertex 37.85728840728367 31.020986902492545 1.738387483079428
      vertex 37.68946332954258 31.515383638898285 1.2196387119354872
      vertex 37.75543081979667 31.53305957463858 1.738387483079428
    endloop
  endfacet
  facet normal 0.8892322739216525 0.4385208285638763 -0.1302514718987021
    outer loop
      vertex 37.52450978541155 32.00132111007146 1.2196387119354872
      vertex 37.35668470767047 32.495717846477206 1.738387483079428
      vertex 37.58760574205559 32.027456311044325 1.738387483079428
    endloop
  endfacet
  facet normal 0.938863222508995 0.3187011193708727 -0.13025147189870137
    outer loop
      vertex 37.52450978541155 32.00132111007146 1.2196387119354872
      vertex 37.58760574205559 32.027456311044325 1.738387483079428
      vertex 37.75543081979667 31.53305957463858 1.738387483079428
    endloop
  endfacet
  facet normal 0.5367165380330619 0.8032530637381472 -0.25830190358780725
    outer loop
      vertex 35.79386025899021 33.7802621910066 0.7142421387873537
      vertex 35.861570560806456 33.89753987394817 1.2196387119354872
      vertex 36.288256995395955 33.612437113265514 1.2196387119354872
    endloop
  endfacet
  facet normal 0.4272792898483829 0.8664366884369417 -0.25830190358781274
    outer loop
      vertex 35.34949788866042 33.99939746143516 0.7142421387873537
      vertex 35.40132111007146 34.124509785411554 1.2196387119354872
      vertex 35.79386025899021 33.7802621910066 0.7142421387873537
    endloop
  endfacet
  facet normal 0.42727928984838826 0.8664366884369405 -0.25830190358780786
    outer loop
      vertex 35.79386025899021 33.7802621910066 0.7142421387873537
      vertex 35.40132111007146 34.124509785411554 1.2196387119354872
      vertex 35.861570560806456 33.89753987394817 1.2196387119354872
    endloop
  endfacet
  facet normal 0.4385208285638788 0.8892322739216508 -0.13025147189870498
    outer loop
      vertex 35.861570560806456 33.89753987394817 1.2196387119354872
      vertex 35.40132111007146 34.124509785411554 1.2196387119354872
      vertex 35.895717846477204 33.95668470767047 1.738387483079428
    endloop
  endfacet
  facet normal 0.5367165380330573 0.8032530637381522 -0.25830190358780103
    outer loop
      vertex 35.79386025899021 33.7802621910066 0.7142421387873537
      vertex 36.288256995395955 33.612437113265514 1.2196387119354872
      vertex 36.20581815521141 33.50500072502942 0.7142421387873537
    endloop
  endfacet
  facet normal 0.6369704174460458 0.7263255564149785 -0.25830190358780175
    outer loop
      vertex 36.57832286350338 33.17832286350338 0.7142421387873537
      vertex 36.20581815521141 33.50500072502942 0.7142421387873537
      vertex 36.288256995395955 33.612437113265514 1.2196387119354872
    endloop
  endfacet
  facet normal 0.6369704174460559 0.7263255564149733 -0.2583019035877914
    outer loop
      vertex 36.57832286350338 33.17832286350338 0.7142421387873537
      vertex 36.288256995395955 33.612437113265514 1.2196387119354872
      vertex 36.67407969064429 33.27407969064429 1.2196387119354872
    endloop
  endfacet
  facet normal 0.5508373247992157 0.8243863145857434 -0.1302514718987056
    outer loop
      vertex 35.861570560806456 33.89753987394817 1.2196387119354872
      vertex 35.895717846477204 33.95668470767047 1.738387483079428
      vertex 36.288256995395955 33.612437113265514 1.2196387119354872
    endloop
  endfacet
  facet normal 0.6537288416862784 0.7454348768442044 -0.1302514718987185
    outer loop
      vertex 36.288256995395955 33.612437113265514 1.2196387119354872
      vertex 36.722371245158094 33.322371245158095 1.738387483079428
      vertex 36.67407969064429 33.27407969064429 1.2196387119354872
    endloop
  endfacet
  facet normal 0.4385208285638763 0.8892322739216525 -0.1302514718987021
    outer loop
      vertex 35.40132111007146 34.124509785411554 1.2196387119354872
      vertex 35.427456311044324 34.18760574205559 1.738387483079428
      vertex 35.895717846477204 33.95668470767047 1.738387483079428
    endloop
  endfacet
  facet normal 0.5508373247992159 0.8243863145857431 -0.13025147189870526
    outer loop
      vertex 36.288256995395955 33.612437113265514 1.2196387119354872
      vertex 35.895717846477204 33.95668470767047 1.738387483079428
      vertex 36.32983209623934 33.66661883956304 1.738387483079428
    endloop
  endfacet
  facet normal 0.6537288416862701 0.7454348768442137 -0.1302514718987064
    outer loop
      vertex 36.288256995395955 33.612437113265514 1.2196387119354872
      vertex 36.32983209623934 33.66661883956304 1.738387483079428
      vertex 36.722371245158094 33.322371245158095 1.738387483079428
    endloop
  endfacet
  facet normal 0.5555702330196045 0.8314696123025437 0
    outer loop
      vertex 35.895717846477204 33.95668470767047 1.738387483079428
      vertex 36.32983209623934 33.66661883956304 2.2616125169205725
      vertex 36.32983209623934 33.66661883956304 1.738387483079428
    endloop
  endfacet
  facet normal 0.6593458151000633 0.7518398074789822 0
    outer loop
      vertex 36.32983209623934 33.66661883956304 1.738387483079428
      vertex 36.32983209623934 33.66661883956304 2.2616125169205725
      vertex 36.722371245158094 33.322371245158095 1.738387483079428
    endloop
  endfacet
  facet normal 0.8032530637381492 0.5367165380330553 -0.2583019035878144
    outer loop
      vertex 37.1802621910066 32.39386025899021 0.7142421387873537
      vertex 36.90500072502942 32.80581815521141 0.7142421387873537
      vertex 37.29753987394817 32.461570560806464 1.2196387119354872
    endloop
  endfacet
  facet normal 0.8032530637381443 0.5367165380330688 -0.25830190358780136
    outer loop
      vertex 36.90500072502942 32.80581815521141 0.7142421387873537
      vertex 37.01243711326551 32.888256995395956 1.2196387119354872
      vertex 37.29753987394817 32.461570560806464 1.2196387119354872
    endloop
  endfacet
  facet normal 0.82438631458574 0.5508373247992225 -0.1302514718986981
    outer loop
      vertex 37.01243711326551 32.888256995395956 1.2196387119354872
      vertex 37.35668470767047 32.495717846477206 1.738387483079428
      vertex 37.29753987394817 32.461570560806464 1.2196387119354872
    endloop
  endfacet
  facet normal 0.7263255564149785 0.6369704174460458 -0.25830190358780175
    outer loop
      vertex 36.57832286350338 33.17832286350338 0.7142421387873537
      vertex 37.01243711326551 32.888256995395956 1.2196387119354872
      vertex 36.90500072502942 32.80581815521141 0.7142421387873537
    endloop
  endfacet
  facet normal 0.7263255564149733 0.6369704174460559 -0.2583019035877914
    outer loop
      vertex 36.57832286350338 33.17832286350338 0.7142421387873537
      vertex 36.67407969064429 33.27407969064429 1.2196387119354872
      vertex 37.01243711326551 32.888256995395956 1.2196387119354872
    endloop
  endfacet
  facet normal 0.7454348768442044 0.6537288416862784 -0.13025147189871852
    outer loop
      vertex 36.67407969064429 33.27407969064429 1.2196387119354872
      vertex 36.722371245158094 33.322371245158095 1.738387483079428
      vertex 37.01243711326551 32.888256995395956 1.2196387119354872
    endloop
  endfacet
  facet normal 0.8664366884369419 0.4272792898483823 -0.2583019035878134
    outer loop
      vertex 37.1802621910066 32.39386025899021 0.7142421387873537
      vertex 37.29753987394817 32.461570560806464 1.2196387119354872
      vertex 37.52450978541155 32.00132111007146 1.2196387119354872
    endloop
  endfacet
  facet normal 0.8892322739216543 0.4385208285638737 -0.13025147189869904
    outer loop
      vertex 37.52450978541155 32.00132111007146 1.2196387119354872
      vertex 37.29753987394817 32.461570560806464 1.2196387119354872
      vertex 37.35668470767047 32.495717846477206 1.738387483079428
    endloop
  endfacet
  facet normal 0.8314696123025437 0.5555702330196045 0
    outer loop
      vertex 37.06661883956304 32.929832096239345 1.738387483079428
      vertex 37.35668470767047 32.495717846477206 2.2616125169205725
      vertex 37.35668470767047 32.495717846477206 1.738387483079428
    endloop
  endfacet
  facet normal 0.7454348768442137 0.6537288416862701 -0.1302514718987064
    outer loop
      vertex 37.01243711326551 32.888256995395956 1.2196387119354872
      vertex 36.722371245158094 33.322371245158095 1.738387483079428
      vertex 37.06661883956304 32.929832096239345 1.738387483079428
    endloop
  endfacet
  facet normal 0.8243863145857431 0.5508373247992159 -0.13025147189870526
    outer loop
      vertex 37.01243711326551 32.888256995395956 1.2196387119354872
      vertex 37.06661883956304 32.929832096239345 1.738387483079428
      vertex 37.35668470767047 32.495717846477206 1.738387483079428
    endloop
  endfacet
  facet normal 0.8968727415326894 0.44228869021899947 0
    outer loop
      vertex 37.58760574205559 32.027456311044325 1.738387483079428
      vertex 37.35668470767047 32.495717846477206 1.738387483079428
      vertex 37.35668470767047 32.495717846477206 2.2616125169205725
    endloop
  endfacet
  facet normal 0 1 0
    outer loop
      vertex 31.2 34.49143569295441 1.738387483079428
      vertex 23.499999999999996 34.49143569295441 11.299999999999999
      vertex 31.2 34.49143569295441 6
    endloop
  endfacet
  facet normal 0 1 0
    outer loop
      vertex 31.2 34.49143569295441 6
      vertex 31.230665001530518 34.49143569295441 12.023263308980676
      vertex 33.9 34.49143569295441 6
    endloop
  endfacet
  facet normal 1 0 0
    outer loop
      vertex 37.89143569295441 30.5 2.2616125169205725
      vertex 37.89143569295441 29 6
      vertex 37.89143569295441 29 5
    endloop
  endfacet
  facet normal 1 0 0
    outer loop
      vertex 37.89143569295441 30.5 2.2616125169205725
      vertex 37.89143569295441 29 7.5
      vertex 37.89143569295441 29 6
    endloop
  endfacet
  facet normal 1 0 0
    outer loop
      vertex 37.89143569295441 30.5 2.2616125169205725
      vertex 37.89143569295441 29 8.5
      vertex 37.89143569295441 29 7.5
    endloop
  endfacet
  facet normal 1 0 0
    outer loop
      vertex 37.89143569295441 30.5 2.2616125169205725
      vertex 37.89143569295441 29 10
      vertex 37.89143569295441 29 8.5
    endloop
  endfacet
  facet normal 1 0 0
    outer loop
      vertex 37.89143569295441 30.5 2.2616125169205725
      vertex 37.89143569295441 29 11
      vertex 37.89143569295441 29 10
    endloop
  endfacet
  facet normal 1 0 0
    outer loop
      vertex 37.89143569295441 30.5 2.2616125169205725
      vertex 37.89143569295441 29 12.5
      vertex 37.89143569295441 29 11
    endloop
  endfacet
  facet normal 0.3214394653031626 0.9469301294951054 0
    outer loop
      vertex 34.93305957463858 34.35543081979667 1.738387483079428
      vertex 34.93305957463858 34.35543081979667 18.76161251692057
      vertex 35.427456311044324 34.18760574205559 1.738387483079428
    endloop
  endfacet
  facet normal 0.195090322016133 0.9807852804032294 0
    outer loop
      vertex 34.93305957463858 34.35543081979667 1.738387483079428
      vertex 34.6 34.421680488266496 6
      vertex 34.93305957463858 34.35543081979667 18.76161251692057
    endloop
  endfacet
  facet normal 0.9978589232386041 0.06540312923013337 0
    outer loop
      vertex 37.89143569295441 30.5 1.738387483079428
      vertex 37.85728840728367 31.020986902492545 1.738387483079428
      vertex 37.85728840728367 31.020986902492545 18.76161251692057
    endloop
  endfacet
  facet normal 0.9978589232386041 0.06540312923013339 0
    outer loop
      vertex 37.89143569295441 30.5 1.738387483079428
      vertex 37.85728840728367 31.020986902492545 18.76161251692057
      vertex 37.89143569295441 30.5 2.2616125169205725
    endloop
  endfacet
  facet normal 0.9807852804032298 0.19509032201613163 0
    outer loop
      vertex 37.85728840728367 31.020986902492545 1.738387483079428
      vertex 37.75543081979667 31.53305957463858 1.738387483079428
      vertex 37.85728840728367 31.020986902492545 18.76161251692057
    endloop
  endfacet
  facet normal 0.9469301294951054 0.3214394653031626 0
    outer loop
      vertex 37.75543081979667 31.53305957463858 1.738387483079428
      vertex 37.58760574205559 32.027456311044325 1.738387483079428
      vertex 37.58760574205559 32.027456311044325 18.76161251692057
    endloop
  endfacet
  facet normal 0.44228869021899936 0.8968727415326893 0
    outer loop
      vertex 35.427456311044324 34.18760574205559 1.738387483079428
      vertex 35.895717846477204 33.95668470767047 18.23838748307943
      vertex 35.895717846477204 33.95668470767047 1.738387483079428
    endloop
  endfacet
  facet normal 0.5555702330196045 0.8314696123025437 0
    outer loop
      vertex 35.895717846477204 33.95668470767047 1.738387483079428
      vertex 35.895717846477204 33.95668470767047 18.23838748307943
      vertex 36.32983209623934 33.66661883956304 2.2616125169205725
    endloop
  endfacet
  facet normal 0.6593458151000634 0.7518398074789824 0
    outer loop
      vertex 36.722371245158094 33.322371245158095 1.738387483079428
      vertex 36.32983209623934 33.66661883956304 2.2616125169205725
      vertex 36.722371245158094 33.322371245158095 18.76161251692057
    endloop
  endfacet
  facet normal 0.8314696123025437 0.5555702330196045 0
    outer loop
      vertex 37.06661883956304 32.929832096239345 1.738387483079428
      vertex 37.06661883956304 32.929832096239345 18.23838748307943
      vertex 37.35668470767047 32.495717846477206 2.2616125169205725
    endloop
  endfacet
  facet normal 0.7518398074789822 0.6593458151000633 0
    outer loop
      vertex 36.722371245158094 33.322371245158095 1.738387483079428
      vertex 37.06661883956304 32.929832096239345 18.23838748307943
      vertex 37.06661883956304 32.929832096239345 1.738387483079428
    endloop
  endfacet
  facet normal 0.8968727415326893 0.4422886902189993 0
    outer loop
      vertex 37.58760574205559 32.027456311044325 1.738387483079428
      vertex 37.35668470767047 32.495717846477206 2.2616125169205725
      vertex 37.35668470767047 32.495717846477206 18.76161251692057
    endloop
  endfacet
  facet normal 0 1 0
    outer loop
      vertex 1.5 34.49143569295441 18.76161251692057
      vertex 21.02512626584708 34.49143569295441 12.325126265847082
      vertex 31.2 34.49143569295441 1.738387483079428
    endloop
  endfacet
  facet normal 0 1 0
    outer loop
      vertex 1.5 34.49143569295441 18.76161251692057
      vertex 29.099999999999998 34.49143569295441 18.299999999999997
      vertex 23.499999999999996 34.49143569295441 18.299999999999997
    endloop
  endfacet
  facet normal 0 1 0
    outer loop
      vertex 1.5 34.49143569295441 18.76161251692057
      vertex 33.9 34.49143569295441 18.76161251692057
      vertex 29.099999999999998 34.49143569295441 18.299999999999997
    endloop
  endfacet
  facet normal 0 0.9914448613738109 0.13052619222004663
    outer loop
      vertex 1.5 34.49143569295441 18.76161251692057
      vertex 33.9 34.42314112161292 19.280361288064512
      vertex 33.9 34.49143569295441 18.76161251692057
    endloop
  endfacet
  facet normal 0 0.9659258262890693 0.2588190451025168
    outer loop
      vertex 1.5 34.42314112161292 19.280361288064512
      vertex 33.9 34.287720517980425 19.785757861212645
      vertex 33.9 34.42314112161292 19.280361288064512
    endloop
  endfacet
  facet normal 0 0.9238795325112847 0.38268343236509494
    outer loop
      vertex 1.5 34.287720517980425 19.785757861212645
      vertex 33.9 34.08749096613075 20.269154760876006
      vertex 33.9 34.287720517980425 19.785757861212645
    endloop
  endfacet
  facet normal 0 0.8660254037844437 0.4999999999999912
    outer loop
      vertex 1.5 34.08749096613075 20.269154760876006
      vertex 33.9 33.95421240518137 20.5
      vertex 33.9 34.08749096613075 20.269154760876006
    endloop
  endfacet
  facet normal 1 0 0
    outer loop
      vertex 37.89143569295441 3 10
      vertex 37.89143569295441 29 8.5
      vertex 37.89143569295441 29 10
    endloop
  endfacet
  facet normal 1 0 0
    outer loop
      vertex 37.89143569295441 3 12.5
      vertex 37.89143569295441 29 11
      vertex 37.89143569295441 29 12.5
    endloop
  endfacet
  facet normal 1 0 0
    outer loop
      vertex 37.89143569295441 3 15
      vertex 37.89143569295441 29 13.5
      vertex 37.89143569295441 29 15
    endloop
  endfacet
  facet normal 1 0 0
    outer loop
      vertex 37.89143569295441 1.5 18.76161251692057
      vertex 37.89143569295441 29 16
      vertex 37.89143569295441 30.5 18.76161251692057
    endloop
  endfacet
  facet normal 0.991444861373811 0 0.13052619222004666
    outer loop
      vertex 37.82314112161292 1.5 19.280361288064512
      vertex 37.89143569295441 30.5 18.76161251692057
      vertex 37.82314112161292 30.5 19.280361288064512
    endloop
  endfacet
  facet normal 0.9659258262890693 0 0.25881904510251674
    outer loop
      vertex 37.82314112161292 1.5 19.280361288064512
      vertex 37.82314112161292 30.5 19.280361288064512
      vertex 37.68772051798042 30.5 19.785757861212645
    endloop
  endfacet
  facet normal 0.9238795325112846 0 0.38268343236509494
    outer loop
      vertex 37.48749096613075 1.5 20.269154760876006
      vertex 37.68772051798042 30.5 19.785757861212645
      vertex 37.48749096613075 30.5 20.269154760876006
    endloop
  endfacet
  facet normal 0.8660254037844437 0 0.49999999999999123
    outer loop
      vertex 37.35421240518137 1.5 20.5
      vertex 37.48749096613075 30.5 20.269154760876006
      vertex 37.35421240518137 30.5 20.5
    endloop
  endfacet
  facet normal 0 1 0
    outer loop
      vertex 31.2 34.49143569295441 6
      vertex 23.499999999999996 34.49143569295441 11.299999999999999
      vertex 29.099999999999998 34.49143569295441 11.299999999999999
    endloop
  endfacet
  facet normal 0 1 0
    outer loop
      vertex 31.2 34.49143569295441 6
      vertex 29.099999999999998 34.49143569295441 11.299999999999999
      vertex 29.556841672770176 34.49143569295441 11.329942985191662
    endloop
  endfacet
  facet normal 0 1 0
    outer loop
      vertex 31.2 34.49143569295441 6
      vertex 29.556841672770176 34.49143569295441 11.329942985191662
      vertex 30.00586665785882 34.49143569295441 11.41925960798826
    endloop
  endfacet
  facet normal 0 1 0
    outer loop
      vertex 31.2 34.49143569295441 6
      vertex 30.00586665785882 34.49143569295441 11.41925960798826
      vertex 30.43939201327781 34.49143569295441 11.566421636210496
    endloop
  endfacet
  facet normal 0 1 0
    outer loop
      vertex 31.2 34.49143569295441 6
      vertex 30.43939201327781 34.49143569295441 11.566421636210496
      vertex 30.849999999999998 34.49143569295441 11.768911086754464
    endloop
  endfacet
  facet normal 0 1 0
    outer loop
      vertex 31.2 34.49143569295441 6
      vertex 30.849999999999998 34.49143569295441 11.768911086754464
      vertex 31.230665001530518 34.49143569295441 12.023263308980676
    endloop
  endfacet
  facet normal 0 1 0
    outer loop
      vertex 33.9 34.49143569295441 6
      vertex 31.230665001530518 34.49143569295441 12.023263308980676
      vertex 31.574873734152913 34.49143569295441 12.325126265847082
    endloop
  endfacet
  facet normal 0 1 0
    outer loop
      vertex 33.9 34.49143569295441 6
      vertex 31.574873734152913 34.49143569295441 12.325126265847082
      vertex 31.87673669101932 34.49143569295441 12.669334998469477
    endloop
  endfacet
  facet normal 0 1 0
    outer loop
      vertex 33.9 34.49143569295441 6
      vertex 31.87673669101932 34.49143569295441 12.669334998469477
      vertex 32.131088913245534 34.49143569295441 13.049999999999999
    endloop
  endfacet
  facet normal 0 1 0
    outer loop
      vertex 33.9 34.49143569295441 6
      vertex 32.131088913245534 34.49143569295441 13.049999999999999
      vertex 32.3335783637895 34.49143569295441 13.460607986722184
    endloop
  endfacet
  facet normal 0.06540312923013337 0.9978589232386041 0
    outer loop
      vertex 33.9 34.49143569295441 6
      vertex 34.420986902492544 34.45728840728367 18.76161251692057
      vertex 34.420986902492544 34.45728840728367 6
    endloop
  endfacet
  facet normal 0.19509032201612905 0.9807852804032302 1.0724482033826377e-16
    outer loop
      vertex 34.420986902492544 34.45728840728367 6
      vertex 34.93305957463858 34.35543081979667 18.76161251692057
      vertex 34.6 34.421680488266496 6
    endloop
  endfacet
  facet normal 0 1 0
    outer loop
      vertex 33.9 34.49143569295441 6
      vertex 32.3335783637895 34.49143569295441 13.460607986722184
      vertex 32.48074039201174 34.49143569295441 13.894133342141176
    endloop
  endfacet
  facet normal 0 1 0
    outer loop
      vertex 33.9 34.49143569295441 6
      vertex 32.48074039201174 34.49143569295441 13.894133342141176
      vertex 32.570057014808334 34.49143569295441 14.343158327229819
    endloop
  endfacet
  facet normal 0 1 0
    outer loop
      vertex 33.9 34.49143569295441 6
      vertex 32.570057014808334 34.49143569295441 14.343158327229819
      vertex 32.599999999999994 34.49143569295441 14.799999999999999
    endloop
  endfacet
  facet normal 0 1 0
    outer loop
      vertex 33.9 34.49143569295441 6
      vertex 32.599999999999994 34.49143569295441 14.799999999999999
      vertex 32.570057014808334 34.49143569295441 15.256841672770179
    endloop
  endfacet
  facet normal 1 0 0
    outer loop
      vertex 37.89143569295441 30.5 2.2616125169205725
      vertex 37.89143569295441 30.5 18.76161251692057
      vertex 37.89143569295441 29 12.5
    endloop
  endfacet
  facet normal 0 1 0
    outer loop
      vertex 33.9 34.49143569295441 6
      vertex 32.570057014808334 34.49143569295441 15.256841672770179
      vertex 33.9 34.49143569295441 18.76161251692057
    endloop
  endfacet
  facet normal 0.32143946530316253 0.9469301294951052 0
    outer loop
      vertex 35.427456311044324 34.18760574205559 1.738387483079428
      vertex 34.93305957463858 34.35543081979667 18.76161251692057
      vertex 35.427456311044324 34.18760574205559 18.23838748307943
    endloop
  endfacet
  facet normal 0.06540312923013337 0.9978589232386041 0
    outer loop
      vertex 33.9 34.49143569295441 6
      vertex 33.9 34.49143569295441 18.76161251692057
      vertex 34.420986902492544 34.45728840728367 18.76161251692057
    endloop
  endfacet
  facet normal 0.19509032201613166 0.9807852804032298 0
    outer loop
      vertex 34.420986902492544 34.45728840728367 6
      vertex 34.420986902492544 34.45728840728367 18.76161251692057
      vertex 34.93305957463858 34.35543081979667 18.76161251692057
    endloop
  endfacet
  facet normal 0.997858923238604 0.06540312923013337 0
    outer loop
      vertex 37.89143569295441 30.5 2.2616125169205725
      vertex 37.85728840728367 31.020986902492545 18.76161251692057
      vertex 37.89143569295441 30.5 18.76161251692057
    endloop
  endfacet
  facet normal 0.9807852804032298 0.19509032201613163 0
    outer loop
      vertex 37.75543081979667 31.53305957463858 1.738387483079428
      vertex 37.75543081979667 31.53305957463858 18.76161251692057
      vertex 37.85728840728367 31.020986902492545 18.76161251692057
    endloop
  endfacet
  facet normal 0.9469301294951054 0.3214394653031626 0
    outer loop
      vertex 37.75543081979667 31.53305957463858 1.738387483079428
      vertex 37.58760574205559 32.027456311044325 18.76161251692057
      vertex 37.75543081979667 31.53305957463858 18.76161251692057
    endloop
  endfacet
  facet normal 0.44228869021899936 0.8968727415326893 0
    outer loop
      vertex 35.427456311044324 34.18760574205559 1.738387483079428
      vertex 35.427456311044324 34.18760574205559 18.23838748307943
      vertex 35.895717846477204 33.95668470767047 18.76161251692057
    endloop
  endfacet
  facet normal 0.4422886902189988 0.8968727415326895 0
    outer loop
      vertex 35.427456311044324 34.18760574205559 1.738387483079428
      vertex 35.895717846477204 33.95668470767047 18.76161251692057
      vertex 35.895717846477204 33.95668470767047 18.23838748307943
    endloop
  endfacet
  facet normal 0.5555702330196051 0.8314696123025432 0
    outer loop
      vertex 36.32983209623934 33.66661883956304 2.2616125169205725
      vertex 35.895717846477204 33.95668470767047 18.23838748307943
      vertex 35.895717846477204 33.95668470767047 18.76161251692057
    endloop
  endfacet
  facet normal 0.5555702330196045 0.8314696123025437 0
    outer loop
      vertex 36.32983209623934 33.66661883956304 2.2616125169205725
      vertex 35.895717846477204 33.95668470767047 18.76161251692057
      vertex 36.32983209623934 33.66661883956304 18.76161251692057
    endloop
  endfacet
  facet normal 0.6593458151000633 0.7518398074789822 0
    outer loop
      vertex 36.32983209623934 33.66661883956304 2.2616125169205725
      vertex 36.32983209623934 33.66661883956304 18.76161251692057
      vertex 36.722371245158094 33.322371245158095 18.76161251692057
    endloop
  endfacet
  facet normal 0.8314696123025437 0.5555702330196045 0
    outer loop
      vertex 37.35668470767047 32.495717846477206 2.2616125169205725
      vertex 37.06661883956304 32.929832096239345 18.23838748307943
      vertex 37.35668470767047 32.495717846477206 18.76161251692057
    endloop
  endfacet
  facet normal 0.7518398074789824 0.6593458151000634 0
    outer loop
      vertex 36.722371245158094 33.322371245158095 1.738387483079428
      vertex 36.722371245158094 33.322371245158095 18.76161251692057
      vertex 37.06661883956304 32.929832096239345 18.23838748307943
    endloop
  endfacet
  facet normal 0.8968727415326891 0.4422886902189993 0
    outer loop
      vertex 37.58760574205559 32.027456311044325 1.738387483079428
      vertex 37.35668470767047 32.495717846477206 18.76161251692057
      vertex 37.58760574205559 32.027456311044325 18.76161251692057
    endloop
  endfacet
  facet normal 0 1 0
    outer loop
      vertex 32.3335783637895 34.49143569295441 16.139392013277813
      vertex 32.131088913245534 34.49143569295441 16.549999999999997
      vertex 33.9 34.49143569295441 18.76161251692057
    endloop
  endfacet
  facet normal 0 1 0
    outer loop
      vertex 31.574873734152913 34.49143569295441 17.274873734152916
      vertex 33.9 34.49143569295441 18.76161251692057
      vertex 31.87673669101932 34.49143569295441 16.93066500153052
    endloop
  endfacet
  facet normal 0 1 0
    outer loop
      vertex 32.131088913245534 34.49143569295441 16.549999999999997
      vertex 31.87673669101932 34.49143569295441 16.93066500153052
      vertex 33.9 34.49143569295441 18.76161251692057
    endloop
  endfacet
  facet normal 0 1 0
    outer loop
      vertex 30.00586665785882 34.49143569295441 18.18074039201174
      vertex 33.9 34.49143569295441 18.76161251692057
      vertex 30.43939201327781 34.49143569295441 18.033578363789502
    endloop
  endfacet
  facet normal 0 1 0
    outer loop
      vertex 29.099999999999998 34.49143569295441 18.299999999999997
      vertex 33.9 34.49143569295441 18.76161251692057
      vertex 29.556841672770176 34.49143569295441 18.270057014808337
    endloop
  endfacet
  facet normal 0 1 0
    outer loop
      vertex 29.556841672770176 34.49143569295441 18.270057014808337
      vertex 33.9 34.49143569295441 18.76161251692057
      vertex 30.00586665785882 34.49143569295441 18.18074039201174
    endloop
  endfacet
  facet normal 0 1 0
    outer loop
      vertex 30.43939201327781 34.49143569295441 18.033578363789502
      vertex 33.9 34.49143569295441 18.76161251692057
      vertex 30.849999999999998 34.49143569295441 17.831088913245534
    endloop
  endfacet
  facet normal 0 1 0
    outer loop
      vertex 31.230665001530518 34.49143569295441 17.57673669101932
      vertex 30.849999999999998 34.49143569295441 17.831088913245534
      vertex 33.9 34.49143569295441 18.76161251692057
    endloop
  endfacet
  facet normal 0 1 0
    outer loop
      vertex 31.574873734152913 34.49143569295441 17.274873734152916
      vertex 31.230665001530518 34.49143569295441 17.57673669101932
      vertex 33.9 34.49143569295441 18.76161251692057
    endloop
  endfacet
  facet normal 1 0 0
    outer loop
      vertex 37.89143569295441 29 12.5
      vertex 37.89143569295441 30.5 18.76161251692057
      vertex 37.89143569295441 29 13.5
    endloop
  endfacet
  facet normal 1 0 0
    outer loop
      vertex 37.89143569295441 29 13.5
      vertex 37.89143569295441 30.5 18.76161251692057
      vertex 37.89143569295441 29 15
    endloop
  endfacet
  facet normal 1 0 0
    outer loop
      vertex 37.89143569295441 29 15
      vertex 37.89143569295441 30.5 18.76161251692057
      vertex 37.89143569295441 29 16
    endloop
  endfacet
  facet normal 0 1 0
    outer loop
      vertex 32.570057014808334 34.49143569295441 15.256841672770179
      vertex 32.48074039201174 34.49143569295441 15.705866657858822
      vertex 33.9 34.49143569295441 18.76161251692057
    endloop
  endfacet
  facet normal 0 1 0
    outer loop
      vertex 32.48074039201174 34.49143569295441 15.705866657858822
      vertex 32.3335783637895 34.49143569295441 16.139392013277813
      vertex 33.9 34.49143569295441 18.76161251692057
    endloop
  endfacet
  facet normal 0.06484595933589701 0.989358153363093 0.13025147189869998
    outer loop
      vertex 33.9 34.49143569295441 18.76161251692057
      vertex 33.9 34.42314112161292 19.280361288064512
      vertex 34.420986902492544 34.45728840728367 18.76161251692057
    endloop
  endfacet
  facet normal 0.1934283456647892 0.972429961057147 0.13025147189870262
    outer loop
      vertex 34.420986902492544 34.45728840728367 18.76161251692057
      vertex 34.41207267214604 34.38957810546742 19.280361288064512
      vertex 34.93305957463858 34.35543081979667 18.76161251692057
    endloop
  endfacet
  facet normal 0.3214394653031626 0.9469301294951052 0
    outer loop
      vertex 34.93305957463858 34.35543081979667 18.76161251692057
      vertex 35.427456311044324 34.18760574205559 18.76161251692057
      vertex 35.427456311044324 34.18760574205559 18.23838748307943
    endloop
  endfacet
  facet normal 0.3187011193708727 0.9388632225089949 0.13025147189870154
    outer loop
      vertex 34.93305957463858 34.35543081979667 18.76161251692057
      vertex 35.40132111007146 34.124509785411554 19.280361288064512
      vertex 35.427456311044324 34.18760574205559 18.76161251692057
    endloop
  endfacet
  facet normal 0.0631836246987858 0.9639958278814494 0.25830190358780164
    outer loop
      vertex 33.9 34.42314112161292 19.280361288064512
      vertex 33.9 34.287720517980425 19.785757861212645
      vertex 34.41207267214604 34.38957810546742 19.280361288064512
    endloop
  endfacet
  facet normal 0.06044354741637387 0.9221903271536522 0.3819837405963303
    outer loop
      vertex 33.9 34.287720517980425 19.785757861212645
      vertex 33.9 34.08749096613075 20.269154760876006
      vertex 34.394396736405746 34.25531604387184 19.785757861212645
    endloop
  endfacet
  facet normal 0.05667108131556618 0.8646336168614438 0.4991964514453426
    outer loop
      vertex 33.9 34.08749096613075 20.269154760876006
      vertex 33.9 33.95421240518137 20.5
      vertex 34.350865192367586 33.92466113921074 20.5
    endloop
  endfacet
  facet normal 0.06484595933589968 0.9893581533630925 0.13025147189870265
    outer loop
      vertex 34.420986902492544 34.45728840728367 18.76161251692057
      vertex 33.9 34.42314112161292 19.280361288064512
      vertex 34.41207267214604 34.38957810546742 19.280361288064512
    endloop
  endfacet
  facet normal 0.06318362469879867 0.9639958278814453 0.25830190358781385
    outer loop
      vertex 33.9 34.287720517980425 19.785757861212645
      vertex 34.394396736405746 34.25531604387184 19.785757861212645
      vertex 34.41207267214604 34.38957810546742 19.280361288064512
    endloop
  endfacet
  facet normal 0.188469784759972 0.947501591996257 0.2583019035878141
    outer loop
      vertex 34.41207267214604 34.38957810546742 19.280361288064512
      vertex 34.394396736405746 34.25531604387184 19.785757861212645
      vertex 34.88033420757892 34.158657071082295 19.785757861212645
    endloop
  endfacet
  facet normal 0.18846978475997678 0.9475015919962573 0.25830190358780963
    outer loop
      vertex 34.41207267214604 34.38957810546742 19.280361288064512
      vertex 34.88033420757892 34.158657071082295 19.785757861212645
      vertex 34.915383638898284 34.289463329542585 19.280361288064512
    endloop
  endfacet
  facet normal 0.19342834566479208 0.9724299610571459 0.13025147189870562
    outer loop
      vertex 34.93305957463858 34.35543081979667 18.76161251692057
      vertex 34.41207267214604 34.38957810546742 19.280361288064512
      vertex 34.915383638898284 34.289463329542585 19.280361288064512
    endloop
  endfacet
  facet normal 0.3187011193708681 0.9388632225089959 0.13025147189870606
    outer loop
      vertex 34.93305957463858 34.35543081979667 18.76161251692057
      vertex 34.915383638898284 34.289463329542585 19.280361288064512
      vertex 35.40132111007146 34.124509785411554 19.280361288064512
    endloop
  endfacet
  facet normal 0.31053117455020623 0.914795341174945 0.25830190358780825
    outer loop
      vertex 34.915383638898284 34.289463329542585 19.280361288064512
      vertex 34.88033420757892 34.158657071082295 19.785757861212645
      vertex 35.40132111007146 34.124509785411554 19.280361288064512
    endloop
  endfacet
  facet normal 0.31053117455021195 0.9147953411749412 0.25830190358781435
    outer loop
      vertex 34.88033420757892 34.158657071082295 19.785757861212645
      vertex 35.34949788866042 33.99939746143516 19.785757861212645
      vertex 35.40132111007146 34.124509785411554 19.280361288064512
    endloop
  endfacet
  facet normal 0.06044354741637017 0.9221903271536539 0.381983740596327
    outer loop
      vertex 33.9 34.08749096613075 20.269154760876006
      vertex 34.36826153543288 34.0567994835953 20.269154760876006
      vertex 34.394396736405746 34.25531604387184 19.785757861212645
    endloop
  endfacet
  facet normal 0.18029643639469448 0.9064113949765957 0.38198374059631884
    outer loop
      vertex 34.394396736405746 34.25531604387184 19.785757861212645
      vertex 34.82851098616788 33.96525017576442 20.269154760876006
      vertex 34.88033420757892 34.158657071082295 19.785757861212645
    endloop
  endfacet
  facet normal 0.18029643639468365 0.9064113949765942 0.38198374059632756
    outer loop
      vertex 34.394396736405746 34.25531604387184 19.785757861212645
      vertex 34.36826153543288 34.0567994835953 20.269154760876006
      vertex 34.82851098616788 33.96525017576442 20.269154760876006
    endloop
  endfacet
  facet normal 0.05667108131556507 0.864633616861443 0.4991964514453442
    outer loop
      vertex 33.9 34.08749096613075 20.269154760876006
      vertex 34.350865192367586 33.92466113921074 20.5
      vertex 34.36826153543288 34.0567994835953 20.269154760876006
    endloop
  endfacet
  facet normal 0.1690435860331859 0.8498394959552162 0.49919645144534525
    outer loop
      vertex 34.36826153543288 34.0567994835953 20.269154760876006
      vertex 34.350865192367586 33.92466113921074 20.5
      vertex 34.79401595629032 33.836512971652766 20.5
    endloop
  endfacet
  facet normal 0.16904358603317807 0.8498394959552118 0.49919645144535546
    outer loop
      vertex 34.36826153543288 34.0567994835953 20.269154760876006
      vertex 34.79401595629032 33.836512971652766 20.5
      vertex 34.82851098616788 33.96525017576442 20.269154760876006
    endloop
  endfacet
  facet normal 0.2785237081260411 0.8205043856531696 0.4991964514453548
    outer loop
      vertex 34.79401595629032 33.836512971652766 20.5
      vertex 35.22186985933288 33.691276142093656 20.5
      vertex 34.82851098616788 33.96525017576442 20.269154760876006
    endloop
  endfacet
  facet normal 0.2785237081260412 0.8205043856531697 0.4991964514453547
    outer loop
      vertex 35.27287335649767 33.81440947667735 20.269154760876006
      vertex 34.82851098616788 33.96525017576442 20.269154760876006
      vertex 35.22186985933288 33.691276142093656 20.5
    endloop
  endfacet
  facet normal 0.29706440335868367 0.8751235125267706 0.3819837405963199
    outer loop
      vertex 34.88033420757892 34.158657071082295 19.785757861212645
      vertex 34.82851098616788 33.96525017576442 20.269154760876006
      vertex 35.27287335649767 33.81440947667735 20.269154760876006
    endloop
  endfacet
  facet normal 0.29706440335869205 0.8751235125267705 0.38198374059631307
    outer loop
      vertex 34.88033420757892 34.158657071082295 19.785757861212645
      vertex 35.27287335649767 33.81440947667735 20.269154760876006
      vertex 35.34949788866042 33.99939746143516 19.785757861212645
    endloop
  endfacet
  facet normal 0.989358153363093 0.06484595933589701 0.13025147189869998
    outer loop
      vertex 37.89143569295441 30.5 18.76161251692057
      vertex 37.85728840728367 31.020986902492545 18.76161251692057
      vertex 37.82314112161292 30.5 19.280361288064512
    endloop
  endfacet
  facet normal 0.9724299610571465 0.19342834566478914 0.1302514718987056
    outer loop
      vertex 37.85728840728367 31.020986902492545 18.76161251692057
      vertex 37.75543081979667 31.53305957463858 18.76161251692057
      vertex 37.68946332954258 31.515383638898285 19.280361288064512
    endloop
  endfacet
  facet normal 0.8892322739216526 0.43852082856387636 0.13025147189870223
    outer loop
      vertex 37.58760574205559 32.027456311044325 18.76161251692057
      vertex 37.35668470767047 32.495717846477206 18.76161251692057
      vertex 37.52450978541155 32.00132111007146 19.280361288064512
    endloop
  endfacet
  facet normal 0.9388632225089949 0.3187011193708727 0.13025147189870154
    outer loop
      vertex 37.75543081979667 31.53305957463858 18.76161251692057
      vertex 37.58760574205559 32.027456311044325 18.76161251692057
      vertex 37.52450978541155 32.00132111007146 19.280361288064512
    endloop
  endfacet
  facet normal 0.9893581533630899 0.06484595933591322 0.1302514718987161
    outer loop
      vertex 37.85728840728367 31.020986902492545 18.76161251692057
      vertex 37.78957810546741 31.01207267214604 19.280361288064512
      vertex 37.82314112161292 30.5 19.280361288064512
    endloop
  endfacet
  facet normal 0.9639958278814487 0.0631836246987989 0.2583019035878015
    outer loop
      vertex 37.82314112161292 30.5 19.280361288064512
      vertex 37.655316043871835 30.994396736405747 19.785757861212645
      vertex 37.68772051798042 30.5 19.785757861212645
    endloop
  endfacet
  facet normal 0.9639958278814484 0.06318362469879911 0.2583019035878012
    outer loop
      vertex 37.82314112161292 30.5 19.280361288064512
      vertex 37.78957810546741 31.01207267214604 19.280361288064512
      vertex 37.655316043871835 30.994396736405747 19.785757861212645
    endloop
  endfacet
  facet normal 0.9221903271536525 0.06044354741637007 0.3819837405963304
    outer loop
      vertex 37.68772051798042 30.5 19.785757861212645
      vertex 37.4567994835953 30.96826153543288 20.269154760876006
      vertex 37.48749096613075 30.5 20.269154760876006
    endloop
  endfacet
  facet normal 0.9221903271536536 0.06044354741637396 0.38198374059632717
    outer loop
      vertex 37.68772051798042 30.5 19.785757861212645
      vertex 37.655316043871835 30.994396736405747 19.785757861212645
      vertex 37.4567994835953 30.96826153543288 20.269154760876006
    endloop
  endfacet
  facet normal 0.864633616861444 0.056671081315565135 0.49919645144534275
    outer loop
      vertex 37.48749096613075 30.5 20.269154760876006
      vertex 37.4567994835953 30.96826153543288 20.269154760876006
      vertex 37.35421240518137 30.5 20.5
    endloop
  endfacet
  facet normal 0.864633616861443 0.056671081315566134 0.4991964514453443
    outer loop
      vertex 37.35421240518137 30.5 20.5
      vertex 37.4567994835953 30.96826153543288 20.269154760876006
      vertex 37.32466113921074 30.950865192367587 20.5
    endloop
  endfacet
  facet normal 0.9724299610571472 0.1934283456647787 0.13025147189871583
    outer loop
      vertex 37.85728840728367 31.020986902492545 18.76161251692057
      vertex 37.68946332954258 31.515383638898285 19.280361288064512
      vertex 37.78957810546741 31.01207267214604 19.280361288064512
    endloop
  endfacet
  facet normal 0.9475015919962603 0.18846978475997264 0.25830190358780164
    outer loop
      vertex 37.78957810546741 31.01207267214604 19.280361288064512
      vertex 37.558657071082294 31.48033420757892 19.785757861212645
      vertex 37.655316043871835 30.994396736405747 19.785757861212645
    endloop
  endfacet
  facet normal 0.9475015919962598 0.18846978475996387 0.25830190358780947
    outer loop
      vertex 37.78957810546741 31.01207267214604 19.280361288064512
      vertex 37.68946332954258 31.515383638898285 19.280361288064512
      vertex 37.558657071082294 31.48033420757892 19.785757861212645
    endloop
  endfacet
  facet normal 0.9388632225089959 0.3187011193708681 0.13025147189870606
    outer loop
      vertex 37.75543081979667 31.53305957463858 18.76161251692057
      vertex 37.52450978541155 32.00132111007146 19.280361288064512
      vertex 37.68946332954258 31.515383638898285 19.280361288064512
    endloop
  endfacet
  facet normal 0.9147953411749412 0.31053117455021195 0.25830190358781435
    outer loop
      vertex 37.558657071082294 31.48033420757892 19.785757861212645
      vertex 37.52450978541155 32.00132111007146 19.280361288064512
      vertex 37.39939746143516 31.949497888660424 19.785757861212645
    endloop
  endfacet
  facet normal 0.8664366884369418 0.42727928984838226 0.25830190358781313
    outer loop
      vertex 37.52450978541155 32.00132111007146 19.280361288064512
      vertex 37.29753987394817 32.461570560806464 19.280361288064512
      vertex 37.39939746143516 31.949497888660424 19.785757861212645
    endloop
  endfacet
  facet normal 0.914795341174945 0.31053117455020623 0.25830190358780825
    outer loop
      vertex 37.68946332954258 31.515383638898285 19.280361288064512
      vertex 37.52450978541155 32.00132111007146 19.280361288064512
      vertex 37.558657071082294 31.48033420757892 19.785757861212645
    endloop
  endfacet
  facet normal 0.820504385653173 0.2785237081260376 0.4991964514453514
    outer loop
      vertex 37.236512971652765 31.39401595629032 20.5
      vertex 37.214409476677346 31.87287335649767 20.269154760876006
      vertex 37.091276142093655 31.82186985933288 20.5
    endloop
  endfacet
  facet normal 0.7771302178258055 0.3832382123515171 0.49919645144534985
    outer loop
      vertex 37.091276142093655 31.82186985933288 20.5
      vertex 37.00685831251641 32.29374548306538 20.269154760876006
      vertex 36.89143569295441 32.22710620259069 20.5
    endloop
  endfacet
  facet normal 0.7771302178258044 0.38323821235151756 0.49919645144535124
    outer loop
      vertex 37.214409476677346 31.87287335649767 20.269154760876006
      vertex 37.00685831251641 32.29374548306538 20.269154760876006
      vertex 37.091276142093655 31.82186985933288 20.5
    endloop
  endfacet
  facet normal 0.9064113949765923 0.18029643639469378 0.38198374059632734
    outer loop
      vertex 37.655316043871835 30.994396736405747 19.785757861212645
      vertex 37.558657071082294 31.48033420757892 19.785757861212645
      vertex 37.4567994835953 30.96826153543288 20.269154760876006
    endloop
  endfacet
  facet normal 0.9064113949765978 0.18029643639468435 0.3819837405963185
    outer loop
      vertex 37.4567994835953 30.96826153543288 20.269154760876006
      vertex 37.558657071082294 31.48033420757892 19.785757861212645
      vertex 37.365250175764416 31.42851098616788 20.269154760876006
    endloop
  endfacet
  facet normal 0.8498394959552175 0.16904358603317918 0.4991964514453454
    outer loop
      vertex 37.4567994835953 30.96826153543288 20.269154760876006
      vertex 37.365250175764416 31.42851098616788 20.269154760876006
      vertex 37.32466113921074 30.950865192367587 20.5
    endloop
  endfacet
  facet normal 0.849839495955209 0.1690435860331858 0.49919645144535774
    outer loop
      vertex 37.32466113921074 30.950865192367587 20.5
      vertex 37.365250175764416 31.42851098616788 20.269154760876006
      vertex 37.236512971652765 31.39401595629032 20.5
    endloop
  endfacet
  facet normal 0.8205043856531679 0.2785237081260406 0.49919645144535796
    outer loop
      vertex 37.236512971652765 31.39401595629032 20.5
      vertex 37.365250175764416 31.42851098616788 20.269154760876006
      vertex 37.214409476677346 31.87287335649767 20.269154760876006
    endloop
  endfacet
  facet normal 0.875123512526768 0.2970644033586913 0.3819837405963197
    outer loop
      vertex 37.558657071082294 31.48033420757892 19.785757861212645
      vertex 37.39939746143516 31.949497888660424 19.785757861212645
      vertex 37.365250175764416 31.42851098616788 20.269154760876006
    endloop
  endfacet
  facet normal 0.8751235125267733 0.2970644033586846 0.38198374059631296
    outer loop
      vertex 37.39939746143516 31.949497888660424 19.785757861212645
      vertex 37.214409476677346 31.87287335649767 20.269154760876006
      vertex 37.365250175764416 31.42851098616788 20.269154760876006
    endloop
  endfacet
  facet normal 0.8288620241475376 0.40874951601940174 0.38198374059631335
    outer loop
      vertex 37.39939746143516 31.949497888660424 19.785757861212645
      vertex 37.1802621910066 32.39386025899021 19.785757861212645
      vertex 37.214409476677346 31.87287335649767 20.269154760876006
    endloop
  endfacet
  facet normal 0.44228869021899936 0.8968727415326893 0
    outer loop
      vertex 35.427456311044324 34.18760574205559 18.23838748307943
      vertex 35.427456311044324 34.18760574205559 18.76161251692057
      vertex 35.895717846477204 33.95668470767047 18.76161251692057
    endloop
  endfacet
  facet normal 0.4385208285638762 0.8892322739216523 0.13025147189870512
    outer loop
      vertex 35.427456311044324 34.18760574205559 18.76161251692057
      vertex 35.861570560806456 33.89753987394817 19.280361288064512
      vertex 35.895717846477204 33.95668470767047 18.76161251692057
    endloop
  endfacet
  facet normal 0.5508373247992159 0.8243863145857433 0.13025147189870542
    outer loop
      vertex 35.895717846477204 33.95668470767047 18.76161251692057
      vertex 36.288256995395955 33.612437113265514 19.280361288064512
      vertex 36.32983209623934 33.66661883956304 18.76161251692057
    endloop
  endfacet
  facet normal 0.6537288416862701 0.7454348768442137 0.1302514718987065
    outer loop
      vertex 36.32983209623934 33.66661883956304 18.76161251692057
      vertex 36.288256995395955 33.612437113265514 19.280361288064512
      vertex 36.722371245158094 33.322371245158095 18.76161251692057
    endloop
  endfacet
  facet normal 0.824386314585744 0.5508373247992163 0.13025147189869832
    outer loop
      vertex 37.06661883956304 32.929832096239345 18.76161251692057
      vertex 37.29753987394817 32.461570560806464 19.280361288064512
      vertex 37.35668470767047 32.495717846477206 18.76161251692057
    endloop
  endfacet
  facet normal 0.8314696123025437 0.5555702330196045 0
    outer loop
      vertex 37.06661883956304 32.929832096239345 18.23838748307943
      vertex 37.06661883956304 32.929832096239345 18.76161251692057
      vertex 37.35668470767047 32.495717846477206 18.76161251692057
    endloop
  endfacet
  facet normal 0.7518398074789823 0.6593458151000633 0
    outer loop
      vertex 37.06661883956304 32.929832096239345 18.23838748307943
      vertex 36.722371245158094 33.322371245158095 18.76161251692057
      vertex 37.06661883956304 32.929832096239345 18.76161251692057
    endloop
  endfacet
  facet normal 0.7454348768442125 0.6537288416862691 0.1302514718987185
    outer loop
      vertex 36.722371245158094 33.322371245158095 18.76161251692057
      vertex 36.67407969064429 33.27407969064429 19.280361288064512
      vertex 37.06661883956304 32.929832096239345 18.76161251692057
    endloop
  endfacet
  facet normal 0.6948270761320657 0.6093469916179073 0.3819837405963381
    outer loop
      vertex 36.57832286350338 33.17832286350338 19.785757861212645
      vertex 36.43673918959653 33.03673918959653 20.269154760876006
      vertex 36.74614794124446 32.683926127097635 20.269154760876006
    endloop
  endfacet
  facet normal 0.6093469916179073 0.6948270761320657 0.3819837405963381
    outer loop
      vertex 36.57832286350338 33.17832286350338 19.785757861212645
      vertex 36.083926127097634 33.34614794124446 20.269154760876006
      vertex 36.43673918959653 33.03673918959653 20.269154760876006
    endloop
  endfacet
  facet normal 0.5713157878291695 0.6514607996199832 0.499196451445348
    outer loop
      vertex 36.00279127987786 33.24041094972606 20.5
      vertex 36.34249701536244 32.94249701536244 20.5
      vertex 36.083926127097634 33.34614794124446 20.269154760876006
    endloop
  endfacet
  facet normal 0.5713157878291748 0.6514607996199832 0.4991964514453422
    outer loop
      vertex 36.43673918959653 33.03673918959653 20.269154760876006
      vertex 36.083926127097634 33.34614794124446 20.269154760876006
      vertex 36.34249701536244 32.94249701536244 20.5
    endloop
  endfacet
  facet normal 0.6514607996199805 0.5713157878291725 0.49919645144534797
    outer loop
      vertex 36.43673918959653 33.03673918959653 20.269154760876006
      vertex 36.64041094972606 32.60279127987786 20.5
      vertex 36.74614794124446 32.683926127097635 20.269154760876006
    endloop
  endfacet
  facet normal 0.6514607996199857 0.5713157878291717 0.4991964514453421
    outer loop
      vertex 36.43673918959653 33.03673918959653 20.269154760876006
      vertex 36.34249701536244 32.94249701536244 20.5
      vertex 36.64041094972606 32.60279127987786 20.5
    endloop
  endfacet
  facet normal 0.5367165380330563 0.8032530637381508 0.2583019035878078
    outer loop
      vertex 35.861570560806456 33.89753987394817 19.280361288064512
      vertex 35.79386025899021 33.7802621910066 19.785757861212645
      vertex 36.20581815521141 33.50500072502942 19.785757861212645
    endloop
  endfacet
  facet normal 0.4385208285638789 0.8892322739216513 0.13025147189870218
    outer loop
      vertex 35.427456311044324 34.18760574205559 18.76161251692057
      vertex 35.40132111007146 34.124509785411554 19.280361288064512
      vertex 35.861570560806456 33.89753987394817 19.280361288064512
    endloop
  endfacet
  facet normal 0.4272792898483828 0.8664366884369414 0.25830190358781313
    outer loop
      vertex 35.34949788866042 33.99939746143516 19.785757861212645
      vertex 35.79386025899021 33.7802621910066 19.785757861212645
      vertex 35.40132111007146 34.124509785411554 19.280361288064512
    endloop
  endfacet
  facet normal 0.4272792898483882 0.8664366884369404 0.25830190358780825
    outer loop
      vertex 35.861570560806456 33.89753987394817 19.280361288064512
      vertex 35.40132111007146 34.124509785411554 19.280361288064512
      vertex 35.79386025899021 33.7802621910066 19.785757861212645
    endloop
  endfacet
  facet normal 0.5508373247992155 0.8243863145857433 0.13025147189870567
    outer loop
      vertex 35.895717846477204 33.95668470767047 18.76161251692057
      vertex 35.861570560806456 33.89753987394817 19.280361288064512
      vertex 36.288256995395955 33.612437113265514 19.280361288064512
    endloop
  endfacet
  facet normal 0.6537288416862783 0.7454348768442044 0.1302514718987186
    outer loop
      vertex 36.722371245158094 33.322371245158095 18.76161251692057
      vertex 36.288256995395955 33.612437113265514 19.280361288064512
      vertex 36.67407969064429 33.27407969064429 19.280361288064512
    endloop
  endfacet
  facet normal 0.5367165380330629 0.8032530637381485 0.25830190358780175
    outer loop
      vertex 35.861570560806456 33.89753987394817 19.280361288064512
      vertex 36.20581815521141 33.50500072502942 19.785757861212645
      vertex 36.288256995395955 33.612437113265514 19.280361288064512
    endloop
  endfacet
  facet normal 0.6369704174460457 0.7263255564149785 0.2583019035878022
    outer loop
      vertex 36.57832286350338 33.17832286350338 19.785757861212645
      vertex 36.288256995395955 33.612437113265514 19.280361288064512
      vertex 36.20581815521141 33.50500072502942 19.785757861212645
    endloop
  endfacet
  facet normal 0.6369704174460558 0.7263255564149732 0.2583019035877918
    outer loop
      vertex 36.57832286350338 33.17832286350338 19.785757861212645
      vertex 36.67407969064429 33.27407969064429 19.280361288064512
      vertex 36.288256995395955 33.612437113265514 19.280361288064512
    endloop
  endfacet
  facet normal 0.40874951601940174 0.8288620241475376 0.38198374059631335
    outer loop
      vertex 35.34949788866042 33.99939746143516 19.785757861212645
      vertex 35.27287335649767 33.81440947667735 20.269154760876006
      vertex 35.79386025899021 33.7802621910066 19.785757861212645
    endloop
  endfacet
  facet normal 0.4087495160194128 0.8288620241475263 0.38198374059632606
    outer loop
      vertex 35.27287335649767 33.81440947667735 20.269154760876006
      vertex 35.69374548306538 33.60685831251641 20.269154760876006
      vertex 35.79386025899021 33.7802621910066 19.785757861212645
    endloop
  endfacet
  facet normal 0.513440811134251 0.7684184767311621 0.38198374059632834
    outer loop
      vertex 36.20581815521141 33.50500072502942 19.785757861212645
      vertex 35.69374548306538 33.60685831251641 20.269154760876006
      vertex 36.083926127097634 33.34614794124446 20.269154760876006
    endloop
  endfacet
  facet normal 0.5134408111342481 0.7684184767311658 0.3819837405963245
    outer loop
      vertex 35.79386025899021 33.7802621910066 19.785757861212645
      vertex 35.69374548306538 33.60685831251641 20.269154760876006
      vertex 36.20581815521141 33.50500072502942 19.785757861212645
    endloop
  endfacet
  facet normal 0.3832382123515129 0.7771302178258038 0.4991964514453559
    outer loop
      vertex 35.27287335649767 33.81440947667735 20.269154760876006
      vertex 35.22186985933288 33.691276142093656 20.5
      vertex 35.62710620259069 33.49143569295441 20.5
    endloop
  endfacet
  facet normal 0.3832382123515179 0.777130217825805 0.49919645144534985
    outer loop
      vertex 35.27287335649767 33.81440947667735 20.269154760876006
      vertex 35.62710620259069 33.49143569295441 20.5
      vertex 35.69374548306538 33.60685831251641 20.269154760876006
    endloop
  endfacet
  facet normal 0.48139540450993046 0.7204591365102476 0.49919645144534913
    outer loop
      vertex 36.00279127987786 33.24041094972606 20.5
      vertex 35.69374548306538 33.60685831251641 20.269154760876006
      vertex 35.62710620259069 33.49143569295441 20.5
    endloop
  endfacet
  facet normal 0.48139540450993207 0.7204591365102478 0.4991964514453473
    outer loop
      vertex 36.00279127987786 33.24041094972606 20.5
      vertex 36.083926127097634 33.34614794124446 20.269154760876006
      vertex 35.69374548306538 33.60685831251641 20.269154760876006
    endloop
  endfacet
  facet normal 0.6093469916179006 0.6948270761320777 0.38198374059632717
    outer loop
      vertex 36.57832286350338 33.17832286350338 19.785757861212645
      vertex 36.20581815521141 33.50500072502942 19.785757861212645
      vertex 36.083926127097634 33.34614794124446 20.269154760876006
    endloop
  endfacet
  facet normal 0.8032530637381442 0.5367165380330688 0.25830190358780175
    outer loop
      vertex 37.01243711326551 32.888256995395956 19.280361288064512
      vertex 36.90500072502942 32.80581815521141 19.785757861212645
      vertex 37.29753987394817 32.461570560806464 19.280361288064512
    endloop
  endfacet
  facet normal 0.8032530637381492 0.5367165380330553 0.25830190358781485
    outer loop
      vertex 37.1802621910066 32.39386025899021 19.785757861212645
      vertex 37.29753987394817 32.461570560806464 19.280361288064512
      vertex 36.90500072502942 32.80581815521141 19.785757861212645
    endloop
  endfacet
  facet normal 0.7454348768442055 0.6537288416862794 0.1302514718987064
    outer loop
      vertex 37.06661883956304 32.929832096239345 18.76161251692057
      vertex 36.67407969064429 33.27407969064429 19.280361288064512
      vertex 37.01243711326551 32.888256995395956 19.280361288064512
    endloop
  endfacet
  facet normal 0.8243863145857391 0.5508373247992219 0.13025147189870545
    outer loop
      vertex 37.06661883956304 32.929832096239345 18.76161251692057
      vertex 37.01243711326551 32.888256995395956 19.280361288064512
      vertex 37.29753987394817 32.461570560806464 19.280361288064512
    endloop
  endfacet
  facet normal 0.7263255564149785 0.6369704174460457 0.2583019035878022
    outer loop
      vertex 36.57832286350338 33.17832286350338 19.785757861212645
      vertex 36.90500072502942 32.80581815521141 19.785757861212645
      vertex 37.01243711326551 32.888256995395956 19.280361288064512
    endloop
  endfacet
  facet normal 0.7263255564149732 0.6369704174460558 0.2583019035877918
    outer loop
      vertex 36.57832286350338 33.17832286350338 19.785757861212645
      vertex 37.01243711326551 32.888256995395956 19.280361288064512
      vertex 36.67407969064429 33.27407969064429 19.280361288064512
    endloop
  endfacet
  facet normal 0.8892322739216544 0.43852082856387375 0.13025147189869915
    outer loop
      vertex 37.52450978541155 32.00132111007146 19.280361288064512
      vertex 37.35668470767047 32.495717846477206 18.76161251692057
      vertex 37.29753987394817 32.461570560806464 19.280361288064512
    endloop
  endfacet
  facet normal 0.8664366884369414 0.4272792898483828 0.2583019035878138
    outer loop
      vertex 37.39939746143516 31.949497888660424 19.785757861212645
      vertex 37.29753987394817 32.461570560806464 19.280361288064512
      vertex 37.1802621910066 32.39386025899021 19.785757861212645
    endloop
  endfacet
  facet normal 0.7684184767311621 0.513440811134251 0.38198374059632834
    outer loop
      vertex 36.90500072502942 32.80581815521141 19.785757861212645
      vertex 36.74614794124446 32.683926127097635 20.269154760876006
      vertex 37.00685831251641 32.29374548306538 20.269154760876006
    endloop
  endfacet
  facet normal 0.8288620241475263 0.4087495160194128 0.38198374059632606
    outer loop
      vertex 37.214409476677346 31.87287335649767 20.269154760876006
      vertex 37.1802621910066 32.39386025899021 19.785757861212645
      vertex 37.00685831251641 32.29374548306538 20.269154760876006
    endloop
  endfacet
  facet normal 0.7684184767311658 0.5134408111342481 0.3819837405963245
    outer loop
      vertex 37.1802621910066 32.39386025899021 19.785757861212645
      vertex 36.90500072502942 32.80581815521141 19.785757861212645
      vertex 37.00685831251641 32.29374548306538 20.269154760876006
    endloop
  endfacet
  facet normal 0.720459136510247 0.4813954045099315 0.4991964514453491
    outer loop
      vertex 36.89143569295441 32.22710620259069 20.5
      vertex 37.00685831251641 32.29374548306538 20.269154760876006
      vertex 36.74614794124446 32.683926127097635 20.269154760876006
    endloop
  endfacet
  facet normal 0.7204591365102485 0.48139540450993107 0.4991964514453473
    outer loop
      vertex 36.89143569295441 32.22710620259069 20.5
      vertex 36.74614794124446 32.683926127097635 20.269154760876006
      vertex 36.64041094972606 32.60279127987786 20.5
    endloop
  endfacet
  facet normal 0.6948270761320777 0.6093469916179006 0.38198374059632717
    outer loop
      vertex 36.57832286350338 33.17832286350338 19.785757861212645
      vertex 36.74614794124446 32.683926127097635 20.269154760876006
      vertex 36.90500072502942 32.80581815521141 19.785757861212645
    endloop
  endfacet
  facet normal 0 0 1
    outer loop
      vertex -0.2271062025906858 -1.4914356929544141 20.5
      vertex 0.17813014066712046 -1.6912761420936528 20.5
      vertex 0 0 20.5
    endloop
  endfacet
  facet normal 0 0 1
    outer loop
      vertex -0.2271062025906858 -1.4914356929544141 20.5
      vertex 0 0 20.5
      vertex -0.6027912798778615 -1.2404109497260625 20.5
    endloop
  endfacet
  facet normal 0 0 1
    outer loop
      vertex -0.9424970153624421 -0.9424970153624421 20.5
      vertex -0.6027912798778615 -1.2404109497260625 20.5
      vertex 0 0 20.5
    endloop
  endfacet
  facet normal 0 0 1
    outer loop
      vertex 0 0 20.5
      vertex 0.17813014066712046 -1.6912761420936528 20.5
      vertex 0.6059840437096761 -1.8365129716527662 20.5
    endloop
  endfacet
  facet normal 0 0 1
    outer loop
      vertex 0 0 20.5
      vertex 0.6059840437096761 -1.8365129716527662 20.5
      vertex 1.0491348076324096 -1.924661139210741 20.5
    endloop
  endfacet
  facet normal 0 0 1
    outer loop
      vertex 0 0 20.5
      vertex 1.0491348076324096 -1.924661139210741 20.5
      vertex 1.5 -1.9542124051813714 20.5
    endloop
  endfacet
  facet normal 0 0 1
    outer loop
      vertex -1.8365129716527662 0.6059840437096761 20.5
      vertex 0 32 20.5
      vertex -1.924661139210741 1.0491348076324096 20.5
    endloop
  endfacet
  facet normal 0 0 1
    outer loop
      vertex -1.2404109497260625 -0.6027912798778615 20.5
      vertex -0.9424970153624421 -0.9424970153624421 20.5
      vertex 0 32 20.5
    endloop
  endfacet
  facet normal 0 0 1
    outer loop
      vertex -1.4914356929544141 -0.2271062025906858 20.5
      vertex 0 32 20.5
      vertex -1.6912761420936528 0.17813014066712046 20.5
    endloop
  endfacet
  facet normal 0 0 1
    outer loop
      vertex -1.2404109497260625 -0.6027912798778615 20.5
      vertex 0 32 20.5
      vertex -1.4914356929544141 -0.2271062025906858 20.5
    endloop
  endfacet
  facet normal 0 0 1
    outer loop
      vertex -1.6912761420936528 0.17813014066712046 20.5
      vertex 0 32 20.5
      vertex -1.8365129716527662 0.6059840437096761 20.5
    endloop
  endfacet
  facet normal 0 0 1
    outer loop
      vertex -0.9424970153624421 -0.9424970153624421 20.5
      vertex 0 0 20.5
      vertex 0 32 20.5
    endloop
  endfacet
  facet normal 0 0 1
    outer loop
      vertex -1.924661139210741 1.0491348076324096 20.5
      vertex 0 32 20.5
      vertex -1.9542124051813714 1.5 20.5
    endloop
  endfacet
  facet normal 0 0 1
    outer loop
      vertex 0 0 20.5
      vertex 1.5 -1.9542124051813714 20.5
      vertex 35.4 0 20.5
    endloop
  endfacet
  facet normal 0 0 1
    outer loop
      vertex -1.9542124051813714 1.5 20.5
      vertex 0 32 20.5
      vertex -1.9542124051813714 30.5 20.5
    endloop
  endfacet
  facet normal 0 0 1
    outer loop
      vertex -1.9542124051813714 30.5 20.5
      vertex 0 32 20.5
      vertex -1.924661139210741 30.950865192367587 20.5
    endloop
  endfacet
  facet normal 0 0 1
    outer loop
      vertex -1.924661139210741 30.950865192367587 20.5
      vertex 0 32 20.5
      vertex -1.8365129716527662 31.39401595629032 20.5
    endloop
  endfacet
  facet normal 0 0 1
    outer loop
      vertex -1.8365129716527662 31.39401595629032 20.5
      vertex 0 32 20.5
      vertex -1.6912761420936528 31.82186985933288 20.5
    endloop
  endfacet
  facet normal 0 0 1
    outer loop
      vertex -1.6912761420936528 31.82186985933288 20.5
      vertex 0 32 20.5
      vertex -1.4914356929544141 32.22710620259069 20.5
    endloop
  endfacet
  facet normal 0 0 1
    outer loop
      vertex -1.4914356929544141 32.22710620259069 20.5
      vertex 33.9 33.95421240518137 20.5
      vertex -1.2404109497260625 32.60279127987786 20.5
    endloop
  endfacet
  facet normal 0 0 1
    outer loop
      vertex -1.2404109497260625 32.60279127987786 20.5
      vertex 33.9 33.95421240518137 20.5
      vertex -0.9424970153624421 32.94249701536244 20.5
    endloop
  endfacet
  facet normal 0 0 1
    outer loop
      vertex 0 32 20.5
      vertex 33.9 33.95421240518137 20.5
      vertex -1.4914356929544141 32.22710620259069 20.5
    endloop
  endfacet
  facet normal 0 0 1
    outer loop
      vertex -0.9424970153624421 32.94249701536244 20.5
      vertex 33.9 33.95421240518137 20.5
      vertex -0.6027912798778615 33.24041094972606 20.5
    endloop
  endfacet
  facet normal 0 0 1
    outer loop
      vertex -0.6027912798778615 33.24041094972606 20.5
      vertex 33.9 33.95421240518137 20.5
      vertex -0.2271062025906858 33.49143569295441 20.5
    endloop
  endfacet
  facet normal 0 0 1
    outer loop
      vertex -0.2271062025906858 33.49143569295441 20.5
      vertex 33.9 33.95421240518137 20.5
      vertex 0.17813014066712046 33.691276142093656 20.5
    endloop
  endfacet
  facet normal 0 0 1
    outer loop
      vertex 0.17813014066712046 33.691276142093656 20.5
      vertex 33.9 33.95421240518137 20.5
      vertex 0.6059840437096761 33.836512971652766 20.5
    endloop
  endfacet
  facet normal 0 0 1
    outer loop
      vertex 0.6059840437096761 33.836512971652766 20.5
      vertex 33.9 33.95421240518137 20.5
      vertex 1.0491348076324096 33.92466113921074 20.5
    endloop
  endfacet
  facet normal 0 0 1
    outer loop
      vertex 1.0491348076324096 33.92466113921074 20.5
      vertex 33.9 33.95421240518137 20.5
      vertex 1.5 33.95421240518137 20.5
    endloop
  endfacet
  facet normal 0 0 1
    outer loop
      vertex 1.5 -1.9542124051813714 20.5
      vertex 33.9 -1.9542124051813714 20.5
      vertex 36.64041094972606 -0.6027912798778615 20.5
    endloop
  endfacet
  facet normal 0 0 1
    outer loop
      vertex 1.5 -1.9542124051813714 20.5
      vertex 36.89143569295441 -0.2271062025906858 20.5
      vertex 35.4 0 20.5
    endloop
  endfacet
  facet normal 0 0 1
    outer loop
      vertex 1.5 -1.9542124051813714 20.5
      vertex 36.64041094972606 -0.6027912798778615 20.5
      vertex 36.89143569295441 -0.2271062025906858 20.5
    endloop
  endfacet
  facet normal 0 0 1
    outer loop
      vertex 33.9 -1.9542124051813714 20.5
      vertex 34.350865192367586 -1.924661139210741 20.5
      vertex 36.64041094972606 -0.6027912798778615 20.5
    endloop
  endfacet
  facet normal 0 0 1
    outer loop
      vertex 34.350865192367586 -1.924661139210741 20.5
      vertex 34.79401595629032 -1.8365129716527662 20.5
      vertex 36.64041094972606 -0.6027912798778615 20.5
    endloop
  endfacet
  facet normal 0 0 1
    outer loop
      vertex 34.79401595629032 -1.8365129716527662 20.5
      vertex 35.22186985933288 -1.6912761420936528 20.5
      vertex 36.64041094972606 -0.6027912798778615 20.5
    endloop
  endfacet
  facet normal 0 0 1
    outer loop
      vertex 35.22186985933288 -1.6912761420936528 20.5
      vertex 35.62710620259069 -1.4914356929544141 20.5
      vertex 36.00279127987786 -1.2404109497260625 20.5
    endloop
  endfacet
  facet normal 0 0 1
    outer loop
      vertex 35.22186985933288 -1.6912761420936528 20.5
      vertex 36.00279127987786 -1.2404109497260625 20.5
      vertex 36.34249701536244 -0.9424970153624421 20.5
    endloop
  endfacet
  facet normal 0 0 1
    outer loop
      vertex 35.22186985933288 -1.6912761420936528 20.5
      vertex 36.34249701536244 -0.9424970153624421 20.5
      vertex 36.64041094972606 -0.6027912798778615 20.5
    endloop
  endfacet
  facet normal 0 0 1
    outer loop
      vertex 36.89143569295441 -0.2271062025906858 20.5
      vertex 37.091276142093655 0.17813014066712046 20.5
      vertex 35.4 0 20.5
    endloop
  endfacet
  facet normal 0 0 1
    outer loop
      vertex 35.4 0 20.5
      vertex 37.091276142093655 0.17813014066712046 20.5
      vertex 37.236512971652765 0.6059840437096761 20.5
    endloop
  endfacet
  facet normal 0 0 1
    outer loop
      vertex 35.4 0 20.5
      vertex 37.236512971652765 0.6059840437096761 20.5
      vertex 37.32466113921074 1.0491348076324096 20.5
    endloop
  endfacet
  facet normal 0 0 1
    outer loop
      vertex 35.4 0 20.5
      vertex 37.32466113921074 1.0491348076324096 20.5
      vertex 37.35421240518137 1.5 20.5
    endloop
  endfacet
  facet normal 0 0 1
    outer loop
      vertex 35.4 0 20.5
      vertex 37.35421240518137 1.5 20.5
      vertex 37.35421240518137 30.5 20.5
    endloop
  endfacet
  facet normal 0 0 1
    outer loop
      vertex 0 32 20.5
      vertex 35.4 32 20.5
      vertex 33.9 33.95421240518137 20.5
    endloop
  endfacet
  facet normal 0 0 1
    outer loop
      vertex 35.4 0 20.5
      vertex 37.35421240518137 30.5 20.5
      vertex 37.32466113921074 30.950865192367587 20.5
    endloop
  endfacet
  facet normal 0 0 1
    outer loop
      vertex 35.4 0 20.5
      vertex 36.34249701536244 32.94249701536244 20.5
      vertex 35.4 32 20.5
    endloop
  endfacet
  facet normal 0 0 1
    outer loop
      vertex 35.4 0 20.5
      vertex 37.236512971652765 31.39401595629032 20.5
      vertex 37.091276142093655 31.82186985933288 20.5
    endloop
  endfacet
  facet normal 0 0 1
    outer loop
      vertex 35.4 0 20.5
      vertex 36.89143569295441 32.22710620259069 20.5
      vertex 36.64041094972606 32.60279127987786 20.5
    endloop
  endfacet
  facet normal 0 0 1
    outer loop
      vertex 35.4 0 20.5
      vertex 37.091276142093655 31.82186985933288 20.5
      vertex 36.89143569295441 32.22710620259069 20.5
    endloop
  endfacet
  facet normal 0 0 1
    outer loop
      vertex 35.4 0 20.5
      vertex 36.64041094972606 32.60279127987786 20.5
      vertex 36.34249701536244 32.94249701536244 20.5
    endloop
  endfacet
  facet normal 0 0 1
    outer loop
      vertex 35.4 0 20.5
      vertex 37.32466113921074 30.950865192367587 20.5
      vertex 37.236512971652765 31.39401595629032 20.5
    endloop
  endfacet
  facet normal 0 0 1
    outer loop
      vertex 33.9 33.95421240518137 20.5
      vertex 35.4 32 20.5
      vertex 34.350865192367586 33.92466113921074 20.5
    endloop
  endfacet
  facet normal 0 0 1
    outer loop
      vertex 34.350865192367586 33.92466113921074 20.5
      vertex 35.4 32 20.5
      vertex 34.79401595629032 33.836512971652766 20.5
    endloop
  endfacet
  facet normal 0 0 1
    outer loop
      vertex 34.79401595629032 33.836512971652766 20.5
      vertex 35.4 32 20.5
      vertex 35.22186985933288 33.691276142093656 20.5
    endloop
  endfacet
  facet normal 0 0 1
    outer loop
      vertex 35.4 32 20.5
      vertex 36.34249701536244 32.94249701536244 20.5
      vertex 36.00279127987786 33.24041094972606 20.5
    endloop
  endfacet
  facet normal 0 0 1
    outer loop
      vertex 35.4 32 20.5
      vertex 36.00279127987786 33.24041094972606 20.5
      vertex 35.62710620259069 33.49143569295441 20.5
    endloop
  endfacet
  facet normal 0 0 1
    outer loop
      vertex 35.22186985933288 33.691276142093656 20.5
      vertex 35.4 32 20.5
      vertex 35.62710620259069 33.49143569295441 20.5
    endloop
  endfacet
  facet normal 0.6593458151000733 0 0.7518398074789734
    outer loop
      vertex 22.3042294277843 32 13.371963987475775
      vertex 22.3042294277843 32.6 13.371963987475775
      vertex 22.127207793864212 32 13.527207793864214
    endloop
  endfacet
  facet normal 0.5555702330196026 0 0.8314696123025451
    outer loop
      vertex 22.3042294277843 32 13.371963987475775
      vertex 22.499999999999996 32.6 13.241154273188009
      vertex 22.3042294277843 32.6 13.371963987475775
    endloop
  endfacet
  facet normal 0.5555702330196026 0 0.8314696123025451
    outer loop
      vertex 22.3042294277843 32 13.371963987475775
      vertex 22.499999999999996 32 13.241154273188009
      vertex 22.499999999999996 32.6 13.241154273188009
    endloop
  endfacet
  facet normal 0.4422886902189971 0 0.8968727415326904
    outer loop
      vertex 22.499999999999996 32 13.241154273188009
      vertex 22.711169821742835 32.6 13.137016841479683
      vertex 22.499999999999996 32.6 13.241154273188009
    endloop
  endfacet
  facet normal 0.4422886902189971 0 0.8968727415326904
    outer loop
      vertex 22.499999999999996 32 13.241154273188009
      vertex 22.711169821742835 32 13.137016841479683
      vertex 22.711169821742835 32.6 13.137016841479683
    endloop
  endfacet
  facet normal 0.7518398074789773 0 0.6593458151000691
    outer loop
      vertex 21.971963987475775 32 13.704229427784302
      vertex 22.127207793864212 32 13.527207793864214
      vertex 22.127207793864212 32.6 13.527207793864214
    endloop
  endfacet
  facet normal 0.7518398074789773 0 0.6593458151000691
    outer loop
      vertex 21.971963987475775 32 13.704229427784302
      vertex 22.127207793864212 32.6 13.527207793864214
      vertex 21.971963987475775 32.6 13.704229427784302
    endloop
  endfacet
  facet normal 0.8314696123025415 0 0.5555702330196077
    outer loop
      vertex 21.971963987475775 32 13.704229427784302
      vertex 21.971963987475775 32.6 13.704229427784302
      vertex 21.841154273188007 32 13.899999999999999
    endloop
  endfacet
  facet normal 0.8968727415326874 0 0.44228869021900313
    outer loop
      vertex 21.73701684147968 32 14.111169821742838
      vertex 21.841154273188007 32.6 13.899999999999999
      vertex 21.73701684147968 32.6 14.111169821742838
    endloop
  endfacet
  facet normal 0.8968727415326874 0 0.44228869021900313
    outer loop
      vertex 21.73701684147968 32 14.111169821742838
      vertex 21.841154273188007 32 13.899999999999999
      vertex 21.841154273188007 32.6 13.899999999999999
    endloop
  endfacet
  facet normal 0.8314696123025415 0 0.5555702330196077
    outer loop
      vertex 21.841154273188007 32 13.899999999999999
      vertex 21.971963987475775 32.6 13.704229427784302
      vertex 21.841154273188007 32.6 13.899999999999999
    endloop
  endfacet
  facet normal 0.6593458151000733 0 0.7518398074789734
    outer loop
      vertex 22.127207793864212 32 13.527207793864214
      vertex 22.3042294277843 32.6 13.371963987475775
      vertex 22.127207793864212 32.6 13.527207793864214
    endloop
  endfacet
  facet normal 0.9469301294951089 0 0.32143946530315193
    outer loop
      vertex 21.73701684147968 32 14.111169821742838
      vertex 21.73701684147968 32.6 14.111169821742838
      vertex 21.661333512679676 32 14.33412571881546
    endloop
  endfacet
  facet normal 0.9469301294951089 0 0.32143946530315193
    outer loop
      vertex 21.661333512679676 32 14.33412571881546
      vertex 21.73701684147968 32.6 14.111169821742838
      vertex 21.661333512679676 32.6 14.33412571881546
    endloop
  endfacet
  facet normal 0.980785280403228 0 0.19509032201614016
    outer loop
      vertex 21.615399249527137 32 14.565052854003905
      vertex 21.661333512679676 32.6 14.33412571881546
      vertex 21.615399249527137 32.6 14.565052854003905
    endloop
  endfacet
  facet normal 0.980785280403228 0 0.19509032201614016
    outer loop
      vertex 21.661333512679676 32 14.33412571881546
      vertex 21.661333512679676 32.6 14.33412571881546
      vertex 21.615399249527137 32 14.565052854003905
    endloop
  endfacet
  facet normal 0.997858923238604 0 0.06540312923013289
    outer loop
      vertex 21.615399249527137 32 14.565052854003905
      vertex 21.615399249527137 32.6 14.565052854003905
      vertex 21.599999999999998 32 14.799999999999999
    endloop
  endfacet
  facet normal 0.997858923238604 0 0.06540312923013289
    outer loop
      vertex 21.599999999999998 32 14.799999999999999
      vertex 21.615399249527137 32.6 14.565052854003905
      vertex 21.599999999999998 32.6 14.799999999999999
    endloop
  endfacet
  facet normal 0.3214394653031655 0 0.9469301294951044
    outer loop
      vertex 22.711169821742835 32 13.137016841479683
      vertex 22.93412571881546 32 13.061333512679676
      vertex 22.93412571881546 32.6 13.061333512679676
    endloop
  endfacet
  facet normal 0.3214394653031655 0 0.9469301294951044
    outer loop
      vertex 22.711169821742835 32 13.137016841479683
      vertex 22.93412571881546 32.6 13.061333512679676
      vertex 22.711169821742835 32.6 13.137016841479683
    endloop
  endfacet
  facet normal 0.19509032201612564 0 0.9807852804032309
    outer loop
      vertex 22.93412571881546 32 13.061333512679676
      vertex 23.165052854003903 32.6 13.01539924952714
      vertex 22.93412571881546 32.6 13.061333512679676
    endloop
  endfacet
  facet normal 0.19509032201612564 0 0.9807852804032309
    outer loop
      vertex 22.93412571881546 32 13.061333512679676
      vertex 23.165052854003903 32 13.01539924952714
      vertex 23.165052854003903 32.6 13.01539924952714
    endloop
  endfacet
  facet normal 0.06540312923014742 0 0.9978589232386033
    outer loop
      vertex 23.165052854003903 32 13.01539924952714
      vertex 23.4 32 12.999999999999998
      vertex 23.4 32.6 12.999999999999998
    endloop
  endfacet
  facet normal 0.06540312923014742 0 0.9978589232386033
    outer loop
      vertex 23.165052854003903 32 13.01539924952714
      vertex 23.4 32.6 12.999999999999998
      vertex 23.165052854003903 32.6 13.01539924952714
    endloop
  endfacet
  facet normal 0 0 1
    outer loop
      vertex 23.4 32 12.999999999999998
      vertex 29.199999999999996 32.6 12.999999999999998
      vertex 23.4 32.6 12.999999999999998
    endloop
  endfacet
  facet normal 0 0 1
    outer loop
      vertex 23.4 32 12.999999999999998
      vertex 29.199999999999996 32 12.999999999999998
      vertex 29.199999999999996 32.6 12.999999999999998
    endloop
  endfacet
  facet normal 0.997858923238604 0 -0.06540312923013289
    outer loop
      vertex 21.599999999999998 32 14.799999999999999
      vertex 21.599999999999998 32.6 14.799999999999999
      vertex 21.615399249527137 32 15.034947145996092
    endloop
  endfacet
  facet normal 0.997858923238604 0 -0.06540312923013289
    outer loop
      vertex 21.599999999999998 32.6 14.799999999999999
      vertex 21.615399249527137 32.6 15.034947145996092
      vertex 21.615399249527137 32 15.034947145996092
    endloop
  endfacet
  facet normal 0.980785280403228 0 -0.19509032201614016
    outer loop
      vertex 21.615399249527137 32 15.034947145996092
      vertex 21.615399249527137 32.6 15.034947145996092
      vertex 21.661333512679676 32 15.265874281184537
    endloop
  endfacet
  facet normal 0.980785280403228 0 -0.19509032201614016
    outer loop
      vertex 21.661333512679676 32 15.265874281184537
      vertex 21.615399249527137 32.6 15.034947145996092
      vertex 21.661333512679676 32.6 15.265874281184537
    endloop
  endfacet
  facet normal 0.9469301294951089 0 -0.32143946530315193
    outer loop
      vertex 21.661333512679676 32 15.265874281184537
      vertex 21.661333512679676 32.6 15.265874281184537
      vertex 21.73701684147968 32 15.48883017825716
    endloop
  endfacet
  facet normal 0.8968727415326874 0 -0.44228869021900313
    outer loop
      vertex 21.73701684147968 32 15.48883017825716
      vertex 21.73701684147968 32.6 15.48883017825716
      vertex 21.841154273188007 32 15.7
    endloop
  endfacet
  facet normal 0.9469301294951089 0 -0.32143946530315193
    outer loop
      vertex 21.73701684147968 32 15.48883017825716
      vertex 21.661333512679676 32.6 15.265874281184537
      vertex 21.73701684147968 32.6 15.48883017825716
    endloop
  endfacet
  facet normal 0.8968727415326874 0 -0.44228869021900313
    outer loop
      vertex 21.841154273188007 32 15.7
      vertex 21.73701684147968 32.6 15.48883017825716
      vertex 21.841154273188007 32.6 15.7
    endloop
  endfacet
  facet normal 0.8314696123025415 0 -0.5555702330196077
    outer loop
      vertex 21.841154273188007 32 15.7
      vertex 21.841154273188007 32.6 15.7
      vertex 21.971963987475775 32 15.895770572215696
    endloop
  endfacet
  facet normal 0.8314696123025415 0 -0.5555702330196077
    outer loop
      vertex 21.971963987475775 32 15.895770572215696
      vertex 21.841154273188007 32.6 15.7
      vertex 21.971963987475775 32.6 15.895770572215696
    endloop
  endfacet
  facet normal 0.7518398074789773 0 -0.6593458151000691
    outer loop
      vertex 21.971963987475775 32 15.895770572215696
      vertex 21.971963987475775 32.6 15.895770572215696
      vertex 22.127207793864212 32 16.072792206135784
    endloop
  endfacet
  facet normal 0.7518398074789773 0 -0.6593458151000691
    outer loop
      vertex 22.127207793864212 32 16.072792206135784
      vertex 21.971963987475775 32.6 15.895770572215696
      vertex 22.127207793864212 32.6 16.072792206135784
    endloop
  endfacet
  facet normal 0.6593458151000691 0 -0.7518398074789773
    outer loop
      vertex 22.127207793864212 32 16.072792206135784
      vertex 22.127207793864212 32.6 16.072792206135784
      vertex 22.3042294277843 32 16.22803601252422
    endloop
  endfacet
  facet normal 0.6593458151000691 0 -0.7518398074789773
    outer loop
      vertex 22.3042294277843 32 16.22803601252422
      vertex 22.127207793864212 32.6 16.072792206135784
      vertex 22.3042294277843 32.6 16.22803601252422
    endloop
  endfacet
  facet normal 0.5555702330196077 0 -0.8314696123025415
    outer loop
      vertex 22.3042294277843 32 16.22803601252422
      vertex 22.3042294277843 32.6 16.22803601252422
      vertex 22.499999999999996 32 16.35884572681199
    endloop
  endfacet
  facet normal 0.44228869021900313 0 -0.8968727415326874
    outer loop
      vertex 22.499999999999996 32 16.35884572681199
      vertex 22.499999999999996 32.6 16.35884572681199
      vertex 22.711169821742835 32 16.462983158520316
    endloop
  endfacet
  facet normal 0.5555702330196077 0 -0.8314696123025415
    outer loop
      vertex 22.499999999999996 32 16.35884572681199
      vertex 22.3042294277843 32.6 16.22803601252422
      vertex 22.499999999999996 32.6 16.35884572681199
    endloop
  endfacet
  facet normal 0.44228869021900313 0 -0.8968727415326874
    outer loop
      vertex 22.711169821742835 32 16.462983158520316
      vertex 22.499999999999996 32.6 16.35884572681199
      vertex 22.711169821742835 32.6 16.462983158520316
    endloop
  endfacet
  facet normal 0.32143946530315193 0 -0.9469301294951089
    outer loop
      vertex 22.711169821742835 32 16.462983158520316
      vertex 22.711169821742835 32.6 16.462983158520316
      vertex 22.93412571881546 32 16.53866648732032
    endloop
  endfacet
  facet normal 0.32143946530315193 0 -0.9469301294951089
    outer loop
      vertex 22.711169821742835 32.6 16.462983158520316
      vertex 22.93412571881546 32.6 16.53866648732032
      vertex 22.93412571881546 32 16.53866648732032
    endloop
  endfacet
  facet normal 0.19509032201614016 0 -0.980785280403228
    outer loop
      vertex 22.93412571881546 32 16.53866648732032
      vertex 22.93412571881546 32.6 16.53866648732032
      vertex 23.165052854003903 32 16.58460075047286
    endloop
  endfacet
  facet normal 0.19509032201614016 0 -0.980785280403228
    outer loop
      vertex 23.165052854003903 32 16.58460075047286
      vertex 22.93412571881546 32.6 16.53866648732032
      vertex 23.165052854003903 32.6 16.58460075047286
    endloop
  endfacet
  facet normal 0.06540312923013239 0 -0.997858923238604
    outer loop
      vertex 23.165052854003903 32 16.58460075047286
      vertex 23.165052854003903 32.6 16.58460075047286
      vertex 23.4 32 16.599999999999998
    endloop
  endfacet
  facet normal 0.06540312923013239 0 -0.997858923238604
    outer loop
      vertex 23.4 32 16.599999999999998
      vertex 23.165052854003903 32.6 16.58460075047286
      vertex 23.4 32.6 16.599999999999998
    endloop
  endfacet
  facet normal 0 0 -1
    outer loop
      vertex 23.4 32 16.599999999999998
      vertex 23.4 32.6 16.599999999999998
      vertex 29.199999999999996 32 16.599999999999998
    endloop
  endfacet
  facet normal 0 0 -1
    outer loop
      vertex 23.4 32.6 16.599999999999998
      vertex 29.199999999999996 32.6 16.599999999999998
      vertex 29.199999999999996 32 16.599999999999998
    endloop
  endfacet
  facet normal -0.06540312923014742 0 0.9978589232386033
    outer loop
      vertex 29.199999999999996 32 12.999999999999998
      vertex 29.43494714599609 32 13.01539924952714
      vertex 29.43494714599609 32.6 13.01539924952714
    endloop
  endfacet
  facet normal -0.06540312923014742 0 0.9978589232386033
    outer loop
      vertex 29.199999999999996 32 12.999999999999998
      vertex 29.43494714599609 32.6 13.01539924952714
      vertex 29.199999999999996 32.6 12.999999999999998
    endloop
  endfacet
  facet normal -0.19509032201612564 0 0.9807852804032309
    outer loop
      vertex 29.43494714599609 32 13.01539924952714
      vertex 29.665874281184536 32.6 13.061333512679676
      vertex 29.43494714599609 32.6 13.01539924952714
    endloop
  endfacet
  facet normal -0.19509032201612564 0 0.9807852804032309
    outer loop
      vertex 29.43494714599609 32 13.01539924952714
      vertex 29.665874281184536 32 13.061333512679676
      vertex 29.665874281184536 32.6 13.061333512679676
    endloop
  endfacet
  facet normal -0.3214394653031655 0 0.9469301294951044
    outer loop
      vertex 29.665874281184536 32 13.061333512679676
      vertex 29.88883017825716 32 13.137016841479683
      vertex 29.88883017825716 32.6 13.137016841479683
    endloop
  endfacet
  facet normal -0.3214394653031655 0 0.9469301294951044
    outer loop
      vertex 29.665874281184536 32 13.061333512679676
      vertex 29.88883017825716 32.6 13.137016841479683
      vertex 29.665874281184536 32.6 13.061333512679676
    endloop
  endfacet
  facet normal -0.4422886902189971 0 0.8968727415326904
    outer loop
      vertex 29.88883017825716 32 13.137016841479683
      vertex 30.099999999999998 32.6 13.241154273188009
      vertex 29.88883017825716 32.6 13.137016841479683
    endloop
  endfacet
  facet normal -0.4422886902189971 0 0.8968727415326904
    outer loop
      vertex 29.88883017825716 32 13.137016841479683
      vertex 30.099999999999998 32 13.241154273188009
      vertex 30.099999999999998 32.6 13.241154273188009
    endloop
  endfacet
  facet normal -0.5555702330196026 0 0.8314696123025451
    outer loop
      vertex 30.099999999999998 32 13.241154273188009
      vertex 30.295770572215694 32.6 13.371963987475775
      vertex 30.099999999999998 32.6 13.241154273188009
    endloop
  endfacet
  facet normal -0.5555702330196026 0 0.8314696123025451
    outer loop
      vertex 30.099999999999998 32 13.241154273188009
      vertex 30.295770572215694 32 13.371963987475775
      vertex 30.295770572215694 32.6 13.371963987475775
    endloop
  endfacet
  facet normal -0.6593458151000733 0 0.7518398074789734
    outer loop
      vertex 30.295770572215694 32 13.371963987475775
      vertex 30.472792206135782 32.6 13.527207793864214
      vertex 30.295770572215694 32.6 13.371963987475775
    endloop
  endfacet
  facet normal -0.6593458151000733 0 0.7518398074789734
    outer loop
      vertex 30.295770572215694 32 13.371963987475775
      vertex 30.472792206135782 32 13.527207793864214
      vertex 30.472792206135782 32.6 13.527207793864214
    endloop
  endfacet
  facet normal -0.7518398074789773 0 0.6593458151000691
    outer loop
      vertex 30.472792206135782 32 13.527207793864214
      vertex 30.62803601252422 32 13.704229427784302
      vertex 30.62803601252422 32.6 13.704229427784302
    endloop
  endfacet
  facet normal -0.7518398074789773 0 0.6593458151000691
    outer loop
      vertex 30.472792206135782 32 13.527207793864214
      vertex 30.62803601252422 32.6 13.704229427784302
      vertex 30.472792206135782 32.6 13.527207793864214
    endloop
  endfacet
  facet normal -0.8314696123025415 0 0.5555702330196077
    outer loop
      vertex 30.62803601252422 32 13.704229427784302
      vertex 30.758845726811987 32.6 13.899999999999999
      vertex 30.62803601252422 32.6 13.704229427784302
    endloop
  endfacet
  facet normal -0.8314696123025415 0 0.5555702330196077
    outer loop
      vertex 30.62803601252422 32 13.704229427784302
      vertex 30.758845726811987 32 13.899999999999999
      vertex 30.758845726811987 32.6 13.899999999999999
    endloop
  endfacet
  facet normal -0.8968727415326874 0 0.44228869021900313
    outer loop
      vertex 30.758845726811987 32 13.899999999999999
      vertex 30.862983158520315 32.6 14.111169821742838
      vertex 30.758845726811987 32.6 13.899999999999999
    endloop
  endfacet
  facet normal -0.8968727415326874 0 0.44228869021900313
    outer loop
      vertex 30.758845726811987 32 13.899999999999999
      vertex 30.862983158520315 32 14.111169821742838
      vertex 30.862983158520315 32.6 14.111169821742838
    endloop
  endfacet
  facet normal -0.9469301294951089 0 0.32143946530315193
    outer loop
      vertex 30.862983158520315 32 14.111169821742838
      vertex 30.93866648732032 32 14.33412571881546
      vertex 30.93866648732032 32.6 14.33412571881546
    endloop
  endfacet
  facet normal -0.9469301294951089 0 0.32143946530315193
    outer loop
      vertex 30.862983158520315 32 14.111169821742838
      vertex 30.93866648732032 32.6 14.33412571881546
      vertex 30.862983158520315 32.6 14.111169821742838
    endloop
  endfacet
  facet normal -0.980785280403228 0 0.19509032201614016
    outer loop
      vertex 30.93866648732032 32 14.33412571881546
      vertex 30.984600750472858 32 14.565052854003905
      vertex 30.984600750472858 32.6 14.565052854003905
    endloop
  endfacet
  facet normal -0.980785280403228 0 0.19509032201614016
    outer loop
      vertex 30.93866648732032 32 14.33412571881546
      vertex 30.984600750472858 32.6 14.565052854003905
      vertex 30.93866648732032 32.6 14.33412571881546
    endloop
  endfacet
  facet normal -0.997858923238604 0 0.06540312923013289
    outer loop
      vertex 30.984600750472858 32 14.565052854003905
      vertex 30.999999999999996 32.6 14.799999999999999
      vertex 30.984600750472858 32.6 14.565052854003905
    endloop
  endfacet
  facet normal -0.997858923238604 0 0.06540312923013289
    outer loop
      vertex 30.984600750472858 32 14.565052854003905
      vertex 30.999999999999996 32 14.799999999999999
      vertex 30.999999999999996 32.6 14.799999999999999
    endloop
  endfacet
  facet normal -0.5555702330196077 0 -0.8314696123025415
    outer loop
      vertex 30.295770572215694 32 16.22803601252422
      vertex 30.099999999999998 32.6 16.35884572681199
      vertex 30.295770572215694 32.6 16.22803601252422
    endloop
  endfacet
  facet normal -0.06540312923013239 0 -0.997858923238604
    outer loop
      vertex 29.199999999999996 32 16.599999999999998
      vertex 29.199999999999996 32.6 16.599999999999998
      vertex 29.43494714599609 32 16.58460075047286
    endloop
  endfacet
  facet normal -0.06540312923013239 0 -0.997858923238604
    outer loop
      vertex 29.43494714599609 32 16.58460075047286
      vertex 29.199999999999996 32.6 16.599999999999998
      vertex 29.43494714599609 32.6 16.58460075047286
    endloop
  endfacet
  facet normal -0.19509032201614016 0 -0.980785280403228
    outer loop
      vertex 29.43494714599609 32 16.58460075047286
      vertex 29.43494714599609 32.6 16.58460075047286
      vertex 29.665874281184536 32 16.53866648732032
    endloop
  endfacet
  facet normal -0.19509032201614016 0 -0.980785280403228
    outer loop
      vertex 29.665874281184536 32 16.53866648732032
      vertex 29.43494714599609 32.6 16.58460075047286
      vertex 29.665874281184536 32.6 16.53866648732032
    endloop
  endfacet
  facet normal -0.44228869021900313 0 -0.8968727415326874
    outer loop
      vertex 29.88883017825716 32 16.462983158520316
      vertex 29.88883017825716 32.6 16.462983158520316
      vertex 30.099999999999998 32 16.35884572681199
    endloop
  endfacet
  facet normal -0.32143946530315193 0 -0.9469301294951089
    outer loop
      vertex 29.665874281184536 32 16.53866648732032
      vertex 29.665874281184536 32.6 16.53866648732032
      vertex 29.88883017825716 32 16.462983158520316
    endloop
  endfacet
  facet normal -0.32143946530315193 0 -0.9469301294951089
    outer loop
      vertex 29.88883017825716 32 16.462983158520316
      vertex 29.665874281184536 32.6 16.53866648732032
      vertex 29.88883017825716 32.6 16.462983158520316
    endloop
  endfacet
  facet normal -0.44228869021900313 0 -0.8968727415326874
    outer loop
      vertex 30.099999999999998 32 16.35884572681199
      vertex 29.88883017825716 32.6 16.462983158520316
      vertex 30.099999999999998 32.6 16.35884572681199
    endloop
  endfacet
  facet normal -0.5555702330196077 0 -0.8314696123025415
    outer loop
      vertex 30.295770572215694 32 16.22803601252422
      vertex 30.099999999999998 32 16.35884572681199
      vertex 30.099999999999998 32.6 16.35884572681199
    endloop
  endfacet
  facet normal -0.9469301294951089 0 -0.32143946530315193
    outer loop
      vertex 30.93866648732032 32 15.265874281184537
      vertex 30.862983158520315 32.6 15.48883017825716
      vertex 30.93866648732032 32.6 15.265874281184537
    endloop
  endfacet
  facet normal -0.9469301294951089 0 -0.32143946530315193
    outer loop
      vertex 30.93866648732032 32 15.265874281184537
      vertex 30.862983158520315 32 15.48883017825716
      vertex 30.862983158520315 32.6 15.48883017825716
    endloop
  endfacet
  facet normal -0.8968727415326874 0 -0.44228869021900313
    outer loop
      vertex 30.862983158520315 32 15.48883017825716
      vertex 30.758845726811987 32.6 15.7
      vertex 30.862983158520315 32.6 15.48883017825716
    endloop
  endfacet
  facet normal -0.997858923238604 0 -0.06540312923013289
    outer loop
      vertex 30.999999999999996 32 14.799999999999999
      vertex 30.984600750472858 32 15.034947145996092
      vertex 30.984600750472858 32.6 15.034947145996092
    endloop
  endfacet
  facet normal -0.997858923238604 0 -0.06540312923013289
    outer loop
      vertex 30.999999999999996 32 14.799999999999999
      vertex 30.984600750472858 32.6 15.034947145996092
      vertex 30.999999999999996 32.6 14.799999999999999
    endloop
  endfacet
  facet normal -0.980785280403228 0 -0.19509032201614016
    outer loop
      vertex 30.93866648732032 32 15.265874281184537
      vertex 30.93866648732032 32.6 15.265874281184537
      vertex 30.984600750472858 32 15.034947145996092
    endloop
  endfacet
  facet normal -0.980785280403228 0 -0.19509032201614016
    outer loop
      vertex 30.984600750472858 32 15.034947145996092
      vertex 30.93866648732032 32.6 15.265874281184537
      vertex 30.984600750472858 32.6 15.034947145996092
    endloop
  endfacet
  facet normal -0.8968727415326874 0 -0.44228869021900313
    outer loop
      vertex 30.862983158520315 32 15.48883017825716
      vertex 30.758845726811987 32 15.7
      vertex 30.758845726811987 32.6 15.7
    endloop
  endfacet
  facet normal -0.8314696123025415 0 -0.5555702330196077
    outer loop
      vertex 30.62803601252422 32 15.895770572215696
      vertex 30.62803601252422 32.6 15.895770572215696
      vertex 30.758845726811987 32 15.7
    endloop
  endfacet
  facet normal -0.8314696123025415 0 -0.5555702330196077
    outer loop
      vertex 30.758845726811987 32 15.7
      vertex 30.62803601252422 32.6 15.895770572215696
      vertex 30.758845726811987 32.6 15.7
    endloop
  endfacet
  facet normal -0.7518398074789773 0 -0.6593458151000691
    outer loop
      vertex 30.62803601252422 32 15.895770572215696
      vertex 30.472792206135782 32 16.072792206135784
      vertex 30.472792206135782 32.6 16.072792206135784
    endloop
  endfacet
  facet normal -0.7518398074789773 0 -0.6593458151000691
    outer loop
      vertex 30.62803601252422 32 15.895770572215696
      vertex 30.472792206135782 32.6 16.072792206135784
      vertex 30.62803601252422 32.6 15.895770572215696
    endloop
  endfacet
  facet normal -0.6593458151000691 0 -0.7518398074789773
    outer loop
      vertex 30.295770572215694 32 16.22803601252422
      vertex 30.295770572215694 32.6 16.22803601252422
      vertex 30.472792206135782 32 16.072792206135784
    endloop
  endfacet
  facet normal -0.6593458151000691 0 -0.7518398074789773
    outer loop
      vertex 30.295770572215694 32.6 16.22803601252422
      vertex 30.472792206135782 32.6 16.072792206135784
      vertex 30.472792206135782 32 16.072792206135784
    endloop
  endfacet
  facet normal 0 1 0
    outer loop
      vertex 21.369334998469476 32.6 12.023263308980676
      vertex 22.160607986722184 32.6 11.566421636210496
      vertex 21.749999999999996 32.6 11.768911086754464
    endloop
  endfacet
  facet normal 0 1 0
    outer loop
      vertex 21.369334998469476 32.6 12.023263308980676
      vertex 21.02512626584708 32.6 12.325126265847082
      vertex 22.160607986722184 32.6 11.566421636210496
    endloop
  endfacet
  facet normal 0.44228869021899986 0 0.896872741532689
    outer loop
      vertex 21.749999999999996 32.6 11.768911086754464
      vertex 22.160607986722184 32.6 11.566421636210496
      vertex 22.160607986722184 34.49143569295441 11.566421636210496
    endloop
  endfacet
  facet normal 0.5555702330196033 0 0.8314696123025445
    outer loop
      vertex 21.369334998469476 32.6 12.023263308980676
      vertex 21.749999999999996 32.6 11.768911086754464
      vertex 21.749999999999996 34.49143569295441 11.768911086754464
    endloop
  endfacet
  facet normal 0 1 0
    outer loop
      vertex 22.160607986722184 32.6 11.566421636210496
      vertex 21.02512626584708 32.6 12.325126265847082
      vertex 23.499999999999996 32.6 11.299999999999999
    endloop
  endfacet
  facet normal 0.3214394653031656 0 0.9469301294951044
    outer loop
      vertex 22.160607986722184 32.6 11.566421636210496
      vertex 22.594133342141173 32.6 11.41925960798826
      vertex 22.594133342141173 34.49143569295441 11.41925960798826
    endloop
  endfacet
  facet normal 0.44228869021899986 0 0.896872741532689
    outer loop
      vertex 21.749999999999996 32.6 11.768911086754464
      vertex 22.160607986722184 34.49143569295441 11.566421636210496
      vertex 21.749999999999996 34.49143569295441 11.768911086754464
    endloop
  endfacet
  facet normal 0.5555702330196033 0 0.8314696123025445
    outer loop
      vertex 21.369334998469476 32.6 12.023263308980676
      vertex 21.749999999999996 34.49143569295441 11.768911086754464
      vertex 21.369334998469476 34.49143569295441 12.023263308980676
    endloop
  endfacet
  facet normal 0.3214394653031656 0 0.9469301294951044
    outer loop
      vertex 22.160607986722184 32.6 11.566421636210496
      vertex 22.594133342141173 34.49143569295441 11.41925960798826
      vertex 22.160607986722184 34.49143569295441 11.566421636210496
    endloop
  endfacet
  facet normal 0.1950903220161255 0 0.980785280403231
    outer loop
      vertex 22.594133342141173 32.6 11.41925960798826
      vertex 23.04315832722982 34.49143569295441 11.329942985191662
      vertex 22.594133342141173 34.49143569295441 11.41925960798826
    endloop
  endfacet
  facet normal 0 1 0
    outer loop
      vertex 20.11925960798826 32.6 13.894133342141176
      vertex 20.02994298519166 32.6 14.343158327229819
      vertex 20.266421636210495 32.6 13.460607986722184
    endloop
  endfacet
  facet normal 0.9469301294951048 0 0.3214394653031644
    outer loop
      vertex 20.11925960798826 32.6 13.894133342141176
      vertex 20.266421636210495 32.6 13.460607986722184
      vertex 20.266421636210495 34.49143569295441 13.460607986722184
    endloop
  endfacet
  facet normal 0.9807852804032302 0 0.19509032201613
    outer loop
      vertex 20.11925960798826 32.6 13.894133342141176
      vertex 20.11925960798826 34.49143569295441 13.894133342141176
      vertex 20.02994298519166 32.6 14.343158327229819
    endloop
  endfacet
  facet normal 0 1 0
    outer loop
      vertex 20.02994298519166 32.6 14.343158327229819
      vertex 19.999999999999996 32.6 14.799999999999999
      vertex 20.266421636210495 32.6 13.460607986722184
    endloop
  endfacet
  facet normal 0.9978589232386036 0 0.06540312923014303
    outer loop
      vertex 20.02994298519166 32.6 14.343158327229819
      vertex 20.02994298519166 34.49143569295441 14.343158327229819
      vertex 19.999999999999996 32.6 14.799999999999999
    endloop
  endfacet
  facet normal 0.9469301294951048 0 0.3214394653031644
    outer loop
      vertex 20.11925960798826 32.6 13.894133342141176
      vertex 20.266421636210495 34.49143569295441 13.460607986722184
      vertex 20.11925960798826 34.49143569295441 13.894133342141176
    endloop
  endfacet
  facet normal 0.9807852804032302 0 0.19509032201613
    outer loop
      vertex 20.02994298519166 32.6 14.343158327229819
      vertex 20.11925960798826 34.49143569295441 13.894133342141176
      vertex 20.02994298519166 34.49143569295441 14.343158327229819
    endloop
  endfacet
  facet normal 0.9978589232386036 0 0.06540312923014303
    outer loop
      vertex 19.999999999999996 32.6 14.799999999999999
      vertex 20.02994298519166 34.49143569295441 14.343158327229819
      vertex 19.999999999999996 34.49143569295441 14.799999999999999
    endloop
  endfacet
  facet normal 0.6593458151000676 0 0.7518398074789785
    outer loop
      vertex 21.369334998469476 32.6 12.023263308980676
      vertex 21.369334998469476 34.49143569295441 12.023263308980676
      vertex 21.02512626584708 32.6 12.325126265847082
    endloop
  endfacet
  facet normal 0.7518398074789765 0 0.65934581510007
    outer loop
      vertex 20.723263308980673 32.6 12.669334998469477
      vertex 21.02512626584708 32.6 12.325126265847082
      vertex 21.02512626584708 34.49143569295441 12.325126265847082
    endloop
  endfacet
  facet normal 0 1 0
    outer loop
      vertex 20.723263308980673 32.6 12.669334998469477
      vertex 20.46891108675446 32.6 13.049999999999999
      vertex 20.266421636210495 32.6 13.460607986722184
    endloop
  endfacet
  facet normal 0 1 0
    outer loop
      vertex 20.723263308980673 32.6 12.669334998469477
      vertex 20.266421636210495 32.6 13.460607986722184
      vertex 21.02512626584708 32.6 12.325126265847082
    endloop
  endfacet
  facet normal 0.8314696123025439 0 0.5555702330196043
    outer loop
      vertex 20.723263308980673 32.6 12.669334998469477
      vertex 20.723263308980673 34.49143569295441 12.669334998469477
      vertex 20.46891108675446 32.6 13.049999999999999
    endloop
  endfacet
  facet normal 0.8968727415326914 0 0.44228869021899514
    outer loop
      vertex 20.46891108675446 32.6 13.049999999999999
      vertex 20.46891108675446 34.49143569295441 13.049999999999999
      vertex 20.266421636210495 32.6 13.460607986722184
    endloop
  endfacet
  facet normal 0.7518398074789765 0 0.65934581510007
    outer loop
      vertex 20.723263308980673 32.6 12.669334998469477
      vertex 21.02512626584708 34.49143569295441 12.325126265847082
      vertex 20.723263308980673 34.49143569295441 12.669334998469477
    endloop
  endfacet
  facet normal 0.6593458151000676 0 0.7518398074789785
    outer loop
      vertex 21.369334998469476 34.49143569295441 12.023263308980676
      vertex 21.02512626584708 34.49143569295441 12.325126265847082
      vertex 21.02512626584708 32.6 12.325126265847082
    endloop
  endfacet
  facet normal 0.8314696123025439 0 0.5555702330196043
    outer loop
      vertex 20.46891108675446 32.6 13.049999999999999
      vertex 20.723263308980673 34.49143569295441 12.669334998469477
      vertex 20.46891108675446 34.49143569295441 13.049999999999999
    endloop
  endfacet
  facet normal 0.8968727415326914 0 0.44228869021899514
    outer loop
      vertex 20.266421636210495 32.6 13.460607986722184
      vertex 20.46891108675446 34.49143569295441 13.049999999999999
      vertex 20.266421636210495 34.49143569295441 13.460607986722184
    endloop
  endfacet
  facet normal 0 1 0
    outer loop
      vertex 19.999999999999996 32.6 14.799999999999999
      vertex 23.499999999999996 32.6 11.299999999999999
      vertex 21.02512626584708 32.6 12.325126265847082
    endloop
  endfacet
  facet normal 0 1 0
    outer loop
      vertex 19.999999999999996 32.6 14.799999999999999
      vertex 22.499999999999996 32.6 13.241154273188009
      vertex 23.499999999999996 32.6 11.299999999999999
    endloop
  endfacet
  facet normal 0 1 0
    outer loop
      vertex 19.999999999999996 32.6 14.799999999999999
      vertex 21.02512626584708 32.6 12.325126265847082
      vertex 20.266421636210495 32.6 13.460607986722184
    endloop
  endfacet
  facet normal 0 1 0
    outer loop
      vertex 19.999999999999996 32.6 14.799999999999999
      vertex 22.127207793864212 32.6 13.527207793864214
      vertex 22.3042294277843 32.6 13.371963987475775
    endloop
  endfacet
  facet normal 0 1 0
    outer loop
      vertex 19.999999999999996 32.6 14.799999999999999
      vertex 21.841154273188007 32.6 13.899999999999999
      vertex 21.971963987475775 32.6 13.704229427784302
    endloop
  endfacet
  facet normal 0 1 0
    outer loop
      vertex 19.999999999999996 32.6 14.799999999999999
      vertex 21.971963987475775 32.6 13.704229427784302
      vertex 22.127207793864212 32.6 13.527207793864214
    endloop
  endfacet
  facet normal 0 1 0
    outer loop
      vertex 19.999999999999996 32.6 14.799999999999999
      vertex 21.661333512679676 32.6 14.33412571881546
      vertex 21.73701684147968 32.6 14.111169821742838
    endloop
  endfacet
  facet normal 0 1 0
    outer loop
      vertex 19.999999999999996 32.6 14.799999999999999
      vertex 21.73701684147968 32.6 14.111169821742838
      vertex 21.841154273188007 32.6 13.899999999999999
    endloop
  endfacet
  facet normal 0 1 0
    outer loop
      vertex 19.999999999999996 32.6 14.799999999999999
      vertex 21.615399249527137 32.6 14.565052854003905
      vertex 21.661333512679676 32.6 14.33412571881546
    endloop
  endfacet
  facet normal 0 1 0
    outer loop
      vertex 19.999999999999996 32.6 14.799999999999999
      vertex 21.599999999999998 32.6 14.799999999999999
      vertex 21.615399249527137 32.6 14.565052854003905
    endloop
  endfacet
  facet normal 0 1 0
    outer loop
      vertex 19.999999999999996 32.6 14.799999999999999
      vertex 22.3042294277843 32.6 13.371963987475775
      vertex 22.499999999999996 32.6 13.241154273188009
    endloop
  endfacet
  facet normal 0 1 0
    outer loop
      vertex 22.594133342141173 32.6 11.41925960798826
      vertex 23.499999999999996 32.6 11.299999999999999
      vertex 23.04315832722982 32.6 11.329942985191662
    endloop
  endfacet
  facet normal 0.1950903220161255 0 0.980785280403231
    outer loop
      vertex 22.594133342141173 32.6 11.41925960798826
      vertex 23.04315832722982 32.6 11.329942985191662
      vertex 23.04315832722982 34.49143569295441 11.329942985191662
    endloop
  endfacet
  facet normal 0.06540312923014327 0 0.9978589232386034
    outer loop
      vertex 23.04315832722982 32.6 11.329942985191662
      vertex 23.499999999999996 32.6 11.299999999999999
      vertex 23.499999999999996 34.49143569295441 11.299999999999999
    endloop
  endfacet
  facet normal 0 1 0
    outer loop
      vertex 22.160607986722184 32.6 11.566421636210496
      vertex 23.499999999999996 32.6 11.299999999999999
      vertex 22.594133342141173 32.6 11.41925960798826
    endloop
  endfacet
  facet normal 0.06540312923014327 0 0.9978589232386034
    outer loop
      vertex 23.04315832722982 32.6 11.329942985191662
      vertex 23.499999999999996 34.49143569295441 11.299999999999999
      vertex 23.04315832722982 34.49143569295441 11.329942985191662
    endloop
  endfacet
  facet normal 0 0 1
    outer loop
      vertex 23.499999999999996 32.6 11.299999999999999
      vertex 29.099999999999998 34.49143569295441 11.299999999999999
      vertex 23.499999999999996 34.49143569295441 11.299999999999999
    endloop
  endfacet
  facet normal 0 0 1
    outer loop
      vertex 23.499999999999996 32.6 11.299999999999999
      vertex 29.099999999999998 32.6 11.299999999999999
      vertex 29.099999999999998 34.49143569295441 11.299999999999999
    endloop
  endfacet
  facet normal 0 1 0
    outer loop
      vertex 23.499999999999996 32.6 11.299999999999999
      vertex 30.43939201327781 32.6 11.566421636210496
      vertex 29.099999999999998 32.6 11.299999999999999
    endloop
  endfacet
  facet normal 0 1 0
    outer loop
      vertex 23.499999999999996 32.6 11.299999999999999
      vertex 29.199999999999996 32.6 12.999999999999998
      vertex 30.43939201327781 32.6 11.566421636210496
    endloop
  endfacet
  facet normal 0 1 0
    outer loop
      vertex 22.499999999999996 32.6 13.241154273188009
      vertex 22.711169821742835 32.6 13.137016841479683
      vertex 23.499999999999996 32.6 11.299999999999999
    endloop
  endfacet
  facet normal 0 1 0
    outer loop
      vertex 22.711169821742835 32.6 13.137016841479683
      vertex 22.93412571881546 32.6 13.061333512679676
      vertex 23.499999999999996 32.6 11.299999999999999
    endloop
  endfacet
  facet normal 0 1 0
    outer loop
      vertex 23.499999999999996 32.6 11.299999999999999
      vertex 22.93412571881546 32.6 13.061333512679676
      vertex 23.165052854003903 32.6 13.01539924952714
    endloop
  endfacet
  facet normal 0 1 0
    outer loop
      vertex 23.499999999999996 32.6 11.299999999999999
      vertex 23.165052854003903 32.6 13.01539924952714
      vertex 23.4 32.6 12.999999999999998
    endloop
  endfacet
  facet normal 0 1 0
    outer loop
      vertex 23.499999999999996 32.6 11.299999999999999
      vertex 23.4 32.6 12.999999999999998
      vertex 29.199999999999996 32.6 12.999999999999998
    endloop
  endfacet
  facet normal 0 1 0
    outer loop
      vertex 19.999999999999996 32.6 14.799999999999999
      vertex 20.02994298519166 32.6 15.256841672770179
      vertex 20.266421636210495 32.6 16.139392013277813
    endloop
  endfacet
  facet normal 0.9978589232386036 0 -0.06540312923014303
    outer loop
      vertex 19.999999999999996 32.6 14.799999999999999
      vertex 19.999999999999996 34.49143569295441 14.799999999999999
      vertex 20.02994298519166 32.6 15.256841672770179
    endloop
  endfacet
  facet normal 0.9807852804032302 0 -0.19509032201613
    outer loop
      vertex 20.02994298519166 32.6 15.256841672770179
      vertex 20.02994298519166 34.49143569295441 15.256841672770179
      vertex 20.11925960798826 32.6 15.705866657858822
    endloop
  endfacet
  facet normal 0 1 0
    outer loop
      vertex 20.02994298519166 32.6 15.256841672770179
      vertex 20.11925960798826 32.6 15.705866657858822
      vertex 20.266421636210495 32.6 16.139392013277813
    endloop
  endfacet
  facet normal 0.9469301294951048 0 -0.3214394653031644
    outer loop
      vertex 20.11925960798826 32.6 15.705866657858822
      vertex 20.11925960798826 34.49143569295441 15.705866657858822
      vertex 20.266421636210495 32.6 16.139392013277813
    endloop
  endfacet
  facet normal 0.9978589232386036 0 -0.06540312923014303
    outer loop
      vertex 19.999999999999996 34.49143569295441 14.799999999999999
      vertex 20.02994298519166 34.49143569295441 15.256841672770179
      vertex 20.02994298519166 32.6 15.256841672770179
    endloop
  endfacet
  facet normal 0.9807852804032302 0 -0.19509032201613
    outer loop
      vertex 20.11925960798826 32.6 15.705866657858822
      vertex 20.02994298519166 34.49143569295441 15.256841672770179
      vertex 20.11925960798826 34.49143569295441 15.705866657858822
    endloop
  endfacet
  facet normal 0.9469301294951048 0 -0.3214394653031644
    outer loop
      vertex 20.11925960798826 34.49143569295441 15.705866657858822
      vertex 20.266421636210495 34.49143569295441 16.139392013277813
      vertex 20.266421636210495 32.6 16.139392013277813
    endloop
  endfacet
  facet normal 0 1 0
    outer loop
      vertex 19.999999999999996 32.6 14.799999999999999
      vertex 21.615399249527137 32.6 15.034947145996092
      vertex 21.599999999999998 32.6 14.799999999999999
    endloop
  endfacet
  facet normal 0 1 0
    outer loop
      vertex 19.999999999999996 32.6 14.799999999999999
      vertex 21.661333512679676 32.6 15.265874281184537
      vertex 21.615399249527137 32.6 15.034947145996092
    endloop
  endfacet
  facet normal 0 1 0
    outer loop
      vertex 19.999999999999996 32.6 14.799999999999999
      vertex 21.73701684147968 32.6 15.48883017825716
      vertex 21.661333512679676 32.6 15.265874281184537
    endloop
  endfacet
  facet normal 0 1 0
    outer loop
      vertex 19.999999999999996 32.6 14.799999999999999
      vertex 21.841154273188007 32.6 15.7
      vertex 21.73701684147968 32.6 15.48883017825716
    endloop
  endfacet
  facet normal 0 1 0
    outer loop
      vertex 19.999999999999996 32.6 14.799999999999999
      vertex 21.971963987475775 32.6 15.895770572215696
      vertex 21.841154273188007 32.6 15.7
    endloop
  endfacet
  facet normal 0 1 0
    outer loop
      vertex 19.999999999999996 32.6 14.799999999999999
      vertex 20.266421636210495 32.6 16.139392013277813
      vertex 21.02512626584708 32.6 17.274873734152916
    endloop
  endfacet
  facet normal 0.8968727415326906 0 -0.4422886902189967
    outer loop
      vertex 20.266421636210495 32.6 16.139392013277813
      vertex 20.266421636210495 34.49143569295441 16.139392013277813
      vertex 20.46891108675446 32.6 16.549999999999997
    endloop
  endfacet
  facet normal 0 1 0
    outer loop
      vertex 19.999999999999996 32.6 14.799999999999999
      vertex 22.127207793864212 32.6 16.072792206135784
      vertex 21.971963987475775 32.6 15.895770572215696
    endloop
  endfacet
  facet normal 0 1 0
    outer loop
      vertex 19.999999999999996 32.6 14.799999999999999
      vertex 22.3042294277843 32.6 16.22803601252422
      vertex 22.127207793864212 32.6 16.072792206135784
    endloop
  endfacet
  facet normal 0 1 0
    outer loop
      vertex 19.999999999999996 32.6 14.799999999999999
      vertex 22.499999999999996 32.6 16.35884572681199
      vertex 22.3042294277843 32.6 16.22803601252422
    endloop
  endfacet
  facet normal 0 1 0
    outer loop
      vertex 20.266421636210495 32.6 16.139392013277813
      vertex 20.46891108675446 32.6 16.549999999999997
      vertex 20.723263308980673 32.6 16.93066500153052
    endloop
  endfacet
  facet normal 0 1 0
    outer loop
      vertex 20.266421636210495 32.6 16.139392013277813
      vertex 20.723263308980673 32.6 16.93066500153052
      vertex 21.02512626584708 32.6 17.274873734152916
    endloop
  endfacet
  facet normal 0.831469612302545 0 -0.5555702330196025
    outer loop
      vertex 20.46891108675446 32.6 16.549999999999997
      vertex 20.46891108675446 34.49143569295441 16.549999999999997
      vertex 20.723263308980673 32.6 16.93066500153052
    endloop
  endfacet
  facet normal 0.7518398074789765 0 -0.65934581510007
    outer loop
      vertex 20.723263308980673 32.6 16.93066500153052
      vertex 20.723263308980673 34.49143569295441 16.93066500153052
      vertex 21.02512626584708 32.6 17.274873734152916
    endloop
  endfacet
  facet normal 0.6593458151000655 0 -0.7518398074789804
    outer loop
      vertex 21.02512626584708 32.6 17.274873734152916
      vertex 21.02512626584708 34.49143569295441 17.274873734152916
      vertex 21.369334998469476 32.6 17.57673669101932
    endloop
  endfacet
  facet normal 0.8968727415326906 0 -0.4422886902189967
    outer loop
      vertex 20.266421636210495 34.49143569295441 16.139392013277813
      vertex 20.46891108675446 34.49143569295441 16.549999999999997
      vertex 20.46891108675446 32.6 16.549999999999997
    endloop
  endfacet
  facet normal 0.831469612302545 0 -0.5555702330196025
    outer loop
      vertex 20.723263308980673 32.6 16.93066500153052
      vertex 20.46891108675446 34.49143569295441 16.549999999999997
      vertex 20.723263308980673 34.49143569295441 16.93066500153052
    endloop
  endfacet
  facet normal 0.7518398074789765 0 -0.65934581510007
    outer loop
      vertex 21.02512626584708 32.6 17.274873734152916
      vertex 20.723263308980673 34.49143569295441 16.93066500153052
      vertex 21.02512626584708 34.49143569295441 17.274873734152916
    endloop
  endfacet
  facet normal 0.6593458151000655 0 -0.7518398074789804
    outer loop
      vertex 21.369334998469476 32.6 17.57673669101932
      vertex 21.02512626584708 34.49143569295441 17.274873734152916
      vertex 21.369334998469476 34.49143569295441 17.57673669101932
    endloop
  endfacet
  facet normal 0 1 0
    outer loop
      vertex 19.999999999999996 32.6 14.799999999999999
      vertex 23.499999999999996 32.6 18.299999999999997
      vertex 22.499999999999996 32.6 16.35884572681199
    endloop
  endfacet
  facet normal 0 1 0
    outer loop
      vertex 19.999999999999996 32.6 14.799999999999999
      vertex 21.02512626584708 32.6 17.274873734152916
      vertex 23.499999999999996 32.6 18.299999999999997
    endloop
  endfacet
  facet normal 0 1 0
    outer loop
      vertex 21.02512626584708 32.6 17.274873734152916
      vertex 21.369334998469476 32.6 17.57673669101932
      vertex 22.160607986722184 32.6 18.033578363789502
    endloop
  endfacet
  facet normal 0.5555702330196061 0 -0.8314696123025427
    outer loop
      vertex 21.369334998469476 32.6 17.57673669101932
      vertex 21.369334998469476 34.49143569295441 17.57673669101932
      vertex 21.749999999999996 32.6 17.831088913245534
    endloop
  endfacet
  facet normal 0 1 0
    outer loop
      vertex 21.369334998469476 32.6 17.57673669101932
      vertex 21.749999999999996 32.6 17.831088913245534
      vertex 22.160607986722184 32.6 18.033578363789502
    endloop
  endfacet
  facet normal 0.44228869021899986 0 -0.896872741532689
    outer loop
      vertex 21.749999999999996 32.6 17.831088913245534
      vertex 21.749999999999996 34.49143569295441 17.831088913245534
      vertex 22.160607986722184 32.6 18.033578363789502
    endloop
  endfacet
  facet normal 0 1 0
    outer loop
      vertex 21.02512626584708 32.6 17.274873734152916
      vertex 22.160607986722184 32.6 18.033578363789502
      vertex 23.499999999999996 32.6 18.299999999999997
    endloop
  endfacet
  facet normal 0.3214394653031656 0 -0.9469301294951044
    outer loop
      vertex 22.160607986722184 32.6 18.033578363789502
      vertex 22.160607986722184 34.49143569295441 18.033578363789502
      vertex 22.594133342141173 32.6 18.18074039201174
    endloop
  endfacet
  facet normal 0.19509032201612922 0 -0.9807852804032302
    outer loop
      vertex 22.594133342141173 32.6 18.18074039201174
      vertex 22.594133342141173 34.49143569295441 18.18074039201174
      vertex 23.04315832722982 32.6 18.270057014808337
    endloop
  endfacet
  facet normal 0.5555702330196061 0 -0.8314696123025427
    outer loop
      vertex 21.369334998469476 34.49143569295441 17.57673669101932
      vertex 21.749999999999996 34.49143569295441 17.831088913245534
      vertex 21.749999999999996 32.6 17.831088913245534
    endloop
  endfacet
  facet normal 0.44228869021899986 0 -0.896872741532689
    outer loop
      vertex 22.160607986722184 32.6 18.033578363789502
      vertex 21.749999999999996 34.49143569295441 17.831088913245534
      vertex 22.160607986722184 34.49143569295441 18.033578363789502
    endloop
  endfacet
  facet normal 0.3214394653031656 0 -0.9469301294951044
    outer loop
      vertex 22.594133342141173 32.6 18.18074039201174
      vertex 22.160607986722184 34.49143569295441 18.033578363789502
      vertex 22.594133342141173 34.49143569295441 18.18074039201174
    endloop
  endfacet
  facet normal 0 1 0
    outer loop
      vertex 22.499999999999996 32.6 16.35884572681199
      vertex 23.499999999999996 32.6 18.299999999999997
      vertex 22.711169821742835 32.6 16.462983158520316
    endloop
  endfacet
  facet normal 0 1 0
    outer loop
      vertex 22.711169821742835 32.6 16.462983158520316
      vertex 23.499999999999996 32.6 18.299999999999997
      vertex 22.93412571881546 32.6 16.53866648732032
    endloop
  endfacet
  facet normal 0 1 0
    outer loop
      vertex 22.93412571881546 32.6 16.53866648732032
      vertex 23.499999999999996 32.6 18.299999999999997
      vertex 23.165052854003903 32.6 16.58460075047286
    endloop
  endfacet
  facet normal 0 1 0
    outer loop
      vertex 23.165052854003903 32.6 16.58460075047286
      vertex 23.499999999999996 32.6 18.299999999999997
      vertex 23.4 32.6 16.599999999999998
    endloop
  endfacet
  facet normal 0 1 0
    outer loop
      vertex 23.4 32.6 16.599999999999998
      vertex 23.499999999999996 32.6 18.299999999999997
      vertex 29.199999999999996 32.6 16.599999999999998
    endloop
  endfacet
  facet normal 0 1 0
    outer loop
      vertex 23.499999999999996 32.6 18.299999999999997
      vertex 30.43939201327781 32.6 18.033578363789502
      vertex 29.199999999999996 32.6 16.599999999999998
    endloop
  endfacet
  facet normal 0 1 0
    outer loop
      vertex 22.160607986722184 32.6 18.033578363789502
      vertex 22.594133342141173 32.6 18.18074039201174
      vertex 23.499999999999996 32.6 18.299999999999997
    endloop
  endfacet
  facet normal 0 1 0
    outer loop
      vertex 22.594133342141173 32.6 18.18074039201174
      vertex 23.04315832722982 32.6 18.270057014808337
      vertex 23.499999999999996 32.6 18.299999999999997
    endloop
  endfacet
  facet normal 0.06540312923013555 0 -0.9978589232386039
    outer loop
      vertex 23.04315832722982 32.6 18.270057014808337
      vertex 23.04315832722982 34.49143569295441 18.270057014808337
      vertex 23.499999999999996 32.6 18.299999999999997
    endloop
  endfacet
  facet normal 0.19509032201612922 0 -0.9807852804032302
    outer loop
      vertex 22.594133342141173 34.49143569295441 18.18074039201174
      vertex 23.04315832722982 34.49143569295441 18.270057014808337
      vertex 23.04315832722982 32.6 18.270057014808337
    endloop
  endfacet
  facet normal 0.06540312923013555 0 -0.9978589232386039
    outer loop
      vertex 23.499999999999996 32.6 18.299999999999997
      vertex 23.04315832722982 34.49143569295441 18.270057014808337
      vertex 23.499999999999996 34.49143569295441 18.299999999999997
    endloop
  endfacet
  facet normal 0 0 -1
    outer loop
      vertex 23.499999999999996 32.6 18.299999999999997
      vertex 23.499999999999996 34.49143569295441 18.299999999999997
      vertex 29.099999999999998 32.6 18.299999999999997
    endloop
  endfacet
  facet normal 0 1 0
    outer loop
      vertex 23.499999999999996 32.6 18.299999999999997
      vertex 29.099999999999998 32.6 18.299999999999997
      vertex 30.43939201327781 32.6 18.033578363789502
    endloop
  endfacet
  facet normal 0 0 -1
    outer loop
      vertex 23.499999999999996 34.49143569295441 18.299999999999997
      vertex 29.099999999999998 34.49143569295441 18.299999999999997
      vertex 29.099999999999998 32.6 18.299999999999997
    endloop
  endfacet
  facet normal -0.06540312923014327 0 0.9978589232386034
    outer loop
      vertex 29.099999999999998 32.6 11.299999999999999
      vertex 29.556841672770176 32.6 11.329942985191662
      vertex 29.556841672770176 34.49143569295441 11.329942985191662
    endloop
  endfacet
  facet normal 0 1 0
    outer loop
      vertex 29.099999999999998 32.6 11.299999999999999
      vertex 30.43939201327781 32.6 11.566421636210496
      vertex 29.556841672770176 32.6 11.329942985191662
    endloop
  endfacet
  facet normal 0 1 0
    outer loop
      vertex 29.556841672770176 32.6 11.329942985191662
      vertex 30.43939201327781 32.6 11.566421636210496
      vertex 30.00586665785882 32.6 11.41925960798826
    endloop
  endfacet
  facet normal -0.1950903220161255 0 0.980785280403231
    outer loop
      vertex 29.556841672770176 32.6 11.329942985191662
      vertex 30.00586665785882 32.6 11.41925960798826
      vertex 30.00586665785882 34.49143569295441 11.41925960798826
    endloop
  endfacet
  facet normal -0.3214394653031656 0 0.9469301294951044
    outer loop
      vertex 30.00586665785882 32.6 11.41925960798826
      vertex 30.43939201327781 32.6 11.566421636210496
      vertex 30.43939201327781 34.49143569295441 11.566421636210496
    endloop
  endfacet
  facet normal -0.06540312923014327 0 0.9978589232386034
    outer loop
      vertex 29.099999999999998 32.6 11.299999999999999
      vertex 29.556841672770176 34.49143569295441 11.329942985191662
      vertex 29.099999999999998 34.49143569295441 11.299999999999999
    endloop
  endfacet
  facet normal -0.1950903220161255 0 0.980785280403231
    outer loop
      vertex 29.556841672770176 32.6 11.329942985191662
      vertex 30.00586665785882 34.49143569295441 11.41925960798826
      vertex 29.556841672770176 34.49143569295441 11.329942985191662
    endloop
  endfacet
  facet normal -0.3214394653031656 0 0.9469301294951044
    outer loop
      vertex 30.00586665785882 32.6 11.41925960798826
      vertex 30.43939201327781 34.49143569295441 11.566421636210496
      vertex 30.00586665785882 34.49143569295441 11.41925960798826
    endloop
  endfacet
  facet normal 0 1 0
    outer loop
      vertex 30.43939201327781 32.6 11.566421636210496
      vertex 31.230665001530518 32.6 12.023263308980676
      vertex 30.849999999999998 32.6 11.768911086754464
    endloop
  endfacet
  facet normal -0.44228869021899986 0 0.896872741532689
    outer loop
      vertex 30.43939201327781 32.6 11.566421636210496
      vertex 30.849999999999998 32.6 11.768911086754464
      vertex 30.849999999999998 34.49143569295441 11.768911086754464
    endloop
  endfacet
  facet normal -0.5555702330196033 0 0.8314696123025445
    outer loop
      vertex 30.849999999999998 32.6 11.768911086754464
      vertex 31.230665001530518 32.6 12.023263308980676
      vertex 31.230665001530518 34.49143569295441 12.023263308980676
    endloop
  endfacet
  facet normal -0.44228869021899986 0 0.896872741532689
    outer loop
      vertex 30.43939201327781 32.6 11.566421636210496
      vertex 30.849999999999998 34.49143569295441 11.768911086754464
      vertex 30.43939201327781 34.49143569295441 11.566421636210496
    endloop
  endfacet
  facet normal -0.5555702330196033 0 0.8314696123025445
    outer loop
      vertex 30.849999999999998 32.6 11.768911086754464
      vertex 31.230665001530518 34.49143569295441 12.023263308980676
      vertex 30.849999999999998 34.49143569295441 11.768911086754464
    endloop
  endfacet
  facet normal 0 1 0
    outer loop
      vertex 30.43939201327781 32.6 11.566421636210496
      vertex 29.199999999999996 32.6 12.999999999999998
      vertex 29.43494714599609 32.6 13.01539924952714
    endloop
  endfacet
  facet normal 0 1 0
    outer loop
      vertex 30.43939201327781 32.6 11.566421636210496
      vertex 29.43494714599609 32.6 13.01539924952714
      vertex 29.665874281184536 32.6 13.061333512679676
    endloop
  endfacet
  facet normal 0 1 0
    outer loop
      vertex 30.43939201327781 32.6 11.566421636210496
      vertex 29.665874281184536 32.6 13.061333512679676
      vertex 29.88883017825716 32.6 13.137016841479683
    endloop
  endfacet
  facet normal 0 1 0
    outer loop
      vertex 30.43939201327781 32.6 11.566421636210496
      vertex 29.88883017825716 32.6 13.137016841479683
      vertex 30.099999999999998 32.6 13.241154273188009
    endloop
  endfacet
  facet normal 0 1 0
    outer loop
      vertex 30.43939201327781 32.6 11.566421636210496
      vertex 30.099999999999998 32.6 13.241154273188009
      vertex 30.295770572215694 32.6 13.371963987475775
    endloop
  endfacet
  facet normal 0 1 0
    outer loop
      vertex 30.43939201327781 32.6 11.566421636210496
      vertex 32.131088913245534 32.6 13.049999999999999
      vertex 31.230665001530518 32.6 12.023263308980676
    endloop
  endfacet
  facet normal -0.6593458151000676 0 0.7518398074789785
    outer loop
      vertex 31.230665001530518 32.6 12.023263308980676
      vertex 31.574873734152913 32.6 12.325126265847082
      vertex 31.574873734152913 34.49143569295441 12.325126265847082
    endloop
  endfacet
  facet normal 0 1 0
    outer loop
      vertex 30.43939201327781 32.6 11.566421636210496
      vertex 30.295770572215694 32.6 13.371963987475775
      vertex 30.472792206135782 32.6 13.527207793864214
    endloop
  endfacet
  facet normal 0 1 0
    outer loop
      vertex 30.43939201327781 32.6 11.566421636210496
      vertex 30.472792206135782 32.6 13.527207793864214
      vertex 30.62803601252422 32.6 13.704229427784302
    endloop
  endfacet
  facet normal 0 1 0
    outer loop
      vertex 30.43939201327781 32.6 11.566421636210496
      vertex 30.62803601252422 32.6 13.704229427784302
      vertex 30.758845726811987 32.6 13.899999999999999
    endloop
  endfacet
  facet normal 0 1 0
    outer loop
      vertex 30.43939201327781 32.6 11.566421636210496
      vertex 30.758845726811987 32.6 13.899999999999999
      vertex 30.862983158520315 32.6 14.111169821742838
    endloop
  endfacet
  facet normal -0.6593458151000676 0 0.7518398074789785
    outer loop
      vertex 31.230665001530518 32.6 12.023263308980676
      vertex 31.574873734152913 34.49143569295441 12.325126265847082
      vertex 31.230665001530518 34.49143569295441 12.023263308980676
    endloop
  endfacet
  facet normal 0 1 0
    outer loop
      vertex 31.230665001530518 32.6 12.023263308980676
      vertex 32.131088913245534 32.6 13.049999999999999
      vertex 31.574873734152913 32.6 12.325126265847082
    endloop
  endfacet
  facet normal 0 1 0
    outer loop
      vertex 31.574873734152913 32.6 12.325126265847082
      vertex 32.131088913245534 32.6 13.049999999999999
      vertex 31.87673669101932 32.6 12.669334998469477
    endloop
  endfacet
  facet normal -0.7518398074789765 0 0.65934581510007
    outer loop
      vertex 31.574873734152913 32.6 12.325126265847082
      vertex 31.87673669101932 32.6 12.669334998469477
      vertex 31.87673669101932 34.49143569295441 12.669334998469477
    endloop
  endfacet
  facet normal 0 1 0
    outer loop
      vertex 30.43939201327781 32.6 11.566421636210496
      vertex 32.599999999999994 32.6 14.799999999999999
      vertex 32.131088913245534 32.6 13.049999999999999
    endloop
  endfacet
  facet normal -0.8314696123025439 0 0.5555702330196043
    outer loop
      vertex 31.87673669101932 32.6 12.669334998469477
      vertex 32.131088913245534 32.6 13.049999999999999
      vertex 32.131088913245534 34.49143569295441 13.049999999999999
    endloop
  endfacet
  facet normal 0 1 0
    outer loop
      vertex 32.131088913245534 32.6 13.049999999999999
      vertex 32.48074039201174 32.6 13.894133342141176
      vertex 32.3335783637895 32.6 13.460607986722184
    endloop
  endfacet
  facet normal -0.8968727415326914 0 0.44228869021899514
    outer loop
      vertex 32.131088913245534 32.6 13.049999999999999
      vertex 32.3335783637895 32.6 13.460607986722184
      vertex 32.3335783637895 34.49143569295441 13.460607986722184
    endloop
  endfacet
  facet normal -0.7518398074789765 0 0.65934581510007
    outer loop
      vertex 31.574873734152913 32.6 12.325126265847082
      vertex 31.87673669101932 34.49143569295441 12.669334998469477
      vertex 31.574873734152913 34.49143569295441 12.325126265847082
    endloop
  endfacet
  facet normal -0.8314696123025439 0 0.5555702330196043
    outer loop
      vertex 31.87673669101932 32.6 12.669334998469477
      vertex 32.131088913245534 34.49143569295441 13.049999999999999
      vertex 31.87673669101932 34.49143569295441 12.669334998469477
    endloop
  endfacet
  facet normal -0.8968727415326914 0 0.44228869021899514
    outer loop
      vertex 32.131088913245534 32.6 13.049999999999999
      vertex 32.3335783637895 34.49143569295441 13.460607986722184
      vertex 32.131088913245534 34.49143569295441 13.049999999999999
    endloop
  endfacet
  facet normal 0 1 0
    outer loop
      vertex 30.43939201327781 32.6 11.566421636210496
      vertex 30.862983158520315 32.6 14.111169821742838
      vertex 32.599999999999994 32.6 14.799999999999999
    endloop
  endfacet
  facet normal 0 1 0
    outer loop
      vertex 30.862983158520315 32.6 14.111169821742838
      vertex 30.93866648732032 32.6 14.33412571881546
      vertex 32.599999999999994 32.6 14.799999999999999
    endloop
  endfacet
  facet normal 0 1 0
    outer loop
      vertex 30.93866648732032 32.6 14.33412571881546
      vertex 30.984600750472858 32.6 14.565052854003905
      vertex 32.599999999999994 32.6 14.799999999999999
    endloop
  endfacet
  facet normal 0 1 0
    outer loop
      vertex 30.984600750472858 32.6 14.565052854003905
      vertex 30.999999999999996 32.6 14.799999999999999
      vertex 32.599999999999994 32.6 14.799999999999999
    endloop
  endfacet
  facet normal 0 1 0
    outer loop
      vertex 32.131088913245534 32.6 13.049999999999999
      vertex 32.599999999999994 32.6 14.799999999999999
      vertex 32.48074039201174 32.6 13.894133342141176
    endloop
  endfacet
  facet normal -0.9469301294951024 0 0.32143946530317136
    outer loop
      vertex 32.3335783637895 32.6 13.460607986722184
      vertex 32.48074039201174 32.6 13.894133342141176
      vertex 32.48074039201174 34.49143569295441 13.894133342141176
    endloop
  endfacet
  facet normal 0 1 0
    outer loop
      vertex 32.48074039201174 32.6 13.894133342141176
      vertex 32.599999999999994 32.6 14.799999999999999
      vertex 32.570057014808334 32.6 14.343158327229819
    endloop
  endfacet
  facet normal -0.9807852804032315 0 0.1950903220161225
    outer loop
      vertex 32.48074039201174 32.6 13.894133342141176
      vertex 32.570057014808334 32.6 14.343158327229819
      vertex 32.570057014808334 34.49143569295441 14.343158327229819
    endloop
  endfacet
  facet normal -0.997858923238604 0 0.0654031292301353
    outer loop
      vertex 32.570057014808334 32.6 14.343158327229819
      vertex 32.599999999999994 32.6 14.799999999999999
      vertex 32.599999999999994 34.49143569295441 14.799999999999999
    endloop
  endfacet
  facet normal -0.9469301294951024 0 0.32143946530317136
    outer loop
      vertex 32.3335783637895 32.6 13.460607986722184
      vertex 32.48074039201174 34.49143569295441 13.894133342141176
      vertex 32.3335783637895 34.49143569295441 13.460607986722184
    endloop
  endfacet
  facet normal -0.9807852804032315 0 0.1950903220161225
    outer loop
      vertex 32.48074039201174 32.6 13.894133342141176
      vertex 32.570057014808334 34.49143569295441 14.343158327229819
      vertex 32.48074039201174 34.49143569295441 13.894133342141176
    endloop
  endfacet
  facet normal -0.997858923238604 0 0.0654031292301353
    outer loop
      vertex 32.570057014808334 32.6 14.343158327229819
      vertex 32.599999999999994 34.49143569295441 14.799999999999999
      vertex 32.570057014808334 34.49143569295441 14.343158327229819
    endloop
  endfacet
  facet normal 0 1 0
    outer loop
      vertex 29.88883017825716 32.6 16.462983158520316
      vertex 30.43939201327781 32.6 18.033578363789502
      vertex 30.099999999999998 32.6 16.35884572681199
    endloop
  endfacet
  facet normal 0 1 0
    outer loop
      vertex 30.295770572215694 32.6 16.22803601252422
      vertex 30.099999999999998 32.6 16.35884572681199
      vertex 30.43939201327781 32.6 18.033578363789502
    endloop
  endfacet
  facet normal 0 1 0
    outer loop
      vertex 29.199999999999996 32.6 16.599999999999998
      vertex 30.43939201327781 32.6 18.033578363789502
      vertex 29.43494714599609 32.6 16.58460075047286
    endloop
  endfacet
  facet normal 0 1 0
    outer loop
      vertex 29.43494714599609 32.6 16.58460075047286
      vertex 30.43939201327781 32.6 18.033578363789502
      vertex 29.665874281184536 32.6 16.53866648732032
    endloop
  endfacet
  facet normal 0 1 0
    outer loop
      vertex 29.665874281184536 32.6 16.53866648732032
      vertex 30.43939201327781 32.6 18.033578363789502
      vertex 29.88883017825716 32.6 16.462983158520316
    endloop
  endfacet
  facet normal 0 1 0
    outer loop
      vertex 30.999999999999996 32.6 14.799999999999999
      vertex 30.984600750472858 32.6 15.034947145996092
      vertex 32.599999999999994 32.6 14.799999999999999
    endloop
  endfacet
  facet normal 0 1 0
    outer loop
      vertex 32.599999999999994 32.6 14.799999999999999
      vertex 30.984600750472858 32.6 15.034947145996092
      vertex 30.93866648732032 32.6 15.265874281184537
    endloop
  endfacet
  facet normal 0 1 0
    outer loop
      vertex 32.599999999999994 32.6 14.799999999999999
      vertex 30.93866648732032 32.6 15.265874281184537
      vertex 30.862983158520315 32.6 15.48883017825716
    endloop
  endfacet
  facet normal 0 1 0
    outer loop
      vertex 32.599999999999994 32.6 14.799999999999999
      vertex 30.862983158520315 32.6 15.48883017825716
      vertex 30.758845726811987 32.6 15.7
    endloop
  endfacet
  facet normal 0 1 0
    outer loop
      vertex 32.599999999999994 32.6 14.799999999999999
      vertex 30.758845726811987 32.6 15.7
      vertex 30.43939201327781 32.6 18.033578363789502
    endloop
  endfacet
  facet normal 0 1 0
    outer loop
      vertex 32.599999999999994 32.6 14.799999999999999
      vertex 32.48074039201174 32.6 15.705866657858822
      vertex 32.570057014808334 32.6 15.256841672770179
    endloop
  endfacet
  facet normal -0.997858923238604 0 -0.0654031292301353
    outer loop
      vertex 32.599999999999994 32.6 14.799999999999999
      vertex 32.570057014808334 32.6 15.256841672770179
      vertex 32.570057014808334 34.49143569295441 15.256841672770179
    endloop
  endfacet
  facet normal -0.9807852804032315 0 -0.1950903220161225
    outer loop
      vertex 32.570057014808334 32.6 15.256841672770179
      vertex 32.48074039201174 32.6 15.705866657858822
      vertex 32.48074039201174 34.49143569295441 15.705866657858822
    endloop
  endfacet
  facet normal 0 1 0
    outer loop
      vertex 32.599999999999994 32.6 14.799999999999999
      vertex 32.131088913245534 32.6 16.549999999999997
      vertex 32.48074039201174 32.6 15.705866657858822
    endloop
  endfacet
  facet normal 0 1 0
    outer loop
      vertex 32.48074039201174 32.6 15.705866657858822
      vertex 32.131088913245534 32.6 16.549999999999997
      vertex 32.3335783637895 32.6 16.139392013277813
    endloop
  endfacet
  facet normal -0.9469301294951024 0 -0.32143946530317136
    outer loop
      vertex 32.48074039201174 32.6 15.705866657858822
      vertex 32.3335783637895 32.6 16.139392013277813
      vertex 32.3335783637895 34.49143569295441 16.139392013277813
    endloop
  endfacet
  facet normal -0.997858923238604 0 -0.0654031292301353
    outer loop
      vertex 32.599999999999994 32.6 14.799999999999999
      vertex 32.570057014808334 34.49143569295441 15.256841672770179
      vertex 32.599999999999994 34.49143569295441 14.799999999999999
    endloop
  endfacet
  facet normal -0.9807852804032315 0 -0.1950903220161225
    outer loop
      vertex 32.570057014808334 32.6 15.256841672770179
      vertex 32.48074039201174 34.49143569295441 15.705866657858822
      vertex 32.570057014808334 34.49143569295441 15.256841672770179
    endloop
  endfacet
  facet normal -0.9469301294951024 0 -0.32143946530317136
    outer loop
      vertex 32.48074039201174 32.6 15.705866657858822
      vertex 32.3335783637895 34.49143569295441 16.139392013277813
      vertex 32.48074039201174 34.49143569295441 15.705866657858822
    endloop
  endfacet
  facet normal -0.8968727415326906 0 -0.4422886902189967
    outer loop
      vertex 32.3335783637895 32.6 16.139392013277813
      vertex 32.131088913245534 34.49143569295441 16.549999999999997
      vertex 32.3335783637895 34.49143569295441 16.139392013277813
    endloop
  endfacet
  facet normal 0 1 0
    outer loop
      vertex 30.62803601252422 32.6 15.895770572215696
      vertex 30.43939201327781 32.6 18.033578363789502
      vertex 30.758845726811987 32.6 15.7
    endloop
  endfacet
  facet normal 0 1 0
    outer loop
      vertex 30.295770572215694 32.6 16.22803601252422
      vertex 30.43939201327781 32.6 18.033578363789502
      vertex 30.472792206135782 32.6 16.072792206135784
    endloop
  endfacet
  facet normal 0 1 0
    outer loop
      vertex 30.62803601252422 32.6 15.895770572215696
      vertex 30.472792206135782 32.6 16.072792206135784
      vertex 30.43939201327781 32.6 18.033578363789502
    endloop
  endfacet
  facet normal 0 1 0
    outer loop
      vertex 32.131088913245534 32.6 16.549999999999997
      vertex 30.43939201327781 32.6 18.033578363789502
      vertex 31.87673669101932 32.6 16.93066500153052
    endloop
  endfacet
  facet normal 0 1 0
    outer loop
      vertex 31.574873734152913 32.6 17.274873734152916
      vertex 31.87673669101932 32.6 16.93066500153052
      vertex 31.230665001530518 32.6 17.57673669101932
    endloop
  endfacet
  facet normal 0 1 0
    outer loop
      vertex 31.230665001530518 32.6 17.57673669101932
      vertex 31.87673669101932 32.6 16.93066500153052
      vertex 30.43939201327781 32.6 18.033578363789502
    endloop
  endfacet
  facet normal -0.6593458151000655 0 -0.7518398074789804
    outer loop
      vertex 31.574873734152913 32.6 17.274873734152916
      vertex 31.230665001530518 32.6 17.57673669101932
      vertex 31.230665001530518 34.49143569295441 17.57673669101932
    endloop
  endfacet
  facet normal -0.5555702330196061 0 -0.8314696123025427
    outer loop
      vertex 31.230665001530518 32.6 17.57673669101932
      vertex 30.849999999999998 34.49143569295441 17.831088913245534
      vertex 31.230665001530518 34.49143569295441 17.57673669101932
    endloop
  endfacet
  facet normal -0.6593458151000655 0 -0.7518398074789804
    outer loop
      vertex 31.574873734152913 32.6 17.274873734152916
      vertex 31.230665001530518 34.49143569295441 17.57673669101932
      vertex 31.574873734152913 34.49143569295441 17.274873734152916
    endloop
  endfacet
  facet normal 0 1 0
    outer loop
      vertex 32.599999999999994 32.6 14.799999999999999
      vertex 30.43939201327781 32.6 18.033578363789502
      vertex 32.131088913245534 32.6 16.549999999999997
    endloop
  endfacet
  facet normal -0.8968727415326906 0 -0.4422886902189967
    outer loop
      vertex 32.3335783637895 32.6 16.139392013277813
      vertex 32.131088913245534 32.6 16.549999999999997
      vertex 32.131088913245534 34.49143569295441 16.549999999999997
    endloop
  endfacet
  facet normal -0.831469612302545 0 -0.5555702330196025
    outer loop
      vertex 32.131088913245534 32.6 16.549999999999997
      vertex 31.87673669101932 32.6 16.93066500153052
      vertex 31.87673669101932 34.49143569295441 16.93066500153052
    endloop
  endfacet
  facet normal -0.7518398074789765 0 -0.65934581510007
    outer loop
      vertex 31.574873734152913 32.6 17.274873734152916
      vertex 31.574873734152913 34.49143569295441 17.274873734152916
      vertex 31.87673669101932 32.6 16.93066500153052
    endloop
  endfacet
  facet normal -0.831469612302545 0 -0.5555702330196025
    outer loop
      vertex 32.131088913245534 32.6 16.549999999999997
      vertex 31.87673669101932 34.49143569295441 16.93066500153052
      vertex 32.131088913245534 34.49143569295441 16.549999999999997
    endloop
  endfacet
  facet normal -0.7518398074789765 0 -0.65934581510007
    outer loop
      vertex 31.574873734152913 34.49143569295441 17.274873734152916
      vertex 31.87673669101932 34.49143569295441 16.93066500153052
      vertex 31.87673669101932 32.6 16.93066500153052
    endloop
  endfacet
  facet normal -0.06540312923013555 0 -0.9978589232386039
    outer loop
      vertex 29.099999999999998 32.6 18.299999999999997
      vertex 29.099999999999998 34.49143569295441 18.299999999999997
      vertex 29.556841672770176 32.6 18.270057014808337
    endloop
  endfacet
  facet normal 0 1 0
    outer loop
      vertex 29.099999999999998 32.6 18.299999999999997
      vertex 29.556841672770176 32.6 18.270057014808337
      vertex 30.43939201327781 32.6 18.033578363789502
    endloop
  endfacet
  facet normal 0 1 0
    outer loop
      vertex 29.556841672770176 32.6 18.270057014808337
      vertex 30.00586665785882 32.6 18.18074039201174
      vertex 30.43939201327781 32.6 18.033578363789502
    endloop
  endfacet
  facet normal -0.19509032201612922 0 -0.9807852804032302
    outer loop
      vertex 29.556841672770176 32.6 18.270057014808337
      vertex 29.556841672770176 34.49143569295441 18.270057014808337
      vertex 30.00586665785882 32.6 18.18074039201174
    endloop
  endfacet
  facet normal -0.3214394653031656 0 -0.9469301294951044
    outer loop
      vertex 30.00586665785882 32.6 18.18074039201174
      vertex 30.00586665785882 34.49143569295441 18.18074039201174
      vertex 30.43939201327781 32.6 18.033578363789502
    endloop
  endfacet
  facet normal -0.06540312923013555 0 -0.9978589232386039
    outer loop
      vertex 29.556841672770176 32.6 18.270057014808337
      vertex 29.099999999999998 34.49143569295441 18.299999999999997
      vertex 29.556841672770176 34.49143569295441 18.270057014808337
    endloop
  endfacet
  facet normal -0.19509032201612922 0 -0.9807852804032302
    outer loop
      vertex 30.00586665785882 32.6 18.18074039201174
      vertex 29.556841672770176 34.49143569295441 18.270057014808337
      vertex 30.00586665785882 34.49143569295441 18.18074039201174
    endloop
  endfacet
  facet normal -0.3214394653031656 0 -0.9469301294951044
    outer loop
      vertex 30.00586665785882 34.49143569295441 18.18074039201174
      vertex 30.43939201327781 34.49143569295441 18.033578363789502
      vertex 30.43939201327781 32.6 18.033578363789502
    endloop
  endfacet
  facet normal 0 1 0
    outer loop
      vertex 31.230665001530518 32.6 17.57673669101932
      vertex 30.43939201327781 32.6 18.033578363789502
      vertex 30.849999999999998 32.6 17.831088913245534
    endloop
  endfacet
  facet normal -0.44228869021899986 0 -0.896872741532689
    outer loop
      vertex 30.43939201327781 32.6 18.033578363789502
      vertex 30.43939201327781 34.49143569295441 18.033578363789502
      vertex 30.849999999999998 32.6 17.831088913245534
    endloop
  endfacet
  facet normal -0.5555702330196061 0 -0.8314696123025427
    outer loop
      vertex 31.230665001530518 32.6 17.57673669101932
      vertex 30.849999999999998 32.6 17.831088913245534
      vertex 30.849999999999998 34.49143569295441 17.831088913245534
    endloop
  endfacet
  facet normal -0.44228869021899986 0 -0.896872741532689
    outer loop
      vertex 30.849999999999998 32.6 17.831088913245534
      vertex 30.43939201327781 34.49143569295441 18.033578363789502
      vertex 30.849999999999998 34.49143569295441 17.831088913245534
    endloop
  endfacet
  facet normal 0 1 0
    outer loop
      vertex -2.491435692954414 3 2.5
      vertex -2 3 3.5
      vertex -2 3 2.5
    endloop
  endfacet
  facet normal 0 1 0
    outer loop
      vertex -2.491435692954414 3 2.5
      vertex -2.491435692954414 3 3.5
      vertex -2 3 3.5
    endloop
  endfacet
  facet normal 0 0 1
    outer loop
      vertex -2.491435692954414 3 2.5
      vertex -2 3 2.5
      vertex -2.491435692954414 29 2.5
    endloop
  endfacet
  facet normal -1 0 0
    outer loop
      vertex -2 3 2.5
      vertex -2 3 3.5
      vertex -2 29 2.5
    endloop
  endfacet
  facet normal 0 0 -1
    outer loop
      vertex -2.491435692954414 3 3.5
      vertex -2 29 3.5
      vertex -2 3 3.5
    endloop
  endfacet
  facet normal 0 0 1
    outer loop
      vertex -2 3 2.5
      vertex -2 29 2.5
      vertex -2.491435692954414 29 2.5
    endloop
  endfacet
  facet normal -1 0 0
    outer loop
      vertex -2 3 3.5
      vertex -2 29 3.5
      vertex -2 29 2.5
    endloop
  endfacet
  facet normal 0 0 -1
    outer loop
      vertex -2.491435692954414 3 3.5
      vertex -2.491435692954414 29 3.5
      vertex -2 29 3.5
    endloop
  endfacet
  facet normal 0 -1 0
    outer loop
      vertex -2.491435692954414 29 2.5
      vertex -2 29 2.5
      vertex -2.491435692954414 29 3.5
    endloop
  endfacet
  facet normal 0 -1 0
    outer loop
      vertex -2 29 2.5
      vertex -2 29 3.5
      vertex -2.491435692954414 29 3.5
    endloop
  endfacet
  facet normal 0 1 0
    outer loop
      vertex 37.4 3 2.5
      vertex 37.89143569295441 3 3.5
      vertex 37.89143569295441 3 2.5
    endloop
  endfacet
  facet normal 0 1 0
    outer loop
      vertex 37.4 3 2.5
      vertex 37.4 3 3.5
      vertex 37.89143569295441 3 3.5
    endloop
  endfacet
  facet normal 0 0 1
    outer loop
      vertex 37.4 3 2.5
      vertex 37.89143569295441 3 2.5
      vertex 37.4 29 2.5
    endloop
  endfacet
  facet normal 1 0 0
    outer loop
      vertex 37.4 3 2.5
      vertex 37.4 29 3.5
      vertex 37.4 3 3.5
    endloop
  endfacet
  facet normal 0 0 -1
    outer loop
      vertex 37.4 3 3.5
      vertex 37.89143569295441 29 3.5
      vertex 37.89143569295441 3 3.5
    endloop
  endfacet
  facet normal 0 0 1
    outer loop
      vertex 37.89143569295441 3 2.5
      vertex 37.89143569295441 29 2.5
      vertex 37.4 29 2.5
    endloop
  endfacet
  facet normal 1 0 0
    outer loop
      vertex 37.4 3 2.5
      vertex 37.4 29 2.5
      vertex 37.4 29 3.5
    endloop
  endfacet
  facet normal 0 0 -1
    outer loop
      vertex 37.4 3 3.5
      vertex 37.4 29 3.5
      vertex 37.89143569295441 29 3.5
    endloop
  endfacet
  facet normal 0 -1 0
    outer loop
      vertex 37.4 29 2.5
      vertex 37.89143569295441 29 2.5
      vertex 37.4 29 3.5
    endloop
  endfacet
  facet normal 0 -1 0
    outer loop
      vertex 37.89143569295441 29 2.5
      vertex 37.89143569295441 29 3.5
      vertex 37.4 29 3.5
    endloop
  endfacet
  facet normal 0 1 0
    outer loop
      vertex -2.491435692954414 3 5
      vertex -2 3 6
      vertex -2 3 5
    endloop
  endfacet
  facet normal 0 1 0
    outer loop
      vertex -2.491435692954414 3 5
      vertex -2.491435692954414 3 6
      vertex -2 3 6
    endloop
  endfacet
  facet normal 0 0 1
    outer loop
      vertex -2.491435692954414 3 5
      vertex -2 3 5
      vertex -2.491435692954414 29 5
    endloop
  endfacet
  facet normal -1 0 0
    outer loop
      vertex -2 3 5
      vertex -2 3 6
      vertex -2 29 5
    endloop
  endfacet
  facet normal 0 0 -1
    outer loop
      vertex -2.491435692954414 3 6
      vertex -2 29 6
      vertex -2 3 6
    endloop
  endfacet
  facet normal 0 0 1
    outer loop
      vertex -2 3 5
      vertex -2 29 5
      vertex -2.491435692954414 29 5
    endloop
  endfacet
  facet normal -1 0 0
    outer loop
      vertex -2 3 6
      vertex -2 29 6
      vertex -2 29 5
    endloop
  endfacet
  facet normal 0 0 -1
    outer loop
      vertex -2.491435692954414 3 6
      vertex -2.491435692954414 29 6
      vertex -2 29 6
    endloop
  endfacet
  facet normal 0 -1 0
    outer loop
      vertex -2.491435692954414 29 5
      vertex -2 29 5
      vertex -2.491435692954414 29 6
    endloop
  endfacet
  facet normal 0 -1 0
    outer loop
      vertex -2 29 5
      vertex -2 29 6
      vertex -2.491435692954414 29 6
    endloop
  endfacet
  facet normal 0 1 0
    outer loop
      vertex 37.4 3 5
      vertex 37.89143569295441 3 6
      vertex 37.89143569295441 3 5
    endloop
  endfacet
  facet normal 0 1 0
    outer loop
      vertex 37.4 3 5
      vertex 37.4 3 6
      vertex 37.89143569295441 3 6
    endloop
  endfacet
  facet normal 0 0 1
    outer loop
      vertex 37.4 3 5
      vertex 37.89143569295441 3 5
      vertex 37.4 29 5
    endloop
  endfacet
  facet normal 1 0 0
    outer loop
      vertex 37.4 3 5
      vertex 37.4 29 6
      vertex 37.4 3 6
    endloop
  endfacet
  facet normal 0 0 -1
    outer loop
      vertex 37.4 3 6
      vertex 37.89143569295441 29 6
      vertex 37.89143569295441 3 6
    endloop
  endfacet
  facet normal 0 0 1
    outer loop
      vertex 37.89143569295441 3 5
      vertex 37.89143569295441 29 5
      vertex 37.4 29 5
    endloop
  endfacet
  facet normal 1 0 0
    outer loop
      vertex 37.4 3 5
      vertex 37.4 29 5
      vertex 37.4 29 6
    endloop
  endfacet
  facet normal 0 0 -1
    outer loop
      vertex 37.4 3 6
      vertex 37.4 29 6
      vertex 37.89143569295441 29 6
    endloop
  endfacet
  facet normal 0 -1 0
    outer loop
      vertex 37.4 29 5
      vertex 37.89143569295441 29 5
      vertex 37.4 29 6
    endloop
  endfacet
  facet normal 0 -1 0
    outer loop
      vertex 37.89143569295441 29 5
      vertex 37.89143569295441 29 6
      vertex 37.4 29 6
    endloop
  endfacet
  facet normal 0 1 0
    outer loop
      vertex -2.491435692954414 3 7.5
      vertex -2 3 8.5
      vertex -2 3 7.5
    endloop
  endfacet
  facet normal 0 1 0
    outer loop
      vertex -2.491435692954414 3 7.5
      vertex -2.491435692954414 3 8.5
      vertex -2 3 8.5
    endloop
  endfacet
  facet normal 0 0 1
    outer loop
      vertex -2.491435692954414 3 7.5
      vertex -2 3 7.5
      vertex -2.491435692954414 29 7.5
    endloop
  endfacet
  facet normal -1 0 0
    outer loop
      vertex -2 3 7.5
      vertex -2 3 8.5
      vertex -2 29 7.5
    endloop
  endfacet
  facet normal 0 0 -1
    outer loop
      vertex -2.491435692954414 3 8.5
      vertex -2 29 8.5
      vertex -2 3 8.5
    endloop
  endfacet
  facet normal 0 0 1
    outer loop
      vertex -2 3 7.5
      vertex -2 29 7.5
      vertex -2.491435692954414 29 7.5
    endloop
  endfacet
  facet normal -1 0 0
    outer loop
      vertex -2 3 8.5
      vertex -2 29 8.5
      vertex -2 29 7.5
    endloop
  endfacet
  facet normal 0 0 -1
    outer loop
      vertex -2.491435692954414 3 8.5
      vertex -2.491435692954414 29 8.5
      vertex -2 29 8.5
    endloop
  endfacet
  facet normal 0 -1 0
    outer loop
      vertex -2.491435692954414 29 7.5
      vertex -2 29 7.5
      vertex -2.491435692954414 29 8.5
    endloop
  endfacet
  facet normal 0 -1 0
    outer loop
      vertex -2 29 7.5
      vertex -2 29 8.5
      vertex -2.491435692954414 29 8.5
    endloop
  endfacet
  facet normal 0 1 0
    outer loop
      vertex 37.4 3 7.5
      vertex 37.89143569295441 3 8.5
      vertex 37.89143569295441 3 7.5
    endloop
  endfacet
  facet normal 0 1 0
    outer loop
      vertex 37.4 3 7.5
      vertex 37.4 3 8.5
      vertex 37.89143569295441 3 8.5
    endloop
  endfacet
  facet normal 0 0 1
    outer loop
      vertex 37.4 3 7.5
      vertex 37.89143569295441 3 7.5
      vertex 37.4 29 7.5
    endloop
  endfacet
  facet normal 1 0 0
    outer loop
      vertex 37.4 3 7.5
      vertex 37.4 29 8.5
      vertex 37.4 3 8.5
    endloop
  endfacet
  facet normal 0 0 -1
    outer loop
      vertex 37.4 3 8.5
      vertex 37.89143569295441 29 8.5
      vertex 37.89143569295441 3 8.5
    endloop
  endfacet
  facet normal 1 0 0
    outer loop
      vertex 37.4 3 7.5
      vertex 37.4 29 7.5
      vertex 37.4 29 8.5
    endloop
  endfacet
  facet normal 0 0 1
    outer loop
      vertex 37.89143569295441 3 7.5
      vertex 37.89143569295441 29 7.5
      vertex 37.4 29 7.5
    endloop
  endfacet
  facet normal 0 0 -1
    outer loop
      vertex 37.4 3 8.5
      vertex 37.4 29 8.5
      vertex 37.89143569295441 29 8.5
    endloop
  endfacet
  facet normal 0 -1 0
    outer loop
      vertex 37.4 29 7.5
      vertex 37.89143569295441 29 7.5
      vertex 37.4 29 8.5
    endloop
  endfacet
  facet normal 0 -1 0
    outer loop
      vertex 37.89143569295441 29 7.5
      vertex 37.89143569295441 29 8.5
      vertex 37.4 29 8.5
    endloop
  endfacet
  facet normal 0 1 0
    outer loop
      vertex -2.491435692954414 3 10
      vertex -2 3 11
      vertex -2 3 10
    endloop
  endfacet
  facet normal 0 1 0
    outer loop
      vertex -2.491435692954414 3 10
      vertex -2.491435692954414 3 11
      vertex -2 3 11
    endloop
  endfacet
  facet normal 0 0 1
    outer loop
      vertex -2.491435692954414 3 10
      vertex -2 3 10
      vertex -2.491435692954414 29 10
    endloop
  endfacet
  facet normal -1 0 0
    outer loop
      vertex -2 3 10
      vertex -2 3 11
      vertex -2 29 10
    endloop
  endfacet
  facet normal 0 0 -1
    outer loop
      vertex -2.491435692954414 3 11
      vertex -2 29 11
      vertex -2 3 11
    endloop
  endfacet
  facet normal 0 0 1
    outer loop
      vertex -2 3 10
      vertex -2 29 10
      vertex -2.491435692954414 29 10
    endloop
  endfacet
  facet normal 0 0 -1
    outer loop
      vertex -2.491435692954414 3 11
      vertex -2.491435692954414 29 11
      vertex -2 29 11
    endloop
  endfacet
  facet normal -1 0 0
    outer loop
      vertex -2 3 11
      vertex -2 29 11
      vertex -2 29 10
    endloop
  endfacet
  facet normal 0 -1 0
    outer loop
      vertex -2.491435692954414 29 10
      vertex -2 29 10
      vertex -2.491435692954414 29 11
    endloop
  endfacet
  facet normal 0 -1 0
    outer loop
      vertex -2 29 10
      vertex -2 29 11
      vertex -2.491435692954414 29 11
    endloop
  endfacet
  facet normal 0 1 0
    outer loop
      vertex 37.4 3 10
      vertex 37.89143569295441 3 11
      vertex 37.89143569295441 3 10
    endloop
  endfacet
  facet normal 0 1 0
    outer loop
      vertex 37.4 3 10
      vertex 37.4 3 11
      vertex 37.89143569295441 3 11
    endloop
  endfacet
  facet normal 0 0 1
    outer loop
      vertex 37.4 3 10
      vertex 37.89143569295441 3 10
      vertex 37.4 29 10
    endloop
  endfacet
  facet normal 1 0 0
    outer loop
      vertex 37.4 3 10
      vertex 37.4 29 11
      vertex 37.4 3 11
    endloop
  endfacet
  facet normal 0 0 -1
    outer loop
      vertex 37.4 3 11
      vertex 37.89143569295441 29 11
      vertex 37.89143569295441 3 11
    endloop
  endfacet
  facet normal 0 0 1
    outer loop
      vertex 37.89143569295441 3 10
      vertex 37.89143569295441 29 10
      vertex 37.4 29 10
    endloop
  endfacet
  facet normal 1 0 0
    outer loop
      vertex 37.4 3 10
      vertex 37.4 29 10
      vertex 37.4 29 11
    endloop
  endfacet
  facet normal 0 0 -1
    outer loop
      vertex 37.4 3 11
      vertex 37.4 29 11
      vertex 37.89143569295441 29 11
    endloop
  endfacet
  facet normal 0 -1 0
    outer loop
      vertex 37.4 29 10
      vertex 37.89143569295441 29 10
      vertex 37.4 29 11
    endloop
  endfacet
  facet normal 0 -1 0
    outer loop
      vertex 37.89143569295441 29 10
      vertex 37.89143569295441 29 11
      vertex 37.4 29 11
    endloop
  endfacet
  facet normal 0 1 0
    outer loop
      vertex -2.491435692954414 3 12.5
      vertex -2 3 13.5
      vertex -2 3 12.5
    endloop
  endfacet
  facet normal 0 1 0
    outer loop
      vertex -2.491435692954414 3 12.5
      vertex -2.491435692954414 3 13.5
      vertex -2 3 13.5
    endloop
  endfacet
  facet normal 0 0 1
    outer loop
      vertex -2.491435692954414 3 12.5
      vertex -2 3 12.5
      vertex -2.491435692954414 29 12.5
    endloop
  endfacet
  facet normal -1 0 0
    outer loop
      vertex -2 3 12.5
      vertex -2 3 13.5
      vertex -2 29 12.5
    endloop
  endfacet
  facet normal 0 0 -1
    outer loop
      vertex -2.491435692954414 3 13.5
      vertex -2 29 13.5
      vertex -2 3 13.5
    endloop
  endfacet
  facet normal 0 0 1
    outer loop
      vertex -2 3 12.5
      vertex -2 29 12.5
      vertex -2.491435692954414 29 12.5
    endloop
  endfacet
  facet normal -1 0 0
    outer loop
      vertex -2 3 13.5
      vertex -2 29 13.5
      vertex -2 29 12.5
    endloop
  endfacet
  facet normal 0 0 -1
    outer loop
      vertex -2.491435692954414 3 13.5
      vertex -2.491435692954414 29 13.5
      vertex -2 29 13.5
    endloop
  endfacet
  facet normal 0 -1 0
    outer loop
      vertex -2.491435692954414 29 12.5
      vertex -2 29 12.5
      vertex -2.491435692954414 29 13.5
    endloop
  endfacet
  facet normal 0 -1 0
    outer loop
      vertex -2 29 12.5
      vertex -2 29 13.5
      vertex -2.491435692954414 29 13.5
    endloop
  endfacet
  facet normal 0 1 0
    outer loop
      vertex 37.4 3 12.5
      vertex 37.89143569295441 3 13.5
      vertex 37.89143569295441 3 12.5
    endloop
  endfacet
  facet normal 0 1 0
    outer loop
      vertex 37.4 3 12.5
      vertex 37.4 3 13.5
      vertex 37.89143569295441 3 13.5
    endloop
  endfacet
  facet normal 0 0 1
    outer loop
      vertex 37.4 3 12.5
      vertex 37.89143569295441 3 12.5
      vertex 37.4 29 12.5
    endloop
  endfacet
  facet normal 1 0 0
    outer loop
      vertex 37.4 3 12.5
      vertex 37.4 29 13.5
      vertex 37.4 3 13.5
    endloop
  endfacet
  facet normal 0 0 -1
    outer loop
      vertex 37.4 3 13.5
      vertex 37.89143569295441 29 13.5
      vertex 37.89143569295441 3 13.5
    endloop
  endfacet
  facet normal 0 0 1
    outer loop
      vertex 37.89143569295441 3 12.5
      vertex 37.89143569295441 29 12.5
      vertex 37.4 29 12.5
    endloop
  endfacet
  facet normal 1 0 0
    outer loop
      vertex 37.4 3 12.5
      vertex 37.4 29 12.5
      vertex 37.4 29 13.5
    endloop
  endfacet
  facet normal 0 0 -1
    outer loop
      vertex 37.4 3 13.5
      vertex 37.4 29 13.5
      vertex 37.89143569295441 29 13.5
    endloop
  endfacet
  facet normal 0 -1 0
    outer loop
      vertex 37.4 29 12.5
      vertex 37.89143569295441 29 12.5
      vertex 37.4 29 13.5
    endloop
  endfacet
  facet normal 0 -1 0
    outer loop
      vertex 37.89143569295441 29 12.5
      vertex 37.89143569295441 29 13.5
      vertex 37.4 29 13.5
    endloop
  endfacet
  facet normal 0 1 0
    outer loop
      vertex -2.491435692954414 3 15
      vertex -2 3 16
      vertex -2 3 15
    endloop
  endfacet
  facet normal 0 1 0
    outer loop
      vertex -2.491435692954414 3 15
      vertex -2.491435692954414 3 16
      vertex -2 3 16
    endloop
  endfacet
  facet normal 0 0 1
    outer loop
      vertex -2.491435692954414 3 15
      vertex -2 3 15
      vertex -2.491435692954414 29 15
    endloop
  endfacet
  facet normal -1 0 0
    outer loop
      vertex -2 3 15
      vertex -2 3 16
      vertex -2 29 15
    endloop
  endfacet
  facet normal 0 0 -1
    outer loop
      vertex -2.491435692954414 3 16
      vertex -2 29 16
      vertex -2 3 16
    endloop
  endfacet
  facet normal 0 0 1
    outer loop
      vertex -2 3 15
      vertex -2 29 15
      vertex -2.491435692954414 29 15
    endloop
  endfacet
  facet normal -1 0 0
    outer loop
      vertex -2 3 16
      vertex -2 29 16
      vertex -2 29 15
    endloop
  endfacet
  facet normal 0 0 -1
    outer loop
      vertex -2.491435692954414 3 16
      vertex -2.491435692954414 29 16
      vertex -2 29 16
    endloop
  endfacet
  facet normal 0 -1 0
    outer loop
      vertex -2.491435692954414 29 15
      vertex -2 29 15
      vertex -2.491435692954414 29 16
    endloop
  endfacet
  facet normal 0 -1 0
    outer loop
      vertex -2 29 15
      vertex -2 29 16
      vertex -2.491435692954414 29 16
    endloop
  endfacet
  facet normal 0 1 0
    outer loop
      vertex 37.4 3 15
      vertex 37.89143569295441 3 16
      vertex 37.89143569295441 3 15
    endloop
  endfacet
  facet normal 0 1 0
    outer loop
      vertex 37.4 3 15
      vertex 37.4 3 16
      vertex 37.89143569295441 3 16
    endloop
  endfacet
  facet normal 0 0 1
    outer loop
      vertex 37.4 3 15
      vertex 37.89143569295441 3 15
      vertex 37.4 29 15
    endloop
  endfacet
  facet normal 1 0 0
    outer loop
      vertex 37.4 3 15
      vertex 37.4 29 16
      vertex 37.4 3 16
    endloop
  endfacet
  facet normal 0 0 -1
    outer loop
      vertex 37.4 3 16
      vertex 37.89143569295441 29 16
      vertex 37.89143569295441 3 16
    endloop
  endfacet
  facet normal 0 0 1
    outer loop
      vertex 37.89143569295441 3 15
      vertex 37.89143569295441 29 15
      vertex 37.4 29 15
    endloop
  endfacet
  facet normal 1 0 0
    outer loop
      vertex 37.4 3 15
      vertex 37.4 29 15
      vertex 37.4 29 16
    endloop
  endfacet
  facet normal 0 0 -1
    outer loop
      vertex 37.4 3 16
      vertex 37.4 29 16
      vertex 37.89143569295441 29 16
    endloop
  endfacet
  facet normal 0 -1 0
    outer loop
      vertex 37.4 29 15
      vertex 37.89143569295441 29 15
      vertex 37.4 29 16
    endloop
  endfacet
  facet normal 0 -1 0
    outer loop
      vertex 37.89143569295441 29 15
      vertex 37.89143569295441 29 16
      vertex 37.4 29 16
    endloop
  endfacet
  facet normal 1 0 0
    outer loop
      vertex 0 0 0
      vertex 0 32 8.8
      vertex 0 10.600000000000001 8.8
    endloop
  endfacet
  facet normal 0 1 0
    outer loop
      vertex 0 0 0
      vertex 20.671779055671934 0 5.409037355874981
      vertex 21.082316184895834 0 5.327376443603807
    endloop
  endfacet
  facet normal 0 1 0
    outer loop
      vertex 0 0 0
      vertex 21.082316184895834 0 5.327376443603807
      vertex 21.5 0 5.3
    endloop
  endfacet
  facet normal 0 1 0
    outer loop
      vertex 0 0 0
      vertex 18.728718707889797 0 6.9
      vertex 18.961269311068047 0 6.551963427172094
    endloop
  endfacet
  facet normal 0 1 0
    outer loop
      vertex 0 0 0
      vertex 18.409037355874982 0 7.671779055671934
      vertex 18.54358549596388 0 7.275413016431712
    endloop
  endfacet
  facet normal 0 1 0
    outer loop
      vertex 0 0 0
      vertex 18.54358549596388 0 7.275413016431712
      vertex 18.728718707889797 0 6.9
    endloop
  endfacet
  facet normal 0 1 0
    outer loop
      vertex 0 0 0
      vertex 18.327376443603807 0 8.082316184895834
      vertex 18.409037355874982 0 7.671779055671934
    endloop
  endfacet
  facet normal 0 1 0
    outer loop
      vertex 0 0 0
      vertex 18.3 0 8.5
      vertex 18.327376443603807 0 8.082316184895834
    endloop
  endfacet
  facet normal 0 1 0
    outer loop
      vertex 0 0 0
      vertex 18.327376443603807 0 8.917683815104166
      vertex 18.3 0 8.5
    endloop
  endfacet
  facet normal 0 1 0
    outer loop
      vertex 0 0 0
      vertex 18.409037355874982 0 9.328220944328066
      vertex 18.327376443603807 0 8.917683815104166
    endloop
  endfacet
  facet normal 0 1 0
    outer loop
      vertex 0 0 0
      vertex 18.54358549596388 0 9.724586983568287
      vertex 18.409037355874982 0 9.328220944328066
    endloop
  endfacet
  facet normal 0 1 0
    outer loop
      vertex 0 0 0
      vertex 18.728718707889797 0 10.1
      vertex 18.54358549596388 0 9.724586983568287
    endloop
  endfacet
  facet normal 0 1 0
    outer loop
      vertex 0 0 0
      vertex 18.961269311068047 0 10.448036572827906
      vertex 18.728718707889797 0 10.1
    endloop
  endfacet
  facet normal 0 1 0
    outer loop
      vertex 0 0 0
      vertex 19.551963427172094 0 5.9612693110680475
      vertex 19.9 0 5.728718707889796
    endloop
  endfacet
  facet normal 0 1 0
    outer loop
      vertex 0 0 0
      vertex 19.23725830020305 0 6.237258300203047
      vertex 19.551963427172094 0 5.9612693110680475
    endloop
  endfacet
  facet normal 0 1 0
    outer loop
      vertex 0 0 0
      vertex 18.961269311068047 0 6.551963427172094
      vertex 19.23725830020305 0 6.237258300203047
    endloop
  endfacet
  facet normal 0 1 0
    outer loop
      vertex 0 0 0
      vertex 19.9 0 5.728718707889796
      vertex 20.275413016431713 0 5.543585495963882
    endloop
  endfacet
  facet normal 0 1 0
    outer loop
      vertex 0 0 0
      vertex 20.275413016431713 0 5.543585495963882
      vertex 20.671779055671934 0 5.409037355874981
    endloop
  endfacet
  facet normal 0 1 0
    outer loop
      vertex 0 0 0
      vertex 19.23725830020305 0 10.762741699796953
      vertex 18.961269311068047 0 10.448036572827906
    endloop
  endfacet
  facet normal 0 1 0
    outer loop
      vertex 0 0 0
      vertex 19.551963427172094 0 11.038730688931953
      vertex 19.23725830020305 0 10.762741699796953
    endloop
  endfacet
  facet normal 0 1 0
    outer loop
      vertex 0 0 0
      vertex 19.9 0 11.271281292110203
      vertex 19.551963427172094 0 11.038730688931953
    endloop
  endfacet
  facet normal 1 0 0
    outer loop
      vertex 0 0 0
      vertex 0 10.600000000000001 8.8
      vertex 0 0 20.5
    endloop
  endfacet
  facet normal 1 0 0
    outer loop
      vertex 0 0 20.5
      vertex 0 10.600000000000001 8.8
      vertex 0 10.600000000000001 11
    endloop
  endfacet
  facet normal 1 0 0
    outer loop
      vertex 0 0 20.5
      vertex 0 10.600000000000001 11
      vertex 0 32 20.5
    endloop
  endfacet
  facet normal 0 1 0
    outer loop
      vertex 0 0 0
      vertex 0 0 20.5
      vertex 35.4 0 20.5
    endloop
  endfacet
  facet normal 1 0 0
    outer loop
      vertex 0 0 0
      vertex 0 32 0
      vertex 0 32 8.8
    endloop
  endfacet
  facet normal 0 -1 0
    outer loop
      vertex 0 32 0
      vertex 0.01 32 8.8
      vertex 0 32 8.8
    endloop
  endfacet
  facet normal 0 0 1
    outer loop
      vertex 0 0 0
      vertex 30.4 23.7 0
      vertex 0 32 0
    endloop
  endfacet
  facet normal 0 -1 0
    outer loop
      vertex 0 32 0
      vertex 30.4 32 0
      vertex 0.01 32 8.8
    endloop
  endfacet
  facet normal 0 -1 0
    outer loop
      vertex 0.01 32 8.8
      vertex 30.4 32 0
      vertex 1.2 32 10
    endloop
  endfacet
  facet normal 0 -1 0
    outer loop
      vertex 1.2 32 10
      vertex 30.4 32 0
      vertex 1.2 32 11
    endloop
  endfacet
  facet normal 1 0 0
    outer loop
      vertex 0 32 20.5
      vertex 0 10.600000000000001 11
      vertex 0 32 11
    endloop
  endfacet
  facet normal 0 -1 0
    outer loop
      vertex 0 32 20.5
      vertex 0 32 11
      vertex 1.2 32 11
    endloop
  endfacet
  facet normal 0 -1 0
    outer loop
      vertex 0 32 20.5
      vertex 1.2 32 11
      vertex 30.4 32 0
    endloop
  endfacet
  facet normal 0 -1 0
    outer loop
      vertex 0 32 20.5
      vertex 30.4 32 0
      vertex 21.971963987475775 32 13.704229427784302
    endloop
  endfacet
  facet normal 0 -1 0
    outer loop
      vertex 0 32 20.5
      vertex 21.841154273188007 32 13.899999999999999
      vertex 21.73701684147968 32 14.111169821742838
    endloop
  endfacet
  facet normal 0 -1 0
    outer loop
      vertex 0 32 20.5
      vertex 21.971963987475775 32 13.704229427784302
      vertex 21.841154273188007 32 13.899999999999999
    endloop
  endfacet
  facet normal 0 -1 0
    outer loop
      vertex 0 32 20.5
      vertex 21.73701684147968 32 14.111169821742838
      vertex 21.661333512679676 32 14.33412571881546
    endloop
  endfacet
  facet normal 0 -1 0
    outer loop
      vertex 0 32 20.5
      vertex 21.661333512679676 32 14.33412571881546
      vertex 21.615399249527137 32 14.565052854003905
    endloop
  endfacet
  facet normal 0 -1 0
    outer loop
      vertex 0 32 20.5
      vertex 21.615399249527137 32 14.565052854003905
      vertex 21.599999999999998 32 14.799999999999999
    endloop
  endfacet
  facet normal 0 -1 0
    outer loop
      vertex 0 32 20.5
      vertex 21.599999999999998 32 14.799999999999999
      vertex 21.615399249527137 32 15.034947145996092
    endloop
  endfacet
  facet normal 0 -1 0
    outer loop
      vertex 0 32 20.5
      vertex 21.615399249527137 32 15.034947145996092
      vertex 21.661333512679676 32 15.265874281184537
    endloop
  endfacet
  facet normal 0 -1 0
    outer loop
      vertex 0 32 20.5
      vertex 21.661333512679676 32 15.265874281184537
      vertex 21.73701684147968 32 15.48883017825716
    endloop
  endfacet
  facet normal 0 -1 0
    outer loop
      vertex 0 32 20.5
      vertex 21.73701684147968 32 15.48883017825716
      vertex 21.841154273188007 32 15.7
    endloop
  endfacet
  facet normal 0 -1 0
    outer loop
      vertex 0 32 20.5
      vertex 21.841154273188007 32 15.7
      vertex 21.971963987475775 32 15.895770572215696
    endloop
  endfacet
  facet normal 0 -1 0
    outer loop
      vertex 0 32 20.5
      vertex 21.971963987475775 32 15.895770572215696
      vertex 22.127207793864212 32 16.072792206135784
    endloop
  endfacet
  facet normal 0 -1 0
    outer loop
      vertex 0 32 20.5
      vertex 22.127207793864212 32 16.072792206135784
      vertex 22.3042294277843 32 16.22803601252422
    endloop
  endfacet
  facet normal 0 -1 0
    outer loop
      vertex 0 32 20.5
      vertex 22.3042294277843 32 16.22803601252422
      vertex 22.499999999999996 32 16.35884572681199
    endloop
  endfacet
  facet normal 0 -1 0
    outer loop
      vertex 0 32 20.5
      vertex 22.499999999999996 32 16.35884572681199
      vertex 22.711169821742835 32 16.462983158520316
    endloop
  endfacet
  facet normal 0 -1 0
    outer loop
      vertex 0 32 20.5
      vertex 22.711169821742835 32 16.462983158520316
      vertex 22.93412571881546 32 16.53866648732032
    endloop
  endfacet
  facet normal 0 -1 0
    outer loop
      vertex 0 32 20.5
      vertex 22.93412571881546 32 16.53866648732032
      vertex 23.165052854003903 32 16.58460075047286
    endloop
  endfacet
  facet normal 0 -1 0
    outer loop
      vertex 0 32 20.5
      vertex 23.165052854003903 32 16.58460075047286
      vertex 23.4 32 16.599999999999998
    endloop
  endfacet
  facet normal 0 -1 0
    outer loop
      vertex 0 32 20.5
      vertex 23.4 32 16.599999999999998
      vertex 29.199999999999996 32 16.599999999999998
    endloop
  endfacet
  facet normal 0 1 0
    outer loop
      vertex 0 0 0
      vertex 21.5 0 5.3
      vertex 35.4 0 0
    endloop
  endfacet
  facet normal 0 1 0
    outer loop
      vertex 21.5 0 5.3
      vertex 21.917683815104166 0 5.327376443603807
      vertex 35.4 0 0
    endloop
  endfacet
  facet normal 0 1 0
    outer loop
      vertex 21.917683815104166 0 5.327376443603807
      vertex 22.328220944328066 0 5.409037355874981
      vertex 35.4 0 0
    endloop
  endfacet
  facet normal 0 1 0
    outer loop
      vertex 22.328220944328066 0 5.409037355874981
      vertex 22.724586983568287 0 5.543585495963882
      vertex 27.6 0 6.85
    endloop
  endfacet
  facet normal 0 1 0
    outer loop
      vertex 22.724586983568287 0 5.543585495963882
      vertex 23.1 0 5.728718707889796
      vertex 27.6 0 6.85
    endloop
  endfacet
  facet normal 0 1 0
    outer loop
      vertex 23.1 0 5.728718707889796
      vertex 23.448036572827906 0 5.9612693110680475
      vertex 27.6 0 6.85
    endloop
  endfacet
  facet normal 0 1 0
    outer loop
      vertex 23.448036572827906 0 5.9612693110680475
      vertex 23.76274169979695 0 6.237258300203047
      vertex 27.384631782836916 0 6.864115978733213
    endloop
  endfacet
  facet normal 0 1 0
    outer loop
      vertex 23.76274169979695 0 6.237258300203047
      vertex 24.038730688931953 0 6.551963427172094
      vertex 27.172948575580843 0 6.906222386623037
    endloop
  endfacet
  facet normal 0 1 0
    outer loop
      vertex 24.038730688931953 0 6.551963427172094
      vertex 24.271281292110203 0 6.9
      vertex 26.775000000000002 0 7.071058083755677
    endloop
  endfacet
  facet normal 0 1 0
    outer loop
      vertex 24.271281292110203 0 6.9
      vertex 24.45641450403612 0 7.275413016431712
      vertex 26.595543642135613 0 7.190966988519462
    endloop
  endfacet
  facet normal 0 1 0
    outer loop
      vertex 24.45641450403612 0 7.275413016431712
      vertex 24.590962644125018 0 7.671779055671934
      vertex 26.290966988519465 0 7.495543642135611
    endloop
  endfacet
  facet normal 0 1 0
    outer loop
      vertex 24.590962644125018 0 7.671779055671934
      vertex 24.672623556396193 0 8.082316184895834
      vertex 26.07559877135638 0 7.868572336597602
    endloop
  endfacet
  facet normal 0 1 0
    outer loop
      vertex 24.672623556396193 0 8.082316184895834
      vertex 24.7 0 8.5
      vertex 26.00622238662304 0 8.07294857558084
    endloop
  endfacet
  facet normal 0 1 0
    outer loop
      vertex 24.7 0 8.5
      vertex 24.672623556396193 0 8.917683815104166
      vertex 25.950000000000003 0 8.5
    endloop
  endfacet
  facet normal 0 1 0
    outer loop
      vertex 24.672623556396193 0 8.917683815104166
      vertex 24.590962644125018 0 9.328220944328066
      vertex 26.00622238662304 0 8.92705142441916
    endloop
  endfacet
  facet normal 0 1 0
    outer loop
      vertex 24.271281292110203 0 6.9
      vertex 26.595543642135613 0 7.190966988519462
      vertex 26.775000000000002 0 7.071058083755677
    endloop
  endfacet
  facet normal 0 1 0
    outer loop
      vertex 23.448036572827906 0 5.9612693110680475
      vertex 27.384631782836916 0 6.864115978733213
      vertex 27.6 0 6.85
    endloop
  endfacet
  facet normal 0 1 0
    outer loop
      vertex 23.76274169979695 0 6.237258300203047
      vertex 27.172948575580843 0 6.906222386623037
      vertex 27.384631782836916 0 6.864115978733213
    endloop
  endfacet
  facet normal 0 1 0
    outer loop
      vertex 24.038730688931953 0 6.551963427172094
      vertex 26.775000000000002 0 7.071058083755677
      vertex 26.968572336597603 0 6.975598771356377
    endloop
  endfacet
  facet normal 0 1 0
    outer loop
      vertex 24.038730688931953 0 6.551963427172094
      vertex 26.968572336597603 0 6.975598771356377
      vertex 27.172948575580843 0 6.906222386623037
    endloop
  endfacet
  facet normal 0 1 0
    outer loop
      vertex 24.45641450403612 0 7.275413016431712
      vertex 26.4332738110422 0 7.333273811042197
      vertex 26.595543642135613 0 7.190966988519462
    endloop
  endfacet
  facet normal 0 1 0
    outer loop
      vertex 24.45641450403612 0 7.275413016431712
      vertex 26.290966988519465 0 7.495543642135611
      vertex 26.4332738110422 0 7.333273811042197
    endloop
  endfacet
  facet normal 0 1 0
    outer loop
      vertex 24.590962644125018 0 7.671779055671934
      vertex 26.17105808375568 0 7.675
      vertex 26.290966988519465 0 7.495543642135611
    endloop
  endfacet
  facet normal 0 1 0
    outer loop
      vertex 24.590962644125018 0 7.671779055671934
      vertex 26.07559877135638 0 7.868572336597602
      vertex 26.17105808375568 0 7.675
    endloop
  endfacet
  facet normal 0 1 0
    outer loop
      vertex 24.672623556396193 0 8.082316184895834
      vertex 26.00622238662304 0 8.07294857558084
      vertex 26.07559877135638 0 7.868572336597602
    endloop
  endfacet
  facet normal 0 1 0
    outer loop
      vertex 24.7 0 8.5
      vertex 25.964115978733215 0 8.284631782836914
      vertex 26.00622238662304 0 8.07294857558084
    endloop
  endfacet
  facet normal 0 1 0
    outer loop
      vertex 24.7 0 8.5
      vertex 25.950000000000003 0 8.5
      vertex 25.964115978733215 0 8.284631782836914
    endloop
  endfacet
  facet normal 0 1 0
    outer loop
      vertex 24.672623556396193 0 8.917683815104166
      vertex 25.964115978733215 0 8.715368217163086
      vertex 25.950000000000003 0 8.5
    endloop
  endfacet
  facet normal 0 1 0
    outer loop
      vertex 24.672623556396193 0 8.917683815104166
      vertex 26.00622238662304 0 8.92705142441916
      vertex 25.964115978733215 0 8.715368217163086
    endloop
  endfacet
  facet normal 0 1 0
    outer loop
      vertex 26.00622238662304 0 8.92705142441916
      vertex 24.590962644125018 0 9.328220944328066
      vertex 26.07559877135638 0 9.131427663402398
    endloop
  endfacet
  facet normal 0 0 1
    outer loop
      vertex 0 0 0
      vertex 35.4 0 0
      vertex 30.4 23.7 0
    endloop
  endfacet
  facet normal 0 1 0
    outer loop
      vertex 22.328220944328066 0 5.409037355874981
      vertex 27.6 0 6.85
      vertex 35.4 0 0
    endloop
  endfacet
  facet normal 0 1 0
    outer loop
      vertex 27.6 0 6.85
      vertex 27.815368217163087 0 6.864115978733213
      vertex 35.4 0 0
    endloop
  endfacet
  facet normal 0 1 0
    outer loop
      vertex 35.4 0 0
      vertex 27.815368217163087 0 6.864115978733213
      vertex 28.02705142441916 0 6.906222386623037
    endloop
  endfacet
  facet normal 0 1 0
    outer loop
      vertex 35.4 0 0
      vertex 28.02705142441916 0 6.906222386623037
      vertex 28.2314276634024 0 6.975598771356377
    endloop
  endfacet
  facet normal 0 1 0
    outer loop
      vertex 35.4 0 0
      vertex 28.2314276634024 0 6.975598771356377
      vertex 28.425 0 7.071058083755677
    endloop
  endfacet
  facet normal 0 1 0
    outer loop
      vertex 35.4 0 0
      vertex 28.425 0 7.071058083755677
      vertex 28.60445635786439 0 7.190966988519462
    endloop
  endfacet
  facet normal 0 1 0
    outer loop
      vertex 35.4 0 0
      vertex 28.60445635786439 0 7.190966988519462
      vertex 28.766726188957804 0 7.333273811042197
    endloop
  endfacet
  facet normal 0 1 0
    outer loop
      vertex 35.4 0 0
      vertex 28.766726188957804 0 7.333273811042197
      vertex 28.90903301148054 0 7.495543642135611
    endloop
  endfacet
  facet normal 0 1 0
    outer loop
      vertex 35.4 0 0
      vertex 28.90903301148054 0 7.495543642135611
      vertex 29.028941916244325 0 7.675
    endloop
  endfacet
  facet normal 0 1 0
    outer loop
      vertex 35.4 0 0
      vertex 29.028941916244325 0 7.675
      vertex 29.124401228643624 0 7.868572336597602
    endloop
  endfacet
  facet normal 0 0 1
    outer loop
      vertex 35.4 0 0
      vertex 35.4 23.7 0
      vertex 30.4 23.7 0
    endloop
  endfacet
  facet normal -1 0 0
    outer loop
      vertex 35.4 0 0
      vertex 35.4 10.600000000000001 8.8
      vertex 35.4 23.7 0
    endloop
  endfacet
  facet normal -1 0 0
    outer loop
      vertex 35.4 0 0
      vertex 35.4 10.600000000000001 11
      vertex 35.4 10.600000000000001 8.8
    endloop
  endfacet
  facet normal 0 1 0
    outer loop
      vertex 0 0 0
      vertex 35.4 0 20.5
      vertex 19.9 0 11.271281292110203
    endloop
  endfacet
  facet normal 0 1 0
    outer loop
      vertex 26.07559877135638 0 9.131427663402398
      vertex 24.590962644125018 0 9.328220944328066
      vertex 24.45641450403612 0 9.724586983568287
    endloop
  endfacet
  facet normal 0 1 0
    outer loop
      vertex 24.45641450403612 0 9.724586983568287
      vertex 24.271281292110203 0 10.1
      vertex 26.290966988519465 0 9.504456357864388
    endloop
  endfacet
  facet normal 0 1 0
    outer loop
      vertex 24.271281292110203 0 10.1
      vertex 24.038730688931953 0 10.448036572827906
      vertex 26.595543642135613 0 9.809033011480539
    endloop
  endfacet
  facet normal 0 1 0
    outer loop
      vertex 24.038730688931953 0 10.448036572827906
      vertex 23.76274169979695 0 10.762741699796953
      vertex 26.775000000000002 0 9.928941916244323
    endloop
  endfacet
  facet normal 0 1 0
    outer loop
      vertex 26.07559877135638 0 9.131427663402398
      vertex 24.45641450403612 0 9.724586983568287
      vertex 26.17105808375568 0 9.325
    endloop
  endfacet
  facet normal 0 1 0
    outer loop
      vertex 24.45641450403612 0 9.724586983568287
      vertex 26.290966988519465 0 9.504456357864388
      vertex 26.17105808375568 0 9.325
    endloop
  endfacet
  facet normal 0 1 0
    outer loop
      vertex 24.271281292110203 0 10.1
      vertex 26.4332738110422 0 9.666726188957803
      vertex 26.290966988519465 0 9.504456357864388
    endloop
  endfacet
  facet normal 0 1 0
    outer loop
      vertex 24.271281292110203 0 10.1
      vertex 26.595543642135613 0 9.809033011480539
      vertex 26.4332738110422 0 9.666726188957803
    endloop
  endfacet
  facet normal 0 1 0
    outer loop
      vertex 24.038730688931953 0 10.448036572827906
      vertex 26.775000000000002 0 9.928941916244323
      vertex 26.595543642135613 0 9.809033011480539
    endloop
  endfacet
  facet normal 0 1 0
    outer loop
      vertex 23.76274169979695 0 10.762741699796953
      vertex 26.968572336597603 0 10.024401228643622
      vertex 26.775000000000002 0 9.928941916244323
    endloop
  endfacet
  facet normal 0 1 0
    outer loop
      vertex 19.9 0 11.271281292110203
      vertex 35.4 0 20.5
      vertex 20.275413016431713 0 11.456414504036118
    endloop
  endfacet
  facet normal 0 1 0
    outer loop
      vertex 20.275413016431713 0 11.456414504036118
      vertex 35.4 0 20.5
      vertex 20.671779055671934 0 11.59096264412502
    endloop
  endfacet
  facet normal 0 1 0
    outer loop
      vertex 20.671779055671934 0 11.59096264412502
      vertex 35.4 0 20.5
      vertex 21.082316184895834 0 11.672623556396193
    endloop
  endfacet
  facet normal 0 1 0
    outer loop
      vertex 21.082316184895834 0 11.672623556396193
      vertex 35.4 0 20.5
      vertex 21.5 0 11.7
    endloop
  endfacet
  facet normal 0 1 0
    outer loop
      vertex 21.5 0 11.7
      vertex 35.4 0 20.5
      vertex 21.917683815104166 0 11.672623556396193
    endloop
  endfacet
  facet normal 0 1 0
    outer loop
      vertex 23.76274169979695 0 10.762741699796953
      vertex 23.448036572827906 0 11.038730688931953
      vertex 35.4 0 20.5
    endloop
  endfacet
  facet normal 0 1 0
    outer loop
      vertex 22.328220944328066 0 11.59096264412502
      vertex 35.4 0 20.5
      vertex 22.724586983568287 0 11.456414504036118
    endloop
  endfacet
  facet normal 0 1 0
    outer loop
      vertex 22.724586983568287 0 11.456414504036118
      vertex 35.4 0 20.5
      vertex 23.1 0 11.271281292110203
    endloop
  endfacet
  facet normal 0 1 0
    outer loop
      vertex 21.917683815104166 0 11.672623556396193
      vertex 35.4 0 20.5
      vertex 22.328220944328066 0 11.59096264412502
    endloop
  endfacet
  facet normal 0 1 0
    outer loop
      vertex 23.1 0 11.271281292110203
      vertex 35.4 0 20.5
      vertex 23.448036572827906 0 11.038730688931953
    endloop
  endfacet
  facet normal 0 1 0
    outer loop
      vertex 23.76274169979695 0 10.762741699796953
      vertex 35.4 0 20.5
      vertex 26.968572336597603 0 10.024401228643622
    endloop
  endfacet
  facet normal 0 1 0
    outer loop
      vertex 26.968572336597603 0 10.024401228643622
      vertex 35.4 0 20.5
      vertex 27.172948575580843 0 10.093777613376963
    endloop
  endfacet
  facet normal 0 1 0
    outer loop
      vertex 27.172948575580843 0 10.093777613376963
      vertex 35.4 0 20.5
      vertex 27.384631782836916 0 10.135884021266786
    endloop
  endfacet
  facet normal 0 1 0
    outer loop
      vertex 27.384631782836916 0 10.135884021266786
      vertex 35.4 0 20.5
      vertex 27.6 0 10.15
    endloop
  endfacet
  facet normal 0 1 0
    outer loop
      vertex 27.6 0 10.15
      vertex 35.4 0 20.5
      vertex 27.815368217163087 0 10.135884021266786
    endloop
  endfacet
  facet normal 0 1 0
    outer loop
      vertex 29.124401228643624 0 7.868572336597602
      vertex 29.193777613376962 0 8.07294857558084
      vertex 35.4 0 20.5
    endloop
  endfacet
  facet normal 0 1 0
    outer loop
      vertex 29.193777613376962 0 8.07294857558084
      vertex 29.235884021266788 0 8.284631782836914
      vertex 35.4 0 20.5
    endloop
  endfacet
  facet normal 0 1 0
    outer loop
      vertex 29.235884021266788 0 8.284631782836914
      vertex 29.25 0 8.5
      vertex 35.4 0 20.5
    endloop
  endfacet
  facet normal 0 1 0
    outer loop
      vertex 29.25 0 8.5
      vertex 29.235884021266788 0 8.715368217163086
      vertex 35.4 0 20.5
    endloop
  endfacet
  facet normal 0 1 0
    outer loop
      vertex 29.235884021266788 0 8.715368217163086
      vertex 29.193777613376962 0 8.92705142441916
      vertex 35.4 0 20.5
    endloop
  endfacet
  facet normal 0 1 0
    outer loop
      vertex 28.60445635786439 0 9.809033011480539
      vertex 35.4 0 20.5
      vertex 28.766726188957804 0 9.666726188957803
    endloop
  endfacet
  facet normal 0 1 0
    outer loop
      vertex 28.425 0 9.928941916244323
      vertex 35.4 0 20.5
      vertex 28.60445635786439 0 9.809033011480539
    endloop
  endfacet
  facet normal 0 1 0
    outer loop
      vertex 29.193777613376962 0 8.92705142441916
      vertex 29.124401228643624 0 9.131427663402398
      vertex 35.4 0 20.5
    endloop
  endfacet
  facet normal 0 1 0
    outer loop
      vertex 29.124401228643624 0 9.131427663402398
      vertex 29.028941916244325 0 9.325
      vertex 35.4 0 20.5
    endloop
  endfacet
  facet normal 0 1 0
    outer loop
      vertex 29.028941916244325 0 9.325
      vertex 28.90903301148054 0 9.504456357864388
      vertex 35.4 0 20.5
    endloop
  endfacet
  facet normal 0 1 0
    outer loop
      vertex 28.90903301148054 0 9.504456357864388
      vertex 28.766726188957804 0 9.666726188957803
      vertex 35.4 0 20.5
    endloop
  endfacet
  facet normal 0 1 0
    outer loop
      vertex 28.02705142441916 0 10.093777613376963
      vertex 27.815368217163087 0 10.135884021266786
      vertex 35.4 0 20.5
    endloop
  endfacet
  facet normal 0 1 0
    outer loop
      vertex 28.02705142441916 0 10.093777613376963
      vertex 35.4 0 20.5
      vertex 28.2314276634024 0 10.024401228643622
    endloop
  endfacet
  facet normal 0 1 0
    outer loop
      vertex 28.425 0 9.928941916244323
      vertex 28.2314276634024 0 10.024401228643622
      vertex 35.4 0 20.5
    endloop
  endfacet
  facet normal 0 1 0
    outer loop
      vertex 35.4 0 0
      vertex 29.124401228643624 0 7.868572336597602
      vertex 35.4 0 20.5
    endloop
  endfacet
  facet normal -1 0 0
    outer loop
      vertex 35.4 0 0
      vertex 35.4 0 20.5
      vertex 35.4 10.600000000000001 11
    endloop
  endfacet
  facet normal -1 0 0
    outer loop
      vertex 35.4 0 20.5
      vertex 35.4 32 11
      vertex 35.4 10.600000000000001 11
    endloop
  endfacet
  facet normal 0 0 1
    outer loop
      vertex 0 32 0
      vertex 30.4 23.7 0
      vertex 30.4 32 0
    endloop
  endfacet
  facet normal 0 -1 0
    outer loop
      vertex 22.3042294277843 32 13.371963987475775
      vertex 30.4 32 0
      vertex 22.499999999999996 32 13.241154273188009
    endloop
  endfacet
  facet normal 0 -1 0
    outer loop
      vertex 22.499999999999996 32 13.241154273188009
      vertex 30.4 32 0
      vertex 22.711169821742835 32 13.137016841479683
    endloop
  endfacet
  facet normal 0 -1 0
    outer loop
      vertex 22.3042294277843 32 13.371963987475775
      vertex 22.127207793864212 32 13.527207793864214
      vertex 30.4 32 0
    endloop
  endfacet
  facet normal 0 -1 0
    outer loop
      vertex 21.971963987475775 32 13.704229427784302
      vertex 30.4 32 0
      vertex 22.127207793864212 32 13.527207793864214
    endloop
  endfacet
  facet normal 0 -1 0
    outer loop
      vertex 22.93412571881546 32 13.061333512679676
      vertex 30.4 32 0
      vertex 23.165052854003903 32 13.01539924952714
    endloop
  endfacet
  facet normal 0 -1 0
    outer loop
      vertex 22.711169821742835 32 13.137016841479683
      vertex 30.4 32 0
      vertex 22.93412571881546 32 13.061333512679676
    endloop
  endfacet
  facet normal 0 -1 0
    outer loop
      vertex 23.165052854003903 32 13.01539924952714
      vertex 30.4 32 0
      vertex 23.4 32 12.999999999999998
    endloop
  endfacet
  facet normal -1 0 0
    outer loop
      vertex 35.4 23.7 6.8
      vertex 35.4 23.7 0
      vertex 35.4 10.600000000000001 8.8
    endloop
  endfacet
  facet normal -1 0 0
    outer loop
      vertex 35.4 23.7 6.8
      vertex 35.4 10.600000000000001 8.8
      vertex 35.4 32 8.8
    endloop
  endfacet
  facet normal 0 -1 0
    outer loop
      vertex 23.4 32 12.999999999999998
      vertex 30.4 32 0
      vertex 30.4 32 6
    endloop
  endfacet
  facet normal 0 -1 0
    outer loop
      vertex 29.199999999999996 32 12.999999999999998
      vertex 30.4 32 6
      vertex 30.4 32 6.8
    endloop
  endfacet
  facet normal 0 -1 0
    outer loop
      vertex 30.099999999999998 32 13.241154273188009
      vertex 30.4 32 6.8
      vertex 35.4 32 6.8
    endloop
  endfacet
  facet normal -1 0 0
    outer loop
      vertex 35.4 23.7 6.8
      vertex 35.4 32 8.8
      vertex 35.4 32 6.8
    endloop
  endfacet
  facet normal 0 -1 0
    outer loop
      vertex 34.199999999999996 32 10
      vertex 35.4 32 6.8
      vertex 35.39 32 8.8
    endloop
  endfacet
  facet normal 0 -1 0
    outer loop
      vertex 35.39 32 8.8
      vertex 35.4 32 6.8
      vertex 35.4 32 8.8
    endloop
  endfacet
  facet normal 0 -1 0
    outer loop
      vertex 23.4 32 12.999999999999998
      vertex 30.4 32 6
      vertex 29.199999999999996 32 12.999999999999998
    endloop
  endfacet
  facet normal 0 -1 0
    outer loop
      vertex 0 32 20.5
      vertex 29.199999999999996 32 16.599999999999998
      vertex 35.4 32 20.5
    endloop
  endfacet
  facet normal -1 0 0
    outer loop
      vertex 35.4 0 20.5
      vertex 35.4 32 20.5
      vertex 35.4 32 11
    endloop
  endfacet
  facet normal 0 -1 0
    outer loop
      vertex 29.199999999999996 32 12.999999999999998
      vertex 30.4 32 6.8
      vertex 29.43494714599609 32 13.01539924952714
    endloop
  endfacet
  facet normal 0 -1 0
    outer loop
      vertex 29.43494714599609 32 13.01539924952714
      vertex 30.4 32 6.8
      vertex 29.665874281184536 32 13.061333512679676
    endloop
  endfacet
  facet normal 0 -1 0
    outer loop
      vertex 29.665874281184536 32 13.061333512679676
      vertex 30.4 32 6.8
      vertex 29.88883017825716 32 13.137016841479683
    endloop
  endfacet
  facet normal 0 -1 0
    outer loop
      vertex 29.88883017825716 32 13.137016841479683
      vertex 30.4 32 6.8
      vertex 30.099999999999998 32 13.241154273188009
    endloop
  endfacet
  facet normal 0 -1 0
    outer loop
      vertex 30.099999999999998 32 13.241154273188009
      vertex 35.4 32 6.8
      vertex 30.295770572215694 32 13.371963987475775
    endloop
  endfacet
  facet normal 0 -1 0
    outer loop
      vertex 30.295770572215694 32 13.371963987475775
      vertex 35.4 32 6.8
      vertex 30.472792206135782 32 13.527207793864214
    endloop
  endfacet
  facet normal 0 -1 0
    outer loop
      vertex 30.472792206135782 32 13.527207793864214
      vertex 35.4 32 6.8
      vertex 30.62803601252422 32 13.704229427784302
    endloop
  endfacet
  facet normal 0 -1 0
    outer loop
      vertex 30.62803601252422 32 13.704229427784302
      vertex 35.4 32 6.8
      vertex 30.758845726811987 32 13.899999999999999
    endloop
  endfacet
  facet normal 0 -1 0
    outer loop
      vertex 30.758845726811987 32 13.899999999999999
      vertex 35.4 32 6.8
      vertex 30.862983158520315 32 14.111169821742838
    endloop
  endfacet
  facet normal 0 -1 0
    outer loop
      vertex 30.862983158520315 32 14.111169821742838
      vertex 35.4 32 6.8
      vertex 30.93866648732032 32 14.33412571881546
    endloop
  endfacet
  facet normal 0 -1 0
    outer loop
      vertex 30.93866648732032 32 14.33412571881546
      vertex 35.4 32 6.8
      vertex 30.984600750472858 32 14.565052854003905
    endloop
  endfacet
  facet normal 0 -1 0
    outer loop
      vertex 30.984600750472858 32 14.565052854003905
      vertex 35.4 32 6.8
      vertex 30.999999999999996 32 14.799999999999999
    endloop
  endfacet
  facet normal 0 -1 0
    outer loop
      vertex 30.999999999999996 32 14.799999999999999
      vertex 35.4 32 6.8
      vertex 30.984600750472858 32 15.034947145996092
    endloop
  endfacet
  facet normal 0 -1 0
    outer loop
      vertex 30.984600750472858 32 15.034947145996092
      vertex 35.4 32 6.8
      vertex 34.199999999999996 32 10
    endloop
  endfacet
  facet normal 0 -1 0
    outer loop
      vertex 30.984600750472858 32 15.034947145996092
      vertex 34.199999999999996 32 10
      vertex 34.199999999999996 32 11
    endloop
  endfacet
  facet normal 0 -1 0
    outer loop
      vertex 35.4 32 20.5
      vertex 34.199999999999996 32 11
      vertex 35.4 32 11
    endloop
  endfacet
  facet normal 0 -1 0
    outer loop
      vertex 30.93866648732032 32 15.265874281184537
      vertex 30.984600750472858 32 15.034947145996092
      vertex 35.4 32 20.5
    endloop
  endfacet
  facet normal 0 -1 0
    outer loop
      vertex 30.62803601252422 32 15.895770572215696
      vertex 35.4 32 20.5
      vertex 30.472792206135782 32 16.072792206135784
    endloop
  endfacet
  facet normal 0 -1 0
    outer loop
      vertex 30.295770572215694 32 16.22803601252422
      vertex 30.472792206135782 32 16.072792206135784
      vertex 35.4 32 20.5
    endloop
  endfacet
  facet normal 0 -1 0
    outer loop
      vertex 30.93866648732032 32 15.265874281184537
      vertex 35.4 32 20.5
      vertex 30.862983158520315 32 15.48883017825716
    endloop
  endfacet
  facet normal 0 -1 0
    outer loop
      vertex 30.862983158520315 32 15.48883017825716
      vertex 35.4 32 20.5
      vertex 30.758845726811987 32 15.7
    endloop
  endfacet
  facet normal 0 -1 0
    outer loop
      vertex 30.62803601252422 32 15.895770572215696
      vertex 30.758845726811987 32 15.7
      vertex 35.4 32 20.5
    endloop
  endfacet
  facet normal 0 -1 0
    outer loop
      vertex 29.199999999999996 32 16.599999999999998
      vertex 29.43494714599609 32 16.58460075047286
      vertex 35.4 32 20.5
    endloop
  endfacet
  facet normal 0 -1 0
    outer loop
      vertex 29.43494714599609 32 16.58460075047286
      vertex 29.665874281184536 32 16.53866648732032
      vertex 35.4 32 20.5
    endloop
  endfacet
  facet normal 0 -1 0
    outer loop
      vertex 29.665874281184536 32 16.53866648732032
      vertex 29.88883017825716 32 16.462983158520316
      vertex 35.4 32 20.5
    endloop
  endfacet
  facet normal 0 -1 0
    outer loop
      vertex 29.88883017825716 32 16.462983158520316
      vertex 30.099999999999998 32 16.35884572681199
      vertex 35.4 32 20.5
    endloop
  endfacet
  facet normal 0 -1 0
    outer loop
      vertex 30.295770572215694 32 16.22803601252422
      vertex 35.4 32 20.5
      vertex 30.099999999999998 32 16.35884572681199
    endloop
  endfacet
  facet normal 0 -1 0
    outer loop
      vertex 30.984600750472858 32 15.034947145996092
      vertex 34.199999999999996 32 11
      vertex 35.4 32 20.5
    endloop
  endfacet
  facet normal 0.44228869021900075 0 0.8968727415326886
    outer loop
      vertex 19.9 -2.491435692954414 5.728718707889796
      vertex 20.275413016431713 -2.491435692954414 5.543585495963882
      vertex 20.275413016431713 0 5.543585495963882
    endloop
  endfacet
  facet normal 0.6593458151000688 0 0.7518398074789774
    outer loop
      vertex 19.551963427172094 -2.491435692954414 5.9612693110680475
      vertex 19.551963427172094 0 5.9612693110680475
      vertex 19.23725830020305 -2.491435692954414 6.237258300203047
    endloop
  endfacet
  facet normal 0.7518398074789772 0 0.6593458151000692
    outer loop
      vertex 19.23725830020305 -2.491435692954414 6.237258300203047
      vertex 19.23725830020305 0 6.237258300203047
      vertex 18.961269311068047 -2.491435692954414 6.551963427172094
    endloop
  endfacet
  facet normal 0.5555702330196037 0 0.8314696123025442
    outer loop
      vertex 19.9 -2.491435692954414 5.728718707889796
      vertex 19.9 0 5.728718707889796
      vertex 19.551963427172094 -2.491435692954414 5.9612693110680475
    endloop
  endfacet
  facet normal 0.44228869021900075 0 0.8968727415326886
    outer loop
      vertex 19.9 -2.491435692954414 5.728718707889796
      vertex 20.275413016431713 0 5.543585495963882
      vertex 19.9 0 5.728718707889796
    endloop
  endfacet
  facet normal 0.6593458151000688 0 0.7518398074789774
    outer loop
      vertex 19.23725830020305 -2.491435692954414 6.237258300203047
      vertex 19.551963427172094 0 5.9612693110680475
      vertex 19.23725830020305 0 6.237258300203047
    endloop
  endfacet
  facet normal 0.5555702330196037 0 0.8314696123025442
    outer loop
      vertex 19.551963427172094 -2.491435692954414 5.9612693110680475
      vertex 19.9 0 5.728718707889796
      vertex 19.551963427172094 0 5.9612693110680475
    endloop
  endfacet
  facet normal 0.32143946530316214 0 0.9469301294951054
    outer loop
      vertex 20.275413016431713 -2.491435692954414 5.543585495963882
      vertex 20.671779055671934 -2.491435692954414 5.409037355874981
      vertex 20.671779055671934 0 5.409037355874981
    endloop
  endfacet
  facet normal 0.19509032201612575 0 0.980785280403231
    outer loop
      vertex 20.671779055671934 -2.491435692954414 5.409037355874981
      vertex 21.082316184895834 -2.491435692954414 5.327376443603807
      vertex 21.082316184895834 0 5.327376443603807
    endloop
  endfacet
  facet normal 0.06540312923014445 0 0.9978589232386034
    outer loop
      vertex 21.082316184895834 -2.491435692954414 5.327376443603807
      vertex 21.5 -2.491435692954414 5.3
      vertex 21.5 0 5.3
    endloop
  endfacet
  facet normal 0.19509032201612575 0 0.980785280403231
    outer loop
      vertex 20.671779055671934 -2.491435692954414 5.409037355874981
      vertex 21.082316184895834 0 5.327376443603807
      vertex 20.671779055671934 0 5.409037355874981
    endloop
  endfacet
  facet normal 0.32143946530316214 0 0.9469301294951054
    outer loop
      vertex 20.275413016431713 -2.491435692954414 5.543585495963882
      vertex 20.671779055671934 0 5.409037355874981
      vertex 20.275413016431713 0 5.543585495963882
    endloop
  endfacet
  facet normal 0.06540312923014445 0 0.9978589232386034
    outer loop
      vertex 21.082316184895834 -2.491435692954414 5.327376443603807
      vertex 21.5 0 5.3
      vertex 21.082316184895834 0 5.327376443603807
    endloop
  endfacet
  facet normal -0.06540312923014445 0 0.9978589232386034
    outer loop
      vertex 21.5 -2.491435692954414 5.3
      vertex 21.917683815104166 -2.491435692954414 5.327376443603807
      vertex 21.917683815104166 0 5.327376443603807
    endloop
  endfacet
  facet normal -0.19509032201612575 0 0.980785280403231
    outer loop
      vertex 21.917683815104166 -2.491435692954414 5.327376443603807
      vertex 22.328220944328066 -2.491435692954414 5.409037355874981
      vertex 22.328220944328066 0 5.409037355874981
    endloop
  endfacet
  facet normal -0.32143946530316214 0 0.9469301294951054
    outer loop
      vertex 22.328220944328066 -2.491435692954414 5.409037355874981
      vertex 22.724586983568287 -2.491435692954414 5.543585495963882
      vertex 22.724586983568287 0 5.543585495963882
    endloop
  endfacet
  facet normal -0.06540312923014445 0 0.9978589232386034
    outer loop
      vertex 21.5 -2.491435692954414 5.3
      vertex 21.917683815104166 0 5.327376443603807
      vertex 21.5 0 5.3
    endloop
  endfacet
  facet normal -0.19509032201612575 0 0.980785280403231
    outer loop
      vertex 21.917683815104166 -2.491435692954414 5.327376443603807
      vertex 22.328220944328066 0 5.409037355874981
      vertex 21.917683815104166 0 5.327376443603807
    endloop
  endfacet
  facet normal -0.32143946530316214 0 0.9469301294951054
    outer loop
      vertex 22.328220944328066 -2.491435692954414 5.409037355874981
      vertex 22.724586983568287 0 5.543585495963882
      vertex 22.328220944328066 0 5.409037355874981
    endloop
  endfacet
  facet normal 0.8314696123025465 0 0.5555702330196003
    outer loop
      vertex 18.961269311068047 -2.491435692954414 6.551963427172094
      vertex 18.961269311068047 0 6.551963427172094
      vertex 18.728718707889797 -2.491435692954414 6.9
    endloop
  endfacet
  facet normal 0.8968727415326865 0 0.44228869021900485
    outer loop
      vertex 18.728718707889797 -2.491435692954414 6.9
      vertex 18.728718707889797 0 6.9
      vertex 18.54358549596388 -2.491435692954414 7.275413016431712
    endloop
  endfacet
  facet normal 0.9469301294951069 0 0.3214394653031577
    outer loop
      vertex 18.54358549596388 -2.491435692954414 7.275413016431712
      vertex 18.54358549596388 0 7.275413016431712
      vertex 18.409037355874982 -2.491435692954414 7.671779055671934
    endloop
  endfacet
  facet normal 0.9807852804032302 0 0.19509032201612983
    outer loop
      vertex 18.409037355874982 -2.491435692954414 7.671779055671934
      vertex 18.409037355874982 0 7.671779055671934
      vertex 18.327376443603807 -2.491435692954414 8.082316184895834
    endloop
  endfacet
  facet normal 0.8314696123025465 0 0.5555702330196003
    outer loop
      vertex 18.728718707889797 -2.491435692954414 6.9
      vertex 18.961269311068047 0 6.551963427172094
      vertex 18.728718707889797 0 6.9
    endloop
  endfacet
  facet normal 0.8968727415326865 0 0.44228869021900485
    outer loop
      vertex 18.54358549596388 -2.491435692954414 7.275413016431712
      vertex 18.728718707889797 0 6.9
      vertex 18.54358549596388 0 7.275413016431712
    endloop
  endfacet
  facet normal 0.9469301294951069 0 0.3214394653031577
    outer loop
      vertex 18.409037355874982 -2.491435692954414 7.671779055671934
      vertex 18.54358549596388 0 7.275413016431712
      vertex 18.409037355874982 0 7.671779055671934
    endloop
  endfacet
  facet normal 0.7518398074789772 0 0.6593458151000692
    outer loop
      vertex 19.23725830020305 0 6.237258300203047
      vertex 18.961269311068047 0 6.551963427172094
      vertex 18.961269311068047 -2.491435692954414 6.551963427172094
    endloop
  endfacet
  facet normal 0.9978589232386036 0 0.06540312923014234
    outer loop
      vertex 18.327376443603807 -2.491435692954414 8.082316184895834
      vertex 18.327376443603807 0 8.082316184895834
      vertex 18.3 -2.491435692954414 8.5
    endloop
  endfacet
  facet normal 0.9978589232386036 0 -0.06540312923014234
    outer loop
      vertex 18.3 -2.491435692954414 8.5
      vertex 18.3 0 8.5
      vertex 18.327376443603807 -2.491435692954414 8.917683815104166
    endloop
  endfacet
  facet normal 0.9807852804032302 0 -0.19509032201612983
    outer loop
      vertex 18.327376443603807 -2.491435692954414 8.917683815104166
      vertex 18.327376443603807 0 8.917683815104166
      vertex 18.409037355874982 -2.491435692954414 9.328220944328066
    endloop
  endfacet
  facet normal 0.9978589232386036 0 0.06540312923014234
    outer loop
      vertex 18.3 -2.491435692954414 8.5
      vertex 18.327376443603807 0 8.082316184895834
      vertex 18.3 0 8.5
    endloop
  endfacet
  facet normal 0.9807852804032302 0 0.19509032201612983
    outer loop
      vertex 18.327376443603807 -2.491435692954414 8.082316184895834
      vertex 18.409037355874982 0 7.671779055671934
      vertex 18.327376443603807 0 8.082316184895834
    endloop
  endfacet
  facet normal 0.9978589232386036 0 -0.06540312923014234
    outer loop
      vertex 18.327376443603807 -2.491435692954414 8.917683815104166
      vertex 18.3 0 8.5
      vertex 18.327376443603807 0 8.917683815104166
    endloop
  endfacet
  facet normal 0.9807852804032302 0 -0.19509032201612983
    outer loop
      vertex 18.327376443603807 0 8.917683815104166
      vertex 18.409037355874982 0 9.328220944328066
      vertex 18.409037355874982 -2.491435692954414 9.328220944328066
    endloop
  endfacet
  facet normal -0.44228869021900075 0 0.8968727415326886
    outer loop
      vertex 22.724586983568287 -2.491435692954414 5.543585495963882
      vertex 23.1 -2.491435692954414 5.728718707889796
      vertex 23.1 0 5.728718707889796
    endloop
  endfacet
  facet normal -0.5555702330196037 0 0.8314696123025442
    outer loop
      vertex 23.1 -2.491435692954414 5.728718707889796
      vertex 23.448036572827906 -2.491435692954414 5.9612693110680475
      vertex 23.448036572827906 0 5.9612693110680475
    endloop
  endfacet
  facet normal -0.6593458151000688 0 0.7518398074789774
    outer loop
      vertex 23.448036572827906 -2.491435692954414 5.9612693110680475
      vertex 23.76274169979695 -2.491435692954414 6.237258300203047
      vertex 23.76274169979695 0 6.237258300203047
    endloop
  endfacet
  facet normal -0.44228869021900075 0 0.8968727415326886
    outer loop
      vertex 22.724586983568287 -2.491435692954414 5.543585495963882
      vertex 23.1 0 5.728718707889796
      vertex 22.724586983568287 0 5.543585495963882
    endloop
  endfacet
  facet normal -0.5555702330196037 0 0.8314696123025442
    outer loop
      vertex 23.1 -2.491435692954414 5.728718707889796
      vertex 23.448036572827906 0 5.9612693110680475
      vertex 23.1 0 5.728718707889796
    endloop
  endfacet
  facet normal -0.6593458151000688 0 0.7518398074789774
    outer loop
      vertex 23.448036572827906 -2.491435692954414 5.9612693110680475
      vertex 23.76274169979695 0 6.237258300203047
      vertex 23.448036572827906 0 5.9612693110680475
    endloop
  endfacet
  facet normal -0.7518398074789772 0 0.6593458151000692
    outer loop
      vertex 23.76274169979695 -2.491435692954414 6.237258300203047
      vertex 24.038730688931953 0 6.551963427172094
      vertex 23.76274169979695 0 6.237258300203047
    endloop
  endfacet
  facet normal -0.7518398074789772 0 0.6593458151000692
    outer loop
      vertex 23.76274169979695 -2.491435692954414 6.237258300203047
      vertex 24.038730688931953 -2.491435692954414 6.551963427172094
      vertex 24.038730688931953 0 6.551963427172094
    endloop
  endfacet
  facet normal -0.8314696123025465 0 0.5555702330196003
    outer loop
      vertex 24.038730688931953 -2.491435692954414 6.551963427172094
      vertex 24.271281292110203 -2.491435692954414 6.9
      vertex 24.271281292110203 0 6.9
    endloop
  endfacet
  facet normal -0.8968727415326865 0 0.44228869021900485
    outer loop
      vertex 24.271281292110203 -2.491435692954414 6.9
      vertex 24.45641450403612 -2.491435692954414 7.275413016431712
      vertex 24.45641450403612 0 7.275413016431712
    endloop
  endfacet
  facet normal -0.9469301294951069 0 0.3214394653031577
    outer loop
      vertex 24.45641450403612 -2.491435692954414 7.275413016431712
      vertex 24.590962644125018 -2.491435692954414 7.671779055671934
      vertex 24.590962644125018 0 7.671779055671934
    endloop
  endfacet
  facet normal -0.8314696123025465 0 0.5555702330196003
    outer loop
      vertex 24.038730688931953 -2.491435692954414 6.551963427172094
      vertex 24.271281292110203 0 6.9
      vertex 24.038730688931953 0 6.551963427172094
    endloop
  endfacet
  facet normal -0.8968727415326865 0 0.44228869021900485
    outer loop
      vertex 24.271281292110203 -2.491435692954414 6.9
      vertex 24.45641450403612 0 7.275413016431712
      vertex 24.271281292110203 0 6.9
    endloop
  endfacet
  facet normal -0.9469301294951069 0 0.3214394653031577
    outer loop
      vertex 24.45641450403612 -2.491435692954414 7.275413016431712
      vertex 24.590962644125018 0 7.671779055671934
      vertex 24.45641450403612 0 7.275413016431712
    endloop
  endfacet
  facet normal -0.9807852804032302 0 0.19509032201612983
    outer loop
      vertex 24.590962644125018 -2.491435692954414 7.671779055671934
      vertex 24.672623556396193 0 8.082316184895834
      vertex 24.590962644125018 0 7.671779055671934
    endloop
  endfacet
  facet normal -0.9807852804032302 0 0.19509032201612983
    outer loop
      vertex 24.590962644125018 -2.491435692954414 7.671779055671934
      vertex 24.672623556396193 -2.491435692954414 8.082316184895834
      vertex 24.672623556396193 0 8.082316184895834
    endloop
  endfacet
  facet normal -0.9978589232386036 0 0.06540312923014234
    outer loop
      vertex 24.672623556396193 -2.491435692954414 8.082316184895834
      vertex 24.7 -2.491435692954414 8.5
      vertex 24.7 0 8.5
    endloop
  endfacet
  facet normal -0.9807852804032302 0 -0.19509032201612983
    outer loop
      vertex 24.672623556396193 -2.491435692954414 8.917683815104166
      vertex 24.590962644125018 -2.491435692954414 9.328220944328066
      vertex 24.590962644125018 0 9.328220944328066
    endloop
  endfacet
  facet normal -0.9978589232386036 0 -0.06540312923014234
    outer loop
      vertex 24.7 -2.491435692954414 8.5
      vertex 24.672623556396193 -2.491435692954414 8.917683815104166
      vertex 24.672623556396193 0 8.917683815104166
    endloop
  endfacet
  facet normal -0.9978589232386036 0 0.06540312923014234
    outer loop
      vertex 24.672623556396193 -2.491435692954414 8.082316184895834
      vertex 24.7 0 8.5
      vertex 24.672623556396193 0 8.082316184895834
    endloop
  endfacet
  facet normal -0.9978589232386036 0 -0.06540312923014234
    outer loop
      vertex 24.7 -2.491435692954414 8.5
      vertex 24.672623556396193 0 8.917683815104166
      vertex 24.7 0 8.5
    endloop
  endfacet
  facet normal -0.9807852804032302 0 -0.19509032201612983
    outer loop
      vertex 24.672623556396193 -2.491435692954414 8.917683815104166
      vertex 24.590962644125018 0 9.328220944328066
      vertex 24.672623556396193 0 8.917683815104166
    endloop
  endfacet
  facet normal 0.9469301294951068 0 -0.32143946530315837
    outer loop
      vertex 18.409037355874982 -2.491435692954414 9.328220944328066
      vertex 18.409037355874982 0 9.328220944328066
      vertex 18.54358549596388 -2.491435692954414 9.724586983568287
    endloop
  endfacet
  facet normal 0.8968727415326869 0 -0.442288690219004
    outer loop
      vertex 18.54358549596388 -2.491435692954414 9.724586983568287
      vertex 18.54358549596388 0 9.724586983568287
      vertex 18.728718707889797 -2.491435692954414 10.1
    endloop
  endfacet
  facet normal 0.8314696123025465 0 -0.5555702330196003
    outer loop
      vertex 18.728718707889797 -2.491435692954414 10.1
      vertex 18.728718707889797 0 10.1
      vertex 18.961269311068047 -2.491435692954414 10.448036572827906
    endloop
  endfacet
  facet normal 0.9469301294951068 0 -0.32143946530315837
    outer loop
      vertex 18.54358549596388 -2.491435692954414 9.724586983568287
      vertex 18.409037355874982 0 9.328220944328066
      vertex 18.54358549596388 0 9.724586983568287
    endloop
  endfacet
  facet normal 0.8968727415326869 0 -0.442288690219004
    outer loop
      vertex 18.728718707889797 -2.491435692954414 10.1
      vertex 18.54358549596388 0 9.724586983568287
      vertex 18.728718707889797 0 10.1
    endloop
  endfacet
  facet normal 0.8314696123025465 0 -0.5555702330196003
    outer loop
      vertex 18.961269311068047 -2.491435692954414 10.448036572827906
      vertex 18.728718707889797 0 10.1
      vertex 18.961269311068047 0 10.448036572827906
    endloop
  endfacet
  facet normal 0.7518398074789772 0 -0.6593458151000692
    outer loop
      vertex 18.961269311068047 -2.491435692954414 10.448036572827906
      vertex 18.961269311068047 0 10.448036572827906
      vertex 19.23725830020305 -2.491435692954414 10.762741699796953
    endloop
  endfacet
  facet normal 0.7518398074789772 0 -0.6593458151000692
    outer loop
      vertex 19.23725830020305 -2.491435692954414 10.762741699796953
      vertex 18.961269311068047 0 10.448036572827906
      vertex 19.23725830020305 0 10.762741699796953
    endloop
  endfacet
  facet normal 0.6593458151000688 0 -0.7518398074789774
    outer loop
      vertex 19.23725830020305 -2.491435692954414 10.762741699796953
      vertex 19.23725830020305 0 10.762741699796953
      vertex 19.551963427172094 -2.491435692954414 11.038730688931953
    endloop
  endfacet
  facet normal 0.5555702330196023 0 -0.8314696123025453
    outer loop
      vertex 19.551963427172094 -2.491435692954414 11.038730688931953
      vertex 19.551963427172094 0 11.038730688931953
      vertex 19.9 -2.491435692954414 11.271281292110203
    endloop
  endfacet
  facet normal 0.4422886902190024 0 -0.8968727415326879
    outer loop
      vertex 19.9 -2.491435692954414 11.271281292110203
      vertex 19.9 0 11.271281292110203
      vertex 20.275413016431713 -2.491435692954414 11.456414504036118
    endloop
  endfacet
  facet normal 0.6593458151000688 0 -0.7518398074789774
    outer loop
      vertex 19.551963427172094 -2.491435692954414 11.038730688931953
      vertex 19.23725830020305 0 10.762741699796953
      vertex 19.551963427172094 0 11.038730688931953
    endloop
  endfacet
  facet normal 0.5555702330196023 0 -0.8314696123025453
    outer loop
      vertex 19.9 -2.491435692954414 11.271281292110203
      vertex 19.551963427172094 0 11.038730688931953
      vertex 19.9 0 11.271281292110203
    endloop
  endfacet
  facet normal 0.4422886902190024 0 -0.8968727415326879
    outer loop
      vertex 19.9 0 11.271281292110203
      vertex 20.275413016431713 0 11.456414504036118
      vertex 20.275413016431713 -2.491435692954414 11.456414504036118
    endloop
  endfacet
  facet normal 0.32143946530316214 0 -0.9469301294951054
    outer loop
      vertex 20.275413016431713 -2.491435692954414 11.456414504036118
      vertex 20.275413016431713 0 11.456414504036118
      vertex 20.671779055671934 -2.491435692954414 11.59096264412502
    endloop
  endfacet
  facet normal 0.19509032201612575 0 -0.980785280403231
    outer loop
      vertex 20.671779055671934 -2.491435692954414 11.59096264412502
      vertex 20.671779055671934 0 11.59096264412502
      vertex 21.082316184895834 -2.491435692954414 11.672623556396193
    endloop
  endfacet
  facet normal 0.06540312923014234 0 -0.9978589232386036
    outer loop
      vertex 21.082316184895834 -2.491435692954414 11.672623556396193
      vertex 21.082316184895834 0 11.672623556396193
      vertex 21.5 -2.491435692954414 11.7
    endloop
  endfacet
  facet normal 0.32143946530316214 0 -0.9469301294951054
    outer loop
      vertex 20.671779055671934 -2.491435692954414 11.59096264412502
      vertex 20.275413016431713 0 11.456414504036118
      vertex 20.671779055671934 0 11.59096264412502
    endloop
  endfacet
  facet normal 0.19509032201612575 0 -0.980785280403231
    outer loop
      vertex 21.082316184895834 -2.491435692954414 11.672623556396193
      vertex 20.671779055671934 0 11.59096264412502
      vertex 21.082316184895834 0 11.672623556396193
    endloop
  endfacet
  facet normal 0.06540312923014234 0 -0.9978589232386036
    outer loop
      vertex 21.5 -2.491435692954414 11.7
      vertex 21.082316184895834 0 11.672623556396193
      vertex 21.5 0 11.7
    endloop
  endfacet
  facet normal -0.06540312923014234 0 -0.9978589232386036
    outer loop
      vertex 21.5 -2.491435692954414 11.7
      vertex 21.5 0 11.7
      vertex 21.917683815104166 -2.491435692954414 11.672623556396193
    endloop
  endfacet
  facet normal -0.19509032201612575 0 -0.980785280403231
    outer loop
      vertex 21.917683815104166 -2.491435692954414 11.672623556396193
      vertex 21.917683815104166 0 11.672623556396193
      vertex 22.328220944328066 -2.491435692954414 11.59096264412502
    endloop
  endfacet
  facet normal -0.32143946530316214 0 -0.9469301294951054
    outer loop
      vertex 22.328220944328066 -2.491435692954414 11.59096264412502
      vertex 22.328220944328066 0 11.59096264412502
      vertex 22.724586983568287 -2.491435692954414 11.456414504036118
    endloop
  endfacet
  facet normal -0.06540312923014234 0 -0.9978589232386036
    outer loop
      vertex 21.917683815104166 -2.491435692954414 11.672623556396193
      vertex 21.5 0 11.7
      vertex 21.917683815104166 0 11.672623556396193
    endloop
  endfacet
  facet normal -0.19509032201612575 0 -0.980785280403231
    outer loop
      vertex 22.328220944328066 -2.491435692954414 11.59096264412502
      vertex 21.917683815104166 0 11.672623556396193
      vertex 22.328220944328066 0 11.59096264412502
    endloop
  endfacet
  facet normal -0.32143946530316214 0 -0.9469301294951054
    outer loop
      vertex 22.724586983568287 -2.491435692954414 11.456414504036118
      vertex 22.328220944328066 0 11.59096264412502
      vertex 22.724586983568287 0 11.456414504036118
    endloop
  endfacet
  facet normal -0.7518398074789772 0 -0.6593458151000692
    outer loop
      vertex 24.038730688931953 -2.491435692954414 10.448036572827906
      vertex 23.76274169979695 -2.491435692954414 10.762741699796953
      vertex 23.76274169979695 0 10.762741699796953
    endloop
  endfacet
  facet normal -0.7518398074789772 0 -0.6593458151000692
    outer loop
      vertex 24.038730688931953 -2.491435692954414 10.448036572827906
      vertex 23.76274169979695 0 10.762741699796953
      vertex 24.038730688931953 0 10.448036572827906
    endloop
  endfacet
  facet normal -0.9469301294951068 0 -0.32143946530315837
    outer loop
      vertex 24.590962644125018 -2.491435692954414 9.328220944328066
      vertex 24.45641450403612 -2.491435692954414 9.724586983568287
      vertex 24.45641450403612 0 9.724586983568287
    endloop
  endfacet
  facet normal -0.8968727415326869 0 -0.442288690219004
    outer loop
      vertex 24.45641450403612 -2.491435692954414 9.724586983568287
      vertex 24.271281292110203 -2.491435692954414 10.1
      vertex 24.271281292110203 0 10.1
    endloop
  endfacet
  facet normal -0.8314696123025465 0 -0.5555702330196003
    outer loop
      vertex 24.271281292110203 -2.491435692954414 10.1
      vertex 24.038730688931953 -2.491435692954414 10.448036572827906
      vertex 24.038730688931953 0 10.448036572827906
    endloop
  endfacet
  facet normal -0.9469301294951068 0 -0.32143946530315837
    outer loop
      vertex 24.590962644125018 -2.491435692954414 9.328220944328066
      vertex 24.45641450403612 0 9.724586983568287
      vertex 24.590962644125018 0 9.328220944328066
    endloop
  endfacet
  facet normal -0.8968727415326869 0 -0.442288690219004
    outer loop
      vertex 24.45641450403612 -2.491435692954414 9.724586983568287
      vertex 24.271281292110203 0 10.1
      vertex 24.45641450403612 0 9.724586983568287
    endloop
  endfacet
  facet normal -0.8314696123025465 0 -0.5555702330196003
    outer loop
      vertex 24.271281292110203 -2.491435692954414 10.1
      vertex 24.038730688931953 0 10.448036572827906
      vertex 24.271281292110203 0 10.1
    endloop
  endfacet
  facet normal -0.5555702330196023 0 -0.8314696123025453
    outer loop
      vertex 23.1 -2.491435692954414 11.271281292110203
      vertex 23.1 0 11.271281292110203
      vertex 23.448036572827906 -2.491435692954414 11.038730688931953
    endloop
  endfacet
  facet normal -0.6593458151000688 0 -0.7518398074789774
    outer loop
      vertex 23.76274169979695 -2.491435692954414 10.762741699796953
      vertex 23.448036572827906 -2.491435692954414 11.038730688931953
      vertex 23.448036572827906 0 11.038730688931953
    endloop
  endfacet
  facet normal -0.4422886902190024 0 -0.8968727415326879
    outer loop
      vertex 22.724586983568287 -2.491435692954414 11.456414504036118
      vertex 22.724586983568287 0 11.456414504036118
      vertex 23.1 -2.491435692954414 11.271281292110203
    endloop
  endfacet
  facet normal -0.4422886902190024 0 -0.8968727415326879
    outer loop
      vertex 22.724586983568287 0 11.456414504036118
      vertex 23.1 0 11.271281292110203
      vertex 23.1 -2.491435692954414 11.271281292110203
    endloop
  endfacet
  facet normal -0.5555702330196023 0 -0.8314696123025453
    outer loop
      vertex 23.448036572827906 -2.491435692954414 11.038730688931953
      vertex 23.1 0 11.271281292110203
      vertex 23.448036572827906 0 11.038730688931953
    endloop
  endfacet
  facet normal -0.6593458151000688 0 -0.7518398074789774
    outer loop
      vertex 23.76274169979695 -2.491435692954414 10.762741699796953
      vertex 23.448036572827906 0 11.038730688931953
      vertex 23.76274169979695 0 10.762741699796953
    endloop
  endfacet
  facet normal 0.7518398074789778 0 0.6593458151000684
    outer loop
      vertex 26.290966988519465 -2.491435692954414 7.495543642135611
      vertex 26.4332738110422 -2.491435692954414 7.333273811042197
      vertex 26.4332738110422 0 7.333273811042197
    endloop
  endfacet
  facet normal 0.8968727415326885 0 0.4422886902190009
    outer loop
      vertex 26.17105808375568 -2.491435692954414 7.675
      vertex 26.17105808375568 0 7.675
      vertex 26.07559877135638 -2.491435692954414 7.868572336597602
    endloop
  endfacet
  facet normal 0.8314696123025438 0 0.5555702330196042
    outer loop
      vertex 26.290966988519465 -2.491435692954414 7.495543642135611
      vertex 26.290966988519465 0 7.495543642135611
      vertex 26.17105808375568 -2.491435692954414 7.675
    endloop
  endfacet
  facet normal 0.6593458151000685 0 0.7518398074789775
    outer loop
      vertex 26.4332738110422 -2.491435692954414 7.333273811042197
      vertex 26.595543642135613 0 7.190966988519462
      vertex 26.4332738110422 0 7.333273811042197
    endloop
  endfacet
  facet normal 0.7518398074789778 0 0.6593458151000684
    outer loop
      vertex 26.290966988519465 -2.491435692954414 7.495543642135611
      vertex 26.4332738110422 0 7.333273811042197
      vertex 26.290966988519465 0 7.495543642135611
    endloop
  endfacet
  facet normal 0.8314696123025438 0 0.5555702330196042
    outer loop
      vertex 26.17105808375568 -2.491435692954414 7.675
      vertex 26.290966988519465 0 7.495543642135611
      vertex 26.17105808375568 0 7.675
    endloop
  endfacet
  facet normal 0.8968727415326885 0 0.4422886902190009
    outer loop
      vertex 26.07559877135638 -2.491435692954414 7.868572336597602
      vertex 26.17105808375568 0 7.675
      vertex 26.07559877135638 0 7.868572336597602
    endloop
  endfacet
  facet normal 0.5555702330196014 0 0.8314696123025457
    outer loop
      vertex 26.775000000000002 -2.491435692954414 7.071058083755677
      vertex 26.775000000000002 0 7.071058083755677
      vertex 26.595543642135613 -2.491435692954414 7.190966988519462
    endloop
  endfacet
  facet normal 0.3214394653031597 0 0.9469301294951064
    outer loop
      vertex 26.968572336597603 -2.491435692954414 6.975598771356377
      vertex 27.172948575580843 -2.491435692954414 6.906222386623037
      vertex 27.172948575580843 0 6.906222386623037
    endloop
  endfacet
  facet normal 0.44228869021900585 0 0.896872741532686
    outer loop
      vertex 26.775000000000002 -2.491435692954414 7.071058083755677
      vertex 26.968572336597603 -2.491435692954414 6.975598771356377
      vertex 26.968572336597603 0 6.975598771356377
    endloop
  endfacet
  facet normal 0.19509032201612986 0 0.9807852804032301
    outer loop
      vertex 27.172948575580843 -2.491435692954414 6.906222386623037
      vertex 27.384631782836916 -2.491435692954414 6.864115978733213
      vertex 27.384631782836916 0 6.864115978733213
    endloop
  endfacet
  facet normal 0.06540312923014387 0 0.9978589232386035
    outer loop
      vertex 27.384631782836916 -2.491435692954414 6.864115978733213
      vertex 27.6 -2.491435692954414 6.85
      vertex 27.6 0 6.85
    endloop
  endfacet
  facet normal -0.06540312923014387 0 0.9978589232386035
    outer loop
      vertex 27.6 -2.491435692954414 6.85
      vertex 27.815368217163087 -2.491435692954414 6.864115978733213
      vertex 27.815368217163087 0 6.864115978733213
    endloop
  endfacet
  facet normal 0.6593458151000685 0 0.7518398074789775
    outer loop
      vertex 26.4332738110422 -2.491435692954414 7.333273811042197
      vertex 26.595543642135613 -2.491435692954414 7.190966988519462
      vertex 26.595543642135613 0 7.190966988519462
    endloop
  endfacet
  facet normal 0.44228869021900585 0 0.896872741532686
    outer loop
      vertex 26.775000000000002 -2.491435692954414 7.071058083755677
      vertex 26.968572336597603 0 6.975598771356377
      vertex 26.775000000000002 0 7.071058083755677
    endloop
  endfacet
  facet normal 0.3214394653031597 0 0.9469301294951064
    outer loop
      vertex 26.968572336597603 -2.491435692954414 6.975598771356377
      vertex 27.172948575580843 0 6.906222386623037
      vertex 26.968572336597603 0 6.975598771356377
    endloop
  endfacet
  facet normal 0.19509032201612986 0 0.9807852804032301
    outer loop
      vertex 27.172948575580843 -2.491435692954414 6.906222386623037
      vertex 27.384631782836916 0 6.864115978733213
      vertex 27.172948575580843 0 6.906222386623037
    endloop
  endfacet
  facet normal 0.06540312923014387 0 0.9978589232386035
    outer loop
      vertex 27.384631782836916 -2.491435692954414 6.864115978733213
      vertex 27.6 0 6.85
      vertex 27.384631782836916 0 6.864115978733213
    endloop
  endfacet
  facet normal -0.06540312923014387 0 0.9978589232386035
    outer loop
      vertex 27.6 -2.491435692954414 6.85
      vertex 27.815368217163087 0 6.864115978733213
      vertex 27.6 0 6.85
    endloop
  endfacet
  facet normal 0.5555702330196014 0 0.8314696123025457
    outer loop
      vertex 26.595543642135613 -2.491435692954414 7.190966988519462
      vertex 26.775000000000002 0 7.071058083755677
      vertex 26.595543642135613 0 7.190966988519462
    endloop
  endfacet
  facet normal 0.9469301294951067 0 0.3214394653031585
    outer loop
      vertex 26.07559877135638 -2.491435692954414 7.868572336597602
      vertex 26.07559877135638 0 7.868572336597602
      vertex 26.00622238662304 -2.491435692954414 8.07294857558084
    endloop
  endfacet
  facet normal 0.9807852804032297 0 0.19509032201613224
    outer loop
      vertex 26.00622238662304 -2.491435692954414 8.07294857558084
      vertex 26.00622238662304 0 8.07294857558084
      vertex 25.964115978733215 -2.491435692954414 8.284631782836914
    endloop
  endfacet
  facet normal 0.9978589232386036 0 0.06540312923013977
    outer loop
      vertex 25.964115978733215 -2.491435692954414 8.284631782836914
      vertex 25.964115978733215 0 8.284631782836914
      vertex 25.950000000000003 -2.491435692954414 8.5
    endloop
  endfacet
  facet normal 0.9978589232386036 0 -0.06540312923013977
    outer loop
      vertex 25.950000000000003 -2.491435692954414 8.5
      vertex 25.950000000000003 0 8.5
      vertex 25.964115978733215 -2.491435692954414 8.715368217163086
    endloop
  endfacet
  facet normal 0.9807852804032297 0 -0.19509032201613224
    outer loop
      vertex 25.964115978733215 -2.491435692954414 8.715368217163086
      vertex 25.964115978733215 0 8.715368217163086
      vertex 26.00622238662304 -2.491435692954414 8.92705142441916
    endloop
  endfacet
  facet normal 0.9469301294951067 0 -0.3214394653031585
    outer loop
      vertex 26.00622238662304 -2.491435692954414 8.92705142441916
      vertex 26.00622238662304 0 8.92705142441916
      vertex 26.07559877135638 -2.491435692954414 9.131427663402398
    endloop
  endfacet
  facet normal 0.8968727415326877 0 -0.4422886902190026
    outer loop
      vertex 26.07559877135638 -2.491435692954414 9.131427663402398
      vertex 26.07559877135638 0 9.131427663402398
      vertex 26.17105808375568 -2.491435692954414 9.325
    endloop
  endfacet
  facet normal 0.9469301294951067 0 0.3214394653031585
    outer loop
      vertex 26.00622238662304 -2.491435692954414 8.07294857558084
      vertex 26.07559877135638 0 7.868572336597602
      vertex 26.00622238662304 0 8.07294857558084
    endloop
  endfacet
  facet normal 0.9807852804032297 0 0.19509032201613224
    outer loop
      vertex 25.964115978733215 -2.491435692954414 8.284631782836914
      vertex 26.00622238662304 0 8.07294857558084
      vertex 25.964115978733215 0 8.284631782836914
    endloop
  endfacet
  facet normal 0.9978589232386036 0 0.06540312923013977
    outer loop
      vertex 25.950000000000003 -2.491435692954414 8.5
      vertex 25.964115978733215 0 8.284631782836914
      vertex 25.950000000000003 0 8.5
    endloop
  endfacet
  facet normal 0.9978589232386036 0 -0.06540312923013977
    outer loop
      vertex 25.964115978733215 -2.491435692954414 8.715368217163086
      vertex 25.950000000000003 0 8.5
      vertex 25.964115978733215 0 8.715368217163086
    endloop
  endfacet
  facet normal 0.9807852804032297 0 -0.19509032201613224
    outer loop
      vertex 26.00622238662304 -2.491435692954414 8.92705142441916
      vertex 25.964115978733215 0 8.715368217163086
      vertex 26.00622238662304 0 8.92705142441916
    endloop
  endfacet
  facet normal 0.9469301294951067 0 -0.3214394653031585
    outer loop
      vertex 26.07559877135638 -2.491435692954414 9.131427663402398
      vertex 26.00622238662304 0 8.92705142441916
      vertex 26.07559877135638 0 9.131427663402398
    endloop
  endfacet
  facet normal -0.19509032201612986 0 0.9807852804032301
    outer loop
      vertex 27.815368217163087 -2.491435692954414 6.864115978733213
      vertex 28.02705142441916 -2.491435692954414 6.906222386623037
      vertex 28.02705142441916 0 6.906222386623037
    endloop
  endfacet
  facet normal -0.3214394653031597 0 0.9469301294951064
    outer loop
      vertex 28.02705142441916 -2.491435692954414 6.906222386623037
      vertex 28.2314276634024 -2.491435692954414 6.975598771356377
      vertex 28.2314276634024 0 6.975598771356377
    endloop
  endfacet
  facet normal -0.44228869021900585 0 0.896872741532686
    outer loop
      vertex 28.2314276634024 -2.491435692954414 6.975598771356377
      vertex 28.425 -2.491435692954414 7.071058083755677
      vertex 28.425 0 7.071058083755677
    endloop
  endfacet
  facet normal -0.5555702330196014 0 0.8314696123025457
    outer loop
      vertex 28.425 -2.491435692954414 7.071058083755677
      vertex 28.60445635786439 -2.491435692954414 7.190966988519462
      vertex 28.60445635786439 0 7.190966988519462
    endloop
  endfacet
  facet normal -0.6593458151000685 0 0.7518398074789775
    outer loop
      vertex 28.60445635786439 -2.491435692954414 7.190966988519462
      vertex 28.766726188957804 -2.491435692954414 7.333273811042197
      vertex 28.766726188957804 0 7.333273811042197
    endloop
  endfacet
  facet normal -0.7518398074789778 0 0.6593458151000684
    outer loop
      vertex 28.766726188957804 -2.491435692954414 7.333273811042197
      vertex 28.90903301148054 -2.491435692954414 7.495543642135611
      vertex 28.90903301148054 0 7.495543642135611
    endloop
  endfacet
  facet normal -0.8314696123025438 0 0.5555702330196042
    outer loop
      vertex 28.90903301148054 -2.491435692954414 7.495543642135611
      vertex 29.028941916244325 -2.491435692954414 7.675
      vertex 29.028941916244325 0 7.675
    endloop
  endfacet
  facet normal -0.19509032201612986 0 0.9807852804032301
    outer loop
      vertex 27.815368217163087 -2.491435692954414 6.864115978733213
      vertex 28.02705142441916 0 6.906222386623037
      vertex 27.815368217163087 0 6.864115978733213
    endloop
  endfacet
  facet normal -0.3214394653031597 0 0.9469301294951064
    outer loop
      vertex 28.02705142441916 -2.491435692954414 6.906222386623037
      vertex 28.2314276634024 0 6.975598771356377
      vertex 28.02705142441916 0 6.906222386623037
    endloop
  endfacet
  facet normal -0.44228869021900585 0 0.896872741532686
    outer loop
      vertex 28.2314276634024 -2.491435692954414 6.975598771356377
      vertex 28.425 0 7.071058083755677
      vertex 28.2314276634024 0 6.975598771356377
    endloop
  endfacet
  facet normal -0.5555702330196014 0 0.8314696123025457
    outer loop
      vertex 28.425 -2.491435692954414 7.071058083755677
      vertex 28.60445635786439 0 7.190966988519462
      vertex 28.425 0 7.071058083755677
    endloop
  endfacet
  facet normal -0.6593458151000685 0 0.7518398074789775
    outer loop
      vertex 28.60445635786439 -2.491435692954414 7.190966988519462
      vertex 28.766726188957804 0 7.333273811042197
      vertex 28.60445635786439 0 7.190966988519462
    endloop
  endfacet
  facet normal -0.7518398074789778 0 0.6593458151000684
    outer loop
      vertex 28.766726188957804 -2.491435692954414 7.333273811042197
      vertex 28.90903301148054 0 7.495543642135611
      vertex 28.766726188957804 0 7.333273811042197
    endloop
  endfacet
  facet normal -0.8314696123025438 0 0.5555702330196042
    outer loop
      vertex 28.90903301148054 -2.491435692954414 7.495543642135611
      vertex 29.028941916244325 0 7.675
      vertex 28.90903301148054 0 7.495543642135611
    endloop
  endfacet
  facet normal -0.8968727415326885 0 0.4422886902190009
    outer loop
      vertex 29.028941916244325 -2.491435692954414 7.675
      vertex 29.124401228643624 -2.491435692954414 7.868572336597602
      vertex 29.124401228643624 0 7.868572336597602
    endloop
  endfacet
  facet normal -0.8968727415326885 0 0.4422886902190009
    outer loop
      vertex 29.028941916244325 -2.491435692954414 7.675
      vertex 29.124401228643624 0 7.868572336597602
      vertex 29.028941916244325 0 7.675
    endloop
  endfacet
  facet normal -0.9469301294951067 0 0.3214394653031585
    outer loop
      vertex 29.124401228643624 -2.491435692954414 7.868572336597602
      vertex 29.193777613376962 -2.491435692954414 8.07294857558084
      vertex 29.193777613376962 0 8.07294857558084
    endloop
  endfacet
  facet normal -0.9807852804032297 0 0.19509032201613224
    outer loop
      vertex 29.193777613376962 -2.491435692954414 8.07294857558084
      vertex 29.235884021266788 -2.491435692954414 8.284631782836914
      vertex 29.235884021266788 0 8.284631782836914
    endloop
  endfacet
  facet normal -0.9978589232386036 0 0.06540312923013977
    outer loop
      vertex 29.235884021266788 -2.491435692954414 8.284631782836914
      vertex 29.25 -2.491435692954414 8.5
      vertex 29.25 0 8.5
    endloop
  endfacet
  facet normal -0.9978589232386036 0 -0.06540312923013977
    outer loop
      vertex 29.25 -2.491435692954414 8.5
      vertex 29.235884021266788 -2.491435692954414 8.715368217163086
      vertex 29.235884021266788 0 8.715368217163086
    endloop
  endfacet
  facet normal -0.9807852804032297 0 -0.19509032201613224
    outer loop
      vertex 29.235884021266788 -2.491435692954414 8.715368217163086
      vertex 29.193777613376962 -2.491435692954414 8.92705142441916
      vertex 29.193777613376962 0 8.92705142441916
    endloop
  endfacet
  facet normal -0.9469301294951067 0 -0.3214394653031585
    outer loop
      vertex 29.193777613376962 -2.491435692954414 8.92705142441916
      vertex 29.124401228643624 -2.491435692954414 9.131427663402398
      vertex 29.124401228643624 0 9.131427663402398
    endloop
  endfacet
  facet normal -0.9469301294951067 0 0.3214394653031585
    outer loop
      vertex 29.124401228643624 -2.491435692954414 7.868572336597602
      vertex 29.193777613376962 0 8.07294857558084
      vertex 29.124401228643624 0 7.868572336597602
    endloop
  endfacet
  facet normal -0.9807852804032297 0 0.19509032201613224
    outer loop
      vertex 29.193777613376962 -2.491435692954414 8.07294857558084
      vertex 29.235884021266788 0 8.284631782836914
      vertex 29.193777613376962 0 8.07294857558084
    endloop
  endfacet
  facet normal -0.9978589232386036 0 0.06540312923013977
    outer loop
      vertex 29.235884021266788 -2.491435692954414 8.284631782836914
      vertex 29.25 0 8.5
      vertex 29.235884021266788 0 8.284631782836914
    endloop
  endfacet
  facet normal -0.9978589232386036 0 -0.06540312923013977
    outer loop
      vertex 29.25 -2.491435692954414 8.5
      vertex 29.235884021266788 0 8.715368217163086
      vertex 29.25 0 8.5
    endloop
  endfacet
  facet normal -0.9807852804032297 0 -0.19509032201613224
    outer loop
      vertex 29.235884021266788 -2.491435692954414 8.715368217163086
      vertex 29.193777613376962 0 8.92705142441916
      vertex 29.235884021266788 0 8.715368217163086
    endloop
  endfacet
  facet normal -0.9469301294951067 0 -0.3214394653031585
    outer loop
      vertex 29.193777613376962 -2.491435692954414 8.92705142441916
      vertex 29.124401228643624 0 9.131427663402398
      vertex 29.193777613376962 0 8.92705142441916
    endloop
  endfacet
  facet normal -0.8968727415326877 0 -0.4422886902190026
    outer loop
      vertex 29.124401228643624 -2.491435692954414 9.131427663402398
      vertex 29.028941916244325 0 9.325
      vertex 29.124401228643624 0 9.131427663402398
    endloop
  endfacet
  facet normal 0.8314696123025438 0 -0.5555702330196042
    outer loop
      vertex 26.17105808375568 -2.491435692954414 9.325
      vertex 26.17105808375568 0 9.325
      vertex 26.290966988519465 -2.491435692954414 9.504456357864388
    endloop
  endfacet
  facet normal 0.7518398074789797 0 -0.6593458151000663
    outer loop
      vertex 26.290966988519465 -2.491435692954414 9.504456357864388
      vertex 26.290966988519465 0 9.504456357864388
      vertex 26.4332738110422 -2.491435692954414 9.666726188957803
    endloop
  endfacet
  facet normal 0.6593458151000708 0 -0.7518398074789755
    outer loop
      vertex 26.4332738110422 -2.491435692954414 9.666726188957803
      vertex 26.4332738110422 0 9.666726188957803
      vertex 26.595543642135613 -2.491435692954414 9.809033011480539
    endloop
  endfacet
  facet normal 0.8968727415326877 0 -0.4422886902190026
    outer loop
      vertex 26.07559877135638 0 9.131427663402398
      vertex 26.17105808375568 0 9.325
      vertex 26.17105808375568 -2.491435692954414 9.325
    endloop
  endfacet
  facet normal 0.8314696123025438 0 -0.5555702330196042
    outer loop
      vertex 26.290966988519465 -2.491435692954414 9.504456357864388
      vertex 26.17105808375568 0 9.325
      vertex 26.290966988519465 0 9.504456357864388
    endloop
  endfacet
  facet normal 0.7518398074789797 0 -0.6593458151000663
    outer loop
      vertex 26.4332738110422 -2.491435692954414 9.666726188957803
      vertex 26.290966988519465 0 9.504456357864388
      vertex 26.4332738110422 0 9.666726188957803
    endloop
  endfacet
  facet normal 0.5555702330195986 0 -0.8314696123025478
    outer loop
      vertex 26.595543642135613 -2.491435692954414 9.809033011480539
      vertex 26.595543642135613 0 9.809033011480539
      vertex 26.775000000000002 -2.491435692954414 9.928941916244323
    endloop
  endfacet
  facet normal 0.4422886902190026 0 -0.8968727415326877
    outer loop
      vertex 26.775000000000002 -2.491435692954414 9.928941916244323
      vertex 26.775000000000002 0 9.928941916244323
      vertex 26.968572336597603 -2.491435692954414 10.024401228643622
    endloop
  endfacet
  facet normal 0.32143946530316336 0 -0.946930129495105
    outer loop
      vertex 26.968572336597603 -2.491435692954414 10.024401228643622
      vertex 26.968572336597603 0 10.024401228643622
      vertex 27.172948575580843 -2.491435692954414 10.093777613376963
    endloop
  endfacet
  facet normal 0.19509032201612592 0 -0.9807852804032309
    outer loop
      vertex 27.172948575580843 -2.491435692954414 10.093777613376963
      vertex 27.172948575580843 0 10.093777613376963
      vertex 27.384631782836916 -2.491435692954414 10.135884021266786
    endloop
  endfacet
  facet normal 0.06540312923014796 0 -0.997858923238603
    outer loop
      vertex 27.384631782836916 -2.491435692954414 10.135884021266786
      vertex 27.384631782836916 0 10.135884021266786
      vertex 27.6 -2.491435692954414 10.15
    endloop
  endfacet
  facet normal -0.06540312923014796 0 -0.997858923238603
    outer loop
      vertex 27.6 -2.491435692954414 10.15
      vertex 27.6 0 10.15
      vertex 27.815368217163087 -2.491435692954414 10.135884021266786
    endloop
  endfacet
  facet normal 0.6593458151000708 0 -0.7518398074789755
    outer loop
      vertex 26.595543642135613 -2.491435692954414 9.809033011480539
      vertex 26.4332738110422 0 9.666726188957803
      vertex 26.595543642135613 0 9.809033011480539
    endloop
  endfacet
  facet normal 0.5555702330195986 0 -0.8314696123025478
    outer loop
      vertex 26.775000000000002 -2.491435692954414 9.928941916244323
      vertex 26.595543642135613 0 9.809033011480539
      vertex 26.775000000000002 0 9.928941916244323
    endloop
  endfacet
  facet normal 0.4422886902190026 0 -0.8968727415326877
    outer loop
      vertex 26.968572336597603 -2.491435692954414 10.024401228643622
      vertex 26.775000000000002 0 9.928941916244323
      vertex 26.968572336597603 0 10.024401228643622
    endloop
  endfacet
  facet normal 0.32143946530316336 0 -0.946930129495105
    outer loop
      vertex 27.172948575580843 -2.491435692954414 10.093777613376963
      vertex 26.968572336597603 0 10.024401228643622
      vertex 27.172948575580843 0 10.093777613376963
    endloop
  endfacet
  facet normal 0.19509032201612592 0 -0.9807852804032309
    outer loop
      vertex 27.384631782836916 -2.491435692954414 10.135884021266786
      vertex 27.172948575580843 0 10.093777613376963
      vertex 27.384631782836916 0 10.135884021266786
    endloop
  endfacet
  facet normal 0.06540312923014796 0 -0.997858923238603
    outer loop
      vertex 27.6 -2.491435692954414 10.15
      vertex 27.384631782836916 0 10.135884021266786
      vertex 27.6 0 10.15
    endloop
  endfacet
  facet normal -0.06540312923014796 0 -0.997858923238603
    outer loop
      vertex 27.6 0 10.15
      vertex 27.815368217163087 0 10.135884021266786
      vertex 27.815368217163087 -2.491435692954414 10.135884021266786
    endloop
  endfacet
  facet normal -0.8314696123025438 0 -0.5555702330196042
    outer loop
      vertex 29.028941916244325 -2.491435692954414 9.325
      vertex 28.90903301148054 -2.491435692954414 9.504456357864388
      vertex 28.90903301148054 0 9.504456357864388
    endloop
  endfacet
  facet normal -0.6593458151000708 0 -0.7518398074789755
    outer loop
      vertex 28.60445635786439 -2.491435692954414 9.809033011480539
      vertex 28.60445635786439 0 9.809033011480539
      vertex 28.766726188957804 -2.491435692954414 9.666726188957803
    endloop
  endfacet
  facet normal -0.5555702330195986 0 -0.8314696123025478
    outer loop
      vertex 28.425 -2.491435692954414 9.928941916244323
      vertex 28.425 0 9.928941916244323
      vertex 28.60445635786439 -2.491435692954414 9.809033011480539
    endloop
  endfacet
  facet normal -0.7518398074789797 0 -0.6593458151000663
    outer loop
      vertex 28.90903301148054 -2.491435692954414 9.504456357864388
      vertex 28.766726188957804 -2.491435692954414 9.666726188957803
      vertex 28.766726188957804 0 9.666726188957803
    endloop
  endfacet
  facet normal -0.19509032201612592 0 -0.9807852804032309
    outer loop
      vertex 28.02705142441916 -2.491435692954414 10.093777613376963
      vertex 27.815368217163087 -2.491435692954414 10.135884021266786
      vertex 27.815368217163087 0 10.135884021266786
    endloop
  endfacet
  facet normal -0.32143946530316336 0 -0.946930129495105
    outer loop
      vertex 28.02705142441916 -2.491435692954414 10.093777613376963
      vertex 28.02705142441916 0 10.093777613376963
      vertex 28.2314276634024 -2.491435692954414 10.024401228643622
    endloop
  endfacet
  facet normal -0.4422886902190026 0 -0.8968727415326877
    outer loop
      vertex 28.425 -2.491435692954414 9.928941916244323
      vertex 28.2314276634024 -2.491435692954414 10.024401228643622
      vertex 28.2314276634024 0 10.024401228643622
    endloop
  endfacet
  facet normal -0.8314696123025438 0 -0.5555702330196042
    outer loop
      vertex 29.028941916244325 -2.491435692954414 9.325
      vertex 28.90903301148054 0 9.504456357864388
      vertex 29.028941916244325 0 9.325
    endloop
  endfacet
  facet normal -0.7518398074789797 0 -0.6593458151000663
    outer loop
      vertex 28.90903301148054 -2.491435692954414 9.504456357864388
      vertex 28.766726188957804 0 9.666726188957803
      vertex 28.90903301148054 0 9.504456357864388
    endloop
  endfacet
  facet normal -0.6593458151000708 0 -0.7518398074789755
    outer loop
      vertex 28.766726188957804 -2.491435692954414 9.666726188957803
      vertex 28.60445635786439 0 9.809033011480539
      vertex 28.766726188957804 0 9.666726188957803
    endloop
  endfacet
  facet normal -0.5555702330195986 0 -0.8314696123025478
    outer loop
      vertex 28.60445635786439 -2.491435692954414 9.809033011480539
      vertex 28.425 0 9.928941916244323
      vertex 28.60445635786439 0 9.809033011480539
    endloop
  endfacet
  facet normal -0.19509032201612592 0 -0.9807852804032309
    outer loop
      vertex 28.02705142441916 -2.491435692954414 10.093777613376963
      vertex 27.815368217163087 0 10.135884021266786
      vertex 28.02705142441916 0 10.093777613376963
    endloop
  endfacet
  facet normal -0.32143946530316336 0 -0.946930129495105
    outer loop
      vertex 28.2314276634024 -2.491435692954414 10.024401228643622
      vertex 28.02705142441916 0 10.093777613376963
      vertex 28.2314276634024 0 10.024401228643622
    endloop
  endfacet
  facet normal -0.4422886902190026 0 -0.8968727415326877
    outer loop
      vertex 28.425 -2.491435692954414 9.928941916244323
      vertex 28.2314276634024 0 10.024401228643622
      vertex 28.425 0 9.928941916244323
    endloop
  endfacet
  facet normal -0.8968727415326877 0 -0.4422886902190026
    outer loop
      vertex 29.124401228643624 -2.491435692954414 9.131427663402398
      vertex 29.028941916244325 -2.491435692954414 9.325
      vertex 29.028941916244325 0 9.325
    endloop
  endfacet
  facet normal 0 1 0
    outer loop
      vertex 31.2 24.5 -1.991435692954414
      vertex 31.2 24.5 0
      vertex 34.16161251692057 24.5 -1.991435692954414
    endloop
  endfacet
  facet normal 0 1 0
    outer loop
      vertex 34.16161251692057 24.5 -1.991435692954414
      vertex 31.2 24.5 0
      vertex 34.6 24.5 0
    endloop
  endfacet
  facet normal 0 1 0
    outer loop
      vertex 34.16161251692057 24.5 -1.991435692954414
      vertex 34.6 24.5 0
      vertex 34.6 24.5 -1.9337208858959545
    endloop
  endfacet
  facet normal 1 0 0
    outer loop
      vertex 31.2 24.5 -1.991435692954414
      vertex 31.2 29.8991007102235 0
      vertex 31.2 24.5 0
    endloop
  endfacet
  facet normal 1 0 0
    outer loop
      vertex 31.2 24.5 -1.991435692954414
      vertex 31.2 30.725 -1.1155444566227675
      vertex 31.2 30.53466749923474 -0.9883683455096616
    endloop
  endfacet
  facet normal 1 0 0
    outer loop
      vertex 31.2 24.5 -1.991435692954414
      vertex 31.2 29.98321081810525 -0.26969600663890714
      vertex 31.2 29.909629803994132 -0.05293332892941127
    endloop
  endfacet
  facet normal 1 0 0
    outer loop
      vertex 31.2 24.5 -1.991435692954414
      vertex 31.2 29.909629803994132 -0.05293332892941127
      vertex 31.2 29.8991007102235 0
    endloop
  endfacet
  facet normal 1 0 0
    outer loop
      vertex 31.2 24.5 -1.991435692954414
      vertex 31.2 30.362563132923544 -0.8374368670764581
      vertex 31.2 30.21163165449034 -0.6653325007652612
    endloop
  endfacet
  facet normal 1 0 0
    outer loop
      vertex 31.2 24.5 -1.991435692954414
      vertex 31.2 30.21163165449034 -0.6653325007652612
      vertex 31.2 30.084455543377235 -0.475
    endloop
  endfacet
  facet normal 1 0 0
    outer loop
      vertex 31.2 24.5 -1.991435692954414
      vertex 31.2 30.53466749923474 -0.9883683455096616
      vertex 31.2 30.362563132923544 -0.8374368670764581
    endloop
  endfacet
  facet normal 1 0 0
    outer loop
      vertex 31.2 24.5 -1.991435692954414
      vertex 31.2 30.084455543377235 -0.475
      vertex 31.2 29.98321081810525 -0.26969600663890714
    endloop
  endfacet
  facet normal 1 0 0
    outer loop
      vertex 31.2 24.5 -1.991435692954414
      vertex 31.2 30.76161251692057 -1.991435692954414
      vertex 31.2 30.930303993361093 -1.2167891818947516
    endloop
  endfacet
  facet normal 1 0 0
    outer loop
      vertex 31.2 24.5 -1.991435692954414
      vertex 31.2 30.930303993361093 -1.2167891818947516
      vertex 31.2 30.725 -1.1155444566227675
    endloop
  endfacet
  facet normal 1 0 0
    outer loop
      vertex 31.2 30.76161251692057 -1.991435692954414
      vertex 31.2 31.14706667107059 -1.2903701960058696
      vertex 31.2 30.930303993361093 -1.2167891818947516
    endloop
  endfacet
  facet normal 1 0 0
    outer loop
      vertex 31.2 30.76161251692057 -1.991435692954414
      vertex 31.2 31.280361288064512 -1.9231411216129217
      vertex 31.2 31.37157916361491 -1.3350285074041683
    endloop
  endfacet
  facet normal 1 0 0
    outer loop
      vertex 31.2 30.76161251692057 -1.991435692954414
      vertex 31.2 31.37157916361491 -1.3350285074041683
      vertex 31.2 31.14706667107059 -1.2903701960058696
    endloop
  endfacet
  facet normal 1 0 0
    outer loop
      vertex 31.2 31.280361288064512 -1.9231411216129217
      vertex 31.2 31.6 -1.35
      vertex 31.2 31.37157916361491 -1.3350285074041683
    endloop
  endfacet
  facet normal 1 0 0
    outer loop
      vertex 31.2 31.280361288064512 -1.9231411216129217
      vertex 31.2 31.828420836385092 -1.3350285074041683
      vertex 31.2 31.6 -1.35
    endloop
  endfacet
  facet normal 1 0 0
    outer loop
      vertex 31.2 31.280361288064512 -1.9231411216129217
      vertex 31.2 31.785757861212645 -1.7877205179804228
      vertex 31.2 31.828420836385092 -1.3350285074041683
    endloop
  endfacet
  facet normal 1 0 0
    outer loop
      vertex 31.2 31.785757861212645 -1.7877205179804228
      vertex 31.2 32.05293332892941 -1.2903701960058696
      vertex 31.2 31.828420836385092 -1.3350285074041683
    endloop
  endfacet
  facet normal 1 0 0
    outer loop
      vertex 31.2 31.785757861212645 -1.7877205179804228
      vertex 31.2 32.269154760876006 -1.587490966130753
      vertex 31.2 32.05293332892941 -1.2903701960058696
    endloop
  endfacet
  facet normal 1 0 0
    outer loop
      vertex 31.2 32.269154760876006 -1.587490966130753
      vertex 31.2 32.26969600663891 -1.2167891818947516
      vertex 31.2 32.05293332892941 -1.2903701960058696
    endloop
  endfacet
  facet normal 1 0 0
    outer loop
      vertex 31.2 32.269154760876006 -1.587490966130753
      vertex 31.2 32.475 -1.1155444566227675
      vertex 31.2 32.26969600663891 -1.2167891818947516
    endloop
  endfacet
  facet normal 1 0 0
    outer loop
      vertex 31.2 32.269154760876006 -1.587490966130753
      vertex 31.2 32.722280932078405 -1.325878449210181
      vertex 31.2 32.475 -1.1155444566227675
    endloop
  endfacet
  facet normal 1 0 0
    outer loop
      vertex 31.2 32.722280932078405 -1.325878449210181
      vertex 31.2 32.66533250076526 -0.9883683455096616
      vertex 31.2 32.475 -1.1155444566227675
    endloop
  endfacet
  facet normal 1 0 0
    outer loop
      vertex 31.2 32.722280932078405 -1.325878449210181
      vertex 31.2 32.83743686707646 -0.8374368670764581
      vertex 31.2 32.66533250076526 -0.9883683455096616
    endloop
  endfacet
  facet normal 1 0 0
    outer loop
      vertex 31.2 32.722280932078405 -1.325878449210181
      vertex 31.2 33.13738326040028 -1.0073592299159095
      vertex 31.2 32.83743686707646 -0.8374368670764581
    endloop
  endfacet
  facet normal 1 0 0
    outer loop
      vertex 31.2 33.13738326040028 -1.0073592299159095
      vertex 31.2 32.98836834550966 -0.6653325007652612
      vertex 31.2 32.83743686707646 -0.8374368670764581
    endloop
  endfacet
  facet normal 1 0 0
    outer loop
      vertex 31.2 33.13738326040028 -1.0073592299159095
      vertex 31.2 33.507359229915906 -0.6373832604002754
      vertex 31.2 32.98836834550966 -0.6653325007652612
    endloop
  endfacet
  facet normal 1 0 0
    outer loop
      vertex 31.2 33.507359229915906 -0.6373832604002754
      vertex 31.2 33.11554445662277 -0.475
      vertex 31.2 32.98836834550966 -0.6653325007652612
    endloop
  endfacet
  facet normal 1 0 0
    outer loop
      vertex 31.2 33.507359229915906 -0.6373832604002754
      vertex 31.2 33.216789181894754 -0.26969600663890714
      vertex 31.2 33.11554445662277 -0.475
    endloop
  endfacet
  facet normal 1 0 0
    outer loop
      vertex 31.2 33.507359229915906 -0.6373832604002754
      vertex 31.2 33.82587844921018 -0.2222809320784087
      vertex 31.2 33.216789181894754 -0.26969600663890714
    endloop
  endfacet
  facet normal 1 0 0
    outer loop
      vertex 31.2 33.82587844921018 -0.2222809320784087
      vertex 31.2 33.290370196005874 -0.05293332892941127
      vertex 31.2 33.216789181894754 -0.26969600663890714
    endloop
  endfacet
  facet normal 1 0 0
    outer loop
      vertex 31.2 33.82587844921018 -0.2222809320784087
      vertex 31.2 33.33502850740417 0.17157916361490977
      vertex 31.2 33.290370196005874 -0.05293332892941127
    endloop
  endfacet
  facet normal 1 0 0
    outer loop
      vertex 31.2 33.82587844921018 -0.2222809320784087
      vertex 31.2 34.08749096613075 0.2308452391239948
      vertex 31.2 33.33502850740417 0.17157916361490977
    endloop
  endfacet
  facet normal 1 0 0
    outer loop
      vertex 31.2 34.08749096613075 0.2308452391239948
      vertex 31.2 33.35 0.4
      vertex 31.2 33.33502850740417 0.17157916361490977
    endloop
  endfacet
  facet normal 1 0 0
    outer loop
      vertex 31.2 34.42314112161292 1.2196387119354872
      vertex 31.2 33.33502850740417 0.6284208363850903
      vertex 31.2 33.35 0.4
    endloop
  endfacet
  facet normal 1 0 0
    outer loop
      vertex 31.2 34.08749096613075 0.2308452391239948
      vertex 31.2 34.42314112161292 1.2196387119354872
      vertex 31.2 33.35 0.4
    endloop
  endfacet
  facet normal 1 0 0
    outer loop
      vertex 31.2 34.08749096613075 0.2308452391239948
      vertex 31.2 34.287720517980425 0.7142421387873537
      vertex 31.2 34.42314112161292 1.2196387119354872
    endloop
  endfacet
  facet normal 1 0 0
    outer loop
      vertex 31.2 32.05293332892941 2.0903701960058694
      vertex 31.2 32 6
      vertex 31.2 32 2.1008992897765055
    endloop
  endfacet
  facet normal 1 0 0
    outer loop
      vertex 31.2 32.26969600663891 2.016789181894752
      vertex 31.2 32 6
      vertex 31.2 32.05293332892941 2.0903701960058694
    endloop
  endfacet
  facet normal 1 0 0
    outer loop
      vertex 31.2 34.49143569295441 1.738387483079428
      vertex 31.2 32.66533250076526 1.7883683455096615
      vertex 31.2 32.83743686707646 1.6374368670764583
    endloop
  endfacet
  facet normal 1 0 0
    outer loop
      vertex 31.2 34.49143569295441 1.738387483079428
      vertex 31.2 32.475 1.9155444566227677
      vertex 31.2 32.66533250076526 1.7883683455096615
    endloop
  endfacet
  facet normal 1 0 0
    outer loop
      vertex 31.2 34.49143569295441 1.738387483079428
      vertex 31.2 32.26969600663891 2.016789181894752
      vertex 31.2 32.475 1.9155444566227677
    endloop
  endfacet
  facet normal 1 0 0
    outer loop
      vertex 31.2 34.42314112161292 1.2196387119354872
      vertex 31.2 33.290370196005874 0.8529333289294113
      vertex 31.2 33.33502850740417 0.6284208363850903
    endloop
  endfacet
  facet normal 1 0 0
    outer loop
      vertex 31.2 34.42314112161292 1.2196387119354872
      vertex 31.2 33.216789181894754 1.0696960066389072
      vertex 31.2 33.290370196005874 0.8529333289294113
    endloop
  endfacet
  facet normal 1 0 0
    outer loop
      vertex 31.2 34.49143569295441 1.738387483079428
      vertex 31.2 33.11554445662277 1.275
      vertex 31.2 33.216789181894754 1.0696960066389072
    endloop
  endfacet
  facet normal 1 0 0
    outer loop
      vertex 31.2 34.49143569295441 1.738387483079428
      vertex 31.2 32.98836834550966 1.4653325007652613
      vertex 31.2 33.11554445662277 1.275
    endloop
  endfacet
  facet normal 1 0 0
    outer loop
      vertex 31.2 34.42314112161292 1.2196387119354872
      vertex 31.2 34.49143569295441 1.738387483079428
      vertex 31.2 33.216789181894754 1.0696960066389072
    endloop
  endfacet
  facet normal 1 0 0
    outer loop
      vertex 31.2 34.49143569295441 1.738387483079428
      vertex 31.2 32.83743686707646 1.6374368670764583
      vertex 31.2 32.98836834550966 1.4653325007652613
    endloop
  endfacet
  facet normal 1 0 0
    outer loop
      vertex 31.2 34.49143569295441 1.738387483079428
      vertex 31.2 32 6
      vertex 31.2 32.26969600663891 2.016789181894752
    endloop
  endfacet
  facet normal -1 0 0
    outer loop
      vertex 34.6 24.5 -1.9337208858959545
      vertex 34.6 24.5 0
      vertex 34.6 30.5 -1.9337208858959545
    endloop
  endfacet
  facet normal -1 0 0
    outer loop
      vertex 34.6 30.5 -1.9337208858959545
      vertex 34.6 24.5 0
      vertex 34.6 30.59215674831118 -1.9329256689475829
    endloop
  endfacet
  facet normal -1 0 0
    outer loop
      vertex 34.6 30.59215674831118 -1.9329256689475829
      vertex 34.6 24.5 0
      vertex 34.6 30.68756443470179 -1.9304699478165226
    endloop
  endfacet
  facet normal -1 0 0
    outer loop
      vertex 34.6 30.68756443470179 -1.9304699478165226
      vertex 34.6 24.5 0
      vertex 34.6 30.789949493661165 -1.9261278886308042
    endloop
  endfacet
  facet normal -1 0 0
    outer loop
      vertex 34.6 30.789949493661165 -1.9261278886308042
      vertex 34.6 24.5 0
      vertex 34.6 30.84113365073285 -1.9231411216129217
    endloop
  endfacet
  facet normal -1 0 0
    outer loop
      vertex 34.6 30.53466749923474 -0.9883683455096616
      vertex 34.6 24.5 0
      vertex 34.6 30.362563132923544 -0.8374368670764581
    endloop
  endfacet
  facet normal -1 0 0
    outer loop
      vertex 34.6 30.725 -1.1155444566227675
      vertex 34.6 24.5 0
      vertex 34.6 30.53466749923474 -0.9883683455096616
    endloop
  endfacet
  facet normal -1 0 0
    outer loop
      vertex 34.6 30.84113365073285 -1.9231411216129217
      vertex 34.6 24.5 0
      vertex 34.6 30.90414518843274 -1.9156575448233653
    endloop
  endfacet
  facet normal -1 0 0
    outer loop
      vertex 34.6 30.90414518843274 -1.9156575448233653
      vertex 34.6 24.5 0
      vertex 34.6 31.037128891585276 -1.8958185027632866
    endloop
  endfacet
  facet normal -1 0 0
    outer loop
      vertex 34.6 31.037128891585276 -1.8958185027632866
      vertex 34.6 24.5 0
      vertex 34.6 31.200000000000003 -1.86698213118021
    endloop
  endfacet
  facet normal -1 0 0
    outer loop
      vertex 34.6 31.200000000000003 -1.86698213118021
      vertex 34.6 24.5 0
      vertex 34.6 31.412257760988847 -1.8241300220375094
    endloop
  endfacet
  facet normal -1 0 0
    outer loop
      vertex 34.6 31.412257760988847 -1.8241300220375094
      vertex 34.6 24.5 0
      vertex 34.6 31.14706667107059 -1.2903701960058696
    endloop
  endfacet
  facet normal -1 0 0
    outer loop
      vertex 34.6 30.930303993361093 -1.2167891818947516
      vertex 34.6 24.5 0
      vertex 34.6 30.725 -1.1155444566227675
    endloop
  endfacet
  facet normal -1 0 0
    outer loop
      vertex 34.6 31.14706667107059 -1.2903701960058696
      vertex 34.6 24.5 0
      vertex 34.6 30.930303993361093 -1.2167891818947516
    endloop
  endfacet
  facet normal -1 0 0
    outer loop
      vertex 34.6 29.909629803994132 -0.05293332892941127
      vertex 34.6 29.98321081810525 -0.26969600663890714
      vertex 34.6 24.5 0
    endloop
  endfacet
  facet normal -1 0 0
    outer loop
      vertex 34.6 29.909629803994132 -0.05293332892941127
      vertex 34.6 24.5 0
      vertex 34.6 29.899100710223497 0
    endloop
  endfacet
  facet normal -1 0 0
    outer loop
      vertex 34.6 30.21163165449034 -0.6653325007652612
      vertex 34.6 30.362563132923544 -0.8374368670764581
      vertex 34.6 24.5 0
    endloop
  endfacet
  facet normal -1 0 0
    outer loop
      vertex 34.6 30.084455543377235 -0.475
      vertex 34.6 30.21163165449034 -0.6653325007652612
      vertex 34.6 24.5 0
    endloop
  endfacet
  facet normal -1 0 0
    outer loop
      vertex 34.6 29.98321081810525 -0.26969600663890714
      vertex 34.6 30.084455543377235 -0.475
      vertex 34.6 24.5 0
    endloop
  endfacet
  facet normal -1 0 0
    outer loop
      vertex 34.6 31.412257760988847 -1.8241300220375094
      vertex 34.6 31.37157916361491 -1.3350285074041683
      vertex 34.6 31.575331892581733 -1.7877205179804228
    endloop
  endfacet
  facet normal -1 0 0
    outer loop
      vertex 34.6 31.412257760988847 -1.8241300220375094
      vertex 34.6 31.14706667107059 -1.2903701960058696
      vertex 34.6 31.37157916361491 -1.3350285074041683
    endloop
  endfacet
  facet normal -1 0 0
    outer loop
      vertex 34.6 31.575331892581733 -1.7877205179804228
      vertex 34.6 31.37157916361491 -1.3350285074041683
      vertex 34.6 31.6 -1.35
    endloop
  endfacet
  facet normal -1 0 0
    outer loop
      vertex 34.6 31.575331892581733 -1.7877205179804228
      vertex 34.6 31.6 -1.35
      vertex 34.6 31.712435565298218 -1.7403998747001885
    endloop
  endfacet
  facet normal -1 0 0
    outer loop
      vertex 34.6 31.712435565298218 -1.7403998747001885
      vertex 34.6 31.6 -1.35
      vertex 34.6 31.828420836385092 -1.3350285074041683
    endloop
  endfacet
  facet normal -1 0 0
    outer loop
      vertex 34.6 31.712435565298218 -1.7403998747001885
      vertex 34.6 31.828420836385092 -1.3350285074041683
      vertex 34.6 32.123156457056645 -1.587490966130753
    endloop
  endfacet
  facet normal -1 0 0
    outer loop
      vertex 34.6 32.123156457056645 -1.587490966130753
      vertex 34.6 32.05293332892941 -1.2903701960058696
      vertex 34.6 32.189949493661175 -1.5528306722822196
    endloop
  endfacet
  facet normal -1 0 0
    outer loop
      vertex 34.6 32.123156457056645 -1.587490966130753
      vertex 34.6 31.828420836385092 -1.3350285074041683
      vertex 34.6 32.05293332892941 -1.2903701960058696
    endloop
  endfacet
  facet normal -1 0 0
    outer loop
      vertex 34.6 32.189949493661175 -1.5528306722822196
      vertex 34.6 32.05293332892941 -1.2903701960058696
      vertex 34.6 32.60418400496731 -1.325878449210181
    endloop
  endfacet
  facet normal -1 0 0
    outer loop
      vertex 34.6 32.60418400496731 -1.325878449210181
      vertex 34.6 32.05293332892941 -1.2903701960058696
      vertex 34.6 32.26969600663891 -1.2167891818947516
    endloop
  endfacet
  facet normal -1 0 0
    outer loop
      vertex 34.6 32.60418400496731 -1.325878449210181
      vertex 34.6 32.26969600663891 -1.2167891818947516
      vertex 34.6 32.475 -1.1155444566227675
    endloop
  endfacet
  facet normal -1 0 0
    outer loop
      vertex 34.6 32.60418400496731 -1.325878449210181
      vertex 34.6 32.475 -1.1155444566227675
      vertex 34.6 33.04161180398977 -1.0073592299159095
    endloop
  endfacet
  facet normal -1 0 0
    outer loop
      vertex 34.6 33.04161180398977 -1.0073592299159095
      vertex 34.6 32.475 -1.1155444566227675
      vertex 34.6 32.66533250076526 -0.9883683455096616
    endloop
  endfacet
  facet normal -1 0 0
    outer loop
      vertex 34.6 33.04161180398977 -1.0073592299159095
      vertex 34.6 32.66533250076526 -0.9883683455096616
      vertex 34.6 32.83743686707646 -0.8374368670764581
    endloop
  endfacet
  facet normal -1 0 0
    outer loop
      vertex 34.6 33.04161180398977 -1.0073592299159095
      vertex 34.6 32.83743686707646 -0.8374368670764581
      vertex 34.6 33.112435565298235 -0.9401501767067736
    endloop
  endfacet
  facet normal -1 0 0
    outer loop
      vertex 34.6 33.112435565298235 -0.9401501767067736
      vertex 34.6 32.83743686707646 -0.8374368670764581
      vertex 34.6 32.98836834550966 -0.6653325007652612
    endloop
  endfacet
  facet normal -1 0 0
    outer loop
      vertex 34.6 33.112435565298235 -0.9401501767067736
      vertex 34.6 32.98836834550966 -0.6653325007652612
      vertex 34.6 33.420473089040094 -0.6373832604002754
    endloop
  endfacet
  facet normal -1 0 0
    outer loop
      vertex 34.6 33.420473089040094 -0.6373832604002754
      vertex 34.6 32.98836834550966 -0.6653325007652612
      vertex 34.6 33.11554445662277 -0.475
    endloop
  endfacet
  facet normal -1 0 0
    outer loop
      vertex 34.6 33.420473089040094 -0.6373832604002754
      vertex 34.6 33.11554445662277 -0.475
      vertex 34.6 33.216789181894754 -0.26969600663890714
    endloop
  endfacet
  facet normal -1 0 0
    outer loop
      vertex 34.6 33.420473089040094 -0.6373832604002754
      vertex 34.6 33.216789181894754 -0.26969600663890714
      vertex 34.6 33.744537133991 -0.2222809320784087
    endloop
  endfacet
  facet normal -1 0 0
    outer loop
      vertex 34.6 33.744537133991 -0.2222809320784087
      vertex 34.6 33.216789181894754 -0.26969600663890714
      vertex 34.6 33.290370196005874 -0.05293332892941127
    endloop
  endfacet
  facet normal -1 0 0
    outer loop
      vertex 34.6 34.010703836995326 0.2308452391239948
      vertex 34.6 33.290370196005874 -0.05293332892941127
      vertex 34.6 33.33502850740417 0.17157916361490977
    endloop
  endfacet
  facet normal -1 0 0
    outer loop
      vertex 34.6 33.744537133991 -0.2222809320784087
      vertex 34.6 33.290370196005874 -0.05293332892941127
      vertex 34.6 34.010703836995326 0.2308452391239948
    endloop
  endfacet
  facet normal -1 0 0
    outer loop
      vertex 34.6 34.010703836995326 0.2308452391239948
      vertex 34.6 33.33502850740417 0.17157916361490977
      vertex 34.6 33.35 0.4
    endloop
  endfacet
  facet normal -1 0 0
    outer loop
      vertex 34.6 34.010703836995326 0.2308452391239948
      vertex 34.6 33.35 0.4
      vertex 34.6 34.21441901196932 0.7142421387873537
    endloop
  endfacet
  facet normal -1 0 0
    outer loop
      vertex 34.6 34.21441901196932 0.7142421387873537
      vertex 34.6 33.35 0.4
      vertex 34.6 33.33502850740417 0.6284208363850903
    endloop
  endfacet
  facet normal -1 0 0
    outer loop
      vertex 34.6 34.352197035788656 1.2196387119354872
      vertex 34.6 33.33502850740417 0.6284208363850903
      vertex 34.6 33.290370196005874 0.8529333289294113
    endloop
  endfacet
  facet normal -1 0 0
    outer loop
      vertex 34.6 34.421680488266496 1.738387483079428
      vertex 34.6 33.216789181894754 1.0696960066389072
      vertex 34.6 33.11554445662277 1.275
    endloop
  endfacet
  facet normal -1 0 0
    outer loop
      vertex 34.6 34.421680488266496 1.738387483079428
      vertex 34.6 33.11554445662277 1.275
      vertex 34.6 32.98836834550966 1.4653325007652613
    endloop
  endfacet
  facet normal -1 0 0
    outer loop
      vertex 34.6 34.421680488266496 1.738387483079428
      vertex 34.6 33.290370196005874 0.8529333289294113
      vertex 34.6 33.216789181894754 1.0696960066389072
    endloop
  endfacet
  facet normal -1 0 0
    outer loop
      vertex 34.6 34.21441901196932 0.7142421387873537
      vertex 34.6 33.33502850740417 0.6284208363850903
      vertex 34.6 34.352197035788656 1.2196387119354872
    endloop
  endfacet
  facet normal -1 0 0
    outer loop
      vertex 34.6 34.352197035788656 1.2196387119354872
      vertex 34.6 33.290370196005874 0.8529333289294113
      vertex 34.6 34.421680488266496 1.738387483079428
    endloop
  endfacet
  facet normal -1 0 0
    outer loop
      vertex 34.6 34.421680488266496 6
      vertex 34.6 32.66533250076526 1.7883683455096615
      vertex 34.6 32.475 1.9155444566227677
    endloop
  endfacet
  facet normal -1 0 0
    outer loop
      vertex 34.6 34.421680488266496 6
      vertex 34.6 32.83743686707646 1.6374368670764583
      vertex 34.6 32.66533250076526 1.7883683455096615
    endloop
  endfacet
  facet normal -1 0 0
    outer loop
      vertex 34.6 34.421680488266496 6
      vertex 34.6 32.05293332892941 2.0903701960058694
      vertex 34.6 32 2.100899289776505
    endloop
  endfacet
  facet normal -1 0 0
    outer loop
      vertex 34.6 34.421680488266496 6
      vertex 34.6 32.26969600663891 2.016789181894752
      vertex 34.6 32.05293332892941 2.0903701960058694
    endloop
  endfacet
  facet normal -1 0 0
    outer loop
      vertex 34.6 34.421680488266496 6
      vertex 34.6 32.475 1.9155444566227677
      vertex 34.6 32.26969600663891 2.016789181894752
    endloop
  endfacet
  facet normal -1 0 0
    outer loop
      vertex 34.6 34.421680488266496 6
      vertex 34.6 32.98836834550966 1.4653325007652613
      vertex 34.6 32.83743686707646 1.6374368670764583
    endloop
  endfacet
  facet normal -1 0 0
    outer loop
      vertex 34.6 34.421680488266496 1.738387483079428
      vertex 34.6 32.98836834550966 1.4653325007652613
      vertex 34.6 34.421680488266496 6
    endloop
  endfacet
  facet normal 1 0 0
    outer loop
      vertex 31.2 34.49143569295441 1.738387483079428
      vertex 31.2 34.49143569295441 6
      vertex 31.2 32 6
    endloop
  endfacet
  facet normal 0 0 -1
    outer loop
      vertex 31.2 34.49143569295441 6
      vertex 34.6 32 6
      vertex 31.2 32 6
    endloop
  endfacet
  facet normal -1 0 0
    outer loop
      vertex 34.6 34.421680488266496 6
      vertex 34.6 32 2.100899289776505
      vertex 34.6 32 6
    endloop
  endfacet
  facet normal 0 0 -1
    outer loop
      vertex 31.2 34.49143569295441 6
      vertex 33.9 34.49143569295441 6
      vertex 34.6 32 6
    endloop
  endfacet
  facet normal 0 0 -1
    outer loop
      vertex 33.9 34.49143569295441 6
      vertex 34.420986902492544 34.45728840728367 6
      vertex 34.6 32 6
    endloop
  endfacet
  facet normal 0 0 -1
    outer loop
      vertex 34.420986902492544 34.45728840728367 6
      vertex 34.6 34.421680488266496 6
      vertex 34.6 32 6
    endloop
  endfacet
  facet normal 0 -1 0
    outer loop
      vertex 0.01 10.600000000000001 8.8
      vertex 1.2 10.600000000000001 10
      vertex 0 10.600000000000001 8.8
    endloop
  endfacet
  facet normal 0 -1 0
    outer loop
      vertex 1.2 10.600000000000001 10
      vertex 1.2 10.600000000000001 11
      vertex 0 10.600000000000001 8.8
    endloop
  endfacet
  facet normal 0 -1 0
    outer loop
      vertex 1.2 10.600000000000001 11
      vertex 0 10.600000000000001 11
      vertex 0 10.600000000000001 8.8
    endloop
  endfacet
  facet normal 0 0 -1
    outer loop
      vertex 0.01 10.600000000000001 8.8
      vertex 0 10.600000000000001 8.8
      vertex 0.01 32 8.8
    endloop
  endfacet
  facet normal 0.710059171597633 0 -0.7041420118343198
    outer loop
      vertex 0.01 10.600000000000001 8.8
      vertex 0.01 32 8.8
      vertex 1.2 10.600000000000001 10
    endloop
  endfacet
  facet normal 0 0 -1
    outer loop
      vertex 0 10.600000000000001 8.8
      vertex 0 32 8.8
      vertex 0.01 32 8.8
    endloop
  endfacet
  facet normal 1 0 0
    outer loop
      vertex 1.2 10.600000000000001 10
      vertex 1.2 32 10
      vertex 1.2 10.600000000000001 11
    endloop
  endfacet
  facet normal 0 0 1
    outer loop
      vertex 1.2 10.600000000000001 11
      vertex 0 32 11
      vertex 0 10.600000000000001 11
    endloop
  endfacet
  facet normal 0.710059171597633 0 -0.7041420118343198
    outer loop
      vertex 1.2 10.600000000000001 10
      vertex 0.01 32 8.8
      vertex 1.2 32 10
    endloop
  endfacet
  facet normal 0 0 1
    outer loop
      vertex 1.2 10.600000000000001 11
      vertex 1.2 32 11
      vertex 0 32 11
    endloop
  endfacet
  facet normal 1 0 0
    outer loop
      vertex 1.2 10.600000000000001 11
      vertex 1.2 32 10
      vertex 1.2 32 11
    endloop
  endfacet
  facet normal 0 -1 0
    outer loop
      vertex 35.39 10.600000000000001 8.8
      vertex 35.4 10.600000000000001 8.8
      vertex 34.199999999999996 10.600000000000001 10
    endloop
  endfacet
  facet normal 0 -1 0
    outer loop
      vertex 34.199999999999996 10.600000000000001 10
      vertex 35.4 10.600000000000001 8.8
      vertex 34.199999999999996 10.600000000000001 11
    endloop
  endfacet
  facet normal 0 -1 0
    outer loop
      vertex 34.199999999999996 10.600000000000001 11
      vertex 35.4 10.600000000000001 8.8
      vertex 35.4 10.600000000000001 11
    endloop
  endfacet
  facet normal -0.7100591715976314 0 -0.7041420118343211
    outer loop
      vertex 35.39 10.600000000000001 8.8
      vertex 34.199999999999996 10.600000000000001 10
      vertex 35.39 32 8.8
    endloop
  endfacet
  facet normal 0 0 -1
    outer loop
      vertex 35.39 10.600000000000001 8.8
      vertex 35.39 32 8.8
      vertex 35.4 10.600000000000001 8.8
    endloop
  endfacet
  facet normal 0 0 -1
    outer loop
      vertex 35.39 32 8.8
      vertex 35.4 32 8.8
      vertex 35.4 10.600000000000001 8.8
    endloop
  endfacet
  facet normal -1 0 0
    outer loop
      vertex 34.199999999999996 10.600000000000001 10
      vertex 34.199999999999996 10.600000000000001 11
      vertex 34.199999999999996 32 11
    endloop
  endfacet
  facet normal 0 0 1
    outer loop
      vertex 34.199999999999996 10.600000000000001 11
      vertex 35.4 10.600000000000001 11
      vertex 35.4 32 11
    endloop
  endfacet
  facet normal -0.7100591715976314 0 -0.7041420118343211
    outer loop
      vertex 34.199999999999996 10.600000000000001 10
      vertex 34.199999999999996 32 10
      vertex 35.39 32 8.8
    endloop
  endfacet
  facet normal -1 0 0
    outer loop
      vertex 34.199999999999996 10.600000000000001 10
      vertex 34.199999999999996 32 11
      vertex 34.199999999999996 32 10
    endloop
  endfacet
  facet normal 0 0 1
    outer loop
      vertex 34.199999999999996 10.600000000000001 11
      vertex 35.4 32 11
      vertex 34.199999999999996 32 11
    endloop
  endfacet
  facet normal 0 1 0
    outer loop
      vertex 34.6 24.5 6
      vertex 34.6 24.5 0
      vertex 31.2 24.5 0
    endloop
  endfacet
  facet normal 0 -1 0
    outer loop
      vertex 30.4 23.7 0
      vertex 35.4 23.7 0
      vertex 35.4 23.7 6.8
    endloop
  endfacet
  facet normal 0 -1 0
    outer loop
      vertex 30.4 23.7 6
      vertex 30.4 23.7 0
      vertex 35.4 23.7 6.8
    endloop
  endfacet
  facet normal 0 1 0
    outer loop
      vertex 31.2 24.5 6
      vertex 34.6 24.5 6
      vertex 31.2 24.5 0
    endloop
  endfacet
  facet normal 0 -1 0
    outer loop
      vertex 30.4 23.7 6
      vertex 35.4 23.7 6.8
      vertex 30.4 23.7 6.08421052631579
    endloop
  endfacet
  facet normal 0 -1 0
    outer loop
      vertex 30.4 23.7 6.08421052631579
      vertex 35.4 23.7 6.8
      vertex 30.4 23.7 6.8
    endloop
  endfacet
  facet normal 0 0 1
    outer loop
      vertex 30.4 23.7 6.8
      vertex 35.4 23.7 6.8
      vertex 31.134214390602054 24.38252569750367 6.8
    endloop
  endfacet
  facet normal 1 0 0
    outer loop
      vertex 31.2 29.864971492595835 0.17157916361490977
      vertex 31.2 24.5 0
      vertex 31.2 29.8991007102235 0
    endloop
  endfacet
  facet normal 1 0 0
    outer loop
      vertex 31.2 29.864971492595835 0.17157916361490977
      vertex 31.2 29.85 0.4
      vertex 31.2 24.5 0
    endloop
  endfacet
  facet normal 1 0 0
    outer loop
      vertex 31.2 29.85 0.4
      vertex 31.2 29.864971492595835 0.6284208363850903
      vertex 31.2 24.5 0
    endloop
  endfacet
  facet normal 1 0 0
    outer loop
      vertex 31.2 29.864971492595835 0.6284208363850903
      vertex 31.2 29.909629803994132 0.8529333289294113
      vertex 31.2 24.5 0
    endloop
  endfacet
  facet normal 1 0 0
    outer loop
      vertex 31.2 29.909629803994132 0.8529333289294113
      vertex 31.2 29.98321081810525 1.0696960066389072
      vertex 31.2 24.5 0
    endloop
  endfacet
  facet normal 1 0 0
    outer loop
      vertex 31.2 29.98321081810525 1.0696960066389072
      vertex 31.2 30.084455543377235 1.275
      vertex 31.2 24.5 0
    endloop
  endfacet
  facet normal -1 0 0
    outer loop
      vertex 30.4 23.7 6
      vertex 30.4 32 0
      vertex 30.4 23.7 0
    endloop
  endfacet
  facet normal 1 0 0
    outer loop
      vertex 31.2 30.084455543377235 1.275
      vertex 31.2 32 6
      vertex 31.2 24.5 0
    endloop
  endfacet
  facet normal 1 0 0
    outer loop
      vertex 31.2 30.084455543377235 1.275
      vertex 31.2 30.21163165449034 1.4653325007652613
      vertex 31.2 32 6
    endloop
  endfacet
  facet normal 1 0 0
    outer loop
      vertex 31.2 30.21163165449034 1.4653325007652613
      vertex 31.2 30.362563132923544 1.6374368670764583
      vertex 31.2 32 6
    endloop
  endfacet
  facet normal 1 0 0
    outer loop
      vertex 31.2 30.362563132923544 1.6374368670764583
      vertex 31.2 30.53466749923474 1.7883683455096615
      vertex 31.2 32 6
    endloop
  endfacet
  facet normal 1 0 0
    outer loop
      vertex 31.2 30.53466749923474 1.7883683455096615
      vertex 31.2 30.725 1.9155444566227677
      vertex 31.2 32 6
    endloop
  endfacet
  facet normal 1 0 0
    outer loop
      vertex 31.2 30.725 1.9155444566227677
      vertex 31.2 30.930303993361093 2.016789181894752
      vertex 31.2 32 6
    endloop
  endfacet
  facet normal 1 0 0
    outer loop
      vertex 31.2 30.930303993361093 2.016789181894752
      vertex 31.2 31.14706667107059 2.0903701960058694
      vertex 31.2 32 6
    endloop
  endfacet
  facet normal 1 0 0
    outer loop
      vertex 31.2 31.14706667107059 2.0903701960058694
      vertex 31.2 31.37157916361491 2.135028507404168
      vertex 31.2 32 6
    endloop
  endfacet
  facet normal 1 0 0
    outer loop
      vertex 31.2 31.37157916361491 2.135028507404168
      vertex 31.2 31.6 2.15
      vertex 31.2 32 6
    endloop
  endfacet
  facet normal 1 0 0
    outer loop
      vertex 31.2 31.6 2.15
      vertex 31.2 31.828420836385092 2.135028507404168
      vertex 31.2 32 6
    endloop
  endfacet
  facet normal 1 0 0
    outer loop
      vertex 31.2 31.828420836385092 2.135028507404168
      vertex 31.2 32 2.1008992897765055
      vertex 31.2 32 6
    endloop
  endfacet
  facet normal 1 0 0
    outer loop
      vertex 31.2 24.5 6
      vertex 31.2 24.5 0
      vertex 31.2 32 6
    endloop
  endfacet
  facet normal -1 0 0
    outer loop
      vertex 30.4 23.7 6
      vertex 30.4 32 6
      vertex 30.4 32 0
    endloop
  endfacet
  facet normal -1 0 0
    outer loop
      vertex 34.6 29.864971492595835 0.17157916361490977
      vertex 34.6 29.899100710223497 0
      vertex 34.6 24.5 0
    endloop
  endfacet
  facet normal -1 0 0
    outer loop
      vertex 34.6 29.864971492595835 0.17157916361490977
      vertex 34.6 24.5 0
      vertex 34.6 24.5 6
    endloop
  endfacet
  facet normal -1 0 0
    outer loop
      vertex 34.6 29.864971492595835 0.17157916361490977
      vertex 34.6 24.5 6
      vertex 34.6 29.85 0.4
    endloop
  endfacet
  facet normal -1 0 0
    outer loop
      vertex 34.6 29.85 0.4
      vertex 34.6 24.5 6
      vertex 34.6 29.864971492595835 0.6284208363850903
    endloop
  endfacet
  facet normal -1 0 0
    outer loop
      vertex 34.6 29.864971492595835 0.6284208363850903
      vertex 34.6 24.5 6
      vertex 34.6 29.909629803994132 0.8529333289294113
    endloop
  endfacet
  facet normal -1 0 0
    outer loop
      vertex 34.6 29.909629803994132 0.8529333289294113
      vertex 34.6 24.5 6
      vertex 34.6 29.98321081810525 1.0696960066389072
    endloop
  endfacet
  facet normal -1 0 0
    outer loop
      vertex 34.6 29.98321081810525 1.0696960066389072
      vertex 34.6 24.5 6
      vertex 34.6 30.084455543377235 1.275
    endloop
  endfacet
  facet normal -1 0 0
    outer loop
      vertex 34.6 30.084455543377235 1.275
      vertex 34.6 24.5 6
      vertex 34.6 30.21163165449034 1.4653325007652613
    endloop
  endfacet
  facet normal -1 0 0
    outer loop
      vertex 34.6 30.21163165449034 1.4653325007652613
      vertex 34.6 24.5 6
      vertex 34.6 30.362563132923544 1.6374368670764583
    endloop
  endfacet
  facet normal -1 0 0
    outer loop
      vertex 34.6 30.362563132923544 1.6374368670764583
      vertex 34.6 24.5 6
      vertex 34.6 30.53466749923474 1.7883683455096615
    endloop
  endfacet
  facet normal -1 0 0
    outer loop
      vertex 34.6 30.53466749923474 1.7883683455096615
      vertex 34.6 24.5 6
      vertex 34.6 30.725 1.9155444566227677
    endloop
  endfacet
  facet normal -1 0 0
    outer loop
      vertex 34.6 30.725 1.9155444566227677
      vertex 34.6 24.5 6
      vertex 34.6 30.930303993361093 2.016789181894752
    endloop
  endfacet
  facet normal -1 0 0
    outer loop
      vertex 34.6 30.930303993361093 2.016789181894752
      vertex 34.6 24.5 6
      vertex 34.6 31.14706667107059 2.0903701960058694
    endloop
  endfacet
  facet normal -1 0 0
    outer loop
      vertex 34.6 31.14706667107059 2.0903701960058694
      vertex 34.6 24.5 6
      vertex 34.6 31.37157916361491 2.135028507404168
    endloop
  endfacet
  facet normal -1 0 0
    outer loop
      vertex 34.6 31.37157916361491 2.135028507404168
      vertex 34.6 24.5 6
      vertex 34.6 31.6 2.15
    endloop
  endfacet
  facet normal -1 0 0
    outer loop
      vertex 34.6 31.6 2.15
      vertex 34.6 24.5 6
      vertex 34.6 31.828420836385092 2.135028507404168
    endloop
  endfacet
  facet normal -1 0 0
    outer loop
      vertex 34.6 31.828420836385092 2.135028507404168
      vertex 34.6 32 6
      vertex 34.6 32 2.100899289776505
    endloop
  endfacet
  facet normal -1 0 0
    outer loop
      vertex 34.6 31.828420836385092 2.135028507404168
      vertex 34.6 24.5 6
      vertex 34.6 32 6
    endloop
  endfacet
  facet normal -1 0 0
    outer loop
      vertex 30.4 23.7 6
      vertex 30.4 23.7 6.08421052631579
      vertex 30.4 32 6.8
    endloop
  endfacet
  facet normal -1 0 0
    outer loop
      vertex 30.4 23.7 6
      vertex 30.4 32 6.8
      vertex 30.4 32 6
    endloop
  endfacet
  facet normal 0 0 -1
    outer loop
      vertex 31.2 24.5 6
      vertex 31.2 32 6
      vertex 34.6 32 6
    endloop
  endfacet
  facet normal -1 0 0
    outer loop
      vertex 30.4 23.7 6.08421052631579
      vertex 30.4 23.7 6.8
      vertex 30.4 32 6.8
    endloop
  endfacet
  facet normal 0 0 1
    outer loop
      vertex 30.4 23.7 6.8
      vertex 31.134214390602054 24.38252569750367 6.8
      vertex 30.4 32 6.8
    endloop
  endfacet
  facet normal 0 0 1
    outer loop
      vertex 31.134214390602054 24.38252569750367 6.8
      vertex 35.4 23.7 6.8
      vertex 30.4 32 6.8
    endloop
  endfacet
  facet normal 0 0 -1
    outer loop
      vertex 31.2 24.5 6
      vertex 34.6 32 6
      vertex 34.6 24.5 6
    endloop
  endfacet
  facet normal 0 0 1
    outer loop
      vertex 35.4 23.7 6.8
      vertex 35.4 32 6.8
      vertex 30.4 32 6.8
    endloop
  endfacet
  facet normal 0 -0.9978589232386029 -0.06540312923015065
    outer loop
      vertex 31.2 29.864971492595835 0.17157916361490977
      vertex 34.6 29.85 0.4
      vertex 31.2 29.85 0.4
    endloop
  endfacet
  facet normal 0 -0.9978589232386029 0.06540312923015065
    outer loop
      vertex 31.2 29.85 0.4
      vertex 34.6 29.864971492595835 0.6284208363850903
      vertex 31.2 29.864971492595835 0.6284208363850903
    endloop
  endfacet
  facet normal 0 -0.6593458151000721 -0.7518398074789746
    outer loop
      vertex 31.2 30.362563132923544 -0.8374368670764581
      vertex 31.2 30.53466749923474 -0.9883683455096616
      vertex 34.6 30.362563132923544 -0.8374368670764581
    endloop
  endfacet
  facet normal 0 -0.7518398074789757 -0.6593458151000708
    outer loop
      vertex 31.2 30.362563132923544 -0.8374368670764581
      vertex 34.6 30.21163165449034 -0.6653325007652612
      vertex 31.2 30.21163165449034 -0.6653325007652612
    endloop
  endfacet
  facet normal 0 -0.5555702330196001 -0.8314696123025466
    outer loop
      vertex 31.2 30.53466749923474 -0.9883683455096616
      vertex 31.2 30.725 -1.1155444566227675
      vertex 34.6 30.53466749923474 -0.9883683455096616
    endloop
  endfacet
  facet normal 0 -0.4422886902190029 -0.8968727415326875
    outer loop
      vertex 31.2 30.725 -1.1155444566227675
      vertex 31.2 30.930303993361093 -1.2167891818947516
      vertex 34.6 30.725 -1.1155444566227675
    endloop
  endfacet
  facet normal 0 -0.3214394653031615 -0.9469301294951057
    outer loop
      vertex 31.2 30.930303993361093 -1.2167891818947516
      vertex 31.2 31.14706667107059 -1.2903701960058696
      vertex 34.6 30.930303993361093 -1.2167891818947516
    endloop
  endfacet
  facet normal 0 -0.19509032201612886 -0.9807852804032304
    outer loop
      vertex 31.2 31.14706667107059 -1.2903701960058696
      vertex 31.2 31.37157916361491 -1.3350285074041683
      vertex 34.6 31.14706667107059 -1.2903701960058696
    endloop
  endfacet
  facet normal 0 -0.06540312923014277 -0.9978589232386035
    outer loop
      vertex 31.2 31.37157916361491 -1.3350285074041683
      vertex 31.2 31.6 -1.35
      vertex 34.6 31.37157916361491 -1.3350285074041683
    endloop
  endfacet
  facet normal 0 0.06540312923014277 -0.9978589232386035
    outer loop
      vertex 31.2 31.6 -1.35
      vertex 31.2 31.828420836385092 -1.3350285074041683
      vertex 34.6 31.6 -1.35
    endloop
  endfacet
  facet normal 0 0.19509032201612886 -0.9807852804032304
    outer loop
      vertex 31.2 31.828420836385092 -1.3350285074041683
      vertex 31.2 32.05293332892941 -1.2903701960058696
      vertex 34.6 31.828420836385092 -1.3350285074041683
    endloop
  endfacet
  facet normal 0 0.3214394653031615 -0.9469301294951057
    outer loop
      vertex 31.2 32.05293332892941 -1.2903701960058696
      vertex 31.2 32.26969600663891 -1.2167891818947516
      vertex 34.6 32.05293332892941 -1.2903701960058696
    endloop
  endfacet
  facet normal 0 -0.8314696123025477 -0.5555702330195984
    outer loop
      vertex 34.6 30.084455543377235 -0.475
      vertex 31.2 30.084455543377235 -0.475
      vertex 31.2 30.21163165449034 -0.6653325007652612
    endloop
  endfacet
  facet normal 0 -0.8968727415326853 -0.4422886902190074
    outer loop
      vertex 31.2 30.084455543377235 -0.475
      vertex 34.6 29.98321081810525 -0.26969600663890714
      vertex 31.2 29.98321081810525 -0.26969600663890714
    endloop
  endfacet
  facet normal 0 -0.9469301294951071 -0.3214394653031573
    outer loop
      vertex 31.2 29.98321081810525 -0.26969600663890714
      vertex 34.6 29.909629803994132 -0.05293332892941127
      vertex 31.2 29.909629803994132 -0.05293332892941127
    endloop
  endfacet
  facet normal -3.521456662027314e-15 -0.9807852804032416 -0.19509032201607157
    outer loop
      vertex 34.6 29.864971492595835 0.17157916361490977
      vertex 31.2 29.8991007102235 0
      vertex 31.2 29.909629803994132 -0.05293332892941127
    endloop
  endfacet
  facet normal 0 -0.9807852804032284 -0.19509032201613882
    outer loop
      vertex 31.2 29.864971492595835 0.17157916361490977
      vertex 31.2 29.8991007102235 0
      vertex 34.6 29.864971492595835 0.17157916361490977
    endloop
  endfacet
  facet normal 0 -0.9807852804032314 0.19509032201612295
    outer loop
      vertex 31.2 29.864971492595835 0.6284208363850903
      vertex 34.6 29.909629803994132 0.8529333289294113
      vertex 31.2 29.909629803994132 0.8529333289294113
    endloop
  endfacet
  facet normal 0 0.4422886902190029 -0.8968727415326875
    outer loop
      vertex 31.2 32.26969600663891 -1.2167891818947516
      vertex 31.2 32.475 -1.1155444566227675
      vertex 34.6 32.26969600663891 -1.2167891818947516
    endloop
  endfacet
  facet normal 0 0.5555702330196073 -0.8314696123025419
    outer loop
      vertex 31.2 32.475 -1.1155444566227675
      vertex 31.2 32.66533250076526 -0.9883683455096616
      vertex 34.6 32.475 -1.1155444566227675
    endloop
  endfacet
  facet normal 0 0.6593458151000566 -0.7518398074789882
    outer loop
      vertex 31.2 32.66533250076526 -0.9883683455096616
      vertex 31.2 32.83743686707646 -0.8374368670764581
      vertex 34.6 32.66533250076526 -0.9883683455096616
    endloop
  endfacet
  facet normal 0 0.7518398074789834 -0.6593458151000621
    outer loop
      vertex 31.2 32.83743686707646 -0.8374368670764581
      vertex 31.2 32.98836834550966 -0.6653325007652612
      vertex 34.6 32.83743686707646 -0.8374368670764581
    endloop
  endfacet
  facet normal 0 0.8314696123025406 -0.5555702330196091
    outer loop
      vertex 31.2 33.11554445662277 -0.475
      vertex 34.6 32.98836834550966 -0.6653325007652612
      vertex 31.2 32.98836834550966 -0.6653325007652612
    endloop
  endfacet
  facet normal 0 0.8968727415326914 -0.442288690218995
    outer loop
      vertex 34.6 33.11554445662277 -0.475
      vertex 31.2 33.11554445662277 -0.475
      vertex 31.2 33.216789181894754 -0.26969600663890714
    endloop
  endfacet
  facet normal 0 0.9469301294951025 -0.3214394653031712
    outer loop
      vertex 34.6 33.216789181894754 -0.26969600663890714
      vertex 31.2 33.216789181894754 -0.26969600663890714
      vertex 31.2 33.290370196005874 -0.05293332892941127
    endloop
  endfacet
  facet normal 0 0.9807852804032344 -0.19509032201610801
    outer loop
      vertex 34.6 33.290370196005874 -0.05293332892941127
      vertex 31.2 33.290370196005874 -0.05293332892941127
      vertex 31.2 33.33502850740417 0.17157916361490977
    endloop
  endfacet
  facet normal 0 0.9807852804032344 0.19509032201610801
    outer loop
      vertex 34.6 33.33502850740417 0.6284208363850903
      vertex 31.2 33.33502850740417 0.6284208363850903
      vertex 31.2 33.290370196005874 0.8529333289294113
    endloop
  endfacet
  facet normal 0 0.9978589232386029 -0.06540312923015065
    outer loop
      vertex 31.2 33.33502850740417 0.17157916361490977
      vertex 31.2 33.35 0.4
      vertex 34.6 33.33502850740417 0.17157916361490977
    endloop
  endfacet
  facet normal 0 0.9978589232386029 0.06540312923015065
    outer loop
      vertex 31.2 33.33502850740417 0.6284208363850903
      vertex 34.6 33.35 0.4
      vertex 31.2 33.35 0.4
    endloop
  endfacet
  facet normal 0 -0.9469301294951071 0.3214394653031573
    outer loop
      vertex 31.2 29.909629803994132 0.8529333289294113
      vertex 34.6 29.98321081810525 1.0696960066389072
      vertex 31.2 29.98321081810525 1.0696960066389072
    endloop
  endfacet
  facet normal 0 -0.8968727415326853 0.4422886902190076
    outer loop
      vertex 31.2 29.98321081810525 1.0696960066389072
      vertex 34.6 30.084455543377235 1.275
      vertex 31.2 30.084455543377235 1.275
    endloop
  endfacet
  facet normal 0 -0.831469612302548 0.5555702330195981
    outer loop
      vertex 31.2 30.084455543377235 1.275
      vertex 34.6 30.21163165449034 1.4653325007652613
      vertex 31.2 30.21163165449034 1.4653325007652613
    endloop
  endfacet
  facet normal 0 -0.7518398074789757 0.6593458151000708
    outer loop
      vertex 31.2 30.21163165449034 1.4653325007652613
      vertex 34.6 30.362563132923544 1.6374368670764583
      vertex 31.2 30.362563132923544 1.6374368670764583
    endloop
  endfacet
  facet normal 0 -0.6593458151000715 0.751839807478975
    outer loop
      vertex 31.2 30.362563132923544 1.6374368670764583
      vertex 34.6 30.53466749923474 1.7883683455096615
      vertex 31.2 30.53466749923474 1.7883683455096615
    endloop
  endfacet
  facet normal 0 -0.5555702330196012 0.831469612302546
    outer loop
      vertex 31.2 30.53466749923474 1.7883683455096615
      vertex 34.6 30.725 1.9155444566227677
      vertex 31.2 30.725 1.9155444566227677
    endloop
  endfacet
  facet normal 0 -0.4422886902190029 0.8968727415326875
    outer loop
      vertex 31.2 30.725 1.9155444566227677
      vertex 34.6 30.930303993361093 2.016789181894752
      vertex 31.2 30.930303993361093 2.016789181894752
    endloop
  endfacet
  facet normal 0 -0.3214394653031597 0.9469301294951062
    outer loop
      vertex 31.2 30.930303993361093 2.016789181894752
      vertex 34.6 31.14706667107059 2.0903701960058694
      vertex 31.2 31.14706667107059 2.0903701960058694
    endloop
  endfacet
  facet normal 0 -0.19509032201612886 0.9807852804032304
    outer loop
      vertex 31.2 31.14706667107059 2.0903701960058694
      vertex 34.6 31.37157916361491 2.135028507404168
      vertex 31.2 31.37157916361491 2.135028507404168
    endloop
  endfacet
  facet normal 0 -0.06540312923014277 0.9978589232386035
    outer loop
      vertex 31.2 31.37157916361491 2.135028507404168
      vertex 34.6 31.6 2.15
      vertex 31.2 31.6 2.15
    endloop
  endfacet
  facet normal 0 0.06540312923014277 0.9978589232386035
    outer loop
      vertex 31.2 31.6 2.15
      vertex 34.6 31.828420836385092 2.135028507404168
      vertex 31.2 31.828420836385092 2.135028507404168
    endloop
  endfacet
  facet normal 1.2832563091191017e-16 0.19509032201612633 0.9807852804032308
    outer loop
      vertex 31.2 31.828420836385092 2.135028507404168
      vertex 34.6 32 2.100899289776505
      vertex 31.2 32 2.1008992897765055
    endloop
  endfacet
  facet normal 0 0.195090322016137 0.9807852804032288
    outer loop
      vertex 31.2 32.05293332892941 2.0903701960058694
      vertex 31.2 32 2.1008992897765055
      vertex 34.6 32.05293332892941 2.0903701960058694
    endloop
  endfacet
  facet normal 0 0.9469301294951025 0.3214394653031712
    outer loop
      vertex 34.6 33.290370196005874 0.8529333289294113
      vertex 31.2 33.290370196005874 0.8529333289294113
      vertex 31.2 33.216789181894754 1.0696960066389072
    endloop
  endfacet
  facet normal 0 0.8968727415326914 0.44228869021899514
    outer loop
      vertex 31.2 33.11554445662277 1.275
      vertex 34.6 33.216789181894754 1.0696960066389072
      vertex 31.2 33.216789181894754 1.0696960066389072
    endloop
  endfacet
  facet normal 0 0.7518398074789834 0.6593458151000621
    outer loop
      vertex 31.2 32.83743686707646 1.6374368670764583
      vertex 34.6 32.98836834550966 1.4653325007652613
      vertex 31.2 32.98836834550966 1.4653325007652613
    endloop
  endfacet
  facet normal 0 0.8314696123025409 0.5555702330196087
    outer loop
      vertex 31.2 32.98836834550966 1.4653325007652613
      vertex 34.6 33.11554445662277 1.275
      vertex 31.2 33.11554445662277 1.275
    endloop
  endfacet
  facet normal 0 0.5555702330196083 0.8314696123025411
    outer loop
      vertex 31.2 32.66533250076526 1.7883683455096615
      vertex 31.2 32.475 1.9155444566227677
      vertex 34.6 32.66533250076526 1.7883683455096615
    endloop
  endfacet
  facet normal 0 0.3214394653031597 0.9469301294951062
    outer loop
      vertex 31.2 32.26969600663891 2.016789181894752
      vertex 31.2 32.05293332892941 2.0903701960058694
      vertex 34.6 32.26969600663891 2.016789181894752
    endloop
  endfacet
  facet normal 0 0.4422886902190029 0.8968727415326875
    outer loop
      vertex 31.2 32.475 1.9155444566227677
      vertex 31.2 32.26969600663891 2.016789181894752
      vertex 34.6 32.475 1.9155444566227677
    endloop
  endfacet
  facet normal 0 0.6593458151000561 0.7518398074789886
    outer loop
      vertex 31.2 32.66533250076526 1.7883683455096615
      vertex 34.6 32.83743686707646 1.6374368670764583
      vertex 31.2 32.83743686707646 1.6374368670764583
    endloop
  endfacet
  facet normal 0 -0.9978589232386029 -0.06540312923015065
    outer loop
      vertex 31.2 29.864971492595835 0.17157916361490977
      vertex 34.6 29.864971492595835 0.17157916361490977
      vertex 34.6 29.85 0.4
    endloop
  endfacet
  facet normal 0 -0.9978589232386029 0.06540312923015065
    outer loop
      vertex 31.2 29.85 0.4
      vertex 34.6 29.85 0.4
      vertex 34.6 29.864971492595835 0.6284208363850903
    endloop
  endfacet
  facet normal 0 -0.7518398074789757 -0.6593458151000708
    outer loop
      vertex 31.2 30.362563132923544 -0.8374368670764581
      vertex 34.6 30.362563132923544 -0.8374368670764581
      vertex 34.6 30.21163165449034 -0.6653325007652612
    endloop
  endfacet
  facet normal 0 -0.8314696123025477 -0.5555702330195984
    outer loop
      vertex 31.2 30.21163165449034 -0.6653325007652612
      vertex 34.6 30.21163165449034 -0.6653325007652612
      vertex 34.6 30.084455543377235 -0.475
    endloop
  endfacet
  facet normal 0 -0.6593458151000721 -0.7518398074789746
    outer loop
      vertex 31.2 30.53466749923474 -0.9883683455096616
      vertex 34.6 30.53466749923474 -0.9883683455096616
      vertex 34.6 30.362563132923544 -0.8374368670764581
    endloop
  endfacet
  facet normal 0 -0.5555702330196001 -0.8314696123025466
    outer loop
      vertex 31.2 30.725 -1.1155444566227675
      vertex 34.6 30.725 -1.1155444566227675
      vertex 34.6 30.53466749923474 -0.9883683455096616
    endloop
  endfacet
  facet normal 0 -0.4422886902190029 -0.8968727415326875
    outer loop
      vertex 31.2 30.930303993361093 -1.2167891818947516
      vertex 34.6 30.930303993361093 -1.2167891818947516
      vertex 34.6 30.725 -1.1155444566227675
    endloop
  endfacet
  facet normal 0 -0.19509032201612886 -0.9807852804032304
    outer loop
      vertex 31.2 31.37157916361491 -1.3350285074041683
      vertex 34.6 31.37157916361491 -1.3350285074041683
      vertex 34.6 31.14706667107059 -1.2903701960058696
    endloop
  endfacet
  facet normal 0 -0.06540312923014277 -0.9978589232386035
    outer loop
      vertex 31.2 31.6 -1.35
      vertex 34.6 31.6 -1.35
      vertex 34.6 31.37157916361491 -1.3350285074041683
    endloop
  endfacet
  facet normal 0 0.06540312923014277 -0.9978589232386035
    outer loop
      vertex 31.2 31.828420836385092 -1.3350285074041683
      vertex 34.6 31.828420836385092 -1.3350285074041683
      vertex 34.6 31.6 -1.35
    endloop
  endfacet
  facet normal 0 0.19509032201612886 -0.9807852804032304
    outer loop
      vertex 31.2 32.05293332892941 -1.2903701960058696
      vertex 34.6 32.05293332892941 -1.2903701960058696
      vertex 34.6 31.828420836385092 -1.3350285074041683
    endloop
  endfacet
  facet normal 0 -0.3214394653031615 -0.9469301294951057
    outer loop
      vertex 31.2 31.14706667107059 -1.2903701960058696
      vertex 34.6 31.14706667107059 -1.2903701960058696
      vertex 34.6 30.930303993361093 -1.2167891818947516
    endloop
  endfacet
  facet normal 0 -0.8968727415326853 -0.4422886902190074
    outer loop
      vertex 31.2 30.084455543377235 -0.475
      vertex 34.6 30.084455543377235 -0.475
      vertex 34.6 29.98321081810525 -0.26969600663890714
    endloop
  endfacet
  facet normal 0 -0.9469301294951071 -0.3214394653031573
    outer loop
      vertex 31.2 29.98321081810525 -0.26969600663890714
      vertex 34.6 29.98321081810525 -0.26969600663890714
      vertex 34.6 29.909629803994132 -0.05293332892941127
    endloop
  endfacet
  facet normal 0 -0.9807852804032292 -0.195090322016135
    outer loop
      vertex 34.6 29.909629803994132 -0.05293332892941127
      vertex 34.6 29.899100710223497 0
      vertex 31.2 29.909629803994132 -0.05293332892941127
    endloop
  endfacet
  facet normal -2.551930160180006e-16 -0.9807852804032322 -0.19509032201611928
    outer loop
      vertex 34.6 29.864971492595835 0.17157916361490977
      vertex 31.2 29.909629803994132 -0.05293332892941127
      vertex 34.6 29.899100710223497 0
    endloop
  endfacet
  facet normal 0 -0.9807852804032314 0.19509032201612295
    outer loop
      vertex 31.2 29.864971492595835 0.6284208363850903
      vertex 34.6 29.864971492595835 0.6284208363850903
      vertex 34.6 29.909629803994132 0.8529333289294113
    endloop
  endfacet
  facet normal 0 0.3214394653031615 -0.9469301294951057
    outer loop
      vertex 31.2 32.26969600663891 -1.2167891818947516
      vertex 34.6 32.26969600663891 -1.2167891818947516
      vertex 34.6 32.05293332892941 -1.2903701960058696
    endloop
  endfacet
  facet normal 0 0.4422886902190029 -0.8968727415326875
    outer loop
      vertex 31.2 32.475 -1.1155444566227675
      vertex 34.6 32.475 -1.1155444566227675
      vertex 34.6 32.26969600663891 -1.2167891818947516
    endloop
  endfacet
  facet normal 0 0.5555702330196073 -0.8314696123025419
    outer loop
      vertex 31.2 32.66533250076526 -0.9883683455096616
      vertex 34.6 32.66533250076526 -0.9883683455096616
      vertex 34.6 32.475 -1.1155444566227675
    endloop
  endfacet
  facet normal 0 0.6593458151000566 -0.7518398074789882
    outer loop
      vertex 31.2 32.83743686707646 -0.8374368670764581
      vertex 34.6 32.83743686707646 -0.8374368670764581
      vertex 34.6 32.66533250076526 -0.9883683455096616
    endloop
  endfacet
  facet normal 0 0.7518398074789834 -0.6593458151000621
    outer loop
      vertex 31.2 32.98836834550966 -0.6653325007652612
      vertex 34.6 32.98836834550966 -0.6653325007652612
      vertex 34.6 32.83743686707646 -0.8374368670764581
    endloop
  endfacet
  facet normal 0 0.8314696123025406 -0.5555702330196091
    outer loop
      vertex 31.2 33.11554445662277 -0.475
      vertex 34.6 33.11554445662277 -0.475
      vertex 34.6 32.98836834550966 -0.6653325007652612
    endloop
  endfacet
  facet normal 0 0.8968727415326914 -0.442288690218995
    outer loop
      vertex 31.2 33.216789181894754 -0.26969600663890714
      vertex 34.6 33.216789181894754 -0.26969600663890714
      vertex 34.6 33.11554445662277 -0.475
    endloop
  endfacet
  facet normal 0 0.9469301294951025 -0.3214394653031712
    outer loop
      vertex 31.2 33.290370196005874 -0.05293332892941127
      vertex 34.6 33.290370196005874 -0.05293332892941127
      vertex 34.6 33.216789181894754 -0.26969600663890714
    endloop
  endfacet
  facet normal 0 0.9807852804032344 -0.19509032201610801
    outer loop
      vertex 31.2 33.33502850740417 0.17157916361490977
      vertex 34.6 33.33502850740417 0.17157916361490977
      vertex 34.6 33.290370196005874 -0.05293332892941127
    endloop
  endfacet
  facet normal 0 0.9807852804032344 0.19509032201610801
    outer loop
      vertex 31.2 33.290370196005874 0.8529333289294113
      vertex 34.6 33.290370196005874 0.8529333289294113
      vertex 34.6 33.33502850740417 0.6284208363850903
    endloop
  endfacet
  facet normal 0 0.9978589232386029 -0.06540312923015065
    outer loop
      vertex 34.6 33.35 0.4
      vertex 34.6 33.33502850740417 0.17157916361490977
      vertex 31.2 33.35 0.4
    endloop
  endfacet
  facet normal 0 0.9978589232386029 0.06540312923015065
    outer loop
      vertex 31.2 33.33502850740417 0.6284208363850903
      vertex 34.6 33.33502850740417 0.6284208363850903
      vertex 34.6 33.35 0.4
    endloop
  endfacet
  facet normal 0 -0.9469301294951071 0.3214394653031573
    outer loop
      vertex 31.2 29.909629803994132 0.8529333289294113
      vertex 34.6 29.909629803994132 0.8529333289294113
      vertex 34.6 29.98321081810525 1.0696960066389072
    endloop
  endfacet
  facet normal 0 -0.8968727415326853 0.4422886902190076
    outer loop
      vertex 31.2 29.98321081810525 1.0696960066389072
      vertex 34.6 29.98321081810525 1.0696960066389072
      vertex 34.6 30.084455543377235 1.275
    endloop
  endfacet
  facet normal 0 -0.831469612302548 0.5555702330195981
    outer loop
      vertex 31.2 30.084455543377235 1.275
      vertex 34.6 30.084455543377235 1.275
      vertex 34.6 30.21163165449034 1.4653325007652613
    endloop
  endfacet
  facet normal 0 -0.7518398074789757 0.6593458151000708
    outer loop
      vertex 31.2 30.21163165449034 1.4653325007652613
      vertex 34.6 30.21163165449034 1.4653325007652613
      vertex 34.6 30.362563132923544 1.6374368670764583
    endloop
  endfacet
  facet normal 0 -0.6593458151000715 0.751839807478975
    outer loop
      vertex 31.2 30.362563132923544 1.6374368670764583
      vertex 34.6 30.362563132923544 1.6374368670764583
      vertex 34.6 30.53466749923474 1.7883683455096615
    endloop
  endfacet
  facet normal 0 -0.5555702330196012 0.831469612302546
    outer loop
      vertex 31.2 30.53466749923474 1.7883683455096615
      vertex 34.6 30.53466749923474 1.7883683455096615
      vertex 34.6 30.725 1.9155444566227677
    endloop
  endfacet
  facet normal 0 -0.4422886902190029 0.8968727415326875
    outer loop
      vertex 31.2 30.725 1.9155444566227677
      vertex 34.6 30.725 1.9155444566227677
      vertex 34.6 30.930303993361093 2.016789181894752
    endloop
  endfacet
  facet normal 0 -0.3214394653031597 0.9469301294951062
    outer loop
      vertex 31.2 30.930303993361093 2.016789181894752
      vertex 34.6 30.930303993361093 2.016789181894752
      vertex 34.6 31.14706667107059 2.0903701960058694
    endloop
  endfacet
  facet normal 0 -0.19509032201612886 0.9807852804032304
    outer loop
      vertex 31.2 31.14706667107059 2.0903701960058694
      vertex 34.6 31.14706667107059 2.0903701960058694
      vertex 34.6 31.37157916361491 2.135028507404168
    endloop
  endfacet
  facet normal 0 -0.06540312923014277 0.9978589232386035
    outer loop
      vertex 31.2 31.37157916361491 2.135028507404168
      vertex 34.6 31.37157916361491 2.135028507404168
      vertex 34.6 31.6 2.15
    endloop
  endfacet
  facet normal 0 0.06540312923014277 0.9978589232386035
    outer loop
      vertex 31.2 31.6 2.15
      vertex 34.6 31.6 2.15
      vertex 34.6 31.828420836385092 2.135028507404168
    endloop
  endfacet
  facet normal 0 0.1950903220161288 0.9807852804032303
    outer loop
      vertex 31.2 31.828420836385092 2.135028507404168
      vertex 34.6 31.828420836385092 2.135028507404168
      vertex 34.6 32 2.100899289776505
    endloop
  endfacet
  facet normal 1.2821411001004944e-16 0.19509032201612905 0.9807852804032302
    outer loop
      vertex 34.6 32.05293332892941 2.0903701960058694
      vertex 31.2 32 2.1008992897765055
      vertex 34.6 32 2.100899289776505
    endloop
  endfacet
  facet normal 0 0.3214394653031597 0.9469301294951062
    outer loop
      vertex 31.2 32.05293332892941 2.0903701960058694
      vertex 34.6 32.05293332892941 2.0903701960058694
      vertex 34.6 32.26969600663891 2.016789181894752
    endloop
  endfacet
  facet normal 0 0.9469301294951025 0.3214394653031712
    outer loop
      vertex 31.2 33.216789181894754 1.0696960066389072
      vertex 34.6 33.216789181894754 1.0696960066389072
      vertex 34.6 33.290370196005874 0.8529333289294113
    endloop
  endfacet
  facet normal 0 0.8314696123025409 0.5555702330196087
    outer loop
      vertex 31.2 32.98836834550966 1.4653325007652613
      vertex 34.6 32.98836834550966 1.4653325007652613
      vertex 34.6 33.11554445662277 1.275
    endloop
  endfacet
  facet normal 0 0.8968727415326914 0.44228869021899514
    outer loop
      vertex 31.2 33.11554445662277 1.275
      vertex 34.6 33.11554445662277 1.275
      vertex 34.6 33.216789181894754 1.0696960066389072
    endloop
  endfacet
  facet normal 0 0.5555702330196083 0.8314696123025411
    outer loop
      vertex 31.2 32.475 1.9155444566227677
      vertex 34.6 32.475 1.9155444566227677
      vertex 34.6 32.66533250076526 1.7883683455096615
    endloop
  endfacet
  facet normal 0 0.6593458151000561 0.7518398074789886
    outer loop
      vertex 34.6 32.83743686707646 1.6374368670764583
      vertex 31.2 32.66533250076526 1.7883683455096615
      vertex 34.6 32.66533250076526 1.7883683455096615
    endloop
  endfacet
  facet normal 0 0.4422886902190029 0.8968727415326875
    outer loop
      vertex 31.2 32.26969600663891 2.016789181894752
      vertex 34.6 32.26969600663891 2.016789181894752
      vertex 34.6 32.475 1.9155444566227677
    endloop
  endfacet
  facet normal 0 0.7518398074789834 0.6593458151000621
    outer loop
      vertex 31.2 32.83743686707646 1.6374368670764583
      vertex 34.6 32.83743686707646 1.6374368670764583
      vertex 34.6 32.98836834550966 1.4653325007652613
    endloop
  endfacet
endsolid OpenSCAD_Model
