solid OpenSCAD_Model
  facet normal -0.5713157878291658 0.6514607996199834 -0.4991964514453517
    outer loop
      vertex -0.9424970153624421 0.9424970153624421 2
      vertex -0.6027912798778615 1.2404109497260625 2
      vertex -0.8517512048387177 0.8517512048387177 1.7777190679215913
    endloop
  endfacet
  facet normal -0.7204591365102456 0.4813954045099303 -0.4991964514453521
    outer loop
      vertex -1.4914356929544141 0.2271062025906858 2
      vertex -1.2404109497260625 0.6027912798778615 2
      vertex -1.3802952269152096 0.1629392246050907 1.7777190679215913
    endloop
  endfacet
  facet normal -0.7771302178258079 0.3832382123515083 -0.499196451445353
    outer loop
      vertex -1.6912761420936528 -0.17813014066712046 2
      vertex -1.4914356929544141 0.2271062025906858 2
      vertex -1.5727110268456652 -0.22724141942716614 1.7777190679215913
    endloop
  endfacet
  facet normal -0.7771302178258085 0.38323821235150796 -0.4991964514453521
    outer loop
      vertex -1.4914356929544141 0.2271062025906858 2
      vertex -1.3802952269152096 0.1629392246050907 1.7777190679215913
      vertex -1.5727110268456652 -0.22724141942716614 1.7777190679215913
    endloop
  endfacet
  facet normal -0.651460799619983 0.5713157878291655 -0.49919645144535246
    outer loop
      vertex -0.9424970153624421 0.9424970153624421 2
      vertex -1.1385967770835301 0.5246665174504974 1.7777190679215913
      vertex -1.2404109497260625 0.6027912798778615 2
    endloop
  endfacet
  facet normal -0.7204591365102453 0.4813954045099304 -0.4991964514453525
    outer loop
      vertex -1.2404109497260625 0.6027912798778615 2
      vertex -1.1385967770835301 0.5246665174504974 1.7777190679215913
      vertex -1.3802952269152096 0.1629392246050907 1.7777190679215913
    endloop
  endfacet
  facet normal -0.6514607996199838 0.5713157878291654 -0.4991964514453517
    outer loop
      vertex -0.9424970153624421 0.9424970153624421 2
      vertex -0.8517512048387177 0.8517512048387177 1.7777190679215913
      vertex -1.1385967770835301 0.5246665174504974 1.7777190679215913
    endloop
  endfacet
  facet normal -0.4813954045099302 0.7204591365102455 -0.4991964514453526
    outer loop
      vertex -0.2271062025906858 1.4914356929544141 2
      vertex -0.5246665174504974 1.1385967770835301 1.7777190679215913
      vertex -0.6027912798778615 1.2404109497260625 2
    endloop
  endfacet
  facet normal -0.571315787829165 0.6514607996199834 -0.49919645144535246
    outer loop
      vertex -0.6027912798778615 1.2404109497260625 2
      vertex -0.5246665174504974 1.1385967770835301 1.7777190679215913
      vertex -0.8517512048387177 0.8517512048387177 1.7777190679215913
    endloop
  endfacet
  facet normal -0.4813954045099305 0.7204591365102455 -0.49919645144535213
    outer loop
      vertex -0.2271062025906858 1.4914356929544141 2
      vertex -0.1629392246050907 1.3802952269152096 1.7777190679215913
      vertex -0.5246665174504974 1.1385967770835301 1.7777190679215913
    endloop
  endfacet
  facet normal -0.3832382123515085 0.7771302178258084 -0.49919645144535213
    outer loop
      vertex -0.2271062025906858 1.4914356929544141 2
      vertex 0.17813014066712046 1.6912761420936528 2
      vertex -0.1629392246050907 1.3802952269152096 1.7777190679215913
    endloop
  endfacet
  facet normal -0.27852370812604593 0.8205043856531692 -0.49919645144535285
    outer loop
      vertex 0.17813014066712046 1.6912761420936528 2
      vertex 0.6059840437096761 1.8365129716527662 2
      vertex 0.22724141942716614 1.5727110268456652 1.7777190679215913
    endloop
  endfacet
  facet normal -0.3832382123515078 0.7771302178258082 -0.49919645144535296
    outer loop
      vertex 0.17813014066712046 1.6912761420936528 2
      vertex 0.22724141942716614 1.5727110268456652 1.7777190679215913
      vertex -0.1629392246050907 1.3802952269152096 1.7777190679215913
    endloop
  endfacet
  facet normal -0.27852370812604693 0.8205043856531696 -0.49919645144535174
    outer loop
      vertex 0.22724141942716614 1.5727110268456652 1.7777190679215913
      vertex 0.6059840437096761 1.8365129716527662 2
      vertex 0.6391993156483684 1.7125518891903493 1.7777190679215913
    endloop
  endfacet
  facet normal -0.8205043856531699 0.27852370812604615 -0.4991964514453518
    outer loop
      vertex -1.6912761420936528 -0.17813014066712046 2
      vertex -1.7125518891903493 -0.6391993156483684 1.7777190679215913
      vertex -1.8365129716527662 -0.6059840437096761 2
    endloop
  endfacet
  facet normal -0.8205043856531689 0.27852370812604665 -0.4991964514453529
    outer loop
      vertex -1.6912761420936528 -0.17813014066712046 2
      vertex -1.5727110268456652 -0.22724141942716614 1.7777190679215913
      vertex -1.7125518891903493 -0.6391993156483684 1.7777190679215913
    endloop
  endfacet
  facet normal -0.8498394959552124 0.16904358603318587 -0.49919645144535174
    outer loop
      vertex -1.8365129716527662 -0.6059840437096761 2
      vertex -1.7125518891903493 -0.6391993156483684 1.7777190679215913
      vertex -1.7974250980233313 -1.065885750237865 1.7777190679215913
    endloop
  endfacet
  facet normal -0.849839495955212 0.16904358603318623 -0.49919645144535235
    outer loop
      vertex -1.8365129716527662 -0.6059840437096761 2
      vertex -1.7974250980233313 -1.065885750237865 1.7777190679215913
      vertex -1.924661139210741 -1.0491348076324096 2
    endloop
  endfacet
  facet normal -0.8646336168614386 0.056671081315562866 -0.49919645144535235
    outer loop
      vertex -1.924661139210741 -1.0491348076324096 2
      vertex -1.825878449210181 -1.5 1.7777190679215913
      vertex -1.9542124051813714 -1.5 2
    endloop
  endfacet
  facet normal -0.8646336168614386 0.056671081315562866 -0.49919645144535235
    outer loop
      vertex -1.924661139210741 -1.0491348076324096 2
      vertex -1.7974250980233313 -1.065885750237865 1.7777190679215913
      vertex -1.825878449210181 -1.5 1.7777190679215913
    endloop
  endfacet
  facet normal -0.16904358603318628 0.8498394959552122 -0.49919645144535174
    outer loop
      vertex 0.6059840437096761 1.8365129716527662 2
      vertex 1.0491348076324096 1.924661139210741 2
      vertex 0.6391993156483684 1.7125518891903493 1.7777190679215913
    endloop
  endfacet
  facet normal -0.16904358603318584 0.849839495955212 -0.49919645144535235
    outer loop
      vertex 1.0491348076324096 1.924661139210741 2
      vertex 1.065885750237865 1.7974250980233313 1.7777190679215913
      vertex 0.6391993156483684 1.7125518891903493 1.7777190679215913
    endloop
  endfacet
  facet normal -0.056671081315562866 0.8646336168614386 -0.49919645144535235
    outer loop
      vertex 1.0491348076324096 1.924661139210741 2
      vertex 1.5 1.9542124051813714 2
      vertex 1.065885750237865 1.7974250980233313 1.7777190679215913
    endloop
  endfacet
  facet normal -0.056671081315562845 0.8646336168614386 -0.4991964514453524
    outer loop
      vertex 1.5 1.9542124051813714 2
      vertex 1.5 1.825878449210181 1.7777190679215913
      vertex 1.065885750237865 1.7974250980233313 1.7777190679215913
    endloop
  endfacet
  facet normal -0.7121016303436307 0.35116966187339554 -0.6079400765220764
    outer loop
      vertex -1.3802952269152096 0.1629392246050907 1.7777190679215913
      vertex -1.2784376394282138 -0.34913344754094666 1.3626167395997228
      vertex -1.5727110268456652 -0.22724141942716614 1.7777190679215913
    endloop
  endfacet
  facet normal -0.6601726633925675 0.441113271017202 -0.6079400765220764
    outer loop
      vertex -1.3802952269152096 0.1629392246050907 1.7777190679215913
      vertex -1.1385967770835301 0.5246665174504974 1.7777190679215913
      vertex -0.8858984905094633 0.33076430234617504 1.3626167395997228
    endloop
  endfacet
  facet normal -0.5969479591364172 0.5235093097941989 -0.6079400765220764
    outer loop
      vertex -0.8517512048387177 0.8517512048387177 1.7777190679215913
      vertex -0.8858984905094633 0.33076430234617504 1.3626167395997228
      vertex -1.1385967770835301 0.5246665174504974 1.7777190679215913
    endloop
  endfacet
  facet normal -0.5969479591364165 0.5235093097941991 -0.6079400765220767
    outer loop
      vertex -0.8517512048387177 0.8517512048387177 1.7777190679215913
      vertex -0.6265241049374932 0.6265241049374932 1.3626167395997228
      vertex -0.8858984905094633 0.33076430234617504 1.3626167395997228
    endloop
  endfacet
  facet normal -0.6601726633925677 0.44111327101720177 -0.6079400765220766
    outer loop
      vertex -1.3802952269152096 0.1629392246050907 1.7777190679215913
      vertex -0.8858984905094633 0.33076430234617504 1.3626167395997228
      vertex -1.104449491412784 0.003679614957954769 1.3626167395997228
    endloop
  endfacet
  facet normal -0.7121016303436306 0.3511696618733956 -0.6079400765220765
    outer loop
      vertex -1.3802952269152096 0.1629392246050907 1.7777190679215913
      vertex -1.104449491412784 0.003679614957954769 1.3626167395997228
      vertex -1.2784376394282138 -0.34913344754094666 1.3626167395997228
    endloop
  endfacet
  facet normal -0.5235093097941986 0.596947959136417 -0.6079400765220767
    outer loop
      vertex -0.8517512048387177 0.8517512048387177 1.7777190679215913
      vertex -0.5246665174504974 1.1385967770835301 1.7777190679215913
      vertex -0.6265241049374932 0.6265241049374932 1.3626167395997228
    endloop
  endfacet
  facet normal -0.44111327101720194 0.6601726633925675 -0.6079400765220765
    outer loop
      vertex -0.5246665174504974 1.1385967770835301 1.7777190679215913
      vertex -0.1629392246050907 1.3802952269152096 1.7777190679215913
      vertex -0.003679614957954769 1.104449491412784 1.3626167395997228
    endloop
  endfacet
  facet normal -0.35116966187339554 0.7121016303436307 -0.6079400765220764
    outer loop
      vertex -0.1629392246050907 1.3802952269152096 1.7777190679215913
      vertex 0.22724141942716614 1.5727110268456652 1.7777190679215913
      vertex 0.34913344754094666 1.2784376394282138 1.3626167395997228
    endloop
  endfacet
  facet normal -0.25521744245231265 0.7518463409676424 -0.6079400765220765
    outer loop
      vertex 0.22724141942716614 1.5727110268456652 1.7777190679215913
      vertex 0.6391993156483684 1.7125518891903493 1.7777190679215913
      vertex 0.34913344754094666 1.2784376394282138 1.3626167395997228
    endloop
  endfacet
  facet normal -0.5235093097941994 0.5969479591364167 -0.6079400765220763
    outer loop
      vertex -0.5246665174504974 1.1385967770835301 1.7777190679215913
      vertex -0.33076430234617504 0.8858984905094633 1.3626167395997228
      vertex -0.6265241049374932 0.6265241049374932 1.3626167395997228
    endloop
  endfacet
  facet normal -0.44111327101720177 0.6601726633925677 -0.6079400765220764
    outer loop
      vertex -0.5246665174504974 1.1385967770835301 1.7777190679215913
      vertex -0.003679614957954769 1.104449491412784 1.3626167395997228
      vertex -0.33076430234617504 0.8858984905094633 1.3626167395997228
    endloop
  endfacet
  facet normal -0.3511696618733956 0.7121016303436306 -0.6079400765220765
    outer loop
      vertex -0.1629392246050907 1.3802952269152096 1.7777190679215913
      vertex 0.34913344754094666 1.2784376394282138 1.3626167395997228
      vertex -0.003679614957954769 1.104449491412784 1.3626167395997228
    endloop
  endfacet
  facet normal -0.6348640795793214 0.313080316996116 -0.7063485793639797
    outer loop
      vertex -1.104449491412784 0.003679614957954769 1.3626167395997228
      vertex -0.7840409030224675 -0.1813083697998623 0.9926407700840905
      vertex -1.2784376394282138 -0.34913344754094666 1.3626167395997228
    endloop
  endfacet
  facet normal -0.5885675477331824 0.3932682623678598 -0.7063485793639799
    outer loop
      vertex -0.8858984905094633 0.33076430234617504 1.3626167395997228
      vertex -0.7840409030224675 -0.1813083697998623 0.9926407700840905
      vertex -1.104449491412784 0.003679614957954769 1.3626167395997228
    endloop
  endfacet
  facet normal -0.39326826236785994 0.5885675477331826 -0.7063485793639793
    outer loop
      vertex -0.33076430234617504 0.8858984905094633 1.3626167395997228
      vertex -0.003679614957954769 1.104449491412784 1.3626167395997228
      vertex -0.10553720244495057 0.5923768192667471 0.9926407700840905
    endloop
  endfacet
  facet normal -0.313080316996116 0.6348640795793214 -0.7063485793639797
    outer loop
      vertex -0.003679614957954769 1.104449491412784 1.3626167395997228
      vertex 0.34913344754094666 1.2784376394282138 1.3626167395997228
      vertex 0.1813083697998623 0.7840409030224675 0.9926407700840905
    endloop
  endfacet
  facet normal -0.5322004619635758 0.46672727873592784 -0.7063485793639794
    outer loop
      vertex -0.8858984905094633 0.33076430234617504 1.3626167395997228
      vertex -0.6265241049374932 0.6265241049374932 1.3626167395997228
      vertex -0.5923768192667471 0.10553720244495057 0.9926407700840905
    endloop
  endfacet
  facet normal -0.46672727873592784 0.5322004619635758 -0.7063485793639794
    outer loop
      vertex -0.33076430234617504 0.8858984905094633 1.3626167395997228
      vertex -0.10553720244495057 0.5923768192667471 0.9926407700840905
      vertex -0.6265241049374932 0.6265241049374932 1.3626167395997228
    endloop
  endfacet
  facet normal -0.7518463409676419 0.2552174424523125 -0.6079400765220769
    outer loop
      vertex -1.5727110268456652 -0.22724141942716614 1.7777190679215913
      vertex -1.4048859491045809 -0.7216381558329124 1.3626167395997228
      vertex -1.7125518891903493 -0.6391993156483684 1.7777190679215913
    endloop
  endfacet
  facet normal -0.7787267522465112 0.1548983818312253 -0.6079400765220769
    outer loop
      vertex -1.7125518891903493 -0.6391993156483684 1.7777190679215913
      vertex -1.4048859491045809 -0.7216381558329124 1.3626167395997228
      vertex -1.7974250980233313 -1.065885750237865 1.7777190679215913
    endloop
  endfacet
  facet normal -0.7922829328905977 0.05192896695106299 -0.6079400765220764
    outer loop
      vertex -1.7974250980233313 -1.065885750237865 1.7777190679215913
      vertex -1.5073592299159095 -1.5 1.3626167395997228
      vertex -1.825878449210181 -1.5 1.7777190679215913
    endloop
  endfacet
  facet normal -0.7518463409676427 0.25521744245231187 -0.6079400765220763
    outer loop
      vertex -1.5727110268456652 -0.22724141942716614 1.7777190679215913
      vertex -1.2784376394282138 -0.34913344754094666 1.3626167395997228
      vertex -1.4048859491045809 -0.7216381558329124 1.3626167395997228
    endloop
  endfacet
  facet normal -0.7787267522465112 0.1548983818312259 -0.6079400765220766
    outer loop
      vertex -1.7974250980233313 -1.065885750237865 1.7777190679215913
      vertex -1.4048859491045809 -0.7216381558329124 1.3626167395997228
      vertex -1.481630854805228 -1.1074608510812496 1.3626167395997228
    endloop
  endfacet
  facet normal -0.7922829328905976 0.05192896695106319 -0.6079400765220765
    outer loop
      vertex -1.7974250980233313 -1.065885750237865 1.7777190679215913
      vertex -1.481630854805228 -1.1074608510812496 1.3626167395997228
      vertex -1.5073592299159095 -1.5 1.3626167395997228
    endloop
  endfacet
  facet normal -0.7063485793639763 0.04629653184613952 -0.7063485793639794
    outer loop
      vertex -1.481630854805228 -1.1074608510812496 1.3626167395997228
      vertex -1.1148200809971591 -1.1557524055950474 0.9926407700840905
      vertex -1.5073592299159095 -1.5 1.3626167395997228
    endloop
  endfacet
  facet normal -0.6702979110062822 0.22753548059830636 -0.7063485793639794
    outer loop
      vertex -1.4048859491045809 -0.7216381558329124 1.3626167395997228
      vertex -1.2784376394282138 -0.34913344754094666 1.3626167395997228
      vertex -1.0475166050430929 -0.8173949829738278 0.9926407700840905
    endloop
  endfacet
  facet normal -0.6942627593342344 0.1380974490427063 -0.7063485793639794
    outer loop
      vertex -1.4048859491045809 -0.7216381558329124 1.3626167395997228
      vertex -1.1148200809971591 -1.1557524055950474 0.9926407700840905
      vertex -1.481630854805228 -1.1074608510812496 1.3626167395997228
    endloop
  endfacet
  facet normal -0.15489838183122537 0.7787267522465114 -0.6079400765220765
    outer loop
      vertex 0.6391993156483684 1.7125518891903493 1.7777190679215913
      vertex 1.065885750237865 1.7974250980233313 1.7777190679215913
      vertex 1.1074608510812496 1.481630854805228 1.3626167395997228
    endloop
  endfacet
  facet normal -0.05192896695106299 0.7922829328905976 -0.6079400765220766
    outer loop
      vertex 1.065885750237865 1.7974250980233313 1.7777190679215913
      vertex 1.5 1.825878449210181 1.7777190679215913
      vertex 1.1074608510812496 1.481630854805228 1.3626167395997228
    endloop
  endfacet
  facet normal -0.25521744245231176 0.7518463409676422 -0.6079400765220769
    outer loop
      vertex 0.6391993156483684 1.7125518891903493 1.7777190679215913
      vertex 0.7216381558329124 1.4048859491045809 1.3626167395997228
      vertex 0.34913344754094666 1.2784376394282138 1.3626167395997228
    endloop
  endfacet
  facet normal -0.15489838183122584 0.7787267522465109 -0.6079400765220769
    outer loop
      vertex 0.6391993156483684 1.7125518891903493 1.7777190679215913
      vertex 1.1074608510812496 1.481630854805228 1.3626167395997228
      vertex 0.7216381558329124 1.4048859491045809 1.3626167395997228
    endloop
  endfacet
  facet normal -0.0519289669510632 0.7922829328905976 -0.6079400765220764
    outer loop
      vertex 1.5 1.825878449210181 1.7777190679215913
      vertex 1.5 1.5073592299159095 1.3626167395997228
      vertex 1.1074608510812496 1.481630854805228 1.3626167395997228
    endloop
  endfacet
  facet normal -0.22753548059830633 0.6702979110062822 -0.7063485793639794
    outer loop
      vertex 0.34913344754094666 1.2784376394282138 1.3626167395997228
      vertex 0.7216381558329124 1.4048859491045809 1.3626167395997228
      vertex 0.49071712144779145 0.9366244136716997 0.9926407700840905
    endloop
  endfacet
  facet normal -0.1380974490427063 0.6942627593342344 -0.7063485793639794
    outer loop
      vertex 0.7216381558329124 1.4048859491045809 1.3626167395997228
      vertex 1.1074608510812496 1.481630854805228 1.3626167395997228
      vertex 1.1557524055950474 1.1148200809971591 0.9926407700840905
    endloop
  endfacet
  facet normal -0.046296531846139514 0.7063485793639762 -0.7063485793639795
    outer loop
      vertex 1.1074608510812496 1.481630854805228 1.3626167395997228
      vertex 1.5 1.5073592299159095 1.3626167395997228
      vertex 1.5 1.1373832604002754 0.9926407700840905
    endloop
  endfacet
  facet normal -0.5885675477331831 0.39326826236785917 -0.7063485793639793
    outer loop
      vertex -0.8858984905094633 0.33076430234617504 1.3626167395997228
      vertex -0.5923768192667471 0.10553720244495057 0.9926407700840905
      vertex -0.7840409030224675 -0.1813083697998623 0.9926407700840905
    endloop
  endfacet
  facet normal -0.31308031699611666 0.6348640795793216 -0.7063485793639795
    outer loop
      vertex 0.34913344754094666 1.2784376394282138 1.3626167395997228
      vertex 0.49071712144779145 0.9366244136716997 0.9926407700840905
      vertex 0.1813083697998623 0.7840409030224675 0.9926407700840905
    endloop
  endfacet
  facet normal -0.5322004619635748 0.4667272787359282 -0.7063485793639798
    outer loop
      vertex -0.6265241049374932 0.6265241049374932 1.3626167395997228
      vertex -0.3649115880169207 0.3649115880169207 0.9926407700840905
      vertex -0.5923768192667471 0.10553720244495057 0.9926407700840905
    endloop
  endfacet
  facet normal -0.4667272787359282 0.5322004619635748 -0.7063485793639798
    outer loop
      vertex -0.6265241049374932 0.6265241049374932 1.3626167395997228
      vertex -0.10553720244495057 0.5923768192667471 0.9926407700840905
      vertex -0.3649115880169207 0.3649115880169207 0.9926407700840905
    endloop
  endfacet
  facet normal -0.39326826236785895 0.5885675477331828 -0.7063485793639798
    outer loop
      vertex -0.003679614957954769 1.104449491412784 1.3626167395997228
      vertex 0.1813083697998623 0.7840409030224675 0.9926407700840905
      vertex -0.10553720244495057 0.5923768192667471 0.9926407700840905
    endloop
  endfacet
  facet normal -0.5068493954076011 0.3386659386536702 -0.79272256961107
    outer loop
      vertex -0.7840409030224675 -0.1813083697998623 0.9926407700840905
      vertex -0.5923768192667471 0.10553720244495057 0.9926407700840905
      vertex -0.42455174152566233 -0.38885953396079564 0.6741215507898204
    endloop
  endfacet
  facet normal -0.45830845316019453 0.4019257262121099 -0.79272256961107
    outer loop
      vertex -0.3649115880169207 0.3649115880169207 0.9926407700840905
      vertex -0.07138991677420403 0.07138991677420403 0.6741215507898204
      vertex -0.5923768192667471 0.10553720244495057 0.9926407700840905
    endloop
  endfacet
  facet normal -0.4019257262121098 0.4583084531601945 -0.7927225696110702
    outer loop
      vertex -0.3649115880169207 0.3649115880169207 0.9926407700840905
      vertex -0.10553720244495057 0.5923768192667471 0.9926407700840905
      vertex 0.14716108412911622 0.2630540005299249 0.6741215507898204
    endloop
  endfacet
  facet normal -0.33866593865367 0.5068493954076009 -0.7927225696110701
    outer loop
      vertex -0.10553720244495057 0.5923768192667471 0.9926407700840905
      vertex 0.1813083697998623 0.7840409030224675 0.9926407700840905
      vertex 0.14716108412911622 0.2630540005299249 0.6741215507898204
    endloop
  endfacet
  facet normal -0.26961148298893084 0.5467180039743814 -0.79272256961107
    outer loop
      vertex 0.49071712144779145 0.9366244136716997 0.9926407700840905
      vertex 0.6495699052327435 0.5531198686373466 0.6741215507898204
      vertex 0.1813083697998623 0.7840409030224675 0.9926407700840905
    endloop
  endfacet
  facet normal -0.5068493954076005 0.3386659386536704 -0.7927225696110701
    outer loop
      vertex -0.5923768192667471 0.10553720244495057 0.9926407700840905
      vertex -0.2630540005299249 -0.14716108412911622 0.6741215507898204
      vertex -0.42455174152566233 -0.38885953396079564 0.6741215507898204
    endloop
  endfacet
  facet normal -0.4583084531601947 0.40192572621210954 -0.7927225696110702
    outer loop
      vertex -0.5923768192667471 0.10553720244495057 0.9926407700840905
      vertex -0.07138991677420403 0.07138991677420403 0.6741215507898204
      vertex -0.2630540005299249 -0.14716108412911622 0.6741215507898204
    endloop
  endfacet
  facet normal -0.2696114829889308 0.5467180039743814 -0.79272256961107
    outer loop
      vertex 0.1813083697998623 0.7840409030224675 0.9926407700840905
      vertex 0.6495699052327435 0.5531198686373466 0.6741215507898204
      vertex 0.38885953396079564 0.42455174152566233 0.6741215507898204
    endloop
  endfacet
  facet normal -0.3386659386536707 0.5068493954076009 -0.79272256961107
    outer loop
      vertex 0.1813083697998623 0.7840409030224675 0.9926407700840905
      vertex 0.38885953396079564 0.42455174152566233 0.6741215507898204
      vertex 0.14716108412911622 0.2630540005299249 0.6741215507898204
    endloop
  endfacet
  facet normal -0.40192572621210965 0.4583084531601947 -0.79272256961107
    outer loop
      vertex -0.3649115880169207 0.3649115880169207 0.9926407700840905
      vertex 0.14716108412911622 0.2630540005299249 0.6741215507898204
      vertex -0.07138991677420403 0.07138991677420403 0.6741215507898204
    endloop
  endfacet
  facet normal -0.3302030079006519 0.37652436734026534 -0.865560728298353
    outer loop
      vertex -0.07138991677420403 0.07138991677420403 0.6741215507898204
      vertex 0.14716108412911622 0.2630540005299249 0.6741215507898204
      vertex 0.24901867161611158 -0.24901867161611158 0.41250903386924875
    endloop
  endfacet
  facet normal -0.3765243673402652 0.3302030079006517 -0.8655607282983528
    outer loop
      vertex -0.2630540005299249 -0.14716108412911622 0.6741215507898204
      vertex -0.07138991677420403 0.07138991677420403 0.6741215507898204
      vertex 0.09643516096687987 -0.4230068196315413 0.41250903386924875
    endloop
  endfacet
  facet normal -0.27823178344628746 0.41640329046241054 -0.8655607282983532
    outer loop
      vertex 0.38885953396079564 0.42455174152566233 0.6741215507898204
      vertex 0.6154226195619974 0.03213296614480399 0.41250903386924875
      vertex 0.14716108412911622 0.2630540005299249 0.6741215507898204
    endloop
  endfacet
  facet normal -0.6702979110062822 0.2275354805983065 -0.7063485793639795
    outer loop
      vertex -1.2784376394282138 -0.34913344754094666 1.3626167395997228
      vertex -0.9366244136716997 -0.49071712144779145 0.9926407700840905
      vertex -1.0475166050430929 -0.8173949829738278 0.9926407700840905
    endloop
  endfacet
  facet normal -0.6348640795793216 0.31308031699611666 -0.7063485793639795
    outer loop
      vertex -1.2784376394282138 -0.34913344754094666 1.3626167395997228
      vertex -0.7840409030224675 -0.1813083697998623 0.9926407700840905
      vertex -0.9366244136716997 -0.49071712144779145 0.9926407700840905
    endloop
  endfacet
  facet normal -0.6942627593342344 0.13809744904270646 -0.7063485793639793
    outer loop
      vertex -1.4048859491045809 -0.7216381558329124 1.3626167395997228
      vertex -1.0475166050430929 -0.8173949829738278 0.9926407700840905
      vertex -1.1148200809971591 -1.1557524055950474 0.9926407700840905
    endloop
  endfacet
  facet normal -0.5467180039743813 0.2696114829889308 -0.79272256961107
    outer loop
      vertex -0.7840409030224675 -0.1813083697998623 0.9926407700840905
      vertex -0.5531198686373466 -0.6495699052327435 0.6741215507898204
      vertex -0.9366244136716997 -0.49071712144779145 0.9926407700840905
    endloop
  endfacet
  facet normal -0.5772321159142934 0.19594390009982462 -0.79272256961107
    outer loop
      vertex -1.0475166050430929 -0.8173949829738278 0.9926407700840905
      vertex -0.9366244136716997 -0.49071712144779145 0.9926407700840905
      vertex -0.5531198686373466 -0.6495699052327435 0.6741215507898204
    endloop
  endfacet
  facet normal -0.5978696263119343 0.11892366275409838 -0.7927225696110697
    outer loop
      vertex -1.0475166050430929 -0.8173949829738278 0.9926407700840905
      vertex -0.6465585455642779 -0.9248313712099265 0.6741215507898204
      vertex -1.1148200809971591 -1.1557524055950474 0.9926407700840905
    endloop
  endfacet
  facet normal -0.6082774216426015 0.039868608566780886 -0.7927225696110699
    outer loop
      vertex -1.1148200809971591 -1.1557524055950474 0.9926407700840905
      vertex -0.7222809320784087 -1.5 0.6741215507898204
      vertex -1.1373832604002754 -1.5 0.9926407700840905
    endloop
  endfacet
  facet normal -0.5772321159142935 0.19594390009982537 -0.7927225696110699
    outer loop
      vertex -1.0475166050430929 -0.8173949829738278 0.9926407700840905
      vertex -0.5531198686373466 -0.6495699052327435 0.6741215507898204
      vertex -0.6465585455642779 -0.9248313712099265 0.6741215507898204
    endloop
  endfacet
  facet normal -0.5978696263119342 0.11892366275409746 -0.7927225696110702
    outer loop
      vertex -1.1148200809971591 -1.1557524055950474 0.9926407700840905
      vertex -0.6465585455642779 -0.9248313712099265 0.6741215507898204
      vertex -0.7032690106381398 -1.2099341318925783 0.6741215507898204
    endloop
  endfacet
  facet normal -0.6082774216426011 0.039868608566781254 -0.7927225696110701
    outer loop
      vertex -1.1148200809971591 -1.1557524055950474 0.9926407700840905
      vertex -0.7032690106381398 -1.2099341318925783 0.6741215507898204
      vertex -0.7222809320784087 -1.5 0.6741215507898204
    endloop
  endfacet
  facet normal -0.5467180039743814 0.2696114829889308 -0.79272256961107
    outer loop
      vertex -0.7840409030224675 -0.1813083697998623 0.9926407700840905
      vertex -0.42455174152566233 -0.38885953396079564 0.6741215507898204
      vertex -0.5531198686373466 -0.6495699052327435 0.6741215507898204
    endloop
  endfacet
  facet normal -0.4742263769181303 0.16097816331020834 -0.8655607282983531
    outer loop
      vertex -0.5531198686373466 -0.6495699052327435 0.6741215507898204
      vertex -0.13448587341824103 -0.8229737837229307 0.41250903386924875
      vertex -0.6465585455642779 -0.9248313712099265 0.6741215507898204
    endloop
  endfacet
  facet normal -0.4491574378359408 0.2214999360367342 -0.8655607282983532
    outer loop
      vertex -0.42455174152566233 -0.38885953396079564 0.6741215507898204
      vertex -0.03213296614480399 -0.6154226195619974 0.41250903386924875
      vertex -0.5531198686373466 -0.6495699052327435 0.6741215507898204
    endloop
  endfacet
  facet normal -0.4164032904624108 0.27823178344628763 -0.865560728298353
    outer loop
      vertex -0.2630540005299249 -0.14716108412911622 0.6741215507898204
      vertex 0.09643516096687987 -0.4230068196315413 0.41250903386924875
      vertex -0.42455174152566233 -0.38885953396079564 0.6741215507898204
    endloop
  endfacet
  facet normal -0.4911811712108593 0.0977020095778644 -0.8655607282983531
    outer loop
      vertex -0.6465585455642779 -0.9248313712099265 0.6741215507898204
      vertex -0.25401939664552753 -1.269078965614879 0.41250903386924875
      vertex -0.7032690106381398 -1.2099341318925783 0.6741215507898204
    endloop
  endfacet
  facet normal -0.4997317194830217 0.03275414737353096 -0.8655607282983531
    outer loop
      vertex -0.7032690106381398 -1.2099341318925783 0.6741215507898204
      vertex -0.2691547608760052 -1.5 0.41250903386924875
      vertex -0.7222809320784087 -1.5 0.6741215507898204
    endloop
  endfacet
  facet normal -0.22753548059830642 0.6702979110062822 -0.7063485793639793
    outer loop
      vertex 0.7216381558329124 1.4048859491045809 1.3626167395997228
      vertex 0.8173949829738278 1.0475166050430929 0.9926407700840905
      vertex 0.49071712144779145 0.9366244136716997 0.9926407700840905
    endloop
  endfacet
  facet normal -0.13809744904270646 0.6942627593342344 -0.7063485793639793
    outer loop
      vertex 0.7216381558329124 1.4048859491045809 1.3626167395997228
      vertex 1.1557524055950474 1.1148200809971591 0.9926407700840905
      vertex 0.8173949829738278 1.0475166050430929 0.9926407700840905
    endloop
  endfacet
  facet normal -0.04629653184613916 0.7063485793639762 -0.7063485793639793
    outer loop
      vertex 1.1074608510812496 1.481630854805228 1.3626167395997228
      vertex 1.5 1.1373832604002754 0.9926407700840905
      vertex 1.1557524055950474 1.1148200809971591 0.9926407700840905
    endloop
  endfacet
  facet normal -0.19594390009982474 0.5772321159142936 -0.7927225696110698
    outer loop
      vertex 0.49071712144779145 0.9366244136716997 0.9926407700840905
      vertex 0.8173949829738278 1.0475166050430929 0.9926407700840905
      vertex 0.9248313712099265 0.6465585455642779 0.6741215507898204
    endloop
  endfacet
  facet normal -0.11892366275409832 0.5978696263119341 -0.7927225696110701
    outer loop
      vertex 0.8173949829738278 1.0475166050430929 0.9926407700840905
      vertex 1.1557524055950474 1.1148200809971591 0.9926407700840905
      vertex 1.2099341318925783 0.7032690106381398 0.6741215507898204
    endloop
  endfacet
  facet normal -0.03986860856678087 0.6082774216426011 -0.7927225696110701
    outer loop
      vertex 1.1557524055950474 1.1148200809971591 0.9926407700840905
      vertex 1.5 1.1373832604002754 0.9926407700840905
      vertex 1.2099341318925783 0.7032690106381398 0.6741215507898204
    endloop
  endfacet
  facet normal -0.039868608566781275 0.6082774216426015 -0.79272256961107
    outer loop
      vertex 1.5 1.1373832604002754 0.9926407700840905
      vertex 1.5 0.7222809320784087 0.6741215507898204
      vertex 1.2099341318925783 0.7032690106381398 0.6741215507898204
    endloop
  endfacet
  facet normal -0.19594390009982526 0.5772321159142931 -0.7927225696110701
    outer loop
      vertex 0.49071712144779145 0.9366244136716997 0.9926407700840905
      vertex 0.9248313712099265 0.6465585455642779 0.6741215507898204
      vertex 0.6495699052327435 0.5531198686373466 0.6741215507898204
    endloop
  endfacet
  facet normal -0.11892366275409745 0.5978696263119346 -0.7927225696110697
    outer loop
      vertex 0.8173949829738278 1.0475166050430929 0.9926407700840905
      vertex 1.2099341318925783 0.7032690106381398 0.6741215507898204
      vertex 0.9248313712099265 0.6465585455642779 0.6741215507898204
    endloop
  endfacet
  facet normal -0.2214999360367342 0.4491574378359408 -0.8655607282983532
    outer loop
      vertex 0.38885953396079564 0.42455174152566233 0.6741215507898204
      vertex 0.6495699052327435 0.5531198686373466 0.6741215507898204
      vertex 0.6154226195619974 0.03213296614480399 0.41250903386924875
    endloop
  endfacet
  facet normal -0.1609781633102083 0.4742263769181302 -0.8655607282983532
    outer loop
      vertex 0.6495699052327435 0.5531198686373466 0.6741215507898204
      vertex 0.9248313712099265 0.6465585455642779 0.6741215507898204
      vertex 1.042109054151494 0.20887227423239452 0.41250903386924875
    endloop
  endfacet
  facet normal -0.03275414737353096 0.4997317194830218 -0.865560728298353
    outer loop
      vertex 1.2099341318925783 0.7032690106381398 0.6741215507898204
      vertex 1.5 0.7222809320784087 0.6741215507898204
      vertex 1.269078965614879 0.25401939664552753 0.41250903386924875
    endloop
  endfacet
  facet normal -0.0977020095778644 0.4911811712108593 -0.8655607282983531
    outer loop
      vertex 0.9248313712099265 0.6465585455642779 0.6741215507898204
      vertex 1.2099341318925783 0.7032690106381398 0.6741215507898204
      vertex 1.269078965614879 0.25401939664552753 0.41250903386924875
    endloop
  endfacet
  facet normal -0.3765243673402658 0.33020300790065144 -0.8655607282983528
    outer loop
      vertex -0.07138991677420403 0.07138991677420403 0.6741215507898204
      vertex 0.24901867161611158 -0.24901867161611158 0.41250903386924875
      vertex 0.09643516096687987 -0.4230068196315413 0.41250903386924875
    endloop
  endfacet
  facet normal -0.27823178344628696 0.4164032904624114 -0.8655607282983528
    outer loop
      vertex 0.14716108412911622 0.2630540005299249 0.6741215507898204
      vertex 0.6154226195619974 0.03213296614480399 0.41250903386924875
      vertex 0.4230068196315413 -0.09643516096687987 0.41250903386924875
    endloop
  endfacet
  facet normal -0.3302030079006512 0.37652436734026545 -0.865560728298353
    outer loop
      vertex 0.14716108412911622 0.2630540005299249 0.6741215507898204
      vertex 0.4230068196315413 -0.09643516096687987 0.41250903386924875
      vertex 0.24901867161611158 -0.24901867161611158 0.41250903386924875
    endloop
  endfacet
  facet normal -0.25278261320277673 0.28824332678226583 -0.9235890509462893
    outer loop
      vertex 0.24901867161611158 -0.24901867161611158 0.41250903386924875
      vertex 0.4230068196315413 -0.09643516096687987 0.41250903386924875
      vertex 0.7172802070489932 -0.4799397060012325 0.21227948201957858
    endloop
  endfacet
  facet normal -0.41640329046241104 0.2782317834462866 -0.8655607282983533
    outer loop
      vertex -0.42455174152566233 -0.38885953396079564 0.6741215507898204
      vertex 0.09643516096687987 -0.4230068196315413 0.41250903386924875
      vertex -0.03213296614480399 -0.6154226195619974 0.41250903386924875
    endloop
  endfacet
  facet normal -0.44915743783594075 0.2214999360367351 -0.865560728298353
    outer loop
      vertex -0.5531198686373466 -0.6495699052327435 0.6741215507898204
      vertex -0.03213296614480399 -0.6154226195619974 0.41250903386924875
      vertex -0.13448587341824103 -0.8229737837229307 0.41250903386924875
    endloop
  endfacet
  facet normal -0.47422637691813024 0.1609781633102081 -0.8655607282983531
    outer loop
      vertex -0.6465585455642779 -0.9248313712099265 0.6741215507898204
      vertex -0.13448587341824103 -0.8229737837229307 0.41250903386924875
      vertex -0.20887227423239452 -1.042109054151494 0.41250903386924875
    endloop
  endfacet
  facet normal -0.4911811712108592 0.0977020095778644 -0.8655607282983532
    outer loop
      vertex -0.6465585455642779 -0.9248313712099265 0.6741215507898204
      vertex -0.20887227423239452 -1.042109054151494 0.41250903386924875
      vertex -0.25401939664552753 -1.269078965614879 0.41250903386924875
    endloop
  endfacet
  facet normal -0.4997317194830219 0.03275414737353091 -0.8655607282983531
    outer loop
      vertex -0.7032690106381398 -1.2099341318925783 0.6741215507898204
      vertex -0.25401939664552753 -1.269078965614879 0.41250903386924875
      vertex -0.2691547608760052 -1.5 0.41250903386924875
    endloop
  endfacet
  facet normal -0.3187721171243626 0.21299671902680678 -0.9235890509462892
    outer loop
      vertex 0.09643516096687987 -0.4230068196315413 0.41250903386924875
      vertex 0.38650102907430206 -0.8571210693936768 0.21227948201957858
      vertex -0.03213296614480399 -0.6154226195619974 0.41250903386924875
    endloop
  endfacet
  facet normal -0.34384662816213246 0.16956639193444295 -0.9235890509462891
    outer loop
      vertex -0.13448587341824103 -0.8229737837229307 0.41250903386924875
      vertex -0.03213296614480399 -0.6154226195619974 0.41250903386924875
      vertex 0.31211462826014813 -1.0079617684807478 0.21227948201957858
    endloop
  endfacet
  facet normal -0.28824332678226594 0.25278261320277684 -0.9235890509462891
    outer loop
      vertex 0.24901867161611158 -0.24901867161611158 0.41250903386924875
      vertex 0.5908318973726256 -0.5908318973726256 0.21227948201957858
      vertex 0.09643516096687987 -0.4230068196315413 0.41250903386924875
    endloop
  endfacet
  facet normal -0.36303782805975326 0.12323473686339342 -0.9235890509462893
    outer loop
      vertex -0.13448587341824103 -0.8229737837229307 0.41250903386924875
      vertex 0.2580532755005094 -1.1672213781278833 0.21227948201957858
      vertex -0.20887227423239452 -1.042109054151494 0.41250903386924875
    endloop
  endfacet
  facet normal -0.37601735006617015 0.07479450127748699 -0.9235890509462893
    outer loop
      vertex -0.20887227423239452 -1.042109054151494 0.41250903386924875
      vertex 0.2580532755005094 -1.1672213781278833 0.21227948201957858
      vertex -0.25401939664552753 -1.269078965614879 0.41250903386924875
    endloop
  endfacet
  facet normal -0.3825631109612498 0.025074511037770787 -0.9235890509462892
    outer loop
      vertex -0.25401939664552753 -1.269078965614879 0.41250903386924875
      vertex 0.225241975529741 -1.3321749222589157 0.21227948201957858
      vertex -0.2691547608760052 -1.5 0.41250903386924875
    endloop
  endfacet
  facet normal -0.31877211712436254 0.21299671902680678 -0.9235890509462892
    outer loop
      vertex 0.09643516096687987 -0.4230068196315413 0.41250903386924875
      vertex 0.4799397060012325 -0.7172802070489932 0.21227948201957858
      vertex 0.38650102907430206 -0.8571210693936768 0.21227948201957858
    endloop
  endfacet
  facet normal -0.3438466281621321 0.16956639193444326 -0.9235890509462892
    outer loop
      vertex -0.03213296614480399 -0.6154226195619974 0.41250903386924875
      vertex 0.38650102907430206 -0.8571210693936768 0.21227948201957858
      vertex 0.31211462826014813 -1.0079617684807478 0.21227948201957858
    endloop
  endfacet
  facet normal -0.2882433267822661 0.25278261320277623 -0.9235890509462892
    outer loop
      vertex 0.09643516096687987 -0.4230068196315413 0.41250903386924875
      vertex 0.5908318973726256 -0.5908318973726256 0.21227948201957858
      vertex 0.4799397060012325 -0.7172802070489932 0.21227948201957858
    endloop
  endfacet
  facet normal -0.36303782805975354 0.123234736863393 -0.9235890509462892
    outer loop
      vertex -0.13448587341824103 -0.8229737837229307 0.41250903386924875
      vertex 0.31211462826014813 -1.0079617684807478 0.21227948201957858
      vertex 0.2580532755005094 -1.1672213781278833 0.21227948201957858
    endloop
  endfacet
  facet normal -0.3760173500661702 0.07479450127748716 -0.9235890509462893
    outer loop
      vertex -0.25401939664552753 -1.269078965614879 0.41250903386924875
      vertex 0.2580532755005094 -1.1672213781278833 0.21227948201957858
      vertex 0.225241975529741 -1.3321749222589157 0.21227948201957858
    endloop
  endfacet
  facet normal -0.24557408816694337 0.08336117009475881 -0.965786872214262
    outer loop
      vertex 0.31211462826014813 -1.0079617684807478 0.21227948201957858
      vertex 0.7462288780222837 -1.2980276365881696 0.07685887838707828
      vertex 0.2580532755005094 -1.1672213781278833 0.21227948201957858
    endloop
  endfacet
  facet normal -0.25435398391115194 0.05059415309221441 -0.9657868722142618
    outer loop
      vertex 0.2580532755005094 -1.1672213781278833 0.21227948201957858
      vertex 0.726314810933391 -1.3981424125130042 0.07685887838707828
      vertex 0.225241975529741 -1.3321749222589157 0.21227948201957858
    endloop
  endfacet
  facet normal -0.38256311096124984 0.025074511037770864 -0.9235890509462893
    outer loop
      vertex -0.2691547608760052 -1.5 0.41250903386924875
      vertex 0.225241975529741 -1.3321749222589157 0.21227948201957858
      vertex 0.21424213878735365 -1.5 0.21227948201957858
    endloop
  endfacet
  facet normal -0.25878181247039345 0.01696145610291339 -0.9657868722142621
    outer loop
      vertex 0.225241975529741 -1.3321749222589157 0.21227948201957858
      vertex 0.7196387119354872 -1.5 0.07685887838707828
      vertex 0.21424213878735365 -1.5 0.21227948201957858
    endloop
  endfacet
  facet normal -0.16097816331020812 0.4742263769181304 -0.865560728298353
    outer loop
      vertex 0.6495699052327435 0.5531198686373466 0.6741215507898204
      vertex 1.042109054151494 0.20887227423239452 0.41250903386924875
      vertex 0.8229737837229307 0.13448587341824103 0.41250903386924875
    endloop
  endfacet
  facet normal -0.0977020095778644 0.4911811712108592 -0.8655607282983532
    outer loop
      vertex 0.9248313712099265 0.6465585455642779 0.6741215507898204
      vertex 1.269078965614879 0.25401939664552753 0.41250903386924875
      vertex 1.042109054151494 0.20887227423239452 0.41250903386924875
    endloop
  endfacet
  facet normal -0.2214999360367351 0.44915743783594075 -0.865560728298353
    outer loop
      vertex 0.6495699052327435 0.5531198686373466 0.6741215507898204
      vertex 0.8229737837229307 0.13448587341824103 0.41250903386924875
      vertex 0.6154226195619974 0.03213296614480399 0.41250903386924875
    endloop
  endfacet
  facet normal -0.032754147373530905 0.4997317194830217 -0.8655607282983531
    outer loop
      vertex 1.5 0.7222809320784087 0.6741215507898204
      vertex 1.5 0.2691547608760052 0.41250903386924875
      vertex 1.269078965614879 0.25401939664552753 0.41250903386924875
    endloop
  endfacet
  facet normal -0.21299671902680678 0.3187721171243626 -0.9235890509462892
    outer loop
      vertex 0.4230068196315413 -0.09643516096687987 0.41250903386924875
      vertex 0.6154226195619974 0.03213296614480399 0.41250903386924875
      vertex 0.8571210693936768 -0.38650102907430206 0.21227948201957858
    endloop
  endfacet
  facet normal -0.12323473686339342 0.36303782805975326 -0.9235890509462893
    outer loop
      vertex 0.8229737837229307 0.13448587341824103 0.41250903386924875
      vertex 1.042109054151494 0.20887227423239452 0.41250903386924875
      vertex 1.1672213781278833 -0.2580532755005094 0.21227948201957858
    endloop
  endfacet
  facet normal -0.16956639193444295 0.3438466281621324 -0.9235890509462891
    outer loop
      vertex 0.6154226195619974 0.03213296614480399 0.41250903386924875
      vertex 0.8229737837229307 0.13448587341824103 0.41250903386924875
      vertex 1.0079617684807478 -0.31211462826014813 0.21227948201957858
    endloop
  endfacet
  facet normal -0.07479450127748699 0.37601735006617015 -0.9235890509462893
    outer loop
      vertex 1.042109054151494 0.20887227423239452 0.41250903386924875
      vertex 1.269078965614879 0.25401939664552753 0.41250903386924875
      vertex 1.1672213781278833 -0.2580532755005094 0.21227948201957858
    endloop
  endfacet
  facet normal -0.025074511037770787 0.3825631109612498 -0.9235890509462892
    outer loop
      vertex 1.269078965614879 0.25401939664552753 0.41250903386924875
      vertex 1.5 0.2691547608760052 0.41250903386924875
      vertex 1.3321749222589157 -0.225241975529741 0.21227948201957858
    endloop
  endfacet
  facet normal -0.16956639193444326 0.3438466281621321 -0.9235890509462892
    outer loop
      vertex 0.6154226195619974 0.03213296614480399 0.41250903386924875
      vertex 1.0079617684807478 -0.31211462826014813 0.21227948201957858
      vertex 0.8571210693936768 -0.38650102907430206 0.21227948201957858
    endloop
  endfacet
  facet normal -0.123234736863393 0.36303782805975354 -0.9235890509462892
    outer loop
      vertex 0.8229737837229307 0.13448587341824103 0.41250903386924875
      vertex 1.1672213781278833 -0.2580532755005094 0.21227948201957858
      vertex 1.0079617684807478 -0.31211462826014813 0.21227948201957858
    endloop
  endfacet
  facet normal -0.07479450127748716 0.3760173500661702 -0.9235890509462893
    outer loop
      vertex 1.269078965614879 0.25401939664552753 0.41250903386924875
      vertex 1.3321749222589157 -0.225241975529741 0.21227948201957858
      vertex 1.1672213781278833 -0.2580532755005094 0.21227948201957858
    endloop
  endfacet
  facet normal -0.025074511037770864 0.38256311096124984 -0.9235890509462893
    outer loop
      vertex 1.5 0.2691547608760052 0.41250903386924875
      vertex 1.5 -0.21424213878735365 0.21227948201957858
      vertex 1.3321749222589157 -0.225241975529741 0.21227948201957858
    endloop
  endfacet
  facet normal -0.25278261320277634 0.28824332678226633 -0.9235890509462892
    outer loop
      vertex 0.24901867161611158 -0.24901867161611158 0.41250903386924875
      vertex 0.7172802070489932 -0.4799397060012325 0.21227948201957858
      vertex 0.5908318973726256 -0.5908318973726256 0.21227948201957858
    endloop
  endfacet
  facet normal -0.21299671902680678 0.31877211712436254 -0.9235890509462892
    outer loop
      vertex 0.4230068196315413 -0.09643516096687987 0.41250903386924875
      vertex 0.8571210693936768 -0.38650102907430206 0.21227948201957858
      vertex 0.7172802070489932 -0.4799397060012325 0.21227948201957858
    endloop
  endfacet
  facet normal -0.19497993507472888 0.17099281381639242 -0.9657868722142618
    outer loop
      vertex 0.4799397060012325 -0.7172802070489932 0.21227948201957858
      vertex 0.5908318973726256 -0.5908318973726256 0.21227948201957858
      vertex 0.8808977654800478 -1.0249461471347612 0.07685887838707828
    endloop
  endfacet
  facet normal -0.17099281381639242 0.19497993507472888 -0.9657868722142618
    outer loop
      vertex 0.7172802070489932 -0.4799397060012325 0.21227948201957858
      vertex 1.0249461471347612 -0.8808977654800478 0.07685887838707828
      vertex 0.5908318973726256 -0.5908318973726256 0.21227948201957858
    endloop
  endfacet
  facet normal -0.14407995810549376 0.21563089558528523 -0.965786872214262
    outer loop
      vertex 0.7172802070489932 -0.4799397060012325 0.21227948201957858
      vertex 0.8571210693936768 -0.38650102907430206 0.21227948201957858
      vertex 1.1098193559677436 -0.8241873004061855 0.07685887838707828
    endloop
  endfacet
  facet normal -0.11470185436490009 0.23259235168819778 -0.9657868722142618
    outer loop
      vertex 0.8571210693936768 -0.38650102907430206 0.21227948201957858
      vertex 1.0079617684807478 -0.31211462826014813 0.21227948201957858
      vertex 1.1098193559677436 -0.8241873004061855 0.07685887838707828
    endloop
  endfacet
  facet normal -0.21563089558528517 0.1440799581054937 -0.965786872214262
    outer loop
      vertex 0.4799397060012325 -0.7172802070489932 0.21227948201957858
      vertex 0.8808977654800478 -1.0249461471347612 0.07685887838707828
      vertex 0.38650102907430206 -0.8571210693936768 0.21227948201957858
    endloop
  endfacet
  facet normal -0.23259235168819778 0.11470185436490009 -0.9657868722142618
    outer loop
      vertex 0.31211462826014813 -1.0079617684807478 0.21227948201957858
      vertex 0.38650102907430206 -0.8571210693936768 0.21227948201957858
      vertex 0.8241873004061855 -1.1098193559677436 0.07685887838707828
    endloop
  endfacet
  facet normal -0.05059415309221442 0.25435398391115194 -0.9657868722142618
    outer loop
      vertex 1.1672213781278833 -0.2580532755005094 0.21227948201957858
      vertex 1.3321749222589157 -0.225241975529741 0.21227948201957858
      vertex 1.2980276365881696 -0.7462288780222837 0.07685887838707828
    endloop
  endfacet
  facet normal -0.0833611700947588 0.24557408816694332 -0.965786872214262
    outer loop
      vertex 1.1672213781278833 -0.2580532755005094 0.21227948201957858
      vertex 1.2013686637986298 -0.779040177993052 0.07685887838707828
      vertex 1.0079617684807478 -0.31211462826014813 0.21227948201957858
    endloop
  endfacet
  facet normal -0.01696145610291339 0.25878181247039345 -0.9657868722142621
    outer loop
      vertex 1.3321749222589157 -0.225241975529741 0.21227948201957858
      vertex 1.5 -0.21424213878735365 0.21227948201957858
      vertex 1.5 -0.7196387119354872 0.07685887838707828
    endloop
  endfacet
  facet normal -0.17099281381639292 0.19497993507472813 -0.965786872214262
    outer loop
      vertex 0.5908318973726256 -0.5908318973726256 0.21227948201957858
      vertex 1.0249461471347612 -0.8808977654800478 0.07685887838707828
      vertex 0.9482012414341141 -0.9482012414341141 0.07685887838707828
    endloop
  endfacet
  facet normal -0.1440799581054941 0.21563089558528495 -0.965786872214262
    outer loop
      vertex 0.7172802070489932 -0.4799397060012325 0.21227948201957858
      vertex 1.1098193559677436 -0.8241873004061855 0.07685887838707828
      vertex 1.0249461471347612 -0.8808977654800478 0.07685887838707828
    endloop
  endfacet
  facet normal -0.11470185436489942 0.23259235168819786 -0.9657868722142618
    outer loop
      vertex 1.0079617684807478 -0.31211462826014813 0.21227948201957858
      vertex 1.2013686637986298 -0.779040177993052 0.07685887838707828
      vertex 1.1098193559677436 -0.8241873004061855 0.07685887838707828
    endloop
  endfacet
  facet normal -0.23259235168819786 0.11470185436489942 -0.9657868722142618
    outer loop
      vertex 0.31211462826014813 -1.0079617684807478 0.21227948201957858
      vertex 0.8241873004061855 -1.1098193559677436 0.07685887838707828
      vertex 0.779040177993052 -1.2013686637986298 0.07685887838707828
    endloop
  endfacet
  facet normal -0.19497993507472813 0.17099281381639292 -0.965786872214262
    outer loop
      vertex 0.5908318973726256 -0.5908318973726256 0.21227948201957858
      vertex 0.9482012414341141 -0.9482012414341141 0.07685887838707828
      vertex 0.8808977654800478 -1.0249461471347612 0.07685887838707828
    endloop
  endfacet
  facet normal -0.2156308955852851 0.14407995810549415 -0.9657868722142618
    outer loop
      vertex 0.38650102907430206 -0.8571210693936768 0.21227948201957858
      vertex 0.8808977654800478 -1.0249461471347612 0.07685887838707828
      vertex 0.8241873004061855 -1.1098193559677436 0.07685887838707828
    endloop
  endfacet
  facet normal -0.24557408816694323 0.08336117009475888 -0.9657868722142618
    outer loop
      vertex 0.31211462826014813 -1.0079617684807478 0.21227948201957858
      vertex 0.779040177993052 -1.2013686637986298 0.07685887838707828
      vertex 0.7462288780222837 -1.2980276365881696 0.07685887838707828
    endloop
  endfacet
  facet normal -0.254353983911152 0.05059415309221426 -0.9657868722142618
    outer loop
      vertex 0.2580532755005094 -1.1672213781278833 0.21227948201957858
      vertex 0.7462288780222837 -1.2980276365881696 0.07685887838707828
      vertex 0.726314810933391 -1.3981424125130042 0.07685887838707828
    endloop
  endfacet
  facet normal -0.2587818124703935 0.016961456102913327 -0.965786872214262
    outer loop
      vertex 0.225241975529741 -1.3321749222589157 0.21227948201957858
      vertex 0.726314810933391 -1.3981424125130042 0.07685887838707828
      vertex 0.7196387119354872 -1.5 0.07685887838707828
    endloop
  endfacet
  facet normal -0.08624340306798481 0.09834175340769315 -0.9914085812438551
    outer loop
      vertex 0.9482012414341141 -0.9482012414341141 0.07685887838707828
      vertex 1.0249461471347612 -0.8808977654800478 0.07685887838707828
      vertex 1.315012015242183 -1.315012015242183 0.008564307045585196
    endloop
  endfacet
  facet normal -0.09834175340769315 0.08624340306798481 -0.9914085812438551
    outer loop
      vertex 0.9482012414341141 -0.9482012414341141 0.07685887838707828
      vertex 1.315012015242183 -1.315012015242183 0.008564307045585196
      vertex 0.8808977654800478 -1.0249461471347612 0.07685887838707828
    endloop
  endfacet
  facet normal -0.11731227464748942 0.05785201165973762 -0.991408581243855
    outer loop
      vertex 0.779040177993052 -1.2013686637986298 0.07685887838707828
      vertex 0.8241873004061855 -1.1098193559677436 0.07685887838707828
      vertex 1.2583015501683206 -1.3998852240751654 0.008564307045585196
    endloop
  endfacet
  facet normal -0.12385985466954218 0.042044755169774815 -0.991408581243855
    outer loop
      vertex 0.779040177993052 -1.2013686637986298 0.07685887838707828
      vertex 1.2583015501683206 -1.3998852240751654 0.008564307045585196
      vertex 0.7462288780222837 -1.2980276365881696 0.07685887838707828
    endloop
  endfacet
  facet normal -0.1282881582377597 0.0255181012618487 -0.9914085812438551
    outer loop
      vertex 0.726314810933391 -1.3981424125130042 0.07685887838707828
      vertex 0.7462288780222837 -1.2980276365881696 0.07685887838707828
      vertex 1.2406256144280294 -1.465852714329254 0.008564307045585196
    endloop
  endfacet
  facet normal -0.10875744908111105 0.0726694041905942 -0.9914085812438551
    outer loop
      vertex 0.8808977654800478 -1.0249461471347612 0.07685887838707828
      vertex 1.2734369143987982 -1.3691937415397137 0.008564307045585196
      vertex 0.8241873004061855 -1.1098193559677436 0.07685887838707828
    endloop
  endfacet
  facet normal -0.1282881582377596 0.025518101261848815 -0.9914085812438551
    outer loop
      vertex 0.7462288780222837 -1.2980276365881696 0.07685887838707828
      vertex 1.2473017134259332 -1.4322896981837503 0.008564307045585196
      vertex 1.2406256144280294 -1.465852714329254 0.008564307045585196
    endloop
  endfacet
  facet normal -0.12385985466954207 0.04204475516977579 -0.9914085812438551
    outer loop
      vertex 0.7462288780222837 -1.2980276365881696 0.07685887838707828
      vertex 1.2583015501683206 -1.3998852240751654 0.008564307045585196
      vertex 1.2473017134259332 -1.4322896981837503 0.008564307045585196
    endloop
  endfacet
  facet normal -0.050594153092214246 0.25435398391115194 -0.9657868722142618
    outer loop
      vertex 1.3321749222589157 -0.225241975529741 0.21227948201957858
      vertex 1.3981424125130042 -0.726314810933391 0.07685887838707828
      vertex 1.2980276365881696 -0.7462288780222837 0.07685887838707828
    endloop
  endfacet
  facet normal -0.016961456102913327 0.2587818124703935 -0.965786872214262
    outer loop
      vertex 1.3321749222589157 -0.225241975529741 0.21227948201957858
      vertex 1.5 -0.7196387119354872 0.07685887838707828
      vertex 1.3981424125130042 -0.726314810933391 0.07685887838707828
    endloop
  endfacet
  facet normal -0.08336117009475902 0.24557408816694326 -0.9657868722142618
    outer loop
      vertex 1.1672213781278833 -0.2580532755005094 0.21227948201957858
      vertex 1.2980276365881696 -0.7462288780222837 0.07685887838707828
      vertex 1.2013686637986298 -0.779040177993052 0.07685887838707828
    endloop
  endfacet
  facet normal -0.05785201165973762 0.11731227464748942 -0.991408581243855
    outer loop
      vertex 1.1098193559677436 -0.8241873004061855 0.07685887838707828
      vertex 1.2013686637986298 -0.779040177993052 0.07685887838707828
      vertex 1.3998852240751654 -1.2583015501683206 0.008564307045585196
    endloop
  endfacet
  facet normal -0.0726694041905942 0.10875744908111104 -0.9914085812438551
    outer loop
      vertex 1.1098193559677436 -0.8241873004061855 0.07685887838707828
      vertex 1.3407403903528645 -1.2924488358390667 0.008564307045585196
      vertex 1.0249461471347612 -0.8808977654800478 0.07685887838707828
    endloop
  endfacet
  facet normal -0.042044755169774815 0.12385985466954218 -0.991408581243855
    outer loop
      vertex 1.2013686637986298 -0.779040177993052 0.07685887838707828
      vertex 1.2980276365881696 -0.7462288780222837 0.07685887838707828
      vertex 1.3998852240751654 -1.2583015501683206 0.008564307045585196
    endloop
  endfacet
  facet normal -0.025518101261848697 0.12828815823775966 -0.9914085812438551
    outer loop
      vertex 1.2980276365881696 -0.7462288780222837 0.07685887838707828
      vertex 1.3981424125130042 -0.726314810933391 0.07685887838707828
      vertex 1.4322896981837503 -1.2473017134259332 0.008564307045585196
    endloop
  endfacet
  facet normal -0.05785201165973755 0.11731227464748922 -0.991408581243855
    outer loop
      vertex 1.1098193559677436 -0.8241873004061855 0.07685887838707828
      vertex 1.3998852240751654 -1.2583015501683206 0.008564307045585196
      vertex 1.3691937415397137 -1.2734369143987982 0.008564307045585196
    endloop
  endfacet
  facet normal -0.07266940419059456 0.10875744908111094 -0.991408581243855
    outer loop
      vertex 1.1098193559677436 -0.8241873004061855 0.07685887838707828
      vertex 1.3691937415397137 -1.2734369143987982 0.008564307045585196
      vertex 1.3407403903528645 -1.2924488358390667 0.008564307045585196
    endloop
  endfacet
  facet normal -0.04204475516977579 0.12385985466954207 -0.9914085812438551
    outer loop
      vertex 1.2980276365881696 -0.7462288780222837 0.07685887838707828
      vertex 1.4322896981837503 -1.2473017134259332 0.008564307045585196
      vertex 1.3998852240751654 -1.2583015501683206 0.008564307045585196
    endloop
  endfacet
  facet normal -0.10875744908111103 0.07266940419059444 -0.991408581243855
    outer loop
      vertex 0.8808977654800478 -1.0249461471347612 0.07685887838707828
      vertex 1.2924488358390667 -1.3407403903528645 0.008564307045585196
      vertex 1.2734369143987982 -1.3691937415397137 0.008564307045585196
    endloop
  endfacet
  facet normal -0.09834175340769355 0.08624340306798438 -0.9914085812438551
    outer loop
      vertex 0.8808977654800478 -1.0249461471347612 0.07685887838707828
      vertex 1.315012015242183 -1.315012015242183 0.008564307045585196
      vertex 1.2924488358390667 -1.3407403903528645 0.008564307045585196
    endloop
  endfacet
  facet normal -0.08624340306798438 0.09834175340769355 -0.9914085812438551
    outer loop
      vertex 1.0249461471347612 -0.8808977654800478 0.07685887838707828
      vertex 1.3407403903528645 -1.2924488358390667 0.008564307045585196
      vertex 1.315012015242183 -1.315012015242183 0.008564307045585196
    endloop
  endfacet
  facet normal -0.11731227464748922 0.05785201165973755 -0.991408581243855
    outer loop
      vertex 0.8241873004061855 -1.1098193559677436 0.07685887838707828
      vertex 1.2734369143987982 -1.3691937415397137 0.008564307045585196
      vertex 1.2583015501683206 -1.3998852240751654 0.008564307045585196
    endloop
  endfacet
  facet normal 0 0 -1
    outer loop
      vertex 1.3998852240751654 -1.2583015501683206 0.008564307045585196
      vertex 1.5 -1.238387483079428 0.008564307045585196
      vertex 1.315012015242183 -1.315012015242183 0.008564307045585196
    endloop
  endfacet
  facet normal 0 0 -1
    outer loop
      vertex 1.2924488358390667 -1.3407403903528645 0.008564307045585196
      vertex 1.315012015242183 -1.315012015242183 0.008564307045585196
      vertex 1.2734369143987982 -1.3691937415397137 0.008564307045585196
    endloop
  endfacet
  facet normal 0 0 -1
    outer loop
      vertex 1.2583015501683206 -1.3998852240751654 0.008564307045585196
      vertex 1.2734369143987982 -1.3691937415397137 0.008564307045585196
      vertex 1.315012015242183 -1.315012015242183 0.008564307045585196
    endloop
  endfacet
  facet normal 0 0 -1
    outer loop
      vertex 1.2583015501683206 -1.3998852240751654 0.008564307045585196
      vertex 1.315012015242183 -1.315012015242183 0.008564307045585196
      vertex 1.238387483079428 -1.5 0.008564307045585196
    endloop
  endfacet
  facet normal 0 0 -1
    outer loop
      vertex 1.3998852240751654 -1.2583015501683206 0.008564307045585196
      vertex 1.315012015242183 -1.315012015242183 0.008564307045585196
      vertex 1.3407403903528645 -1.2924488358390667 0.008564307045585196
    endloop
  endfacet
  facet normal 0 0 -1
    outer loop
      vertex 1.3998852240751654 -1.2583015501683206 0.008564307045585196
      vertex 1.3407403903528645 -1.2924488358390667 0.008564307045585196
      vertex 1.3691937415397137 -1.2734369143987982 0.008564307045585196
    endloop
  endfacet
  facet normal -0.008554825566378464 0.13052141585033183 -0.9914085812438551
    outer loop
      vertex 1.3981424125130042 -0.726314810933391 0.07685887838707828
      vertex 1.5 -0.7196387119354872 0.07685887838707828
      vertex 1.5 -1.238387483079428 0.008564307045585196
    endloop
  endfacet
  facet normal -0.025518101261849207 0.12828815823775966 -0.991408581243855
    outer loop
      vertex 1.3981424125130042 -0.726314810933391 0.07685887838707828
      vertex 1.465852714329254 -1.2406256144280294 0.008564307045585196
      vertex 1.4322896981837503 -1.2473017134259332 0.008564307045585196
    endloop
  endfacet
  facet normal -0.008554825566376918 0.13052141585033208 -0.9914085812438551
    outer loop
      vertex 1.3981424125130042 -0.726314810933391 0.07685887838707828
      vertex 1.5 -1.238387483079428 0.008564307045585196
      vertex 1.465852714329254 -1.2406256144280294 0.008564307045585196
    endloop
  endfacet
  facet normal 0 0 -1
    outer loop
      vertex 1.3998852240751654 -1.2583015501683206 0.008564307045585196
      vertex 1.4322896981837503 -1.2473017134259332 0.008564307045585196
      vertex 1.5 -1.238387483079428 0.008564307045585196
    endloop
  endfacet
  facet normal 0 0 -1
    outer loop
      vertex 1.4322896981837503 -1.2473017134259332 0.008564307045585196
      vertex 1.465852714329254 -1.2406256144280294 0.008564307045585196
      vertex 1.5 -1.238387483079428 0.008564307045585196
    endloop
  endfacet
  facet normal -0.13052141585033192 0.008554825566378469 -0.9914085812438551
    outer loop
      vertex 0.726314810933391 -1.3981424125130042 0.07685887838707828
      vertex 1.2406256144280294 -1.465852714329254 0.008564307045585196
      vertex 0.7196387119354872 -1.5 0.07685887838707828
    endloop
  endfacet
  facet normal -0.1305214158503318 0.00855482556637729 -0.9914085812438551
    outer loop
      vertex 0.7196387119354872 -1.5 0.07685887838707828
      vertex 1.2406256144280294 -1.465852714329254 0.008564307045585196
      vertex 1.238387483079428 -1.5 0.008564307045585196
    endloop
  endfacet
  facet normal 0 0 -1
    outer loop
      vertex 1.2583015501683206 -1.3998852240751654 0.008564307045585196
      vertex 1.2406256144280294 -1.465852714329254 0.008564307045585196
      vertex 1.2473017134259332 -1.4322896981837503 0.008564307045585196
    endloop
  endfacet
  facet normal 0 0 -1
    outer loop
      vertex 1.2583015501683206 -1.3998852240751654 0.008564307045585196
      vertex 1.238387483079428 -1.5 0.008564307045585196
      vertex 1.2406256144280294 -1.465852714329254 0.008564307045585196
    endloop
  endfacet
  facet normal 0 0 -1
    outer loop
      vertex 1.315012015242183 -1.315012015242183 0.008564307045585196
      vertex 3.8349364905389036 -3.75 0.008564307045585196
      vertex 3.690301168721783 -4.043291419087275 0.008564307045585196
    endloop
  endfacet
  facet normal 0 0 -1
    outer loop
      vertex 1.315012015242183 -1.315012015242183 0.008564307045585196
      vertex 3.690301168721783 -4.043291419087275 0.008564307045585196
      vertex 3.5851854342773293 -4.352952387243699 0.008564307045585196
    endloop
  endfacet
  facet normal 0 0 -1
    outer loop
      vertex 1.315012015242183 -1.315012015242183 0.008564307045585196
      vertex 3.5851854342773293 -4.352952387243699 0.008564307045585196
      vertex 3.521387846565474 -4.673684519449871 0.008564307045585196
    endloop
  endfacet
  facet normal 0 0 -1
    outer loop
      vertex 1.315012015242183 -1.315012015242183 0.008564307045585196
      vertex 3.521387846565474 -4.673684519449871 0.008564307045585196
      vertex 3.5 -5 0.008564307045585196
    endloop
  endfacet
  facet normal 0 0 -1
    outer loop
      vertex 1.315012015242183 -1.315012015242183 0.008564307045585196
      vertex 4.4780964274781985 -3.016616649271912 0.008564307045585196
      vertex 4.232233047033631 -3.232233047033631 0.008564307045585196
    endloop
  endfacet
  facet normal 0 0 -1
    outer loop
      vertex 1.315012015242183 -1.315012015242183 0.008564307045585196
      vertex 4.75 -2.8349364905389036 0.008564307045585196
      vertex 4.4780964274781985 -3.016616649271912 0.008564307045585196
    endloop
  endfacet
  facet normal 0 0 -1
    outer loop
      vertex 1.315012015242183 -1.315012015242183 0.008564307045585196
      vertex 5.043291419087275 -2.690301168721783 0.008564307045585196
      vertex 4.75 -2.8349364905389036 0.008564307045585196
    endloop
  endfacet
  facet normal 0 0 -1
    outer loop
      vertex 1.315012015242183 -1.315012015242183 0.008564307045585196
      vertex 5.352952387243699 -2.5851854342773293 0.008564307045585196
      vertex 5.043291419087275 -2.690301168721783 0.008564307045585196
    endloop
  endfacet
  facet normal 0 0 -1
    outer loop
      vertex 1.315012015242183 -1.315012015242183 0.008564307045585196
      vertex 5.673684519449871 -2.521387846565474 0.008564307045585196
      vertex 5.352952387243699 -2.5851854342773293 0.008564307045585196
    endloop
  endfacet
  facet normal 0 0 -1
    outer loop
      vertex 1.315012015242183 -1.315012015242183 0.008564307045585196
      vertex 6 -2.5 0.008564307045585196
      vertex 5.673684519449871 -2.521387846565474 0.008564307045585196
    endloop
  endfacet
  facet normal 0 0 -1
    outer loop
      vertex 1.315012015242183 -1.315012015242183 0.008564307045585196
      vertex 6.326315480550129 -2.521387846565474 0.008564307045585196
      vertex 6 -2.5 0.008564307045585196
    endloop
  endfacet
  facet normal 0 0 -1
    outer loop
      vertex 1.315012015242183 -1.315012015242183 0.008564307045585196
      vertex 6.647047612756301 -2.5851854342773293 0.008564307045585196
      vertex 6.326315480550129 -2.521387846565474 0.008564307045585196
    endloop
  endfacet
  facet normal 0 0.3826834323650909 -0.9238795325112862
    outer loop
      vertex 1.5 0.2691547608760052 0.41250903386924875
      vertex 17.482706952369895 -0.21424213878735365 0.21227948201957858
      vertex 1.5 -0.21424213878735365 0.21227948201957858
    endloop
  endfacet
  facet normal 0 0.1305261922200532 -0.9914448613738102
    outer loop
      vertex 1.5 -0.7196387119354872 0.07685887838707828
      vertex 15.023441708449031 -1.238387483079428 0.008564307045585196
      vertex 1.5 -1.238387483079428 0.008564307045585196
    endloop
  endfacet
  facet normal 0 0 -1
    outer loop
      vertex 1.315012015242183 -1.315012015242183 0.008564307045585196
      vertex 1.5 -1.238387483079428 0.008564307045585196
      vertex 14.87157287525381 -1.3715728752538099 0.008564307045585196
    endloop
  endfacet
  facet normal 0 0.2588190451025227 -0.9659258262890679
    outer loop
      vertex 1.5 -0.21424213878735365 0.21227948201957858
      vertex 15.73297135503742 -0.7196387119354872 0.07685887838707828
      vertex 1.5 -0.7196387119354872 0.07685887838707828
    endloop
  endfacet
  facet normal 0 0 -1
    outer loop
      vertex 1.315012015242183 -1.315012015242183 0.008564307045585196
      vertex 14.87157287525381 -1.3715728752538099 0.008564307045585196
      vertex 6.647047612756301 -2.5851854342773293 0.008564307045585196
    endloop
  endfacet
  facet normal 0 0 -1
    outer loop
      vertex 1.315012015242183 -1.315012015242183 0.008564307045585196
      vertex 4.232233047033631 -3.232233047033631 0.008564307045585196
      vertex 4.016616649271912 -3.4780964274781985 0.008564307045585196
    endloop
  endfacet
  facet normal 0 0 -1
    outer loop
      vertex 1.315012015242183 -1.315012015242183 0.008564307045585196
      vertex 4.016616649271912 -3.4780964274781985 0.008564307045585196
      vertex 3.8349364905389036 -3.75 0.008564307045585196
    endloop
  endfacet
  facet normal -0.8660254037844383 0 -0.5000000000000009
    outer loop
      vertex -1.9542124051813714 -1.5 2
      vertex -1.825878449210181 -1.5 1.7777190679215913
      vertex -1.825878449210181 -30.5 1.7777190679215913
    endloop
  endfacet
  facet normal -0.7933533402912364 0 -0.608761429008719
    outer loop
      vertex -1.825878449210181 -1.5 1.7777190679215913
      vertex -1.5073592299159095 -1.5 1.3626167395997228
      vertex -1.5073592299159095 -30.5 1.3626167395997228
    endloop
  endfacet
  facet normal -0.6858829480112502 0 -0.7277118809167518
    outer loop
      vertex -1.5073592299159095 -1.5 1.3626167395997228
      vertex -1.1148200809971591 -1.1557524055950474 0.9926407700840905
      vertex -1.5073592299159095 -30.5 1.3626167395997228
    endloop
  endfacet
  facet normal 0 0 1
    outer loop
      vertex -1.1148200809971591 -1.1557524055950474 0.9926407700840905
      vertex -1.1373832604002754 -1.5 0.9926407700840905
      vertex -1.1148200809971591 -30.155752405595045 0.9926407700840905
    endloop
  endfacet
  facet normal -0.608761429008719 0 -0.7933533402912364
    outer loop
      vertex -1.1373832604002754 -1.5 0.9926407700840905
      vertex -0.7222809320784087 -1.5 0.6741215507898204
      vertex -0.7222809320784087 -30.5 0.6741215507898204
    endloop
  endfacet
  facet normal -0.4999999999999993 0 -0.8660254037844389
    outer loop
      vertex -0.7222809320784087 -1.5 0.6741215507898204
      vertex -0.2691547608760052 -1.5 0.41250903386924875
      vertex -0.2691547608760052 -30.5 0.41250903386924875
    endloop
  endfacet
  facet normal -0.38268343236509095 0 -0.9238795325112863
    outer loop
      vertex -0.2691547608760052 -1.5 0.41250903386924875
      vertex 0.21424213878735365 -1.5 0.21227948201957858
      vertex -0.2691547608760052 -30.5 0.41250903386924875
    endloop
  endfacet
  facet normal -0.2588190451025227 0 -0.9659258262890678
    outer loop
      vertex 0.21424213878735365 -1.5 0.21227948201957858
      vertex 0.7196387119354872 -1.5 0.07685887838707828
      vertex 0.21424213878735365 -30.5 0.21227948201957858
    endloop
  endfacet
  facet normal -0.1305261922200532 0 -0.9914448613738102
    outer loop
      vertex 0.7196387119354872 -1.5 0.07685887838707828
      vertex 1.238387483079428 -1.5 0.008564307045585196
      vertex 0.7196387119354872 -30.5 0.07685887838707828
    endloop
  endfacet
  facet normal 0 0 -1
    outer loop
      vertex 1.315012015242183 -1.315012015242183 0.008564307045585196
      vertex 1.238387483079428 -30.5 0.008564307045585196
      vertex 1.238387483079428 -1.5 0.008564307045585196
    endloop
  endfacet
  facet normal 0 0 -1
    outer loop
      vertex 1.315012015242183 -1.315012015242183 0.008564307045585196
      vertex 3.5 -5 0.008564307045585196
      vertex 1.3998852240751654 -30.74169844983168 0.008564307045585196
    endloop
  endfacet
  facet normal 0 0 -1
    outer loop
      vertex 1.3998852240751654 -30.74169844983168 0.008564307045585196
      vertex 3.5 -5 0.008564307045585196
      vertex 3.521387846565474 -5.326315480550129 0.008564307045585196
    endloop
  endfacet
  facet normal 0 0 -1
    outer loop
      vertex 1.3998852240751654 -30.74169844983168 0.008564307045585196
      vertex 3.521387846565474 -5.326315480550129 0.008564307045585196
      vertex 3.5851854342773293 -5.647047612756301 0.008564307045585196
    endloop
  endfacet
  facet normal 0 0 -1
    outer loop
      vertex 1.3998852240751654 -30.74169844983168 0.008564307045585196
      vertex 3.5851854342773293 -5.647047612756301 0.008564307045585196
      vertex 3.690301168721783 -5.956708580912725 0.008564307045585196
    endloop
  endfacet
  facet normal 0 0 -1
    outer loop
      vertex 4.232233047033631 -6.767766952966369 0.008564307045585196
      vertex 6.352240934977425 -20.73463313526982 0.008564307045585196
      vertex 4.016616649271912 -6.5219035725218015 0.008564307045585196
    endloop
  endfacet
  facet normal 0 0 -1
    outer loop
      vertex 4.4780964274781985 -6.983383350728088 0.008564307045585196
      vertex 6.4679491924311225 -20.5 0.008564307045585196
      vertex 4.232233047033631 -6.767766952966369 0.008564307045585196
    endloop
  endfacet
  facet normal 0 0 -1
    outer loop
      vertex 4.75 -7.165063509461096 0.008564307045585196
      vertex 6.613293319417529 -20.282477141982557 0.008564307045585196
      vertex 4.4780964274781985 -6.983383350728088 0.008564307045585196
    endloop
  endfacet
  facet normal 0 0 -1
    outer loop
      vertex 6.647047612756301 -7.41481456572267 0.008564307045585196
      vertex 7.938947615559896 -19.517110277252378 0.008564307045585196
      vertex 6.326315480550129 -7.478612153434526 0.008564307045585196
    endloop
  endfacet
  facet normal 0 0 -1
    outer loop
      vertex 6.956708580912725 -7.309698831278217 0.008564307045585196
      vertex 8.2 -19.5 0.008564307045585196
      vertex 6.647047612756301 -7.41481456572267 0.008564307045585196
    endloop
  endfacet
  facet normal 0 0 -1
    outer loop
      vertex 7.25 -7.165063509461096 0.008564307045585196
      vertex 8.2 -19.5 0.008564307045585196
      vertex 6.956708580912725 -7.309698831278217 0.008564307045585196
    endloop
  endfacet
  facet normal 0 0 -1
    outer loop
      vertex 7.5219035725218015 -6.983383350728088 0.008564307045585196
      vertex 8.2 -19.5 0.008564307045585196
      vertex 7.25 -7.165063509461096 0.008564307045585196
    endloop
  endfacet
  facet normal 0 0 -1
    outer loop
      vertex 1.3998852240751654 -30.74169844983168 0.008564307045585196
      vertex 3.690301168721783 -5.956708580912725 0.008564307045585196
      vertex 3.8349364905389036 -6.25 0.008564307045585196
    endloop
  endfacet
  facet normal 0 0 -1
    outer loop
      vertex 1.3998852240751654 -30.74169844983168 0.008564307045585196
      vertex 3.8349364905389036 -6.25 0.008564307045585196
      vertex 4.016616649271912 -6.5219035725218015 0.008564307045585196
    endloop
  endfacet
  facet normal 0 0 -1
    outer loop
      vertex 5.043291419087275 -7.309698831278217 0.008564307045585196
      vertex 6.785786437626904 -20.085786437626904 0.008564307045585196
      vertex 4.75 -7.165063509461096 0.008564307045585196
    endloop
  endfacet
  facet normal 0 0 -1
    outer loop
      vertex 5.352952387243699 -7.41481456572267 0.008564307045585196
      vertex 6.982477141982558 -19.91329331941753 0.008564307045585196
      vertex 5.043291419087275 -7.309698831278217 0.008564307045585196
    endloop
  endfacet
  facet normal 0 0 -1
    outer loop
      vertex 5.673684519449871 -7.478612153434526 0.008564307045585196
      vertex 7.199999999999999 -19.76794919243112 0.008564307045585196
      vertex 5.352952387243699 -7.41481456572267 0.008564307045585196
    endloop
  endfacet
  facet normal 0 0 -1
    outer loop
      vertex 6 -7.5 0.008564307045585196
      vertex 7.43463313526982 -19.652240934977428 0.008564307045585196
      vertex 5.673684519449871 -7.478612153434526 0.008564307045585196
    endloop
  endfacet
  facet normal 0 0 -1
    outer loop
      vertex 6.326315480550129 -7.478612153434526 0.008564307045585196
      vertex 7.682361909794958 -19.568148347421864 0.008564307045585196
      vertex 6 -7.5 0.008564307045585196
    endloop
  endfacet
  facet normal 0 0 -1
    outer loop
      vertex 4.4780964274781985 -6.983383350728088 0.008564307045585196
      vertex 6.613293319417529 -20.282477141982557 0.008564307045585196
      vertex 6.4679491924311225 -20.5 0.008564307045585196
    endloop
  endfacet
  facet normal 0 0 -1
    outer loop
      vertex 4.75 -7.165063509461096 0.008564307045585196
      vertex 6.785786437626904 -20.085786437626904 0.008564307045585196
      vertex 6.613293319417529 -20.282477141982557 0.008564307045585196
    endloop
  endfacet
  facet normal 0 0 -1
    outer loop
      vertex 5.043291419087275 -7.309698831278217 0.008564307045585196
      vertex 6.982477141982558 -19.91329331941753 0.008564307045585196
      vertex 6.785786437626904 -20.085786437626904 0.008564307045585196
    endloop
  endfacet
  facet normal 0 0 -1
    outer loop
      vertex 5.352952387243699 -7.41481456572267 0.008564307045585196
      vertex 7.199999999999999 -19.76794919243112 0.008564307045585196
      vertex 6.982477141982558 -19.91329331941753 0.008564307045585196
    endloop
  endfacet
  facet normal 0 0 -1
    outer loop
      vertex 5.673684519449871 -7.478612153434526 0.008564307045585196
      vertex 7.43463313526982 -19.652240934977428 0.008564307045585196
      vertex 7.199999999999999 -19.76794919243112 0.008564307045585196
    endloop
  endfacet
  facet normal 0 0 -1
    outer loop
      vertex 6 -7.5 0.008564307045585196
      vertex 7.682361909794958 -19.568148347421864 0.008564307045585196
      vertex 7.43463313526982 -19.652240934977428 0.008564307045585196
    endloop
  endfacet
  facet normal 0 0 -1
    outer loop
      vertex 6.326315480550129 -7.478612153434526 0.008564307045585196
      vertex 7.938947615559896 -19.517110277252378 0.008564307045585196
      vertex 7.682361909794958 -19.568148347421864 0.008564307045585196
    endloop
  endfacet
  facet normal 0 0 -1
    outer loop
      vertex 6.647047612756301 -7.41481456572267 0.008564307045585196
      vertex 8.2 -19.5 0.008564307045585196
      vertex 7.938947615559896 -19.517110277252378 0.008564307045585196
    endloop
  endfacet
  facet normal 0 0.8660254037844383 -0.5000000000000009
    outer loop
      vertex 1.5 1.9542124051813714 2
      vertex 33.9 1.9542124051813714 2
      vertex 1.5 1.825878449210181 1.7777190679215913
    endloop
  endfacet
  facet normal 0 0.7933533402912365 -0.608761429008719
    outer loop
      vertex 1.5 1.825878449210181 1.7777190679215913
      vertex 33.9 1.5073592299159095 1.3626167395997228
      vertex 1.5 1.5073592299159095 1.3626167395997228
    endloop
  endfacet
  facet normal 0 0.7071067811865458 -0.7071067811865491
    outer loop
      vertex 1.5 1.5073592299159095 1.3626167395997228
      vertex 33.9 1.5073592299159095 1.3626167395997228
      vertex 1.5 1.1373832604002754 0.9926407700840905
    endloop
  endfacet
  facet normal 0 0.6087614290087191 -0.7933533402912364
    outer loop
      vertex 1.5 1.1373832604002754 0.9926407700840905
      vertex 33.9 0.7222809320784087 0.6741215507898204
      vertex 1.5 0.7222809320784087 0.6741215507898204
    endloop
  endfacet
  facet normal 0 0.4999999999999993 -0.8660254037844389
    outer loop
      vertex 1.5 0.7222809320784087 0.6741215507898204
      vertex 33.9 0.7222809320784087 0.6741215507898204
      vertex 1.5 0.2691547608760052 0.41250903386924875
    endloop
  endfacet
  facet normal 0 0 -1
    outer loop
      vertex 14.87157287525381 -1.3715728752538099 0.008564307045585196
      vertex 6.956708580912725 -2.690301168721783 0.008564307045585196
      vertex 6.647047612756301 -2.5851854342773293 0.008564307045585196
    endloop
  endfacet
  facet normal 0 0 -1
    outer loop
      vertex 6.956708580912725 -2.690301168721783 0.008564307045585196
      vertex 14.87157287525381 -1.3715728752538099 0.008564307045585196
      vertex 7.25 -2.8349364905389036 0.008564307045585196
    endloop
  endfacet
  facet normal -8.166920326091156e-17 0.2588190451024975 -0.9659258262890745
    outer loop
      vertex 1.5 -0.21424213878735365 0.21227948201957858
      vertex 17.17789523111979 -0.23422055450475865 0.20692628166204585
      vertex 16.664723819589916 -0.33629669484372693 0.17957506229173603
    endloop
  endfacet
  facet normal 0 0.25881904510255727 -0.9659258262890584
    outer loop
      vertex 1.5 -0.21424213878735365 0.21227948201957858
      vertex 17.482706952369895 -0.21424213878735365 0.21227948201957858
      vertex 17.17789523111979 -0.23422055450475865 0.20692628166204585
    endloop
  endfacet
  facet normal 6.166606270840814e-16 0.3826834323651086 -0.9238795325112789
    outer loop
      vertex 1.5 0.2691547608760052 0.41250903386924875
      vertex 17.7 -0.20000000000000018 0.21817876906250078
      vertex 17.482706952369895 -0.21424213878735365 0.21227948201957858
    endloop
  endfacet
  facet normal 2.5477993552790466e-16 0.25881904510253645 -0.965925826289064
    outer loop
      vertex 1.5 -0.21424213878735365 0.21227948201957858
      vertex 16.664723819589916 -0.33629669484372693 0.17957506229173603
      vertex 16.16926627053964 -0.5044818699548532 0.13450998044181972
    endloop
  endfacet
  facet normal -1.5624059238249672e-17 0.13052619222005404 -0.99144486137381
    outer loop
      vertex 1.5 -0.7196387119354872 0.07685887838707828
      vertex 15.7 -0.7358983848622458 0.07471825183631609
      vertex 15.264954283965118 -1.0265866388350595 0.03644841718147518
    endloop
  endfacet
  facet normal -8.399323312373177e-17 0.13052619222005107 -0.9914448613738105
    outer loop
      vertex 1.5 -0.7196387119354872 0.07685887838707828
      vertex 15.264954283965118 -1.0265866388350595 0.03644841718147518
      vertex 15.023441708449031 -1.238387483079428 0.008564307045585196
    endloop
  endfacet
  facet normal 0 0 -1
    outer loop
      vertex 1.5 -1.238387483079428 0.008564307045585196
      vertex 15.023441708449031 -1.238387483079428 0.008564307045585196
      vertex 14.87157287525381 -1.3715728752538099 0.008564307045585196
    endloop
  endfacet
  facet normal -8.57503362609125e-17 0.25881904510252046 -0.9659258262890683
    outer loop
      vertex 1.5 -0.21424213878735365 0.21227948201957858
      vertex 16.16926627053964 -0.5044818699548532 0.13450998044181972
      vertex 15.73297135503742 -0.7196387119354872 0.07685887838707828
    endloop
  endfacet
  facet normal 0 0.13052619222006748 -0.9914448613738083
    outer loop
      vertex 1.5 -0.7196387119354872 0.07685887838707828
      vertex 15.73297135503742 -0.7196387119354872 0.07685887838707828
      vertex 15.7 -0.7358983848622458 0.07471825183631609
    endloop
  endfacet
  facet normal 0 0 -1
    outer loop
      vertex 7.5219035725218015 -3.016616649271912 0.008564307045585196
      vertex 14.52658663883506 -1.7649542839651176 0.008564307045585196
      vertex 14.235898384862246 -2.2 0.008564307045585196
    endloop
  endfacet
  facet normal 0 0 -1
    outer loop
      vertex 7.25 -2.8349364905389036 0.008564307045585196
      vertex 14.87157287525381 -1.3715728752538099 0.008564307045585196
      vertex 14.52658663883506 -1.7649542839651176 0.008564307045585196
    endloop
  endfacet
  facet normal 0 0 -1
    outer loop
      vertex 7.25 -2.8349364905389036 0.008564307045585196
      vertex 14.52658663883506 -1.7649542839651176 0.008564307045585196
      vertex 7.5219035725218015 -3.016616649271912 0.008564307045585196
    endloop
  endfacet
  facet normal 0 0 -1
    outer loop
      vertex 7.5219035725218015 -3.016616649271912 0.008564307045585196
      vertex 14.235898384862246 -2.2 0.008564307045585196
      vertex 7.767766952966369 -3.232233047033631 0.008564307045585196
    endloop
  endfacet
  facet normal 0 0 -1
    outer loop
      vertex 7.767766952966369 -3.232233047033631 0.008564307045585196
      vertex 14.004481869954851 -2.669266270539641 0.008564307045585196
      vertex 7.983383350728088 -3.4780964274781985 0.008564307045585196
    endloop
  endfacet
  facet normal 0 0 -1
    outer loop
      vertex 7.983383350728088 -3.4780964274781985 0.008564307045585196
      vertex 13.836296694843726 -3.164723819589917 0.008564307045585196
      vertex 8.165063509461095 -3.75 0.008564307045585196
    endloop
  endfacet
  facet normal 0 0 -1
    outer loop
      vertex 8.165063509461095 -3.75 0.008564307045585196
      vertex 13.836296694843726 -3.164723819589917 0.008564307045585196
      vertex 8.309698831278217 -4.043291419087275 0.008564307045585196
    endloop
  endfacet
  facet normal 0 0 -1
    outer loop
      vertex 8.309698831278217 -4.043291419087275 0.008564307045585196
      vertex 13.734220554504757 -3.677895231119794 0.008564307045585196
      vertex 8.41481456572267 -4.352952387243699 0.008564307045585196
    endloop
  endfacet
  facet normal 0 0 -1
    outer loop
      vertex 8.41481456572267 -4.352952387243699 0.008564307045585196
      vertex 13.7 -4.2 0.008564307045585196
      vertex 8.478612153434526 -4.673684519449871 0.008564307045585196
    endloop
  endfacet
  facet normal 0 0 -1
    outer loop
      vertex 8.478612153434526 -4.673684519449871 0.008564307045585196
      vertex 13.734220554504757 -4.7221047688802065 0.008564307045585196
      vertex 8.5 -5 0.008564307045585196
    endloop
  endfacet
  facet normal 0 0 -1
    outer loop
      vertex 8.5 -5 0.008564307045585196
      vertex 13.836296694843726 -5.235276180410083 0.008564307045585196
      vertex 8.478612153434526 -5.326315480550129 0.008564307045585196
    endloop
  endfacet
  facet normal 0 0 -1
    outer loop
      vertex 8.478612153434526 -5.326315480550129 0.008564307045585196
      vertex 13.836296694843726 -5.235276180410083 0.008564307045585196
      vertex 8.41481456572267 -5.647047612756301 0.008564307045585196
    endloop
  endfacet
  facet normal 0 0 -1
    outer loop
      vertex 8.41481456572267 -5.647047612756301 0.008564307045585196
      vertex 14.004481869954851 -5.7307337294603595 0.008564307045585196
      vertex 8.309698831278217 -5.956708580912725 0.008564307045585196
    endloop
  endfacet
  facet normal 0 0 -1
    outer loop
      vertex 8.309698831278217 -5.956708580912725 0.008564307045585196
      vertex 14.235898384862246 -6.2 0.008564307045585196
      vertex 8.165063509461095 -6.25 0.008564307045585196
    endloop
  endfacet
  facet normal 0 0 -1
    outer loop
      vertex 7.983383350728088 -6.5219035725218015 0.008564307045585196
      vertex 14.52658663883506 -6.635045716034883 0.008564307045585196
      vertex 7.767766952966369 -6.767766952966369 0.008564307045585196
    endloop
  endfacet
  facet normal 0 0 -1
    outer loop
      vertex 8.165063509461095 -6.25 0.008564307045585196
      vertex 14.52658663883506 -6.635045716034883 0.008564307045585196
      vertex 7.983383350728088 -6.5219035725218015 0.008564307045585196
    endloop
  endfacet
  facet normal 0 0 -1
    outer loop
      vertex 7.767766952966369 -6.767766952966369 0.008564307045585196
      vertex 14.87157287525381 -7.028427124746191 0.008564307045585196
      vertex 7.5219035725218015 -6.983383350728088 0.008564307045585196
    endloop
  endfacet
  facet normal 0 0 -1
    outer loop
      vertex 7.767766952966369 -3.232233047033631 0.008564307045585196
      vertex 14.235898384862246 -2.2 0.008564307045585196
      vertex 14.004481869954851 -2.669266270539641 0.008564307045585196
    endloop
  endfacet
  facet normal 0 0 -1
    outer loop
      vertex 7.983383350728088 -3.4780964274781985 0.008564307045585196
      vertex 14.004481869954851 -2.669266270539641 0.008564307045585196
      vertex 13.836296694843726 -3.164723819589917 0.008564307045585196
    endloop
  endfacet
  facet normal 0 0 -1
    outer loop
      vertex 8.309698831278217 -4.043291419087275 0.008564307045585196
      vertex 13.836296694843726 -3.164723819589917 0.008564307045585196
      vertex 13.734220554504757 -3.677895231119794 0.008564307045585196
    endloop
  endfacet
  facet normal 0 0 -1
    outer loop
      vertex 8.41481456572267 -4.352952387243699 0.008564307045585196
      vertex 13.734220554504757 -3.677895231119794 0.008564307045585196
      vertex 13.7 -4.2 0.008564307045585196
    endloop
  endfacet
  facet normal 0 0 -1
    outer loop
      vertex 8.478612153434526 -4.673684519449871 0.008564307045585196
      vertex 13.7 -4.2 0.008564307045585196
      vertex 13.734220554504757 -4.7221047688802065 0.008564307045585196
    endloop
  endfacet
  facet normal 0 0 -1
    outer loop
      vertex 8.5 -5 0.008564307045585196
      vertex 13.734220554504757 -4.7221047688802065 0.008564307045585196
      vertex 13.836296694843726 -5.235276180410083 0.008564307045585196
    endloop
  endfacet
  facet normal 0 0 -1
    outer loop
      vertex 8.41481456572267 -5.647047612756301 0.008564307045585196
      vertex 13.836296694843726 -5.235276180410083 0.008564307045585196
      vertex 14.004481869954851 -5.7307337294603595 0.008564307045585196
    endloop
  endfacet
  facet normal 0 0 -1
    outer loop
      vertex 8.309698831278217 -5.956708580912725 0.008564307045585196
      vertex 14.004481869954851 -5.7307337294603595 0.008564307045585196
      vertex 14.235898384862246 -6.2 0.008564307045585196
    endloop
  endfacet
  facet normal 0 0 -1
    outer loop
      vertex 8.165063509461095 -6.25 0.008564307045585196
      vertex 14.235898384862246 -6.2 0.008564307045585196
      vertex 14.52658663883506 -6.635045716034883 0.008564307045585196
    endloop
  endfacet
  facet normal 0 0 -1
    outer loop
      vertex 7.767766952966369 -6.767766952966369 0.008564307045585196
      vertex 14.52658663883506 -6.635045716034883 0.008564307045585196
      vertex 14.87157287525381 -7.028427124746191 0.008564307045585196
    endloop
  endfacet
  facet normal 0 0 -1
    outer loop
      vertex 16.11329331941753 -2.982477141982559 0.008564307045585196
      vertex 15.081933977038924 -2.191087284271222 0.008564307045585196
      vertex 15.366547622084394 -1.8665476220843935 0.008564307045585196
    endloop
  endfacet
  facet normal 0 0 -1
    outer loop
      vertex 16.285786437626903 -2.7857864376269053 0.008564307045585196
      vertex 15.366547622084394 -1.8665476220843935 0.008564307045585196
      vertex 15.691087284271221 -1.5819339770389242 0.008564307045585196
    endloop
  endfacet
  facet normal 0 0 -1
    outer loop
      vertex 16.482477141982557 -2.61329331941753 0.008564307045585196
      vertex 15.691087284271221 -1.5819339770389242 0.008564307045585196
      vertex 16.05 -1.342116167511353 0.008564307045585196
    endloop
  endfacet
  facet normal 0 0 -1
    outer loop
      vertex 16.482477141982557 -2.61329331941753 0.008564307045585196
      vertex 16.285786437626903 -2.7857864376269053 0.008564307045585196
      vertex 15.691087284271221 -1.5819339770389242 0.008564307045585196
    endloop
  endfacet
  facet normal 0 0 -1
    outer loop
      vertex 16.7 -2.467949192431123 0.008564307045585196
      vertex 16.482477141982557 -2.61329331941753 0.008564307045585196
      vertex 16.05 -1.342116167511353 0.008564307045585196
    endloop
  endfacet
  facet normal 0 0 -1
    outer loop
      vertex 16.260340964260187 -1.238387483079428 0.008564307045585196
      vertex 19.349999999999998 -1.342116167511353 0.008564307045585196
      vertex 16.05 -1.342116167511353 0.008564307045585196
    endloop
  endfacet
  facet normal 0 0.13052619222003387 -0.9914448613738127
    outer loop
      vertex 16.260340964260187 -1.238387483079428 0.008564307045585196
      vertex 16.437144673195203 -1.151197542712754 0.020043080459352325
      vertex 19.13965903573981 -1.238387483079428 0.008564307045585196
    endloop
  endfacet
  facet normal 0 0.13052619222007913 -0.9914448613738068
    outer loop
      vertex 16.437144673195203 -1.151197542712754 0.020043080459352325
      vertex 16.84589715116168 -1.012444773246075 0.0383102291068127
      vertex 18.962855326804796 -1.151197542712754 0.020043080459352325
    endloop
  endfacet
  facet normal -2.0616369287432798e-15 0.1305261922200392 -0.991444861373812
    outer loop
      vertex 17.26926356567383 -0.928231957466426 0.049397056633068814
      vertex 18.55410284883832 -1.012444773246075 0.038310229106809146
      vertex 16.84589715116168 -1.012444773246075 0.0383102291068127
    endloop
  endfacet
  facet normal 0 0 -1
    outer loop
      vertex 16.05 -1.342116167511353 0.008564307045585196
      vertex 17.438947615559897 -2.217110277252379 0.008564307045585196
      vertex 17.182361909794956 -2.2681483474218638 0.008564307045585196
    endloop
  endfacet
  facet normal 0 0 -1
    outer loop
      vertex 16.05 -1.342116167511353 0.008564307045585196
      vertex 17.7 -2.2 0.008564307045585196
      vertex 17.438947615559897 -2.217110277252379 0.008564307045585196
    endloop
  endfacet
  facet normal 0 0 -1
    outer loop
      vertex 16.05 -1.342116167511353 0.008564307045585196
      vertex 16.93463313526982 -2.3522409349774267 0.008564307045585196
      vertex 16.7 -2.467949192431123 0.008564307045585196
    endloop
  endfacet
  facet normal 0 0 -1
    outer loop
      vertex 16.05 -1.342116167511353 0.008564307045585196
      vertex 17.182361909794956 -2.2681483474218638 0.008564307045585196
      vertex 16.93463313526982 -2.3522409349774267 0.008564307045585196
    endloop
  endfacet
  facet normal 0 0 -1
    outer loop
      vertex 16.05 -1.342116167511353 0.008564307045585196
      vertex 17.9610523844401 -2.217110277252379 0.008564307045585196
      vertex 17.7 -2.2 0.008564307045585196
    endloop
  endfacet
  facet normal 0 0 -1
    outer loop
      vertex 15.852240934977425 -3.4346331352698205 0.008564307045585196
      vertex 14.651197542712753 -2.937144673195204 0.008564307045585196
      vertex 14.842116167511353 -2.5500000000000003 0.008564307045585196
    endloop
  endfacet
  facet normal 0 0 -1
    outer loop
      vertex 15.768148347421862 -3.6823619097949587 0.008564307045585196
      vertex 14.512444773246074 -3.3458971511616817 0.008564307045585196
      vertex 14.651197542712753 -2.937144673195204 0.008564307045585196
    endloop
  endfacet
  facet normal 0 0 -1
    outer loop
      vertex 15.71711027725238 -3.938947615559897 0.008564307045585196
      vertex 14.428231957466425 -3.76926356567383 0.008564307045585196
      vertex 14.512444773246074 -3.3458971511616817 0.008564307045585196
    endloop
  endfacet
  facet normal 0 0 -1
    outer loop
      vertex 15.7 -4.2 0.008564307045585196
      vertex 14.399999999999999 -4.2 0.008564307045585196
      vertex 14.428231957466425 -3.76926356567383 0.008564307045585196
    endloop
  endfacet
  facet normal 0 0 -1
    outer loop
      vertex 15.71711027725238 -4.461052384440103 0.008564307045585196
      vertex 14.428231957466425 -4.63073643432617 0.008564307045585196
      vertex 14.399999999999999 -4.2 0.008564307045585196
    endloop
  endfacet
  facet normal 0 0 -1
    outer loop
      vertex 15.768148347421862 -4.717638090205042 0.008564307045585196
      vertex 14.512444773246074 -5.054102848838319 0.008564307045585196
      vertex 14.428231957466425 -4.63073643432617 0.008564307045585196
    endloop
  endfacet
  facet normal 0 0 -1
    outer loop
      vertex 15.852240934977425 -4.965366864730179 0.008564307045585196
      vertex 14.651197542712753 -5.462855326804796 0.008564307045585196
      vertex 14.512444773246074 -5.054102848838319 0.008564307045585196
    endloop
  endfacet
  facet normal 0 0 -1
    outer loop
      vertex 15.967949192431123 -5.2 0.008564307045585196
      vertex 14.842116167511353 -5.85 0.008564307045585196
      vertex 14.651197542712753 -5.462855326804796 0.008564307045585196
    endloop
  endfacet
  facet normal 0 0 -1
    outer loop
      vertex 15.967949192431123 -3.2 0.008564307045585196
      vertex 14.842116167511353 -2.5500000000000003 0.008564307045585196
      vertex 15.081933977038924 -2.191087284271222 0.008564307045585196
    endloop
  endfacet
  facet normal 0 0 -1
    outer loop
      vertex 16.11329331941753 -2.982477141982559 0.008564307045585196
      vertex 15.967949192431123 -3.2 0.008564307045585196
      vertex 15.081933977038924 -2.191087284271222 0.008564307045585196
    endloop
  endfacet
  facet normal 0 0 -1
    outer loop
      vertex 15.967949192431123 -3.2 0.008564307045585196
      vertex 15.852240934977425 -3.4346331352698205 0.008564307045585196
      vertex 14.842116167511353 -2.5500000000000003 0.008564307045585196
    endloop
  endfacet
  facet normal 0 0 -1
    outer loop
      vertex 15.852240934977425 -3.4346331352698205 0.008564307045585196
      vertex 15.768148347421862 -3.6823619097949587 0.008564307045585196
      vertex 14.651197542712753 -2.937144673195204 0.008564307045585196
    endloop
  endfacet
  facet normal 0 0 -1
    outer loop
      vertex 15.768148347421862 -3.6823619097949587 0.008564307045585196
      vertex 15.71711027725238 -3.938947615559897 0.008564307045585196
      vertex 14.512444773246074 -3.3458971511616817 0.008564307045585196
    endloop
  endfacet
  facet normal 0 0 -1
    outer loop
      vertex 16.285786437626903 -2.7857864376269053 0.008564307045585196
      vertex 16.11329331941753 -2.982477141982559 0.008564307045585196
      vertex 15.366547622084394 -1.8665476220843935 0.008564307045585196
    endloop
  endfacet
  facet normal 0 0 -1
    outer loop
      vertex 15.71711027725238 -3.938947615559897 0.008564307045585196
      vertex 15.7 -4.2 0.008564307045585196
      vertex 14.428231957466425 -3.76926356567383 0.008564307045585196
    endloop
  endfacet
  facet normal 0 0 -1
    outer loop
      vertex 15.7 -4.2 0.008564307045585196
      vertex 15.71711027725238 -4.461052384440103 0.008564307045585196
      vertex 14.399999999999999 -4.2 0.008564307045585196
    endloop
  endfacet
  facet normal 0 0 -1
    outer loop
      vertex 15.71711027725238 -4.461052384440103 0.008564307045585196
      vertex 15.768148347421862 -4.717638090205042 0.008564307045585196
      vertex 14.428231957466425 -4.63073643432617 0.008564307045585196
    endloop
  endfacet
  facet normal 0 0 -1
    outer loop
      vertex 15.768148347421862 -4.717638090205042 0.008564307045585196
      vertex 15.852240934977425 -4.965366864730179 0.008564307045585196
      vertex 14.512444773246074 -5.054102848838319 0.008564307045585196
    endloop
  endfacet
  facet normal 0 0 -1
    outer loop
      vertex 15.852240934977425 -4.965366864730179 0.008564307045585196
      vertex 15.967949192431123 -5.2 0.008564307045585196
      vertex 14.651197542712753 -5.462855326804796 0.008564307045585196
    endloop
  endfacet
  facet normal 0 0 -1
    outer loop
      vertex 16.11329331941753 -5.417522858017442 0.008564307045585196
      vertex 15.081933977038924 -6.208912715728778 0.008564307045585196
      vertex 14.842116167511353 -5.85 0.008564307045585196
    endloop
  endfacet
  facet normal 0 0 -1
    outer loop
      vertex 15.967949192431123 -5.2 0.008564307045585196
      vertex 16.11329331941753 -5.417522858017442 0.008564307045585196
      vertex 14.842116167511353 -5.85 0.008564307045585196
    endloop
  endfacet
  facet normal 0 0 -1
    outer loop
      vertex 16.11329331941753 -5.417522858017442 0.008564307045585196
      vertex 16.285786437626903 -5.614213562373095 0.008564307045585196
      vertex 15.081933977038924 -6.208912715728778 0.008564307045585196
    endloop
  endfacet
  facet normal 0 0 -1
    outer loop
      vertex 16.285786437626903 -5.614213562373095 0.008564307045585196
      vertex 15.366547622084394 -6.533452377915607 0.008564307045585196
      vertex 15.081933977038924 -6.208912715728778 0.008564307045585196
    endloop
  endfacet
  facet normal 0 0 -1
    outer loop
      vertex 16.482477141982557 -5.786706680582471 0.008564307045585196
      vertex 15.691087284271221 -6.8180660229610766 0.008564307045585196
      vertex 15.366547622084394 -6.533452377915607 0.008564307045585196
    endloop
  endfacet
  facet normal 0 0 -1
    outer loop
      vertex 16.285786437626903 -5.614213562373095 0.008564307045585196
      vertex 16.482477141982557 -5.786706680582471 0.008564307045585196
      vertex 15.366547622084394 -6.533452377915607 0.008564307045585196
    endloop
  endfacet
  facet normal 0 0 -1
    outer loop
      vertex 16.482477141982557 -5.786706680582471 0.008564307045585196
      vertex 16.7 -5.932050807568878 0.008564307045585196
      vertex 15.691087284271221 -6.8180660229610766 0.008564307045585196
    endloop
  endfacet
  facet normal 0 0 -1
    outer loop
      vertex 16.7 -5.932050807568878 0.008564307045585196
      vertex 16.05 -7.057883832488647 0.008564307045585196
      vertex 15.691087284271221 -6.8180660229610766 0.008564307045585196
    endloop
  endfacet
  facet normal 0 0 -1
    outer loop
      vertex 16.7 -5.932050807568878 0.008564307045585196
      vertex 16.93463313526982 -6.047759065022573 0.008564307045585196
      vertex 16.05 -7.057883832488647 0.008564307045585196
    endloop
  endfacet
  facet normal 0 0 -1
    outer loop
      vertex 16.93463313526982 -6.047759065022573 0.008564307045585196
      vertex 16.437144673195203 -7.248802457287246 0.008564307045585196
      vertex 16.05 -7.057883832488647 0.008564307045585196
    endloop
  endfacet
  facet normal 0 0 -1
    outer loop
      vertex 16.93463313526982 -6.047759065022573 0.008564307045585196
      vertex 17.182361909794956 -6.131851652578137 0.008564307045585196
      vertex 16.437144673195203 -7.248802457287246 0.008564307045585196
    endloop
  endfacet
  facet normal 0 0 -1
    outer loop
      vertex 17.182361909794956 -6.131851652578137 0.008564307045585196
      vertex 16.84589715116168 -7.387555226753925 0.008564307045585196
      vertex 16.437144673195203 -7.248802457287246 0.008564307045585196
    endloop
  endfacet
  facet normal 0 0 -1
    outer loop
      vertex 17.182361909794956 -6.131851652578137 0.008564307045585196
      vertex 17.438947615559897 -6.182889722747621 0.008564307045585196
      vertex 16.84589715116168 -7.387555226753925 0.008564307045585196
    endloop
  endfacet
  facet normal 0 0 -1
    outer loop
      vertex 17.438947615559897 -6.182889722747621 0.008564307045585196
      vertex 17.26926356567383 -7.471768042533574 0.008564307045585196
      vertex 16.84589715116168 -7.387555226753925 0.008564307045585196
    endloop
  endfacet
  facet normal 0 0 -1
    outer loop
      vertex 17.438947615559897 -6.182889722747621 0.008564307045585196
      vertex 17.7 -6.2 0.008564307045585196
      vertex 17.26926356567383 -7.471768042533574 0.008564307045585196
    endloop
  endfacet
  facet normal 0 0 -1
    outer loop
      vertex 7.5219035725218015 -6.983383350728088 0.008564307045585196
      vertex 14.87157287525381 -7.028427124746191 0.008564307045585196
      vertex 15.264954283965118 -7.373413361164941 0.008564307045585196
    endloop
  endfacet
  facet normal 0 0 -1
    outer loop
      vertex 7.5219035725218015 -6.983383350728088 0.008564307045585196
      vertex 15.768148347421862 -13.482361909794959 0.008564307045585196
      vertex 8.2 -19.5 0.008564307045585196
    endloop
  endfacet
  facet normal 0 0 -1
    outer loop
      vertex 7.5219035725218015 -6.983383350728088 0.008564307045585196
      vertex 15.264954283965118 -7.373413361164941 0.008564307045585196
      vertex 15.967949192431123 -13 0.008564307045585196
    endloop
  endfacet
  facet normal 0 0 -1
    outer loop
      vertex 7.5219035725218015 -6.983383350728088 0.008564307045585196
      vertex 15.852240934977425 -13.23463313526982 0.008564307045585196
      vertex 15.768148347421862 -13.482361909794959 0.008564307045585196
    endloop
  endfacet
  facet normal 0 0 -1
    outer loop
      vertex 7.5219035725218015 -6.983383350728088 0.008564307045585196
      vertex 15.967949192431123 -13 0.008564307045585196
      vertex 15.852240934977425 -13.23463313526982 0.008564307045585196
    endloop
  endfacet
  facet normal 0 0 -1
    outer loop
      vertex 17.7 -6.2 0.008564307045585196
      vertex 17.7 -7.5 0.008564307045585196
      vertex 17.26926356567383 -7.471768042533574 0.008564307045585196
    endloop
  endfacet
  facet normal 0 0 -1
    outer loop
      vertex 15.264954283965118 -7.373413361164941 0.008564307045585196
      vertex 15.7 -7.664101615137755 0.008564307045585196
      vertex 16.11329331941753 -12.78247714198256 0.008564307045585196
    endloop
  endfacet
  facet normal 0 0 -1
    outer loop
      vertex 15.7 -7.664101615137755 0.008564307045585196
      vertex 16.16926627053964 -7.895518130045147 0.008564307045585196
      vertex 16.482477141982557 -12.41329331941753 0.008564307045585196
    endloop
  endfacet
  facet normal 0 0 -1
    outer loop
      vertex 15.264954283965118 -7.373413361164941 0.008564307045585196
      vertex 16.11329331941753 -12.78247714198256 0.008564307045585196
      vertex 15.967949192431123 -13 0.008564307045585196
    endloop
  endfacet
  facet normal 0 0 -1
    outer loop
      vertex 15.7 -7.664101615137755 0.008564307045585196
      vertex 16.482477141982557 -12.41329331941753 0.008564307045585196
      vertex 16.285786437626903 -12.585786437626904 0.008564307045585196
    endloop
  endfacet
  facet normal 0 0 -1
    outer loop
      vertex 16.482477141982557 -12.41329331941753 0.008564307045585196
      vertex 16.16926627053964 -7.895518130045147 0.008564307045585196
      vertex 16.7 -12.267949192431123 0.008564307045585196
    endloop
  endfacet
  facet normal 0 0 -1
    outer loop
      vertex 15.7 -7.664101615137755 0.008564307045585196
      vertex 16.285786437626903 -12.585786437626904 0.008564307045585196
      vertex 16.11329331941753 -12.78247714198256 0.008564307045585196
    endloop
  endfacet
  facet normal 0 0 -1
    outer loop
      vertex 16.16926627053964 -7.895518130045147 0.008564307045585196
      vertex 16.664723819589916 -8.063703305156274 0.008564307045585196
      vertex 16.7 -12.267949192431123 0.008564307045585196
    endloop
  endfacet
  facet normal 0 0 -1
    outer loop
      vertex 16.664723819589916 -8.063703305156274 0.008564307045585196
      vertex 17.17789523111979 -8.165779445495241 0.008564307045585196
      vertex 17.182361909794956 -12.068148347421863 0.008564307045585196
    endloop
  endfacet
  facet normal 0 0 -1
    outer loop
      vertex 17.17789523111979 -8.165779445495241 0.008564307045585196
      vertex 17.7 -8.2 0.008564307045585196
      vertex 17.438947615559897 -12.01711027725238 0.008564307045585196
    endloop
  endfacet
  facet normal 0 0 -1
    outer loop
      vertex 16.7 -12.267949192431123 0.008564307045585196
      vertex 16.664723819589916 -8.063703305156274 0.008564307045585196
      vertex 16.93463313526982 -12.152240934977426 0.008564307045585196
    endloop
  endfacet
  facet normal 0 0 -1
    outer loop
      vertex 16.93463313526982 -12.152240934977426 0.008564307045585196
      vertex 16.664723819589916 -8.063703305156274 0.008564307045585196
      vertex 17.182361909794956 -12.068148347421863 0.008564307045585196
    endloop
  endfacet
  facet normal 0 0 -1
    outer loop
      vertex 17.182361909794956 -12.068148347421863 0.008564307045585196
      vertex 17.17789523111979 -8.165779445495241 0.008564307045585196
      vertex 17.438947615559897 -12.01711027725238 0.008564307045585196
    endloop
  endfacet
  facet normal 0 0 -1
    outer loop
      vertex 17.438947615559897 -12.01711027725238 0.008564307045585196
      vertex 17.7 -8.2 0.008564307045585196
      vertex 17.7 -12 0.008564307045585196
    endloop
  endfacet
  facet normal 0 0 -1
    outer loop
      vertex 8.2 -19.5 0.008564307045585196
      vertex 15.768148347421862 -13.482361909794959 0.008564307045585196
      vertex 15.71711027725238 -13.738947615559898 0.008564307045585196
    endloop
  endfacet
  facet normal 0 0 -1
    outer loop
      vertex 8.461052384440102 -19.517110277252378 0.008564307045585196
      vertex 15.71711027725238 -13.738947615559898 0.008564307045585196
      vertex 15.7 -14 0.008564307045585196
    endloop
  endfacet
  facet normal 0 0 -1
    outer loop
      vertex 8.71763809020504 -19.568148347421864 0.008564307045585196
      vertex 15.7 -14 0.008564307045585196
      vertex 15.71711027725238 -14.261052384440102 0.008564307045585196
    endloop
  endfacet
  facet normal -0.8660254037844383 0 -0.5000000000000009
    outer loop
      vertex -1.9542124051813714 -1.5 2
      vertex -1.825878449210181 -30.5 1.7777190679215913
      vertex -1.9542124051813714 -30.5 2
    endloop
  endfacet
  facet normal -0.7933533402912364 0 -0.608761429008719
    outer loop
      vertex -1.825878449210181 -1.5 1.7777190679215913
      vertex -1.5073592299159095 -30.5 1.3626167395997228
      vertex -1.825878449210181 -30.5 1.7777190679215913
    endloop
  endfacet
  facet normal -0.6858829480112502 0 -0.7277118809167518
    outer loop
      vertex -1.1148200809971591 -1.1557524055950474 0.9926407700840905
      vertex -1.1148200809971591 -30.844247594404955 0.9926407700840905
      vertex -1.5073592299159095 -30.5 1.3626167395997228
    endloop
  endfacet
  facet normal 0 0 0
    outer loop
      vertex -1.1148200809971591 -1.1557524055950474 0.9926407700840905
      vertex -1.1148200809971591 -30.155752405595045 0.9926407700840905
      vertex -1.1148200809971591 -30.844247594404955 0.9926407700840905
    endloop
  endfacet
  facet normal 0 0 1
    outer loop
      vertex -1.1373832604002754 -1.5 0.9926407700840905
      vertex -1.1148200809971591 -30.844247594404955 0.9926407700840905
      vertex -1.1148200809971591 -30.155752405595045 0.9926407700840905
    endloop
  endfacet
  facet normal 0 0 1
    outer loop
      vertex -1.1373832604002754 -1.5 0.9926407700840905
      vertex -1.1373832604002754 -30.5 0.9926407700840905
      vertex -1.1148200809971591 -30.844247594404955 0.9926407700840905
    endloop
  endfacet
  facet normal -0.608761429008719 0 -0.7933533402912364
    outer loop
      vertex -1.1373832604002754 -1.5 0.9926407700840905
      vertex -0.7222809320784087 -30.5 0.6741215507898204
      vertex -1.1373832604002754 -30.5 0.9926407700840905
    endloop
  endfacet
  facet normal -0.4999999999999993 0 -0.8660254037844389
    outer loop
      vertex -0.7222809320784087 -1.5 0.6741215507898204
      vertex -0.2691547608760052 -30.5 0.41250903386924875
      vertex -0.7222809320784087 -30.5 0.6741215507898204
    endloop
  endfacet
  facet normal -0.38268343236509095 0 -0.9238795325112863
    outer loop
      vertex 0.21424213878735365 -1.5 0.21227948201957858
      vertex 0.21424213878735365 -30.5 0.21227948201957858
      vertex -0.2691547608760052 -30.5 0.41250903386924875
    endloop
  endfacet
  facet normal -0.2588190451025227 0 -0.9659258262890678
    outer loop
      vertex 0.7196387119354872 -1.5 0.07685887838707828
      vertex 0.7196387119354872 -30.5 0.07685887838707828
      vertex 0.21424213878735365 -30.5 0.21227948201957858
    endloop
  endfacet
  facet normal -0.1305261922200532 0 -0.9914448613738102
    outer loop
      vertex 1.238387483079428 -1.5 0.008564307045585196
      vertex 1.238387483079428 -30.5 0.008564307045585196
      vertex 0.7196387119354872 -30.5 0.07685887838707828
    endloop
  endfacet
  facet normal 0 0 -1
    outer loop
      vertex 1.315012015242183 -1.315012015242183 0.008564307045585196
      vertex 1.3998852240751654 -30.74169844983168 0.008564307045585196
      vertex 1.238387483079428 -30.5 0.008564307045585196
    endloop
  endfacet
  facet normal 0 0 -1
    outer loop
      vertex 1.3998852240751654 -30.74169844983168 0.008564307045585196
      vertex 4.016616649271912 -6.5219035725218015 0.008564307045585196
      vertex 6.268148347421863 -20.98236190979496 0.008564307045585196
    endloop
  endfacet
  facet normal 0 0 -1
    outer loop
      vertex 4.016616649271912 -6.5219035725218015 0.008564307045585196
      vertex 6.352240934977425 -20.73463313526982 0.008564307045585196
      vertex 6.268148347421863 -20.98236190979496 0.008564307045585196
    endloop
  endfacet
  facet normal 0 0 -1
    outer loop
      vertex 4.232233047033631 -6.767766952966369 0.008564307045585196
      vertex 6.4679491924311225 -20.5 0.008564307045585196
      vertex 6.352240934977425 -20.73463313526982 0.008564307045585196
    endloop
  endfacet
  facet normal 0 0 -1
    outer loop
      vertex 1.3998852240751654 -30.74169844983168 0.008564307045585196
      vertex 6.268148347421863 -20.98236190979496 0.008564307045585196
      vertex 6.217110277252378 -21.238947615559898 0.008564307045585196
    endloop
  endfacet
  facet normal 0 0 -1
    outer loop
      vertex 1.3998852240751654 -30.74169844983168 0.008564307045585196
      vertex 6.217110277252378 -21.238947615559898 0.008564307045585196
      vertex 6.199999999999999 -21.5 0.008564307045585196
    endloop
  endfacet
  facet normal 0 0 -1
    outer loop
      vertex 1.3998852240751654 -30.74169844983168 0.008564307045585196
      vertex 6.199999999999999 -21.5 0.008564307045585196
      vertex 6.217110277252378 -21.761052384440102 0.008564307045585196
    endloop
  endfacet
  facet normal 0 0 -1
    outer loop
      vertex 1.3998852240751654 -30.74169844983168 0.008564307045585196
      vertex 6.217110277252378 -21.761052384440102 0.008564307045585196
      vertex 6.268148347421863 -22.01763809020504 0.008564307045585196
    endloop
  endfacet
  facet normal -0.8646336168614385 -0.05667108131556328 -0.49919645144535224
    outer loop
      vertex -1.9542124051813714 -30.5 2
      vertex -1.7974250980233313 -30.934114249762132 1.7777190679215913
      vertex -1.924661139210741 -30.950865192367587 2
    endloop
  endfacet
  facet normal -0.8646336168614386 -0.05667108131556325 -0.49919645144535235
    outer loop
      vertex -1.9542124051813714 -30.5 2
      vertex -1.825878449210181 -30.5 1.7777190679215913
      vertex -1.7974250980233313 -30.934114249762132 1.7777190679215913
    endloop
  endfacet
  facet normal -0.8498394959552122 -0.169043586033185 -0.49919645144535224
    outer loop
      vertex -1.924661139210741 -30.950865192367587 2
      vertex -1.7974250980233313 -30.934114249762132 1.7777190679215913
      vertex -1.7125518891903493 -31.36080068435163 1.7777190679215913
    endloop
  endfacet
  facet normal -0.849839495955213 -0.1690435860331862 -0.49919645144535063
    outer loop
      vertex -1.924661139210741 -30.950865192367587 2
      vertex -1.7125518891903493 -31.36080068435163 1.7777190679215913
      vertex -1.8365129716527662 -31.39401595629032 2
    endloop
  endfacet
  facet normal -0.8205043856531692 -0.2785237081260427 -0.4991964514453548
    outer loop
      vertex -1.8365129716527662 -31.39401595629032 2
      vertex -1.5727110268456652 -31.772758580572834 1.7777190679215913
      vertex -1.6912761420936528 -31.82186985933288 2
    endloop
  endfacet
  facet normal -0.8205043856531707 -0.27852370812604665 -0.4991964514453499
    outer loop
      vertex -1.8365129716527662 -31.39401595629032 2
      vertex -1.7125518891903493 -31.36080068435163 1.7777190679215913
      vertex -1.5727110268456652 -31.772758580572834 1.7777190679215913
    endloop
  endfacet
  facet normal -0.7771302178258057 -0.38323821235150524 -0.4991964514453587
    outer loop
      vertex -1.6912761420936528 -31.82186985933288 2
      vertex -1.3802952269152096 -32.16293922460509 1.7777190679215913
      vertex -1.4914356929544141 -32.22710620259069 2
    endloop
  endfacet
  facet normal -0.7771302178258064 -0.3832382123515078 -0.49919645144535574
    outer loop
      vertex -1.6912761420936528 -31.82186985933288 2
      vertex -1.5727110268456652 -31.772758580572834 1.7777190679215913
      vertex -1.3802952269152096 -32.16293922460509 1.7777190679215913
    endloop
  endfacet
  facet normal -0.7204591365102434 -0.48139540450993235 -0.49919645144535335
    outer loop
      vertex -1.4914356929544141 -32.22710620259069 2
      vertex -1.1385967770835301 -32.5246665174505 1.7777190679215913
      vertex -1.2404109497260625 -32.60279127987786 2
    endloop
  endfacet
  facet normal -0.6514607996199845 -0.5713157878291701 -0.4991964514453453
    outer loop
      vertex -1.2404109497260625 -32.60279127987786 2
      vertex -0.8517512048387177 -32.85175120483872 1.7777190679215913
      vertex -0.9424970153624421 -32.94249701536244 2
    endloop
  endfacet
  facet normal -0.7204591365102426 -0.48139540450992624 -0.4991964514453605
    outer loop
      vertex -1.4914356929544141 -32.22710620259069 2
      vertex -1.3802952269152096 -32.16293922460509 1.7777190679215913
      vertex -1.1385967770835301 -32.5246665174505 1.7777190679215913
    endloop
  endfacet
  facet normal -0.6514607996199846 -0.5713157878291629 -0.4991964514453536
    outer loop
      vertex -1.2404109497260625 -32.60279127987786 2
      vertex -1.1385967770835301 -32.5246665174505 1.7777190679215913
      vertex -0.8517512048387177 -32.85175120483872 1.7777190679215913
    endloop
  endfacet
  facet normal -0.5713157878291628 -0.6514607996199919 -0.49919645144534414
    outer loop
      vertex -0.9424970153624421 -32.94249701536244 2
      vertex -0.8517512048387177 -32.85175120483872 1.7777190679215913
      vertex -0.5246665174504974 -33.13859677708353 1.7777190679215913
    endloop
  endfacet
  facet normal -0.5713157878291643 -0.6514607996199812 -0.4991964514453564
    outer loop
      vertex -0.9424970153624421 -32.94249701536244 2
      vertex -0.5246665174504974 -33.13859677708353 1.7777190679215913
      vertex -0.6027912798778615 -33.24041094972606 2
    endloop
  endfacet
  facet normal -0.48139540450992857 -0.7204591365102502 -0.49919645144534736
    outer loop
      vertex -0.6027912798778615 -33.24041094972606 2
      vertex -0.1629392246050907 -33.38029522691521 1.7777190679215913
      vertex -0.2271062025906858 -33.49143569295441 2
    endloop
  endfacet
  facet normal -0.4813954045099308 -0.720459136510242 -0.4991964514453569
    outer loop
      vertex -0.6027912798778615 -33.24041094972606 2
      vertex -0.5246665174504974 -33.13859677708353 1.7777190679215913
      vertex -0.1629392246050907 -33.38029522691521 1.7777190679215913
    endloop
  endfacet
  facet normal -0.38323821235151695 -0.7771302178258013 -0.49919645144535674
    outer loop
      vertex -0.2271062025906858 -33.49143569295441 2
      vertex 0.22724141942716614 -33.57271102684567 1.7777190679215913
      vertex 0.17813014066712046 -33.691276142093656 2
    endloop
  endfacet
  facet normal -0.2785237081260413 -0.8205043856531744 -0.499196451445347
    outer loop
      vertex 0.17813014066712046 -33.691276142093656 2
      vertex 0.6391993156483684 -33.71255188919035 1.7777190679215913
      vertex 0.6059840437096761 -33.836512971652766 2
    endloop
  endfacet
  facet normal -0.38323821235151356 -0.777130217825809 -0.4991964514453471
    outer loop
      vertex -0.2271062025906858 -33.49143569295441 2
      vertex -0.1629392246050907 -33.38029522691521 1.7777190679215913
      vertex 0.22724141942716614 -33.57271102684567 1.7777190679215913
    endloop
  endfacet
  facet normal -0.2785237081260459 -0.8205043856531666 -0.49919645144535724
    outer loop
      vertex 0.17813014066712046 -33.691276142093656 2
      vertex 0.22724141942716614 -33.57271102684567 1.7777190679215913
      vertex 0.6391993156483684 -33.71255188919035 1.7777190679215913
    endloop
  endfacet
  facet normal -0.16904358603318684 -0.849839495955213 -0.4991964514453504
    outer loop
      vertex 0.6059840437096761 -33.836512971652766 2
      vertex 1.065885750237865 -33.79742509802333 1.7777190679215913
      vertex 1.0491348076324096 -33.92466113921074 2
    endloop
  endfacet
  facet normal -0.16904358603318478 -0.8498394959552157 -0.49919645144534663
    outer loop
      vertex 0.6059840437096761 -33.836512971652766 2
      vertex 0.6391993156483684 -33.71255188919035 1.7777190679215913
      vertex 1.065885750237865 -33.79742509802333 1.7777190679215913
    endloop
  endfacet
  facet normal -0.0566710813155651 -0.8646336168614336 -0.4991964514453607
    outer loop
      vertex 1.0491348076324096 -33.92466113921074 2
      vertex 1.5 -33.82587844921018 1.7777190679215913
      vertex 1.5 -33.95421240518137 2
    endloop
  endfacet
  facet normal -0.05667108131555854 -0.8646336168614399 -0.49919645144535024
    outer loop
      vertex 1.0491348076324096 -33.92466113921074 2
      vertex 1.065885750237865 -33.79742509802333 1.7777190679215913
      vertex 1.5 -33.82587844921018 1.7777190679215913
    endloop
  endfacet
  facet normal -0.7922829328905977 -0.05192896695106337 -0.6079400765220764
    outer loop
      vertex -1.825878449210181 -30.5 1.7777190679215913
      vertex -1.5073592299159095 -30.5 1.3626167395997228
      vertex -1.7974250980233313 -30.934114249762132 1.7777190679215913
    endloop
  endfacet
  facet normal -0.7787267522465121 -0.1548983818312247 -0.6079400765220758
    outer loop
      vertex -1.7974250980233313 -30.934114249762132 1.7777190679215913
      vertex -1.481630854805228 -30.89253914891875 1.3626167395997228
      vertex -1.7125518891903493 -31.36080068435163 1.7777190679215913
    endloop
  endfacet
  facet normal -0.7518463409676435 -0.2552174424523125 -0.6079400765220749
    outer loop
      vertex -1.7125518891903493 -31.36080068435163 1.7777190679215913
      vertex -1.2784376394282138 -31.650866552459057 1.3626167395997228
      vertex -1.5727110268456652 -31.772758580572834 1.7777190679215913
    endloop
  endfacet
  facet normal -0.7922829328905977 -0.05192896695106321 -0.6079400765220764
    outer loop
      vertex -1.7974250980233313 -30.934114249762132 1.7777190679215913
      vertex -1.5073592299159095 -30.5 1.3626167395997228
      vertex -1.481630854805228 -30.89253914891875 1.3626167395997228
    endloop
  endfacet
  facet normal -0.778726752246511 -0.1548983818312262 -0.607940076522077
    outer loop
      vertex -1.7125518891903493 -31.36080068435163 1.7777190679215913
      vertex -1.481630854805228 -30.89253914891875 1.3626167395997228
      vertex -1.4048859491045809 -31.278361844167087 1.3626167395997228
    endloop
  endfacet
  facet normal -0.7518463409676431 -0.255217442452309 -0.6079400765220772
    outer loop
      vertex -1.7125518891903493 -31.36080068435163 1.7777190679215913
      vertex -1.4048859491045809 -31.278361844167087 1.3626167395997228
      vertex -1.2784376394282138 -31.650866552459057 1.3626167395997228
    endloop
  endfacet
  facet normal -0.7063485793639763 -0.04629653184613953 -0.7063485793639792
    outer loop
      vertex -1.5073592299159095 -30.5 1.3626167395997228
      vertex -1.1148200809971591 -30.844247594404955 0.9926407700840905
      vertex -1.481630854805228 -30.89253914891875 1.3626167395997228
    endloop
  endfacet
  facet normal -0.6942627593342349 -0.1380974490427067 -0.7063485793639789
    outer loop
      vertex -1.481630854805228 -30.89253914891875 1.3626167395997228
      vertex -1.1148200809971591 -30.844247594404955 0.9926407700840905
      vertex -1.4048859491045809 -31.278361844167087 1.3626167395997228
    endloop
  endfacet
  facet normal -0.6702979110062812 -0.22753548059830334 -0.7063485793639813
    outer loop
      vertex -1.4048859491045809 -31.278361844167087 1.3626167395997228
      vertex -0.9366244136716997 -31.509282878552206 0.9926407700840905
      vertex -1.2784376394282138 -31.650866552459057 1.3626167395997228
    endloop
  endfacet
  facet normal -0.7121016303436317 -0.3511696618733969 -0.6079400765220745
    outer loop
      vertex -1.5727110268456652 -31.772758580572834 1.7777190679215913
      vertex -1.2784376394282138 -31.650866552459057 1.3626167395997228
      vertex -1.3802952269152096 -32.16293922460509 1.7777190679215913
    endloop
  endfacet
  facet normal -0.6601726633925683 -0.4411132710172003 -0.6079400765220768
    outer loop
      vertex -1.3802952269152096 -32.16293922460509 1.7777190679215913
      vertex -0.8858984905094633 -32.330764302346175 1.3626167395997228
      vertex -1.1385967770835301 -32.5246665174505 1.7777190679215913
    endloop
  endfacet
  facet normal -0.596947959136418 -0.5235093097941967 -0.6079400765220773
    outer loop
      vertex -1.1385967770835301 -32.5246665174505 1.7777190679215913
      vertex -0.6265241049374932 -32.626524104937495 1.3626167395997228
      vertex -0.8517512048387177 -32.85175120483872 1.7777190679215913
    endloop
  endfacet
  facet normal -0.7121016303436281 -0.35116966187339965 -0.6079400765220772
    outer loop
      vertex -1.3802952269152096 -32.16293922460509 1.7777190679215913
      vertex -1.2784376394282138 -31.650866552459057 1.3626167395997228
      vertex -1.104449491412784 -32.00367961495795 1.3626167395997228
    endloop
  endfacet
  facet normal -0.6601726633925684 -0.44111327101719977 -0.607940076522077
    outer loop
      vertex -1.3802952269152096 -32.16293922460509 1.7777190679215913
      vertex -1.104449491412784 -32.00367961495795 1.3626167395997228
      vertex -0.8858984905094633 -32.330764302346175 1.3626167395997228
    endloop
  endfacet
  facet normal -0.5969479591364178 -0.5235093097941971 -0.607940076522077
    outer loop
      vertex -1.1385967770835301 -32.5246665174505 1.7777190679215913
      vertex -0.8858984905094633 -32.330764302346175 1.3626167395997228
      vertex -0.6265241049374932 -32.626524104937495 1.3626167395997228
    endloop
  endfacet
  facet normal -0.5235093097941933 -0.5969479591364211 -0.6079400765220773
    outer loop
      vertex -0.8517512048387177 -32.85175120483872 1.7777190679215913
      vertex -0.6265241049374932 -32.626524104937495 1.3626167395997228
      vertex -0.5246665174504974 -33.13859677708353 1.7777190679215913
    endloop
  endfacet
  facet normal -0.4411132710172039 -0.6601726633925667 -0.6079400765220759
    outer loop
      vertex -0.5246665174504974 -33.13859677708353 1.7777190679215913
      vertex -0.33076430234617504 -32.88589849050946 1.3626167395997228
      vertex -0.1629392246050907 -33.38029522691521 1.7777190679215913
    endloop
  endfacet
  facet normal -0.3511696618734006 -0.7121016303436313 -0.6079400765220727
    outer loop
      vertex -0.1629392246050907 -33.38029522691521 1.7777190679215913
      vertex -0.003679614957954769 -33.10444949141279 1.3626167395997228
      vertex 0.22724141942716614 -33.57271102684567 1.7777190679215913
    endloop
  endfacet
  facet normal -0.5235093097941954 -0.5969479591364205 -0.607940076522076
    outer loop
      vertex -0.5246665174504974 -33.13859677708353 1.7777190679215913
      vertex -0.6265241049374932 -32.626524104937495 1.3626167395997228
      vertex -0.33076430234617504 -32.88589849050946 1.3626167395997228
    endloop
  endfacet
  facet normal -0.4411132710172095 -0.660172663392566 -0.6079400765220727
    outer loop
      vertex -0.1629392246050907 -33.38029522691521 1.7777190679215913
      vertex -0.33076430234617504 -32.88589849050946 1.3626167395997228
      vertex -0.003679614957954769 -33.10444949141279 1.3626167395997228
    endloop
  endfacet
  facet normal -0.3511696618733871 -0.7121016303436314 -0.6079400765220805
    outer loop
      vertex 0.22724141942716614 -33.57271102684567 1.7777190679215913
      vertex -0.003679614957954769 -33.10444949141279 1.3626167395997228
      vertex 0.34913344754094666 -33.27843763942821 1.3626167395997228
    endloop
  endfacet
  facet normal -0.25521744245231565 -0.751846340967638 -0.6079400765220806
    outer loop
      vertex 0.22724141942716614 -33.57271102684567 1.7777190679215913
      vertex 0.34913344754094666 -33.27843763942821 1.3626167395997228
      vertex 0.7216381558329124 -33.40488594910458 1.3626167395997228
    endloop
  endfacet
  facet normal -0.6348640795793192 -0.3130803169961196 -0.7063485793639803
    outer loop
      vertex -1.2784376394282138 -31.650866552459057 1.3626167395997228
      vertex -0.7840409030224675 -31.818691630200135 0.9926407700840905
      vertex -1.104449491412784 -32.00367961495795 1.3626167395997228
    endloop
  endfacet
  facet normal -0.5885675477331829 -0.3932682623678579 -0.7063485793639803
    outer loop
      vertex -1.104449491412784 -32.00367961495795 1.3626167395997228
      vertex -0.7840409030224675 -31.818691630200135 0.9926407700840905
      vertex -0.8858984905094633 -32.330764302346175 1.3626167395997228
    endloop
  endfacet
  facet normal -0.5322004619635774 -0.46672727873592634 -0.7063485793639792
    outer loop
      vertex -0.8858984905094633 -32.330764302346175 1.3626167395997228
      vertex -0.3649115880169207 -32.36491158801692 0.9926407700840905
      vertex -0.6265241049374932 -32.626524104937495 1.3626167395997228
    endloop
  endfacet
  facet normal -0.46672727873592473 -0.5322004619635797 -0.7063485793639787
    outer loop
      vertex -0.6265241049374932 -32.626524104937495 1.3626167395997228
      vertex -0.10553720244495057 -32.59237681926675 0.9926407700840905
      vertex -0.33076430234617504 -32.88589849050946 1.3626167395997228
    endloop
  endfacet
  facet normal -0.3932682623678659 -0.5885675477331797 -0.7063485793639784
    outer loop
      vertex -0.33076430234617504 -32.88589849050946 1.3626167395997228
      vertex -0.10553720244495057 -32.59237681926675 0.9926407700840905
      vertex -0.003679614957954769 -33.10444949141279 1.3626167395997228
    endloop
  endfacet
  facet normal -0.3130803169961109 -0.6348640795793274 -0.7063485793639767
    outer loop
      vertex -0.003679614957954769 -33.10444949141279 1.3626167395997228
      vertex 0.49071712144779145 -32.9366244136717 0.9926407700840905
      vertex 0.34913344754094666 -33.27843763942821 1.3626167395997228
    endloop
  endfacet
  facet normal -0.2552174424523123 -0.7518463409676414 -0.6079400765220779
    outer loop
      vertex 0.22724141942716614 -33.57271102684567 1.7777190679215913
      vertex 0.7216381558329124 -33.40488594910458 1.3626167395997228
      vertex 0.6391993156483684 -33.71255188919035 1.7777190679215913
    endloop
  endfacet
  facet normal -0.1548983818312236 -0.7787267522465107 -0.6079400765220778
    outer loop
      vertex 0.6391993156483684 -33.71255188919035 1.7777190679215913
      vertex 0.7216381558329124 -33.40488594910458 1.3626167395997228
      vertex 1.065885750237865 -33.79742509802333 1.7777190679215913
    endloop
  endfacet
  facet normal -0.05192896695105872 -0.7922829328905943 -0.6079400765220813
    outer loop
      vertex 1.065885750237865 -33.79742509802333 1.7777190679215913
      vertex 1.1074608510812496 -33.481630854805225 1.3626167395997228
      vertex 1.5 -33.82587844921018 1.7777190679215913
    endloop
  endfacet
  facet normal -0.15489838183121737 -0.7787267522465091 -0.6079400765220815
    outer loop
      vertex 1.065885750237865 -33.79742509802333 1.7777190679215913
      vertex 0.7216381558329124 -33.40488594910458 1.3626167395997228
      vertex 1.1074608510812496 -33.481630854805225 1.3626167395997228
    endloop
  endfacet
  facet normal -0.051928966951062264 -0.7922829328905956 -0.6079400765220792
    outer loop
      vertex 1.5 -33.82587844921018 1.7777190679215913
      vertex 1.1074608510812496 -33.481630854805225 1.3626167395997228
      vertex 1.5 -33.507359229915906 1.3626167395997228
    endloop
  endfacet
  facet normal -0.22753548059831047 -0.6702979110062802 -0.7063485793639801
    outer loop
      vertex 0.34913344754094666 -33.27843763942821 1.3626167395997228
      vertex 0.8173949829738278 -33.04751660504309 0.9926407700840905
      vertex 0.7216381558329124 -33.40488594910458 1.3626167395997228
    endloop
  endfacet
  facet normal -0.13809744904270055 -0.6942627593342418 -0.7063485793639733
    outer loop
      vertex 0.7216381558329124 -33.40488594910458 1.3626167395997228
      vertex 1.1557524055950474 -33.11482008099716 0.9926407700840905
      vertex 1.1074608510812496 -33.481630854805225 1.3626167395997228
    endloop
  endfacet
  facet normal -0.04629653184613906 -0.7063485793639812 -0.7063485793639744
    outer loop
      vertex 1.1074608510812496 -33.481630854805225 1.3626167395997228
      vertex 1.5 -33.13738326040028 0.9926407700840905
      vertex 1.5 -33.507359229915906 1.3626167395997228
    endloop
  endfacet
  facet normal -0.6942627593342336 -0.1380974490427083 -0.7063485793639798
    outer loop
      vertex -1.4048859491045809 -31.278361844167087 1.3626167395997228
      vertex -1.1148200809971591 -30.844247594404955 0.9926407700840905
      vertex -1.0475166050430929 -31.18260501702617 0.9926407700840905
    endloop
  endfacet
  facet normal -0.6702979110062816 -0.2275354805983062 -0.70634857936398
    outer loop
      vertex -1.4048859491045809 -31.278361844167087 1.3626167395997228
      vertex -1.0475166050430929 -31.18260501702617 0.9926407700840905
      vertex -0.9366244136716997 -31.509282878552206 0.9926407700840905
    endloop
  endfacet
  facet normal -0.6348640795793191 -0.3130803169961155 -0.7063485793639821
    outer loop
      vertex -1.2784376394282138 -31.650866552459057 1.3626167395997228
      vertex -0.9366244136716997 -31.509282878552206 0.9926407700840905
      vertex -0.7840409030224675 -31.818691630200135 0.9926407700840905
    endloop
  endfacet
  facet normal -0.6082774216426015 -0.03986860856678063 -0.79272256961107
    outer loop
      vertex -1.1373832604002754 -30.5 0.9926407700840905
      vertex -0.7222809320784087 -30.5 0.6741215507898204
      vertex -1.1148200809971591 -30.844247594404955 0.9926407700840905
    endloop
  endfacet
  facet normal -0.5978696263119345 -0.11892366275410014 -0.7927225696110695
    outer loop
      vertex -1.1148200809971591 -30.844247594404955 0.9926407700840905
      vertex -0.6465585455642779 -31.075168628790074 0.6741215507898204
      vertex -1.0475166050430929 -31.18260501702617 0.9926407700840905
    endloop
  endfacet
  facet normal -0.5772321159142946 -0.19594390009982507 -0.7927225696110691
    outer loop
      vertex -1.0475166050430929 -31.18260501702617 0.9926407700840905
      vertex -0.6465585455642779 -31.075168628790074 0.6741215507898204
      vertex -0.9366244136716997 -31.509282878552206 0.9926407700840905
    endloop
  endfacet
  facet normal -0.5467180039743817 -0.269611482988931 -0.7927225696110697
    outer loop
      vertex -0.9366244136716997 -31.509282878552206 0.9926407700840905
      vertex -0.42455174152566233 -31.611140466039203 0.6741215507898204
      vertex -0.7840409030224675 -31.818691630200135 0.9926407700840905
    endloop
  endfacet
  facet normal -0.6082774216426008 -0.039868608566781594 -0.7927225696110703
    outer loop
      vertex -1.1148200809971591 -30.844247594404955 0.9926407700840905
      vertex -0.7222809320784087 -30.5 0.6741215507898204
      vertex -0.7032690106381398 -30.79006586810742 0.6741215507898204
    endloop
  endfacet
  facet normal -0.5978696263119335 -0.11892366275409604 -0.7927225696110709
    outer loop
      vertex -1.1148200809971591 -30.844247594404955 0.9926407700840905
      vertex -0.7032690106381398 -30.79006586810742 0.6741215507898204
      vertex -0.6465585455642779 -31.075168628790074 0.6741215507898204
    endloop
  endfacet
  facet normal -0.5772321159142929 -0.19594390009982673 -0.7927225696110699
    outer loop
      vertex -0.9366244136716997 -31.509282878552206 0.9926407700840905
      vertex -0.6465585455642779 -31.075168628790074 0.6741215507898204
      vertex -0.5531198686373466 -31.350430094767255 0.6741215507898204
    endloop
  endfacet
  facet normal -0.5467180039743817 -0.26961148298893106 -0.7927225696110697
    outer loop
      vertex -0.9366244136716997 -31.509282878552206 0.9926407700840905
      vertex -0.5531198686373466 -31.350430094767255 0.6741215507898204
      vertex -0.42455174152566233 -31.611140466039203 0.6741215507898204
    endloop
  endfacet
  facet normal -0.4997317194830218 -0.032754147373531266 -0.8655607282983532
    outer loop
      vertex -0.7222809320784087 -30.5 0.6741215507898204
      vertex -0.2691547608760052 -30.5 0.41250903386924875
      vertex -0.7032690106381398 -30.79006586810742 0.6741215507898204
    endloop
  endfacet
  facet normal -0.4911811712108596 -0.0977020095778634 -0.8655607282983531
    outer loop
      vertex -0.7032690106381398 -30.79006586810742 0.6741215507898204
      vertex -0.25401939664552753 -30.73092103438512 0.41250903386924875
      vertex -0.6465585455642779 -31.075168628790074 0.6741215507898204
    endloop
  endfacet
  facet normal -0.47422637691813063 -0.16097816331020975 -0.8655607282983526
    outer loop
      vertex -0.6465585455642779 -31.075168628790074 0.6741215507898204
      vertex -0.13448587341824103 -31.17702621627707 0.41250903386924875
      vertex -0.5531198686373466 -31.350430094767255 0.6741215507898204
    endloop
  endfacet
  facet normal -0.4491574378359416 -0.22149993603673457 -0.8655607282983527
    outer loop
      vertex -0.5531198686373466 -31.350430094767255 0.6741215507898204
      vertex -0.03213296614480399 -31.384577380438003 0.41250903386924875
      vertex -0.42455174152566233 -31.611140466039203 0.6741215507898204
    endloop
  endfacet
  facet normal -0.41640329046241203 -0.2782317834462869 -0.8655607282983527
    outer loop
      vertex -0.42455174152566233 -31.611140466039203 0.6741215507898204
      vertex -0.03213296614480399 -31.384577380438003 0.41250903386924875
      vertex -0.2630540005299249 -31.852838915870883 0.6741215507898204
    endloop
  endfacet
  facet normal -0.588567547733184 -0.3932682623678573 -0.7063485793639797
    outer loop
      vertex -0.8858984905094633 -32.330764302346175 1.3626167395997228
      vertex -0.7840409030224675 -31.818691630200135 0.9926407700840905
      vertex -0.5923768192667471 -32.10553720244495 0.9926407700840905
    endloop
  endfacet
  facet normal -0.532200461963578 -0.4667272787359245 -0.7063485793639801
    outer loop
      vertex -0.8858984905094633 -32.330764302346175 1.3626167395997228
      vertex -0.5923768192667471 -32.10553720244495 0.9926407700840905
      vertex -0.3649115880169207 -32.36491158801692 0.9926407700840905
    endloop
  endfacet
  facet normal -0.4667272787359252 -0.5322004619635786 -0.7063485793639791
    outer loop
      vertex -0.6265241049374932 -32.626524104937495 1.3626167395997228
      vertex -0.3649115880169207 -32.36491158801692 0.9926407700840905
      vertex -0.10553720244495057 -32.59237681926675 0.9926407700840905
    endloop
  endfacet
  facet normal -0.39326826236785345 -0.5885675477331812 -0.7063485793639841
    outer loop
      vertex -0.003679614957954769 -33.10444949141279 1.3626167395997228
      vertex -0.10553720244495057 -32.59237681926675 0.9926407700840905
      vertex 0.1813083697998623 -32.784040903022465 0.9926407700840905
    endloop
  endfacet
  facet normal -0.5068493954076024 -0.3386659386536689 -0.7927225696110698
    outer loop
      vertex -0.42455174152566233 -31.611140466039203 0.6741215507898204
      vertex -0.5923768192667471 -32.10553720244495 0.9926407700840905
      vertex -0.7840409030224675 -31.818691630200135 0.9926407700840905
    endloop
  endfacet
  facet normal -0.45830845316019725 -0.40192572621210676 -0.7927225696110701
    outer loop
      vertex -0.5923768192667471 -32.10553720244495 0.9926407700840905
      vertex -0.2630540005299249 -31.852838915870883 0.6741215507898204
      vertex -0.3649115880169207 -32.36491158801692 0.9926407700840905
    endloop
  endfacet
  facet normal -0.40192572621210765 -0.4583084531601982 -0.7927225696110691
    outer loop
      vertex -0.3649115880169207 -32.36491158801692 0.9926407700840905
      vertex 0.14716108412911622 -32.26305400052993 0.6741215507898204
      vertex -0.10553720244495057 -32.59237681926675 0.9926407700840905
    endloop
  endfacet
  facet normal -0.33866593865366834 -0.5068493954076042 -0.7927225696110688
    outer loop
      vertex -0.10553720244495057 -32.59237681926675 0.9926407700840905
      vertex 0.14716108412911622 -32.26305400052993 0.6741215507898204
      vertex 0.1813083697998623 -32.784040903022465 0.9926407700840905
    endloop
  endfacet
  facet normal -0.26961148298893634 -0.5467180039743766 -0.7927225696110715
    outer loop
      vertex 0.1813083697998623 -32.784040903022465 0.9926407700840905
      vertex 0.6495699052327435 -32.553119868637346 0.6741215507898204
      vertex 0.49071712144779145 -32.9366244136717 0.9926407700840905
    endloop
  endfacet
  facet normal -0.31308031699612165 -0.6348640795793132 -0.7063485793639845
    outer loop
      vertex -0.003679614957954769 -33.10444949141279 1.3626167395997228
      vertex 0.1813083697998623 -32.784040903022465 0.9926407700840905
      vertex 0.49071712144779145 -32.9366244136717 0.9926407700840905
    endloop
  endfacet
  facet normal -0.5068493954076018 -0.3386659386536693 -0.7927225696110699
    outer loop
      vertex -0.42455174152566233 -31.611140466039203 0.6741215507898204
      vertex -0.2630540005299249 -31.852838915870883 0.6741215507898204
      vertex -0.5923768192667471 -32.10553720244495 0.9926407700840905
    endloop
  endfacet
  facet normal -0.45830845316019014 -0.4019257262121098 -0.7927225696110728
    outer loop
      vertex -0.3649115880169207 -32.36491158801692 0.9926407700840905
      vertex -0.2630540005299249 -31.852838915870883 0.6741215507898204
      vertex -0.07138991677420403 -32.0713899167742 0.6741215507898204
    endloop
  endfacet
  facet normal -0.40192572621211237 -0.45830845316018715 -0.7927225696110731
    outer loop
      vertex -0.3649115880169207 -32.36491158801692 0.9926407700840905
      vertex -0.07138991677420403 -32.0713899167742 0.6741215507898204
      vertex 0.14716108412911622 -32.26305400052993 0.6741215507898204
    endloop
  endfacet
  facet normal -0.3386659386536673 -0.5068493954076043 -0.792722569611069
    outer loop
      vertex 0.1813083697998623 -32.784040903022465 0.9926407700840905
      vertex 0.14716108412911622 -32.26305400052993 0.6741215507898204
      vertex 0.38885953396079564 -32.42455174152566 0.6741215507898204
    endloop
  endfacet
  facet normal -0.26961148298893145 -0.5467180039743827 -0.7927225696110689
    outer loop
      vertex 0.1813083697998623 -32.784040903022465 0.9926407700840905
      vertex 0.38885953396079564 -32.42455174152566 0.6741215507898204
      vertex 0.6495699052327435 -32.553119868637346 0.6741215507898204
    endloop
  endfacet
  facet normal -0.37652436734026484 -0.33020300790065477 -0.8655607282983518
    outer loop
      vertex -0.2630540005299249 -31.852838915870883 0.6741215507898204
      vertex 0.09643516096687987 -31.57699318036846 0.41250903386924875
      vertex -0.07138991677420403 -32.0713899167742 0.6741215507898204
    endloop
  endfacet
  facet normal -0.3302030079006567 -0.3765243673402622 -0.8655607282983523
    outer loop
      vertex -0.07138991677420403 -32.0713899167742 0.6741215507898204
      vertex 0.4230068196315413 -31.903564839033123 0.41250903386924875
      vertex 0.14716108412911622 -32.26305400052993 0.6741215507898204
    endloop
  endfacet
  facet normal -0.2782317834462851 -0.41640329046241387 -0.8655607282983523
    outer loop
      vertex 0.14716108412911622 -32.26305400052993 0.6741215507898204
      vertex 0.4230068196315413 -31.903564839033123 0.41250903386924875
      vertex 0.38885953396079564 -32.42455174152566 0.6741215507898204
    endloop
  endfacet
  facet normal -0.22753548059830428 -0.6702979110062863 -0.7063485793639762
    outer loop
      vertex 0.34913344754094666 -33.27843763942821 1.3626167395997228
      vertex 0.49071712144779145 -32.9366244136717 0.9926407700840905
      vertex 0.8173949829738278 -33.04751660504309 0.9926407700840905
    endloop
  endfacet
  facet normal -0.13809744904271315 -0.6942627593342321 -0.7063485793639804
    outer loop
      vertex 0.7216381558329124 -33.40488594910458 1.3626167395997228
      vertex 0.8173949829738278 -33.04751660504309 0.9926407700840905
      vertex 1.1557524055950474 -33.11482008099716 0.9926407700840905
    endloop
  endfacet
  facet normal -0.04629653184613591 -0.7063485793639831 -0.7063485793639729
    outer loop
      vertex 1.1074608510812496 -33.481630854805225 1.3626167395997228
      vertex 1.1557524055950474 -33.11482008099716 0.9926407700840905
      vertex 1.5 -33.13738326040028 0.9926407700840905
    endloop
  endfacet
  facet normal -0.19594390009982113 -0.5772321159142922 -0.7927225696110718
    outer loop
      vertex 0.49071712144779145 -32.9366244136717 0.9926407700840905
      vertex 0.6495699052327435 -32.553119868637346 0.6741215507898204
      vertex 0.8173949829738278 -33.04751660504309 0.9926407700840905
    endloop
  endfacet
  facet normal -0.1189236627541039 -0.5978696263119305 -0.792722569611072
    outer loop
      vertex 0.8173949829738278 -33.04751660504309 0.9926407700840905
      vertex 0.9248313712099265 -32.646558545564275 0.6741215507898204
      vertex 1.1557524055950474 -33.11482008099716 0.9926407700840905
    endloop
  endfacet
  facet normal -0.03986860856677744 -0.6082774216425967 -0.7927225696110738
    outer loop
      vertex 1.1557524055950474 -33.11482008099716 0.9926407700840905
      vertex 1.5 -32.722280932078405 0.6741215507898204
      vertex 1.5 -33.13738326040028 0.9926407700840905
    endloop
  endfacet
  facet normal -0.1959439000998211 -0.5772321159142922 -0.7927225696110718
    outer loop
      vertex 0.8173949829738278 -33.04751660504309 0.9926407700840905
      vertex 0.6495699052327435 -32.553119868637346 0.6741215507898204
      vertex 0.9248313712099265 -32.646558545564275 0.6741215507898204
    endloop
  endfacet
  facet normal -0.11892366275409828 -0.597869626311929 -0.7927225696110739
    outer loop
      vertex 1.1557524055950474 -33.11482008099716 0.9926407700840905
      vertex 0.9248313712099265 -32.646558545564275 0.6741215507898204
      vertex 1.2099341318925783 -32.70326901063814 0.6741215507898204
    endloop
  endfacet
  facet normal -0.22149993603673507 -0.4491574378359426 -0.8655607282983521
    outer loop
      vertex 0.38885953396079564 -32.42455174152566 0.6741215507898204
      vertex 0.8229737837229307 -32.13448587341824 0.41250903386924875
      vertex 0.6495699052327435 -32.553119868637346 0.6741215507898204
    endloop
  endfacet
  facet normal -0.1609781633102062 -0.47422637691813296 -0.865560728298352
    outer loop
      vertex 0.6495699052327435 -32.553119868637346 0.6741215507898204
      vertex 0.8229737837229307 -32.13448587341824 0.41250903386924875
      vertex 0.9248313712099265 -32.646558545564275 0.6741215507898204
    endloop
  endfacet
  facet normal -0.09770200957786572 -0.49118117121085825 -0.8655607282983536
    outer loop
      vertex 0.9248313712099265 -32.646558545564275 0.6741215507898204
      vertex 1.042109054151494 -32.20887227423239 0.41250903386924875
      vertex 1.2099341318925783 -32.70326901063814 0.6741215507898204
    endloop
  endfacet
  facet normal -0.03275414737352815 -0.4997317194830255 -0.8655607282983511
    outer loop
      vertex 1.2099341318925783 -32.70326901063814 0.6741215507898204
      vertex 1.5 -32.269154760876006 0.41250903386924875
      vertex 1.5 -32.722280932078405 0.6741215507898204
    endloop
  endfacet
  facet normal -0.0398686085667773 -0.6082774216425966 -0.7927225696110738
    outer loop
      vertex 1.1557524055950474 -33.11482008099716 0.9926407700840905
      vertex 1.2099341318925783 -32.70326901063814 0.6741215507898204
      vertex 1.5 -32.722280932078405 0.6741215507898204
    endloop
  endfacet
  facet normal -0.49973171948302186 -0.03275414737353117 -0.8655607282983531
    outer loop
      vertex -0.7032690106381398 -30.79006586810742 0.6741215507898204
      vertex -0.2691547608760052 -30.5 0.41250903386924875
      vertex -0.25401939664552753 -30.73092103438512 0.41250903386924875
    endloop
  endfacet
  facet normal -0.49118117121085886 -0.09770200957786432 -0.8655607282983533
    outer loop
      vertex -0.6465585455642779 -31.075168628790074 0.6741215507898204
      vertex -0.25401939664552753 -30.73092103438512 0.41250903386924875
      vertex -0.20887227423239452 -30.957890945848504 0.41250903386924875
    endloop
  endfacet
  facet normal -0.47422637691813024 -0.1609781633102058 -0.8655607282983535
    outer loop
      vertex -0.6465585455642779 -31.075168628790074 0.6741215507898204
      vertex -0.20887227423239452 -30.957890945848504 0.41250903386924875
      vertex -0.13448587341824103 -31.17702621627707 0.41250903386924875
    endloop
  endfacet
  facet normal -0.4491574378359415 -0.22149993603673637 -0.8655607282983523
    outer loop
      vertex -0.5531198686373466 -31.350430094767255 0.6741215507898204
      vertex -0.13448587341824103 -31.17702621627707 0.41250903386924875
      vertex -0.03213296614480399 -31.384577380438003 0.41250903386924875
    endloop
  endfacet
  facet normal -0.4164032904624141 -0.2782317834462856 -0.8655607282983521
    outer loop
      vertex -0.2630540005299249 -31.852838915870883 0.6741215507898204
      vertex -0.03213296614480399 -31.384577380438003 0.41250903386924875
      vertex 0.09643516096687987 -31.57699318036846 0.41250903386924875
    endloop
  endfacet
  facet normal -0.38256311096124984 -0.02507451103777099 -0.9235890509462892
    outer loop
      vertex -0.2691547608760052 -30.5 0.41250903386924875
      vertex 0.225241975529741 -30.667825077741085 0.21227948201957858
      vertex -0.25401939664552753 -30.73092103438512 0.41250903386924875
    endloop
  endfacet
  facet normal -0.37601735006617054 -0.07479450127748707 -0.9235890509462891
    outer loop
      vertex -0.25401939664552753 -30.73092103438512 0.41250903386924875
      vertex 0.225241975529741 -30.667825077741085 0.21227948201957858
      vertex -0.20887227423239452 -30.957890945848504 0.41250903386924875
    endloop
  endfacet
  facet normal -0.36303782805975376 -0.12323473686339186 -0.9235890509462892
    outer loop
      vertex -0.20887227423239452 -30.957890945848504 0.41250903386924875
      vertex 0.31211462826014813 -30.992038231519253 0.21227948201957858
      vertex -0.13448587341824103 -31.17702621627707 0.41250903386924875
    endloop
  endfacet
  facet normal -0.3438466281621317 -0.16956639193444328 -0.9235890509462894
    outer loop
      vertex -0.13448587341824103 -31.17702621627707 0.41250903386924875
      vertex 0.38650102907430206 -31.142878930606322 0.21227948201957858
      vertex -0.03213296614480399 -31.384577380438003 0.41250903386924875
    endloop
  endfacet
  facet normal -0.3187721171243632 -0.21299671902680473 -0.9235890509462895
    outer loop
      vertex -0.03213296614480399 -31.384577380438003 0.41250903386924875
      vertex 0.38650102907430206 -31.142878930606322 0.21227948201957858
      vertex 0.09643516096687987 -31.57699318036846 0.41250903386924875
    endloop
  endfacet
  facet normal -0.2882433267822638 -0.2527826132027814 -0.9235890509462886
    outer loop
      vertex 0.09643516096687987 -31.57699318036846 0.41250903386924875
      vertex 0.5908318973726256 -31.409168102627376 0.21227948201957858
      vertex 0.24901867161611158 -31.750981328383887 0.41250903386924875
    endloop
  endfacet
  facet normal -0.2527826132027824 -0.28824332678226305 -0.9235890509462886
    outer loop
      vertex 0.24901867161611158 -31.750981328383887 0.41250903386924875
      vertex 0.5908318973726256 -31.409168102627376 0.21227948201957858
      vertex 0.4230068196315413 -31.903564839033123 0.41250903386924875
    endloop
  endfacet
  facet normal -0.3825631109612498 -0.025074511037770728 -0.9235890509462892
    outer loop
      vertex -0.2691547608760052 -30.5 0.41250903386924875
      vertex 0.21424213878735365 -30.5 0.21227948201957858
      vertex 0.225241975529741 -30.667825077741085 0.21227948201957858
    endloop
  endfacet
  facet normal -0.25878181247039345 -0.0169614561029133 -0.9657868722142618
    outer loop
      vertex 0.21424213878735365 -30.5 0.21227948201957858
      vertex 0.7196387119354872 -30.5 0.07685887838707828
      vertex 0.225241975529741 -30.667825077741085 0.21227948201957858
    endloop
  endfacet
  facet normal -0.37601735006617 -0.07479450127748793 -0.9235890509462891
    outer loop
      vertex -0.20887227423239452 -30.957890945848504 0.41250903386924875
      vertex 0.225241975529741 -30.667825077741085 0.21227948201957858
      vertex 0.2580532755005094 -30.832778621872116 0.21227948201957858
    endloop
  endfacet
  facet normal -0.3630378280597538 -0.12323473686339205 -0.9235890509462892
    outer loop
      vertex -0.20887227423239452 -30.957890945848504 0.41250903386924875
      vertex 0.2580532755005094 -30.832778621872116 0.21227948201957858
      vertex 0.31211462826014813 -30.992038231519253 0.21227948201957858
    endloop
  endfacet
  facet normal -0.3438466281621315 -0.16956639193444445 -0.9235890509462892
    outer loop
      vertex -0.13448587341824103 -31.17702621627707 0.41250903386924875
      vertex 0.31211462826014813 -30.992038231519253 0.21227948201957858
      vertex 0.38650102907430206 -31.142878930606322 0.21227948201957858
    endloop
  endfacet
  facet normal -0.2543539839111522 -0.05059415309221501 -0.9657868722142617
    outer loop
      vertex 0.225241975529741 -30.667825077741085 0.21227948201957858
      vertex 0.7462288780222837 -30.701972363411834 0.07685887838707828
      vertex 0.2580532755005094 -30.832778621872116 0.21227948201957858
    endloop
  endfacet
  facet normal -0.2455740881669431 -0.08336117009475802 -0.965786872214262
    outer loop
      vertex 0.2580532755005094 -30.832778621872116 0.21227948201957858
      vertex 0.779040177993052 -30.798631336201368 0.07685887838707828
      vertex 0.31211462826014813 -30.992038231519253 0.21227948201957858
    endloop
  endfacet
  facet normal -0.23259235168819672 -0.11470185436490057 -0.9657868722142621
    outer loop
      vertex 0.31211462826014813 -30.992038231519253 0.21227948201957858
      vertex 0.779040177993052 -30.798631336201368 0.07685887838707828
      vertex 0.38650102907430206 -31.142878930606322 0.21227948201957858
    endloop
  endfacet
  facet normal -0.31877211712436193 -0.21299671902680564 -0.9235890509462897
    outer loop
      vertex 0.09643516096687987 -31.57699318036846 0.41250903386924875
      vertex 0.38650102907430206 -31.142878930606322 0.21227948201957858
      vertex 0.4799397060012325 -31.282719792951006 0.21227948201957858
    endloop
  endfacet
  facet normal -0.28824332678226733 -0.25278261320277273 -0.92358905094629
    outer loop
      vertex 0.09643516096687987 -31.57699318036846 0.41250903386924875
      vertex 0.4799397060012325 -31.282719792951006 0.21227948201957858
      vertex 0.5908318973726256 -31.409168102627376 0.21227948201957858
    endloop
  endfacet
  facet normal -0.37652436734026157 -0.3302030079006563 -0.8655607282983527
    outer loop
      vertex -0.07138991677420403 -32.0713899167742 0.6741215507898204
      vertex 0.09643516096687987 -31.57699318036846 0.41250903386924875
      vertex 0.24901867161611158 -31.750981328383887 0.41250903386924875
    endloop
  endfacet
  facet normal -0.33020300790065754 -0.3765243673402607 -0.8655607282983527
    outer loop
      vertex -0.07138991677420403 -32.0713899167742 0.6741215507898204
      vertex 0.24901867161611158 -31.750981328383887 0.41250903386924875
      vertex 0.4230068196315413 -31.903564839033123 0.41250903386924875
    endloop
  endfacet
  facet normal -0.2782317834462891 -0.41640329046241314 -0.8655607282983514
    outer loop
      vertex 0.38885953396079564 -32.42455174152566 0.6741215507898204
      vertex 0.4230068196315413 -31.903564839033123 0.41250903386924875
      vertex 0.6154226195619974 -32.03213296614481 0.41250903386924875
    endloop
  endfacet
  facet normal -0.13052141585033183 -0.008554825566378389 -0.991408581243855
    outer loop
      vertex 0.7196387119354872 -30.5 0.07685887838707828
      vertex 1.238387483079428 -30.5 0.008564307045585196
      vertex 0.726314810933391 -30.601857587486997 0.07685887838707828
    endloop
  endfacet
  facet normal -0.13052141585033217 -0.008554825566376595 -0.9914085812438551
    outer loop
      vertex 1.238387483079428 -30.5 0.008564307045585196
      vertex 1.2406256144280294 -30.53414728567075 0.008564307045585196
      vertex 0.726314810933391 -30.601857587486997 0.07685887838707828
    endloop
  endfacet
  facet normal -0.12828815823775938 -0.025518101261851486 -0.991408581243855
    outer loop
      vertex 1.2406256144280294 -30.53414728567075 0.008564307045585196
      vertex 1.2473017134259332 -30.56771030181625 0.008564307045585196
      vertex 0.726314810933391 -30.601857587486997 0.07685887838707828
    endloop
  endfacet
  facet normal 0 0 -1
    outer loop
      vertex 1.238387483079428 -30.5 0.008564307045585196
      vertex 1.2473017134259332 -30.56771030181625 0.008564307045585196
      vertex 1.2406256144280294 -30.53414728567075 0.008564307045585196
    endloop
  endfacet
  facet normal 0 0 -1
    outer loop
      vertex 1.238387483079428 -30.5 0.008564307045585196
      vertex 1.2734369143987982 -30.63080625846029 0.008564307045585196
      vertex 1.2473017134259332 -30.56771030181625 0.008564307045585196
    endloop
  endfacet
  facet normal -0.21563089558528514 -0.1440799581054932 -0.9657868722142621
    outer loop
      vertex 0.38650102907430206 -31.142878930606322 0.21227948201957858
      vertex 0.8808977654800478 -30.975053852865237 0.07685887838707828
      vertex 0.4799397060012325 -31.282719792951006 0.21227948201957858
    endloop
  endfacet
  facet normal -0.25278261320277273 -0.2882433267822669 -0.92358905094629
    outer loop
      vertex 0.4230068196315413 -31.903564839033123 0.41250903386924875
      vertex 0.5908318973726256 -31.409168102627376 0.21227948201957858
      vertex 0.7172802070489932 -31.520060293998768 0.21227948201957858
    endloop
  endfacet
  facet normal -0.19497993507472997 -0.1709928138163904 -0.9657868722142622
    outer loop
      vertex 0.4799397060012325 -31.282719792951006 0.21227948201957858
      vertex 0.8808977654800478 -30.975053852865237 0.07685887838707828
      vertex 0.5908318973726256 -31.409168102627376 0.21227948201957858
    endloop
  endfacet
  facet normal -0.17099281381639028 -0.19497993507472958 -0.9657868722142623
    outer loop
      vertex 0.5908318973726256 -31.409168102627376 0.21227948201957858
      vertex 1.0249461471347612 -31.11910223451995 0.07685887838707828
      vertex 0.7172802070489932 -31.520060293998768 0.21227948201957858
    endloop
  endfacet
  facet normal -0.1440799581054923 -0.21563089558528512 -0.9657868722142621
    outer loop
      vertex 0.7172802070489932 -31.520060293998768 0.21227948201957858
      vertex 1.0249461471347612 -31.11910223451995 0.07685887838707828
      vertex 0.8571210693936768 -31.613498970925697 0.21227948201957858
    endloop
  endfacet
  facet normal -0.11470185436490186 -0.2325923516881959 -0.9657868722142622
    outer loop
      vertex 0.8571210693936768 -31.613498970925697 0.21227948201957858
      vertex 1.2013686637986298 -31.220959822006947 0.07685887838707828
      vertex 1.0079617684807478 -31.687885371739853 0.21227948201957858
    endloop
  endfacet
  facet normal -0.08336117009475907 -0.24557408816694212 -0.9657868722142621
    outer loop
      vertex 1.0079617684807478 -31.687885371739853 0.21227948201957858
      vertex 1.2013686637986298 -31.220959822006947 0.07685887838707828
      vertex 1.1672213781278833 -31.741946724499492 0.21227948201957858
    endloop
  endfacet
  facet normal -0.05059415309221271 -0.2543539839111534 -0.9657868722142616
    outer loop
      vertex 1.3981424125130042 -31.27368518906661 0.07685887838707828
      vertex 1.3321749222589157 -31.77475802447026 0.21227948201957858
      vertex 1.1672213781278833 -31.741946724499492 0.21227948201957858
    endloop
  endfacet
  facet normal -0.01696145610291068 -0.2587818124703939 -0.9657868722142618
    outer loop
      vertex 1.5 -31.280361288064512 0.07685887838707828
      vertex 1.5 -31.785757861212645 0.21227948201957858
      vertex 1.3321749222589157 -31.77475802447026 0.21227948201957858
    endloop
  endfacet
  facet normal -0.2587818124703935 -0.01696145610291318 -0.9657868722142618
    outer loop
      vertex 0.225241975529741 -30.667825077741085 0.21227948201957858
      vertex 0.7196387119354872 -30.5 0.07685887838707828
      vertex 0.726314810933391 -30.601857587486997 0.07685887838707828
    endloop
  endfacet
  facet normal -0.2543539839111521 -0.05059415309221315 -0.9657868722142618
    outer loop
      vertex 0.225241975529741 -30.667825077741085 0.21227948201957858
      vertex 0.726314810933391 -30.601857587486997 0.07685887838707828
      vertex 0.7462288780222837 -30.701972363411834 0.07685887838707828
    endloop
  endfacet
  facet normal -0.2455740881669426 -0.08336117009476378 -0.9657868722142615
    outer loop
      vertex 0.2580532755005094 -30.832778621872116 0.21227948201957858
      vertex 0.7462288780222837 -30.701972363411834 0.07685887838707828
      vertex 0.779040177993052 -30.798631336201368 0.07685887838707828
    endloop
  endfacet
  facet normal -0.23259235168819944 -0.11470185436489738 -0.9657868722142618
    outer loop
      vertex 0.38650102907430206 -31.142878930606322 0.21227948201957858
      vertex 0.779040177993052 -30.798631336201368 0.07685887838707828
      vertex 0.8241873004061855 -30.890180644032256 0.07685887838707828
    endloop
  endfacet
  facet normal -0.21563089558528414 -0.14407995810549584 -0.9657868722142618
    outer loop
      vertex 0.38650102907430206 -31.142878930606322 0.21227948201957858
      vertex 0.8241873004061855 -30.890180644032256 0.07685887838707828
      vertex 0.8808977654800478 -30.975053852865237 0.07685887838707828
    endloop
  endfacet
  facet normal -0.19497993507473188 -0.17099281381638914 -0.965786872214262
    outer loop
      vertex 0.5908318973726256 -31.409168102627376 0.21227948201957858
      vertex 0.8808977654800478 -30.975053852865237 0.07685887838707828
      vertex 0.9482012414341141 -31.051798758565887 0.07685887838707828
    endloop
  endfacet
  facet normal -0.1282881582377596 -0.02551810126184822 -0.9914085812438551
    outer loop
      vertex 1.2473017134259332 -30.56771030181625 0.008564307045585196
      vertex 0.7462288780222837 -30.701972363411834 0.07685887838707828
      vertex 0.726314810933391 -30.601857587486997 0.07685887838707828
    endloop
  endfacet
  facet normal -0.1238598546695413 -0.04204475516977694 -0.9914085812438551
    outer loop
      vertex 1.2473017134259332 -30.56771030181625 0.008564307045585196
      vertex 0.779040177993052 -30.798631336201368 0.07685887838707828
      vertex 0.7462288780222837 -30.701972363411834 0.07685887838707828
    endloop
  endfacet
  facet normal -0.11731227464749042 -0.057852011659736705 -0.9914085812438551
    outer loop
      vertex 0.779040177993052 -30.798631336201368 0.07685887838707828
      vertex 1.2734369143987982 -30.63080625846029 0.008564307045585196
      vertex 0.8241873004061855 -30.890180644032256 0.07685887838707828
    endloop
  endfacet
  facet normal -0.10875744908111097 -0.0726694041905953 -0.991408581243855
    outer loop
      vertex 0.8241873004061855 -30.890180644032256 0.07685887838707828
      vertex 1.2734369143987982 -30.63080625846029 0.008564307045585196
      vertex 0.8808977654800478 -30.975053852865237 0.07685887838707828
    endloop
  endfacet
  facet normal -0.12385985466954393 -0.04204475516977166 -0.9914085812438551
    outer loop
      vertex 1.2473017134259332 -30.56771030181625 0.008564307045585196
      vertex 1.2583015501683206 -30.600114775924837 0.008564307045585196
      vertex 0.779040177993052 -30.798631336201368 0.07685887838707828
    endloop
  endfacet
  facet normal -0.11731227464749042 -0.05785201165973681 -0.991408581243855
    outer loop
      vertex 0.779040177993052 -30.798631336201368 0.07685887838707828
      vertex 1.2583015501683206 -30.600114775924837 0.008564307045585196
      vertex 1.2734369143987982 -30.63080625846029 0.008564307045585196
    endloop
  endfacet
  facet normal -0.0983417534076951 -0.08624340306798302 -0.991408581243855
    outer loop
      vertex 0.8808977654800478 -30.975053852865237 0.07685887838707828
      vertex 1.2924488358390667 -30.659259609647137 0.008564307045585196
      vertex 0.9482012414341141 -31.051798758565887 0.07685887838707828
    endloop
  endfacet
  facet normal -0.08624340306798234 -0.09834175340769552 -0.9914085812438551
    outer loop
      vertex 0.9482012414341141 -31.051798758565887 0.07685887838707828
      vertex 1.315012015242183 -30.684987984757818 0.008564307045585196
      vertex 1.0249461471347612 -31.11910223451995 0.07685887838707828
    endloop
  endfacet
  facet normal -0.1709928138163879 -0.1949799350747328 -0.965786872214262
    outer loop
      vertex 0.5908318973726256 -31.409168102627376 0.21227948201957858
      vertex 0.9482012414341141 -31.051798758565887 0.07685887838707828
      vertex 1.0249461471347612 -31.11910223451995 0.07685887838707828
    endloop
  endfacet
  facet normal -0.14407995810549465 -0.21563089558528425 -0.965786872214262
    outer loop
      vertex 0.8571210693936768 -31.613498970925697 0.21227948201957858
      vertex 1.0249461471347612 -31.11910223451995 0.07685887838707828
      vertex 1.1098193559677436 -31.175812699593813 0.07685887838707828
    endloop
  endfacet
  facet normal -0.11470185436490024 -0.23259235168819714 -0.965786872214262
    outer loop
      vertex 0.8571210693936768 -31.613498970925697 0.21227948201957858
      vertex 1.1098193559677436 -31.175812699593813 0.07685887838707828
      vertex 1.2013686637986298 -31.220959822006947 0.07685887838707828
    endloop
  endfacet
  facet normal 0 0 -1
    outer loop
      vertex 1.2473017134259332 -30.56771030181625 0.008564307045585196
      vertex 1.2734369143987982 -30.63080625846029 0.008564307045585196
      vertex 1.2583015501683206 -30.600114775924837 0.008564307045585196
    endloop
  endfacet
  facet normal -0.108757449081109 -0.07266940419059761 -0.991408581243855
    outer loop
      vertex 0.8808977654800478 -30.975053852865237 0.07685887838707828
      vertex 1.2734369143987982 -30.63080625846029 0.008564307045585196
      vertex 1.2924488358390667 -30.659259609647137 0.008564307045585196
    endloop
  endfacet
  facet normal -0.09834175340769272 -0.08624340306798499 -0.9914085812438551
    outer loop
      vertex 0.9482012414341141 -31.051798758565887 0.07685887838707828
      vertex 1.2924488358390667 -30.659259609647137 0.008564307045585196
      vertex 1.315012015242183 -30.684987984757818 0.008564307045585196
    endloop
  endfacet
  facet normal -0.08624340306798035 -0.09834175340769692 -0.9914085812438551
    outer loop
      vertex 1.0249461471347612 -31.11910223451995 0.07685887838707828
      vertex 1.315012015242183 -30.684987984757818 0.008564307045585196
      vertex 1.3407403903528645 -30.707551164160932 0.008564307045585196
    endloop
  endfacet
  facet normal 0 0 -1
    outer loop
      vertex 1.238387483079428 -30.5 0.008564307045585196
      vertex 1.3998852240751654 -30.74169844983168 0.008564307045585196
      vertex 1.2734369143987982 -30.63080625846029 0.008564307045585196
    endloop
  endfacet
  facet normal 0 0 -1
    outer loop
      vertex 1.2734369143987982 -30.63080625846029 0.008564307045585196
      vertex 1.3407403903528645 -30.707551164160932 0.008564307045585196
      vertex 1.2924488358390667 -30.659259609647137 0.008564307045585196
    endloop
  endfacet
  facet normal 0 0 -1
    outer loop
      vertex 1.2924488358390667 -30.659259609647137 0.008564307045585196
      vertex 1.3407403903528645 -30.707551164160932 0.008564307045585196
      vertex 1.315012015242183 -30.684987984757818 0.008564307045585196
    endloop
  endfacet
  facet normal 0 0 -1
    outer loop
      vertex 1.2734369143987982 -30.63080625846029 0.008564307045585196
      vertex 1.3998852240751654 -30.74169844983168 0.008564307045585196
      vertex 1.3407403903528645 -30.707551164160932 0.008564307045585196
    endloop
  endfacet
  facet normal 0 0 -1
    outer loop
      vertex 1.3407403903528645 -30.707551164160932 0.008564307045585196
      vertex 1.3998852240751654 -30.74169844983168 0.008564307045585196
      vertex 1.3691937415397137 -30.7265630856012 0.008564307045585196
    endloop
  endfacet
  facet normal -0.07266940419059471 -0.10875744908111097 -0.991408581243855
    outer loop
      vertex 1.0249461471347612 -31.11910223451995 0.07685887838707828
      vertex 1.3407403903528645 -30.707551164160932 0.008564307045585196
      vertex 1.1098193559677436 -31.175812699593813 0.07685887838707828
    endloop
  endfacet
  facet normal -0.05785201165973836 -0.11731227464748978 -0.9914085812438549
    outer loop
      vertex 1.1098193559677436 -31.175812699593813 0.07685887838707828
      vertex 1.3998852240751654 -30.74169844983168 0.008564307045585196
      vertex 1.2013686637986298 -31.220959822006947 0.07685887838707828
    endloop
  endfacet
  facet normal -0.042044755169773365 -0.1238598546695431 -0.991408581243855
    outer loop
      vertex 1.4322896981837503 -30.752698286574066 0.008564307045585196
      vertex 1.2980276365881696 -31.253771121977714 0.07685887838707828
      vertex 1.2013686637986298 -31.220959822006947 0.07685887838707828
    endloop
  endfacet
  facet normal -0.02551810126185533 -0.1282881582377585 -0.991408581243855
    outer loop
      vertex 1.4322896981837503 -30.752698286574066 0.008564307045585196
      vertex 1.3981424125130042 -31.27368518906661 0.07685887838707828
      vertex 1.2980276365881696 -31.253771121977714 0.07685887838707828
    endloop
  endfacet
  facet normal -0.07266940419059069 -0.108757449081113 -0.9914085812438551
    outer loop
      vertex 1.1098193559677436 -31.175812699593813 0.07685887838707828
      vertex 1.3407403903528645 -30.707551164160932 0.008564307045585196
      vertex 1.3691937415397137 -30.7265630856012 0.008564307045585196
    endloop
  endfacet
  facet normal -0.05785201165974836 -0.11731227464748319 -0.9914085812438552
    outer loop
      vertex 1.1098193559677436 -31.175812699593813 0.07685887838707828
      vertex 1.3691937415397137 -30.7265630856012 0.008564307045585196
      vertex 1.3998852240751654 -30.74169844983168 0.008564307045585196
    endloop
  endfacet
  facet normal -0.04204475516976982 -0.1238598546695449 -0.9914085812438549
    outer loop
      vertex 1.3998852240751654 -30.74169844983168 0.008564307045585196
      vertex 1.4322896981837503 -30.752698286574066 0.008564307045585196
      vertex 1.2013686637986298 -31.220959822006947 0.07685887838707828
    endloop
  endfacet
  facet normal 0 0 -1
    outer loop
      vertex 1.4322896981837503 -30.752698286574066 0.008564307045585196
      vertex 1.5 -30.76161251692057 0.008564307045585196
      vertex 1.465852714329254 -30.759374385571974 0.008564307045585196
    endloop
  endfacet
  facet normal -0.008554825566374036 -0.13052141585033195 -0.9914085812438551
    outer loop
      vertex 1.5 -30.76161251692057 0.008564307045585196
      vertex 1.5 -31.280361288064512 0.07685887838707828
      vertex 1.3981424125130042 -31.27368518906661 0.07685887838707828
    endloop
  endfacet
  facet normal -0.025518101261862092 -0.12828815823775802 -0.9914085812438549
    outer loop
      vertex 1.4322896981837503 -30.752698286574066 0.008564307045585196
      vertex 1.465852714329254 -30.759374385571974 0.008564307045585196
      vertex 1.3981424125130042 -31.27368518906661 0.07685887838707828
    endloop
  endfacet
  facet normal -0.00855482556636369 -0.13052141585033397 -0.991408581243855
    outer loop
      vertex 1.465852714329254 -30.759374385571974 0.008564307045585196
      vertex 1.5 -30.76161251692057 0.008564307045585196
      vertex 1.3981424125130042 -31.27368518906661 0.07685887838707828
    endloop
  endfacet
  facet normal -0.08336117009475524 -0.2455740881669424 -0.9657868722142625
    outer loop
      vertex 1.2013686637986298 -31.220959822006947 0.07685887838707828
      vertex 1.2980276365881696 -31.253771121977714 0.07685887838707828
      vertex 1.1672213781278833 -31.741946724499492 0.21227948201957858
    endloop
  endfacet
  facet normal -0.050594153092226694 -0.25435398391114683 -0.9657868722142627
    outer loop
      vertex 1.2980276365881696 -31.253771121977714 0.07685887838707828
      vertex 1.3981424125130042 -31.27368518906661 0.07685887838707828
      vertex 1.1672213781278833 -31.741946724499492 0.21227948201957858
    endloop
  endfacet
  facet normal -0.01696145610290431 -0.25878181247039594 -0.9657868722142614
    outer loop
      vertex 1.3981424125130042 -31.27368518906661 0.07685887838707828
      vertex 1.5 -31.280361288064512 0.07685887838707828
      vertex 1.3321749222589157 -31.77475802447026 0.21227948201957858
    endloop
  endfacet
  facet normal -0.2214999360367325 -0.4491574378359456 -0.8655607282983512
    outer loop
      vertex 0.38885953396079564 -32.42455174152566 0.6741215507898204
      vertex 0.6154226195619974 -32.03213296614481 0.41250903386924875
      vertex 0.8229737837229307 -32.13448587341824 0.41250903386924875
    endloop
  endfacet
  facet normal -0.16097816331019835 -0.47422637691813235 -0.8655607282983537
    outer loop
      vertex 0.9248313712099265 -32.646558545564275 0.6741215507898204
      vertex 0.8229737837229307 -32.13448587341824 0.41250903386924875
      vertex 1.042109054151494 -32.20887227423239 0.41250903386924875
    endloop
  endfacet
  facet normal -0.09770200957786607 -0.4911811712108584 -0.8655607282983535
    outer loop
      vertex 1.2099341318925783 -32.70326901063814 0.6741215507898204
      vertex 1.042109054151494 -32.20887227423239 0.41250903386924875
      vertex 1.269078965614879 -32.254019396645525 0.41250903386924875
    endloop
  endfacet
  facet normal -0.0327541473735385 -0.4997317194830203 -0.8655607282983536
    outer loop
      vertex 1.2099341318925783 -32.70326901063814 0.6741215507898204
      vertex 1.269078965614879 -32.254019396645525 0.41250903386924875
      vertex 1.5 -32.269154760876006 0.41250903386924875
    endloop
  endfacet
  facet normal -0.21299671902680628 -0.3187721171243607 -0.92358905094629
    outer loop
      vertex 0.4230068196315413 -31.903564839033123 0.41250903386924875
      vertex 0.7172802070489932 -31.520060293998768 0.21227948201957858
      vertex 0.6154226195619974 -32.03213296614481 0.41250903386924875
    endloop
  endfacet
  facet normal -0.16956639193443981 -0.3438466281621335 -0.9235890509462893
    outer loop
      vertex 1.0079617684807478 -31.687885371739853 0.21227948201957858
      vertex 0.8229737837229307 -32.13448587341824 0.41250903386924875
      vertex 0.6154226195619974 -32.03213296614481 0.41250903386924875
    endloop
  endfacet
  facet normal -0.12323473686338632 -0.363037828059756 -0.9235890509462891
    outer loop
      vertex 1.0079617684807478 -31.687885371739853 0.21227948201957858
      vertex 1.042109054151494 -32.20887227423239 0.41250903386924875
      vertex 0.8229737837229307 -32.13448587341824 0.41250903386924875
    endloop
  endfacet
  facet normal -0.07479450127748878 -0.3760173500661717 -0.9235890509462885
    outer loop
      vertex 1.042109054151494 -32.20887227423239 0.41250903386924875
      vertex 1.3321749222589157 -31.77475802447026 0.21227948201957858
      vertex 1.269078965614879 -32.254019396645525 0.41250903386924875
    endloop
  endfacet
  facet normal -0.025074511037776748 -0.3825631109612509 -0.9235890509462886
    outer loop
      vertex 1.269078965614879 -32.254019396645525 0.41250903386924875
      vertex 1.3321749222589157 -31.77475802447026 0.21227948201957858
      vertex 1.5 -32.269154760876006 0.41250903386924875
    endloop
  endfacet
  facet normal -0.21299671902680392 -0.3187721171243614 -0.9235890509462903
    outer loop
      vertex 0.7172802070489932 -31.520060293998768 0.21227948201957858
      vertex 0.8571210693936768 -31.613498970925697 0.21227948201957858
      vertex 0.6154226195619974 -32.03213296614481 0.41250903386924875
    endloop
  endfacet
  facet normal -0.1695663919344453 -0.34384662816212785 -0.9235890509462904
    outer loop
      vertex 0.8571210693936768 -31.613498970925697 0.21227948201957858
      vertex 1.0079617684807478 -31.687885371739853 0.21227948201957858
      vertex 0.6154226195619974 -32.03213296614481 0.41250903386924875
    endloop
  endfacet
  facet normal -0.12323473686339481 -0.36303782805975604 -0.923589050946288
    outer loop
      vertex 1.0079617684807478 -31.687885371739853 0.21227948201957858
      vertex 1.1672213781278833 -31.741946724499492 0.21227948201957858
      vertex 1.042109054151494 -32.20887227423239 0.41250903386924875
    endloop
  endfacet
  facet normal -0.07479450127748494 -0.3760173500661741 -0.9235890509462878
    outer loop
      vertex 1.042109054151494 -32.20887227423239 0.41250903386924875
      vertex 1.1672213781278833 -31.741946724499492 0.21227948201957858
      vertex 1.3321749222589157 -31.77475802447026 0.21227948201957858
    endloop
  endfacet
  facet normal -0.025074511037766638 -0.382563110961248 -0.9235890509462901
    outer loop
      vertex 1.5 -32.269154760876006 0.41250903386924875
      vertex 1.3321749222589157 -31.77475802447026 0.21227948201957858
      vertex 1.5 -31.785757861212645 0.21227948201957858
    endloop
  endfacet
  facet normal 0 0 -1
    outer loop
      vertex 1.3998852240751654 -30.74169844983168 0.008564307045585196
      vertex 6.268148347421863 -22.01763809020504 0.008564307045585196
      vertex 6.352240934977425 -22.26536686473018 0.008564307045585196
    endloop
  endfacet
  facet normal 0 0 -1
    outer loop
      vertex 1.3998852240751654 -30.74169844983168 0.008564307045585196
      vertex 6.352240934977425 -22.26536686473018 0.008564307045585196
      vertex 6.4679491924311225 -22.5 0.008564307045585196
    endloop
  endfacet
  facet normal 0 0 -1
    outer loop
      vertex 1.3998852240751654 -30.74169844983168 0.008564307045585196
      vertex 6.4679491924311225 -22.5 0.008564307045585196
      vertex 6.613293319417529 -22.717522858017443 0.008564307045585196
    endloop
  endfacet
  facet normal 0 0 -1
    outer loop
      vertex 1.3998852240751654 -30.74169844983168 0.008564307045585196
      vertex 6.613293319417529 -22.717522858017443 0.008564307045585196
      vertex 6.785786437626904 -22.914213562373096 0.008564307045585196
    endloop
  endfacet
  facet normal 0 0 -1
    outer loop
      vertex 1.3998852240751654 -30.74169844983168 0.008564307045585196
      vertex 6.785786437626904 -22.914213562373096 0.008564307045585196
      vertex 6.982477141982558 -23.08670668058247 0.008564307045585196
    endloop
  endfacet
  facet normal 0 0 -1
    outer loop
      vertex 1.3998852240751654 -30.74169844983168 0.008564307045585196
      vertex 6.982477141982558 -23.08670668058247 0.008564307045585196
      vertex 7.199999999999999 -23.23205080756888 0.008564307045585196
    endloop
  endfacet
  facet normal 0 0 -1
    outer loop
      vertex 1.3998852240751654 -30.74169844983168 0.008564307045585196
      vertex 7.199999999999999 -23.23205080756888 0.008564307045585196
      vertex 7.43463313526982 -23.347759065022572 0.008564307045585196
    endloop
  endfacet
  facet normal 0 0 -1
    outer loop
      vertex 1.3998852240751654 -30.74169844983168 0.008564307045585196
      vertex 7.43463313526982 -23.347759065022572 0.008564307045585196
      vertex 7.682361909794958 -23.431851652578136 0.008564307045585196
    endloop
  endfacet
  facet normal 0 0 -1
    outer loop
      vertex 1.3998852240751654 -30.74169844983168 0.008564307045585196
      vertex 7.682361909794958 -23.431851652578136 0.008564307045585196
      vertex 7.938947615559896 -23.482889722747622 0.008564307045585196
    endloop
  endfacet
  facet normal 0 0 -1
    outer loop
      vertex 1.3998852240751654 -30.74169844983168 0.008564307045585196
      vertex 7.938947615559896 -23.482889722747622 0.008564307045585196
      vertex 8.2 -23.5 0.008564307045585196
    endloop
  endfacet
  facet normal 0 0 -1
    outer loop
      vertex 1.3998852240751654 -30.74169844983168 0.008564307045585196
      vertex 8.2 -23.5 0.008564307045585196
      vertex 8.461052384440102 -23.482889722747622 0.008564307045585196
    endloop
  endfacet
  facet normal 0 0 -1
    outer loop
      vertex 1.3998852240751654 -30.74169844983168 0.008564307045585196
      vertex 8.461052384440102 -23.482889722747622 0.008564307045585196
      vertex 8.71763809020504 -23.431851652578136 0.008564307045585196
    endloop
  endfacet
  facet normal 0 0 -1
    outer loop
      vertex 1.3998852240751654 -30.74169844983168 0.008564307045585196
      vertex 8.965366864730179 -23.347759065022572 0.008564307045585196
      vertex 9.2 -23.23205080756888 0.008564307045585196
    endloop
  endfacet
  facet normal 0 0 -1
    outer loop
      vertex 1.3998852240751654 -30.74169844983168 0.008564307045585196
      vertex 8.71763809020504 -23.431851652578136 0.008564307045585196
      vertex 8.965366864730179 -23.347759065022572 0.008564307045585196
    endloop
  endfacet
  facet normal 0 0 -1
    outer loop
      vertex 1.3998852240751654 -30.74169844983168 0.008564307045585196
      vertex 9.2 -23.23205080756888 0.008564307045585196
      vertex 9.41752285801744 -23.08670668058247 0.008564307045585196
    endloop
  endfacet
  facet normal 0 0 -1
    outer loop
      vertex 8.2 -19.5 0.008564307045585196
      vertex 15.71711027725238 -13.738947615559898 0.008564307045585196
      vertex 8.461052384440102 -19.517110277252378 0.008564307045585196
    endloop
  endfacet
  facet normal 0 0 -1
    outer loop
      vertex 8.461052384440102 -19.517110277252378 0.008564307045585196
      vertex 15.7 -14 0.008564307045585196
      vertex 8.71763809020504 -19.568148347421864 0.008564307045585196
    endloop
  endfacet
  facet normal 0 0 -1
    outer loop
      vertex 8.71763809020504 -19.568148347421864 0.008564307045585196
      vertex 15.71711027725238 -14.261052384440102 0.008564307045585196
      vertex 8.965366864730179 -19.652240934977428 0.008564307045585196
    endloop
  endfacet
  facet normal 0 0 -1
    outer loop
      vertex 8.965366864730179 -19.652240934977428 0.008564307045585196
      vertex 15.768148347421862 -14.517638090205041 0.008564307045585196
      vertex 9.2 -19.76794919243112 0.008564307045585196
    endloop
  endfacet
  facet normal 0 0 -1
    outer loop
      vertex 9.2 -19.76794919243112 0.008564307045585196
      vertex 15.852240934977425 -14.76536686473018 0.008564307045585196
      vertex 9.41752285801744 -19.91329331941753 0.008564307045585196
    endloop
  endfacet
  facet normal 0 0 -1
    outer loop
      vertex 9.41752285801744 -19.91329331941753 0.008564307045585196
      vertex 15.967949192431123 -15 0.008564307045585196
      vertex 9.614213562373095 -20.085786437626904 0.008564307045585196
    endloop
  endfacet
  facet normal 0 0 -1
    outer loop
      vertex 9.614213562373095 -20.085786437626904 0.008564307045585196
      vertex 16.11329331941753 -15.21752285801744 0.008564307045585196
      vertex 9.78670668058247 -20.282477141982557 0.008564307045585196
    endloop
  endfacet
  facet normal 0 0 -1
    outer loop
      vertex 9.78670668058247 -20.282477141982557 0.008564307045585196
      vertex 16.285786437626903 -15.414213562373096 0.008564307045585196
      vertex 9.932050807568876 -20.5 0.008564307045585196
    endloop
  endfacet
  facet normal 0 0 -1
    outer loop
      vertex 9.932050807568876 -20.5 0.008564307045585196
      vertex 16.482477141982557 -15.58670668058247 0.008564307045585196
      vertex 10.047759065022573 -20.73463313526982 0.008564307045585196
    endloop
  endfacet
  facet normal 0 0 -1
    outer loop
      vertex 10.047759065022573 -20.73463313526982 0.008564307045585196
      vertex 16.7 -15.732050807568877 0.008564307045585196
      vertex 10.131851652578137 -20.98236190979496 0.008564307045585196
    endloop
  endfacet
  facet normal 0 0 -1
    outer loop
      vertex 10.131851652578137 -20.98236190979496 0.008564307045585196
      vertex 16.93463313526982 -15.847759065022574 0.008564307045585196
      vertex 10.18288972274762 -21.238947615559898 0.008564307045585196
    endloop
  endfacet
  facet normal 0 0 -1
    outer loop
      vertex 10.18288972274762 -21.238947615559898 0.008564307045585196
      vertex 17.182361909794956 -15.931851652578137 0.008564307045585196
      vertex 10.2 -21.5 0.008564307045585196
    endloop
  endfacet
  facet normal 0 0 -1
    outer loop
      vertex 17.9610523844401 -15.98288972274762 0.008564307045585196
      vertex 10.18288972274762 -21.761052384440102 0.008564307045585196
      vertex 10.2 -21.5 0.008564307045585196
    endloop
  endfacet
  facet normal 0 0 -1
    outer loop
      vertex 17.9610523844401 -15.98288972274762 0.008564307045585196
      vertex 10.131851652578137 -22.01763809020504 0.008564307045585196
      vertex 10.18288972274762 -21.761052384440102 0.008564307045585196
    endloop
  endfacet
  facet normal 0 0 -1
    outer loop
      vertex 17.9610523844401 -15.98288972274762 0.008564307045585196
      vertex 10.047759065022573 -22.26536686473018 0.008564307045585196
      vertex 10.131851652578137 -22.01763809020504 0.008564307045585196
    endloop
  endfacet
  facet normal 0 0 -1
    outer loop
      vertex 17.9610523844401 -15.98288972274762 0.008564307045585196
      vertex 9.78670668058247 -22.717522858017443 0.008564307045585196
      vertex 9.932050807568876 -22.5 0.008564307045585196
    endloop
  endfacet
  facet normal 0 0 -1
    outer loop
      vertex 17.9610523844401 -15.98288972274762 0.008564307045585196
      vertex 9.932050807568876 -22.5 0.008564307045585196
      vertex 10.047759065022573 -22.26536686473018 0.008564307045585196
    endloop
  endfacet
  facet normal 0 0 -1
    outer loop
      vertex 1.3998852240751654 -30.74169844983168 0.008564307045585196
      vertex 9.41752285801744 -23.08670668058247 0.008564307045585196
      vertex 17.9610523844401 -15.98288972274762 0.008564307045585196
    endloop
  endfacet
  facet normal 0 0 -1
    outer loop
      vertex 17.9610523844401 -15.98288972274762 0.008564307045585196
      vertex 9.614213562373095 -22.914213562373096 0.008564307045585196
      vertex 9.78670668058247 -22.717522858017443 0.008564307045585196
    endloop
  endfacet
  facet normal 0 0 -1
    outer loop
      vertex 17.9610523844401 -15.98288972274762 0.008564307045585196
      vertex 9.41752285801744 -23.08670668058247 0.008564307045585196
      vertex 9.614213562373095 -22.914213562373096 0.008564307045585196
    endloop
  endfacet
  facet normal 0 0 -1
    outer loop
      vertex 8.965366864730179 -19.652240934977428 0.008564307045585196
      vertex 15.71711027725238 -14.261052384440102 0.008564307045585196
      vertex 15.768148347421862 -14.517638090205041 0.008564307045585196
    endloop
  endfacet
  facet normal 0 0 -1
    outer loop
      vertex 9.2 -19.76794919243112 0.008564307045585196
      vertex 15.768148347421862 -14.517638090205041 0.008564307045585196
      vertex 15.852240934977425 -14.76536686473018 0.008564307045585196
    endloop
  endfacet
  facet normal 0 0 -1
    outer loop
      vertex 9.41752285801744 -19.91329331941753 0.008564307045585196
      vertex 15.852240934977425 -14.76536686473018 0.008564307045585196
      vertex 15.967949192431123 -15 0.008564307045585196
    endloop
  endfacet
  facet normal 0 0 -1
    outer loop
      vertex 9.614213562373095 -20.085786437626904 0.008564307045585196
      vertex 15.967949192431123 -15 0.008564307045585196
      vertex 16.11329331941753 -15.21752285801744 0.008564307045585196
    endloop
  endfacet
  facet normal 0 0 -1
    outer loop
      vertex 9.78670668058247 -20.282477141982557 0.008564307045585196
      vertex 16.11329331941753 -15.21752285801744 0.008564307045585196
      vertex 16.285786437626903 -15.414213562373096 0.008564307045585196
    endloop
  endfacet
  facet normal 0 0 -1
    outer loop
      vertex 9.932050807568876 -20.5 0.008564307045585196
      vertex 16.285786437626903 -15.414213562373096 0.008564307045585196
      vertex 16.482477141982557 -15.58670668058247 0.008564307045585196
    endloop
  endfacet
  facet normal 0 0 -1
    outer loop
      vertex 10.047759065022573 -20.73463313526982 0.008564307045585196
      vertex 16.482477141982557 -15.58670668058247 0.008564307045585196
      vertex 16.7 -15.732050807568877 0.008564307045585196
    endloop
  endfacet
  facet normal 0 0 -1
    outer loop
      vertex 10.131851652578137 -20.98236190979496 0.008564307045585196
      vertex 16.7 -15.732050807568877 0.008564307045585196
      vertex 16.93463313526982 -15.847759065022574 0.008564307045585196
    endloop
  endfacet
  facet normal 0 0 -1
    outer loop
      vertex 10.18288972274762 -21.238947615559898 0.008564307045585196
      vertex 16.93463313526982 -15.847759065022574 0.008564307045585196
      vertex 17.182361909794956 -15.931851652578137 0.008564307045585196
    endloop
  endfacet
  facet normal 0 0 -1
    outer loop
      vertex 10.2 -21.5 0.008564307045585196
      vertex 17.182361909794956 -15.931851652578137 0.008564307045585196
      vertex 17.438947615559897 -15.98288972274762 0.008564307045585196
    endloop
  endfacet
  facet normal 0 0 -1
    outer loop
      vertex 10.2 -21.5 0.008564307045585196
      vertex 17.438947615559897 -15.98288972274762 0.008564307045585196
      vertex 17.7 -16 0.008564307045585196
    endloop
  endfacet
  facet normal 0 0 -1
    outer loop
      vertex 17.9610523844401 -15.98288972274762 0.008564307045585196
      vertex 10.2 -21.5 0.008564307045585196
      vertex 17.7 -16 0.008564307045585196
    endloop
  endfacet
  facet normal 0 0 -1
    outer loop
      vertex 1.3998852240751654 -30.74169844983168 0.008564307045585196
      vertex 17.9610523844401 -15.98288972274762 0.008564307045585196
      vertex 25.217110277252377 -21.761052384440102 0.008564307045585196
    endloop
  endfacet
  facet normal 0 0 -1
    outer loop
      vertex 1.3998852240751654 -30.74169844983168 0.008564307045585196
      vertex 25.217110277252377 -21.761052384440102 0.008564307045585196
      vertex 25.268148347421864 -22.01763809020504 0.008564307045585196
    endloop
  endfacet
  facet normal 0 -0.8660254037844333 -0.5000000000000093
    outer loop
      vertex 1.5 -33.95421240518137 2
      vertex 1.5 -33.82587844921018 1.7777190679215913
      vertex 33.9 -33.82587844921018 1.7777190679215913
    endloop
  endfacet
  facet normal 0 -0.7933533402912345 -0.6087614290087217
    outer loop
      vertex 1.5 -33.82587844921018 1.7777190679215913
      vertex 1.5 -33.507359229915906 1.3626167395997228
      vertex 33.9 -33.82587844921018 1.7777190679215913
    endloop
  endfacet
  facet normal 0 -0.7071067811865509 -0.707106781186544
    outer loop
      vertex 1.5 -33.507359229915906 1.3626167395997228
      vertex 1.5 -33.13738326040028 0.9926407700840905
      vertex 33.9 -33.13738326040028 0.9926407700840905
    endloop
  endfacet
  facet normal 0 -0.5000000000000029 -0.8660254037844368
    outer loop
      vertex 1.5 -32.722280932078405 0.6741215507898204
      vertex 1.5 -32.269154760876006 0.41250903386924875
      vertex 33.9 -32.722280932078405 0.6741215507898204
    endloop
  endfacet
  facet normal 0 -0.6087614290087142 -0.7933533402912403
    outer loop
      vertex 1.5 -33.13738326040028 0.9926407700840905
      vertex 1.5 -32.722280932078405 0.6741215507898204
      vertex 33.9 -32.722280932078405 0.6741215507898204
    endloop
  endfacet
  facet normal 0 -0.2588190451025231 -0.9659258262890676
    outer loop
      vertex 1.5 -31.280361288064512 0.07685887838707828
      vertex 33.9 -31.785757861212645 0.21227948201957858
      vertex 1.5 -31.785757861212645 0.21227948201957858
    endloop
  endfacet
  facet normal 0 0 -1
    outer loop
      vertex 1.3998852240751654 -30.74169844983168 0.008564307045585196
      vertex 34.08498798475782 -30.684987984757818 0.008564307045585196
      vertex 1.4322896981837503 -30.752698286574066 0.008564307045585196
    endloop
  endfacet
  facet normal 0 0 -1
    outer loop
      vertex 1.4322896981837503 -30.752698286574066 0.008564307045585196
      vertex 33.9 -30.76161251692057 0.008564307045585196
      vertex 1.5 -30.76161251692057 0.008564307045585196
    endloop
  endfacet
  facet normal 0 -0.13052619222005332 -0.9914448613738102
    outer loop
      vertex 1.5 -30.76161251692057 0.008564307045585196
      vertex 33.9 -30.76161251692057 0.008564307045585196
      vertex 1.5 -31.280361288064512 0.07685887838707828
    endloop
  endfacet
  facet normal 0 -0.3826834323650891 -0.923879532511287
    outer loop
      vertex 1.5 -32.269154760876006 0.41250903386924875
      vertex 1.5 -31.785757861212645 0.21227948201957858
      vertex 33.9 -31.785757861212645 0.21227948201957858
    endloop
  endfacet
  facet normal 0 0 -1
    outer loop
      vertex 1.3998852240751654 -30.74169844983168 0.008564307045585196
      vertex 25.268148347421864 -22.01763809020504 0.008564307045585196
      vertex 25.352240934977427 -22.26536686473018 0.008564307045585196
    endloop
  endfacet
  facet normal 0 0 -1
    outer loop
      vertex 1.3998852240751654 -30.74169844983168 0.008564307045585196
      vertex 25.352240934977427 -22.26536686473018 0.008564307045585196
      vertex 25.46794919243112 -22.5 0.008564307045585196
    endloop
  endfacet
  facet normal 0 0 -1
    outer loop
      vertex 1.3998852240751654 -30.74169844983168 0.008564307045585196
      vertex 25.46794919243112 -22.5 0.008564307045585196
      vertex 25.61329331941753 -22.717522858017443 0.008564307045585196
    endloop
  endfacet
  facet normal 0 0 -1
    outer loop
      vertex 1.3998852240751654 -30.74169844983168 0.008564307045585196
      vertex 25.61329331941753 -22.717522858017443 0.008564307045585196
      vertex 25.785786437626903 -22.914213562373096 0.008564307045585196
    endloop
  endfacet
  facet normal 0 0.8660254037844383 -0.5000000000000009
    outer loop
      vertex 1.5 1.825878449210181 1.7777190679215913
      vertex 33.9 1.9542124051813714 2
      vertex 33.9 1.825878449210181 1.7777190679215913
    endloop
  endfacet
  facet normal 0 0.7933533402912365 -0.608761429008719
    outer loop
      vertex 1.5 1.825878449210181 1.7777190679215913
      vertex 33.9 1.825878449210181 1.7777190679215913
      vertex 33.9 1.5073592299159095 1.3626167395997228
    endloop
  endfacet
  facet normal -2.783636803564056e-17 0.3826834323650894 -0.923879532511287
    outer loop
      vertex 1.5 0.2691547608760052 0.41250903386924875
      vertex 33.9 -0.21424213878735365 0.21227948201957858
      vertex 17.7 -0.20000000000000018 0.21817876906250078
    endloop
  endfacet
  facet normal 0 0.1305261922199742 -0.9914448613738206
    outer loop
      vertex 17.26926356567383 -0.928231957466426 0.049397056633068814
      vertex 17.7 -0.9000000000000004 0.05311386434530263
      vertex 18.13073643432617 -0.928231957466426 0.049397056633068814
    endloop
  endfacet
  facet normal 0 0.13052619222007014 -0.991444861373808
    outer loop
      vertex 17.26926356567383 -0.928231957466426 0.049397056633068814
      vertex 18.13073643432617 -0.928231957466426 0.049397056633068814
      vertex 18.55410284883832 -1.012444773246075 0.038310229106809146
    endloop
  endfacet
  facet normal -2.061999749544199e-15 0.1305261922200482 -0.9914448613738108
    outer loop
      vertex 16.84589715116168 -1.012444773246075 0.0383102291068127
      vertex 18.55410284883832 -1.012444773246075 0.038310229106809146
      vertex 18.962855326804796 -1.151197542712754 0.020043080459352325
    endloop
  endfacet
  facet normal 0 0.1305261922200339 -0.9914448613738127
    outer loop
      vertex 19.13965903573981 -1.238387483079428 0.008564307045585196
      vertex 16.437144673195203 -1.151197542712754 0.020043080459352325
      vertex 18.962855326804796 -1.151197542712754 0.020043080459352325
    endloop
  endfacet
  facet normal 0 0 -1
    outer loop
      vertex 16.260340964260187 -1.238387483079428 0.008564307045585196
      vertex 19.13965903573981 -1.238387483079428 0.008564307045585196
      vertex 19.349999999999998 -1.342116167511353 0.008564307045585196
    endloop
  endfacet
  facet normal 0 0 -1
    outer loop
      vertex 16.05 -1.342116167511353 0.008564307045585196
      vertex 19.70891271572878 -1.5819339770389242 0.008564307045585196
      vertex 17.9610523844401 -2.217110277252379 0.008564307045585196
    endloop
  endfacet
  facet normal 0 0 -1
    outer loop
      vertex 16.05 -1.342116167511353 0.008564307045585196
      vertex 19.349999999999998 -1.342116167511353 0.008564307045585196
      vertex 19.70891271572878 -1.5819339770389242 0.008564307045585196
    endloop
  endfacet
  facet normal 0 0 -1
    outer loop
      vertex 19.70891271572878 -1.5819339770389242 0.008564307045585196
      vertex 18.217638090205043 -2.2681483474218638 0.008564307045585196
      vertex 17.9610523844401 -2.217110277252379 0.008564307045585196
    endloop
  endfacet
  facet normal 0 0 -1
    outer loop
      vertex 19.70891271572878 -1.5819339770389242 0.008564307045585196
      vertex 18.46536686473018 -2.3522409349774267 0.008564307045585196
      vertex 18.217638090205043 -2.2681483474218638 0.008564307045585196
    endloop
  endfacet
  facet normal 0 0 -1
    outer loop
      vertex 19.70891271572878 -1.5819339770389242 0.008564307045585196
      vertex 18.7 -2.467949192431123 0.008564307045585196
      vertex 18.46536686473018 -2.3522409349774267 0.008564307045585196
    endloop
  endfacet
  facet normal 0 0 -1
    outer loop
      vertex 18.917522858017442 -2.61329331941753 0.008564307045585196
      vertex 18.7 -2.467949192431123 0.008564307045585196
      vertex 19.70891271572878 -1.5819339770389242 0.008564307045585196
    endloop
  endfacet
  facet normal 0 0 -1
    outer loop
      vertex 19.114213562373095 -2.785786437626905 0.008564307045585196
      vertex 18.917522858017442 -2.61329331941753 0.008564307045585196
      vertex 20.033452377915605 -1.8665476220843935 0.008564307045585196
    endloop
  endfacet
  facet normal 0 0 -1
    outer loop
      vertex 18.917522858017442 -2.61329331941753 0.008564307045585196
      vertex 19.70891271572878 -1.5819339770389242 0.008564307045585196
      vertex 20.033452377915605 -1.8665476220843935 0.008564307045585196
    endloop
  endfacet
  facet normal 0 0 -1
    outer loop
      vertex 19.114213562373095 -2.785786437626905 0.008564307045585196
      vertex 20.033452377915605 -1.8665476220843935 0.008564307045585196
      vertex 20.318066022961077 -2.191087284271222 0.008564307045585196
    endloop
  endfacet
  facet normal 0 0 -1
    outer loop
      vertex 19.28670668058247 -2.982477141982559 0.008564307045585196
      vertex 19.114213562373095 -2.785786437626905 0.008564307045585196
      vertex 20.318066022961077 -2.191087284271222 0.008564307045585196
    endloop
  endfacet
  facet normal 0 0 -1
    outer loop
      vertex 19.432050807568878 -3.2 0.008564307045585196
      vertex 19.28670668058247 -2.982477141982559 0.008564307045585196
      vertex 20.557883832488645 -2.5500000000000003 0.008564307045585196
    endloop
  endfacet
  facet normal 0 0 -1
    outer loop
      vertex 19.28670668058247 -2.982477141982559 0.008564307045585196
      vertex 20.318066022961077 -2.191087284271222 0.008564307045585196
      vertex 20.557883832488645 -2.5500000000000003 0.008564307045585196
    endloop
  endfacet
  facet normal 0 0 -1
    outer loop
      vertex 19.54775906502257 -3.4346331352698205 0.008564307045585196
      vertex 19.432050807568878 -3.2 0.008564307045585196
      vertex 20.748802457287244 -2.937144673195204 0.008564307045585196
    endloop
  endfacet
  facet normal 0 0 -1
    outer loop
      vertex 19.631851652578135 -3.6823619097949587 0.008564307045585196
      vertex 19.54775906502257 -3.4346331352698205 0.008564307045585196
      vertex 20.887555226753925 -3.3458971511616817 0.008564307045585196
    endloop
  endfacet
  facet normal 0 0 -1
    outer loop
      vertex 19.68288972274762 -3.938947615559897 0.008564307045585196
      vertex 19.631851652578135 -3.6823619097949587 0.008564307045585196
      vertex 20.971768042533572 -3.76926356567383 0.008564307045585196
    endloop
  endfacet
  facet normal 0 0 -1
    outer loop
      vertex 19.7 -4.2 0.008564307045585196
      vertex 19.68288972274762 -3.938947615559897 0.008564307045585196
      vertex 21 -4.2 0.008564307045585196
    endloop
  endfacet
  facet normal 0 0 -1
    outer loop
      vertex 19.68288972274762 -4.461052384440103 0.008564307045585196
      vertex 19.7 -4.2 0.008564307045585196
      vertex 20.971768042533572 -4.63073643432617 0.008564307045585196
    endloop
  endfacet
  facet normal 0 0 -1
    outer loop
      vertex 19.631851652578135 -4.717638090205042 0.008564307045585196
      vertex 19.68288972274762 -4.461052384440103 0.008564307045585196
      vertex 20.887555226753925 -5.054102848838319 0.008564307045585196
    endloop
  endfacet
  facet normal 0 0 -1
    outer loop
      vertex 17.7 -6.2 0.008564307045585196
      vertex 17.9610523844401 -6.182889722747621 0.008564307045585196
      vertex 17.7 -7.5 0.008564307045585196
    endloop
  endfacet
  facet normal 0 0 -1
    outer loop
      vertex 17.9610523844401 -6.182889722747621 0.008564307045585196
      vertex 18.217638090205043 -6.131851652578137 0.008564307045585196
      vertex 18.13073643432617 -7.471768042533574 0.008564307045585196
    endloop
  endfacet
  facet normal 0 0 -1
    outer loop
      vertex 18.13073643432617 -7.471768042533574 0.008564307045585196
      vertex 18.217638090205043 -6.131851652578137 0.008564307045585196
      vertex 18.55410284883832 -7.387555226753925 0.008564307045585196
    endloop
  endfacet
  facet normal 0 0 -1
    outer loop
      vertex 18.46536686473018 -6.047759065022573 0.008564307045585196
      vertex 18.7 -5.932050807568878 0.008564307045585196
      vertex 18.962855326804796 -7.248802457287246 0.008564307045585196
    endloop
  endfacet
  facet normal 0 0 -1
    outer loop
      vertex 18.217638090205043 -6.131851652578137 0.008564307045585196
      vertex 18.46536686473018 -6.047759065022573 0.008564307045585196
      vertex 18.55410284883832 -7.387555226753925 0.008564307045585196
    endloop
  endfacet
  facet normal 0 0 -1
    outer loop
      vertex 18.46536686473018 -6.047759065022573 0.008564307045585196
      vertex 18.962855326804796 -7.248802457287246 0.008564307045585196
      vertex 18.55410284883832 -7.387555226753925 0.008564307045585196
    endloop
  endfacet
  facet normal 0 0 -1
    outer loop
      vertex 19.114213562373095 -5.614213562373095 0.008564307045585196
      vertex 19.28670668058247 -5.417522858017442 0.008564307045585196
      vertex 20.033452377915605 -6.533452377915607 0.008564307045585196
    endloop
  endfacet
  facet normal 0 0 -1
    outer loop
      vertex 19.432050807568878 -5.2 0.008564307045585196
      vertex 19.54775906502257 -4.965366864730179 0.008564307045585196
      vertex 20.557883832488645 -5.85 0.008564307045585196
    endloop
  endfacet
  facet normal 0 0 -1
    outer loop
      vertex 19.54775906502257 -4.965366864730179 0.008564307045585196
      vertex 19.631851652578135 -4.717638090205042 0.008564307045585196
      vertex 20.748802457287244 -5.462855326804796 0.008564307045585196
    endloop
  endfacet
  facet normal 0 0 -1
    outer loop
      vertex 19.28670668058247 -5.417522858017442 0.008564307045585196
      vertex 19.432050807568878 -5.2 0.008564307045585196
      vertex 20.318066022961077 -6.208912715728778 0.008564307045585196
    endloop
  endfacet
  facet normal 0 0 -1
    outer loop
      vertex 19.432050807568878 -5.2 0.008564307045585196
      vertex 20.557883832488645 -5.85 0.008564307045585196
      vertex 20.318066022961077 -6.208912715728778 0.008564307045585196
    endloop
  endfacet
  facet normal 0 0 -1
    outer loop
      vertex 18.7 -5.932050807568878 0.008564307045585196
      vertex 18.917522858017442 -5.786706680582471 0.008564307045585196
      vertex 19.349999999999998 -7.057883832488647 0.008564307045585196
    endloop
  endfacet
  facet normal 0 0 -1
    outer loop
      vertex 18.917522858017442 -5.786706680582471 0.008564307045585196
      vertex 19.114213562373095 -5.614213562373095 0.008564307045585196
      vertex 19.70891271572878 -6.8180660229610766 0.008564307045585196
    endloop
  endfacet
  facet normal 0 0 -1
    outer loop
      vertex 18.7 -5.932050807568878 0.008564307045585196
      vertex 19.349999999999998 -7.057883832488647 0.008564307045585196
      vertex 18.962855326804796 -7.248802457287246 0.008564307045585196
    endloop
  endfacet
  facet normal 0 0 -1
    outer loop
      vertex 18.917522858017442 -5.786706680582471 0.008564307045585196
      vertex 19.70891271572878 -6.8180660229610766 0.008564307045585196
      vertex 19.349999999999998 -7.057883832488647 0.008564307045585196
    endloop
  endfacet
  facet normal 0 0 -1
    outer loop
      vertex 19.114213562373095 -5.614213562373095 0.008564307045585196
      vertex 20.033452377915605 -6.533452377915607 0.008564307045585196
      vertex 19.70891271572878 -6.8180660229610766 0.008564307045585196
    endloop
  endfacet
  facet normal 0 0 -1
    outer loop
      vertex 19.28670668058247 -5.417522858017442 0.008564307045585196
      vertex 20.318066022961077 -6.208912715728778 0.008564307045585196
      vertex 20.033452377915605 -6.533452377915607 0.008564307045585196
    endloop
  endfacet
  facet normal 0 0 -1
    outer loop
      vertex 19.432050807568878 -3.2 0.008564307045585196
      vertex 20.557883832488645 -2.5500000000000003 0.008564307045585196
      vertex 20.748802457287244 -2.937144673195204 0.008564307045585196
    endloop
  endfacet
  facet normal 0 0 -1
    outer loop
      vertex 19.54775906502257 -3.4346331352698205 0.008564307045585196
      vertex 20.748802457287244 -2.937144673195204 0.008564307045585196
      vertex 20.887555226753925 -3.3458971511616817 0.008564307045585196
    endloop
  endfacet
  facet normal 0 0 -1
    outer loop
      vertex 19.631851652578135 -3.6823619097949587 0.008564307045585196
      vertex 20.887555226753925 -3.3458971511616817 0.008564307045585196
      vertex 20.971768042533572 -3.76926356567383 0.008564307045585196
    endloop
  endfacet
  facet normal 0 0 -1
    outer loop
      vertex 19.68288972274762 -3.938947615559897 0.008564307045585196
      vertex 20.971768042533572 -3.76926356567383 0.008564307045585196
      vertex 21 -4.2 0.008564307045585196
    endloop
  endfacet
  facet normal 0 0 -1
    outer loop
      vertex 19.7 -4.2 0.008564307045585196
      vertex 21 -4.2 0.008564307045585196
      vertex 20.971768042533572 -4.63073643432617 0.008564307045585196
    endloop
  endfacet
  facet normal 0 0 -1
    outer loop
      vertex 19.68288972274762 -4.461052384440103 0.008564307045585196
      vertex 20.971768042533572 -4.63073643432617 0.008564307045585196
      vertex 20.887555226753925 -5.054102848838319 0.008564307045585196
    endloop
  endfacet
  facet normal 0 0 -1
    outer loop
      vertex 19.631851652578135 -4.717638090205042 0.008564307045585196
      vertex 20.887555226753925 -5.054102848838319 0.008564307045585196
      vertex 20.748802457287244 -5.462855326804796 0.008564307045585196
    endloop
  endfacet
  facet normal 0 0 -1
    outer loop
      vertex 19.54775906502257 -4.965366864730179 0.008564307045585196
      vertex 20.748802457287244 -5.462855326804796 0.008564307045585196
      vertex 20.557883832488645 -5.85 0.008564307045585196
    endloop
  endfacet
  facet normal 0 0.7071067811865458 -0.7071067811865491
    outer loop
      vertex 1.5 1.1373832604002754 0.9926407700840905
      vertex 33.9 1.5073592299159095 1.3626167395997228
      vertex 33.9 1.1373832604002754 0.9926407700840905
    endloop
  endfacet
  facet normal 0 0.6087614290087191 -0.7933533402912364
    outer loop
      vertex 1.5 1.1373832604002754 0.9926407700840905
      vertex 33.9 1.1373832604002754 0.9926407700840905
      vertex 33.9 0.7222809320784087 0.6741215507898204
    endloop
  endfacet
  facet normal 0 0.4999999999999993 -0.8660254037844389
    outer loop
      vertex 1.5 0.2691547608760052 0.41250903386924875
      vertex 33.9 0.7222809320784087 0.6741215507898204
      vertex 33.9 0.2691547608760052 0.41250903386924875
    endloop
  endfacet
  facet normal 0 0.38268343236509095 -0.9238795325112863
    outer loop
      vertex 1.5 0.2691547608760052 0.41250903386924875
      vertex 33.9 0.2691547608760052 0.41250903386924875
      vertex 33.9 -0.21424213878735365 0.21227948201957858
    endloop
  endfacet
  facet normal 0 0.3826834323651164 -0.9238795325112757
    outer loop
      vertex 33.9 -0.21424213878735365 0.21227948201957858
      vertex 17.917293047630103 -0.21424213878735365 0.21227948201957858
      vertex 17.7 -0.20000000000000018 0.21817876906250078
    endloop
  endfacet
  facet normal 0 0.25881904510255727 -0.9659258262890584
    outer loop
      vertex 33.9 -0.21424213878735365 0.21227948201957858
      vertex 18.222104768880207 -0.23422055450475865 0.20692628166204585
      vertex 17.917293047630103 -0.21424213878735365 0.21227948201957858
    endloop
  endfacet
  facet normal 3.914399710435377e-17 0.2588190451025286 -0.9659258262890661
    outer loop
      vertex 33.9 -0.21424213878735365 0.21227948201957858
      vertex 18.735276180410082 -0.33629669484372693 0.17957506229173248
      vertex 18.222104768880207 -0.23422055450475865 0.20692628166204585
    endloop
  endfacet
  facet normal 0 0 -1
    outer loop
      vertex 20.376558291550968 -1.238387483079428 0.008564307045585196
      vertex 30.40116951990891 -4.502814969251944 0.008564307045585196
      vertex 20.52842712474619 -1.3715728752538099 0.008564307045585196
    endloop
  endfacet
  facet normal 0 0 -1
    outer loop
      vertex 20.52842712474619 -1.3715728752538099 0.008564307045585196
      vertex 30 -4.45 0.008564307045585196
      vertex 20.87341336116494 -1.7649542839651176 0.008564307045585196
    endloop
  endfacet
  facet normal -5.920065425047479e-16 0.2588190451024974 -0.9659258262890745
    outer loop
      vertex 33.9 -0.7196387119354872 0.07685887838707828
      vertex 19.230733729460358 -0.5044818699548532 0.13450998044182327
      vertex 18.735276180410082 -0.33629669484372693 0.17957506229173248
    endloop
  endfacet
  facet normal 0 0.2588190451025351 -0.9659258262890644
    outer loop
      vertex 33.9 -0.7196387119354872 0.07685887838707828
      vertex 19.667028644962578 -0.7196387119354872 0.07685887838707828
      vertex 19.230733729460358 -0.5044818699548532 0.13450998044182327
    endloop
  endfacet
  facet normal 0 0.13052619222006748 -0.9914448613738083
    outer loop
      vertex 33.9 -0.7196387119354872 0.07685887838707828
      vertex 19.7 -0.7358983848622458 0.07471825183631609
      vertex 19.667028644962578 -0.7196387119354872 0.07685887838707828
    endloop
  endfacet
  facet normal 4.883571199827482e-17 0.13052619222005415 -0.99144486137381
    outer loop
      vertex 33.9 -1.238387483079428 0.008564307045585196
      vertex 20.13504571603488 -1.0265866388350595 0.03644841718147518
      vertex 19.7 -0.7358983848622458 0.07471825183631609
    endloop
  endfacet
  facet normal 0 0.13052619222005096 -0.9914448613738105
    outer loop
      vertex 33.9 -1.238387483079428 0.008564307045585196
      vertex 20.376558291550968 -1.238387483079428 0.008564307045585196
      vertex 20.13504571603488 -1.0265866388350595 0.03644841718147518
    endloop
  endfacet
  facet normal 0 0 -1
    outer loop
      vertex 20.87341336116494 -1.7649542839651176 0.008564307045585196
      vertex 29.59883048009109 -4.502814969251944 0.008564307045585196
      vertex 21.164101615137753 -2.2 0.008564307045585196
    endloop
  endfacet
  facet normal 0 0 -1
    outer loop
      vertex 21.164101615137753 -2.2 0.008564307045585196
      vertex 29.40684067983411 -4.567986724607506 0.008564307045585196
      vertex 21.395518130045147 -2.669266270539641 0.008564307045585196
    endloop
  endfacet
  facet normal 0 0 -1
    outer loop
      vertex 21.395518130045147 -2.669266270539641 0.008564307045585196
      vertex 29.056419785036482 -4.770302322548585 0.008564307045585196
      vertex 21.563703305156274 -3.164723819589917 0.008564307045585196
    endloop
  endfacet
  facet normal 0 0 -1
    outer loop
      vertex 21.563703305156274 -3.164723819589917 0.008564307045585196
      vertex 28.770302322548584 -5.056419785036483 0.008564307045585196
      vertex 21.66577944549524 -3.677895231119794 0.008564307045585196
    endloop
  endfacet
  facet normal 0 0 -1
    outer loop
      vertex 21.66577944549524 -3.677895231119794 0.008564307045585196
      vertex 28.567986724607504 -5.406840679834111 0.008564307045585196
      vertex 21.7 -4.2 0.008564307045585196
    endloop
  endfacet
  facet normal 0 0 -1
    outer loop
      vertex 21.563703305156274 -5.235276180410083 0.008564307045585196
      vertex 28.463260464870594 -6.20231559794108 0.008564307045585196
      vertex 21.395518130045147 -5.7307337294603595 0.008564307045585196
    endloop
  endfacet
  facet normal 0 0 -1
    outer loop
      vertex 21.164101615137753 -6.2 0.008564307045585196
      vertex 28.463260464870594 -6.20231559794108 0.008564307045585196
      vertex 20.87341336116494 -6.635045716034883 0.008564307045585196
    endloop
  endfacet
  facet normal 0 0 -1
    outer loop
      vertex 21.395518130045147 -5.7307337294603595 0.008564307045585196
      vertex 28.463260464870594 -6.20231559794108 0.008564307045585196
      vertex 21.164101615137753 -6.2 0.008564307045585196
    endloop
  endfacet
  facet normal 0 0 -1
    outer loop
      vertex 21.7 -4.2 0.008564307045585196
      vertex 28.502814969251943 -5.598830480091093 0.008564307045585196
      vertex 21.66577944549524 -4.7221047688802065 0.008564307045585196
    endloop
  endfacet
  facet normal 0 0 -1
    outer loop
      vertex 21.66577944549524 -4.7221047688802065 0.008564307045585196
      vertex 28.45 -6 0.008564307045585196
      vertex 21.563703305156274 -5.235276180410083 0.008564307045585196
    endloop
  endfacet
  facet normal 0 0 -1
    outer loop
      vertex 21.66577944549524 -3.677895231119794 0.008564307045585196
      vertex 28.65766062413412 -5.225 0.008564307045585196
      vertex 28.567986724607504 -5.406840679834111 0.008564307045585196
    endloop
  endfacet
  facet normal 0 0 -1
    outer loop
      vertex 20.87341336116494 -1.7649542839651176 0.008564307045585196
      vertex 29.79768440205892 -4.463260464870594 0.008564307045585196
      vertex 29.59883048009109 -4.502814969251944 0.008564307045585196
    endloop
  endfacet
  facet normal 0 0 -1
    outer loop
      vertex 20.52842712474619 -1.3715728752538099 0.008564307045585196
      vertex 30.20231559794108 -4.463260464870594 0.008564307045585196
      vertex 30 -4.45 0.008564307045585196
    endloop
  endfacet
  facet normal 0 0 -1
    outer loop
      vertex 20.87341336116494 -1.7649542839651176 0.008564307045585196
      vertex 30 -4.45 0.008564307045585196
      vertex 29.79768440205892 -4.463260464870594 0.008564307045585196
    endloop
  endfacet
  facet normal 0 0 -1
    outer loop
      vertex 20.52842712474619 -1.3715728752538099 0.008564307045585196
      vertex 30.40116951990891 -4.502814969251944 0.008564307045585196
      vertex 30.20231559794108 -4.463260464870594 0.008564307045585196
    endloop
  endfacet
  facet normal 0 0 -1
    outer loop
      vertex 21.395518130045147 -2.669266270539641 0.008564307045585196
      vertex 29.225 -4.65766062413412 0.008564307045585196
      vertex 29.056419785036482 -4.770302322548585 0.008564307045585196
    endloop
  endfacet
  facet normal 0 0 -1
    outer loop
      vertex 21.164101615137753 -2.2 0.008564307045585196
      vertex 29.59883048009109 -4.502814969251944 0.008564307045585196
      vertex 29.40684067983411 -4.567986724607506 0.008564307045585196
    endloop
  endfacet
  facet normal 0 0 -1
    outer loop
      vertex 21.395518130045147 -2.669266270539641 0.008564307045585196
      vertex 29.40684067983411 -4.567986724607506 0.008564307045585196
      vertex 29.225 -4.65766062413412 0.008564307045585196
    endloop
  endfacet
  facet normal 0 0 -1
    outer loop
      vertex 21.563703305156274 -3.164723819589917 0.008564307045585196
      vertex 28.90398448916085 -4.903984489160852 0.008564307045585196
      vertex 28.770302322548584 -5.056419785036483 0.008564307045585196
    endloop
  endfacet
  facet normal 0 0 -1
    outer loop
      vertex 21.563703305156274 -3.164723819589917 0.008564307045585196
      vertex 29.056419785036482 -4.770302322548585 0.008564307045585196
      vertex 28.90398448916085 -4.903984489160852 0.008564307045585196
    endloop
  endfacet
  facet normal 0 0 -1
    outer loop
      vertex 21.66577944549524 -3.677895231119794 0.008564307045585196
      vertex 28.770302322548584 -5.056419785036483 0.008564307045585196
      vertex 28.65766062413412 -5.225 0.008564307045585196
    endloop
  endfacet
  facet normal 0 0 -1
    outer loop
      vertex 21.7 -4.2 0.008564307045585196
      vertex 28.567986724607504 -5.406840679834111 0.008564307045585196
      vertex 28.502814969251943 -5.598830480091093 0.008564307045585196
    endloop
  endfacet
  facet normal 0 0 -1
    outer loop
      vertex 21.66577944549524 -4.7221047688802065 0.008564307045585196
      vertex 28.502814969251943 -5.598830480091093 0.008564307045585196
      vertex 28.463260464870594 -5.79768440205892 0.008564307045585196
    endloop
  endfacet
  facet normal 0 0 -1
    outer loop
      vertex 21.66577944549524 -4.7221047688802065 0.008564307045585196
      vertex 28.463260464870594 -5.79768440205892 0.008564307045585196
      vertex 28.45 -6 0.008564307045585196
    endloop
  endfacet
  facet normal 0 0 -1
    outer loop
      vertex 21.563703305156274 -5.235276180410083 0.008564307045585196
      vertex 28.45 -6 0.008564307045585196
      vertex 28.463260464870594 -6.20231559794108 0.008564307045585196
    endloop
  endfacet
  facet normal 0 0 -1
    outer loop
      vertex 17.9610523844401 -6.182889722747621 0.008564307045585196
      vertex 18.13073643432617 -7.471768042533574 0.008564307045585196
      vertex 17.7 -7.5 0.008564307045585196
    endloop
  endfacet
  facet normal 0 0 -1
    outer loop
      vertex 18.217638090205043 -12.068148347421863 0.008564307045585196
      vertex 19.230733729460358 -7.895518130045147 0.008564307045585196
      vertex 19.7 -7.664101615137755 0.008564307045585196
    endloop
  endfacet
  facet normal 0 0 -1
    outer loop
      vertex 18.217638090205043 -12.068148347421863 0.008564307045585196
      vertex 19.7 -7.664101615137755 0.008564307045585196
      vertex 20.13504571603488 -7.373413361164941 0.008564307045585196
    endloop
  endfacet
  facet normal 0 0 -1
    outer loop
      vertex 18.217638090205043 -12.068148347421863 0.008564307045585196
      vertex 20.52842712474619 -7.028427124746191 0.008564307045585196
      vertex 20.87341336116494 -6.635045716034883 0.008564307045585196
    endloop
  endfacet
  facet normal 0 0 -1
    outer loop
      vertex 18.217638090205043 -12.068148347421863 0.008564307045585196
      vertex 20.13504571603488 -7.373413361164941 0.008564307045585196
      vertex 20.52842712474619 -7.028427124746191 0.008564307045585196
    endloop
  endfacet
  facet normal 0 0 -1
    outer loop
      vertex 17.7 -12 0.008564307045585196
      vertex 17.7 -8.2 0.008564307045585196
      vertex 18.222104768880207 -8.165779445495241 0.008564307045585196
    endloop
  endfacet
  facet normal 0 0 -1
    outer loop
      vertex 18.217638090205043 -12.068148347421863 0.008564307045585196
      vertex 18.222104768880207 -8.165779445495241 0.008564307045585196
      vertex 18.735276180410082 -8.063703305156274 0.008564307045585196
    endloop
  endfacet
  facet normal 0 0 -1
    outer loop
      vertex 18.217638090205043 -12.068148347421863 0.008564307045585196
      vertex 18.735276180410082 -8.063703305156274 0.008564307045585196
      vertex 19.230733729460358 -7.895518130045147 0.008564307045585196
    endloop
  endfacet
  facet normal 0 0 -1
    outer loop
      vertex 17.7 -12 0.008564307045585196
      vertex 18.222104768880207 -8.165779445495241 0.008564307045585196
      vertex 17.9610523844401 -12.01711027725238 0.008564307045585196
    endloop
  endfacet
  facet normal 0 0 -1
    outer loop
      vertex 17.9610523844401 -12.01711027725238 0.008564307045585196
      vertex 18.222104768880207 -8.165779445495241 0.008564307045585196
      vertex 18.217638090205043 -12.068148347421863 0.008564307045585196
    endloop
  endfacet
  facet normal 0 0 -1
    outer loop
      vertex 18.217638090205043 -12.068148347421863 0.008564307045585196
      vertex 20.87341336116494 -6.635045716034883 0.008564307045585196
      vertex 28.463260464870594 -6.20231559794108 0.008564307045585196
    endloop
  endfacet
  facet normal 0 0 -1
    outer loop
      vertex 18.46536686473018 -12.152240934977426 0.008564307045585196
      vertex 18.217638090205043 -12.068148347421863 0.008564307045585196
      vertex 28.463260464870594 -6.20231559794108 0.008564307045585196
    endloop
  endfacet
  facet normal 0 0 -1
    outer loop
      vertex 18.46536686473018 -12.152240934977426 0.008564307045585196
      vertex 28.463260464870594 -6.20231559794108 0.008564307045585196
      vertex 18.7 -12.267949192431123 0.008564307045585196
    endloop
  endfacet
  facet normal 0 0 -1
    outer loop
      vertex 18.7 -12.267949192431123 0.008564307045585196
      vertex 28.463260464870594 -6.20231559794108 0.008564307045585196
      vertex 18.917522858017442 -12.41329331941753 0.008564307045585196
    endloop
  endfacet
  facet normal 0 0 -1
    outer loop
      vertex 28.463260464870594 -6.20231559794108 0.008564307045585196
      vertex 19.114213562373095 -12.585786437626904 0.008564307045585196
      vertex 18.917522858017442 -12.41329331941753 0.008564307045585196
    endloop
  endfacet
  facet normal 0 0 -1
    outer loop
      vertex 28.463260464870594 -6.20231559794108 0.008564307045585196
      vertex 19.28670668058247 -12.78247714198256 0.008564307045585196
      vertex 19.114213562373095 -12.585786437626904 0.008564307045585196
    endloop
  endfacet
  facet normal 0 0 -1
    outer loop
      vertex 28.502814969251943 -6.401169519908907 0.008564307045585196
      vertex 19.432050807568878 -13 0.008564307045585196
      vertex 19.28670668058247 -12.78247714198256 0.008564307045585196
    endloop
  endfacet
  facet normal 0 0 -1
    outer loop
      vertex 28.502814969251943 -6.401169519908907 0.008564307045585196
      vertex 19.54775906502257 -13.23463313526982 0.008564307045585196
      vertex 19.432050807568878 -13 0.008564307045585196
    endloop
  endfacet
  facet normal 0 0 -1
    outer loop
      vertex 28.502814969251943 -6.401169519908907 0.008564307045585196
      vertex 19.631851652578135 -13.482361909794959 0.008564307045585196
      vertex 19.54775906502257 -13.23463313526982 0.008564307045585196
    endloop
  endfacet
  facet normal 0 0 -1
    outer loop
      vertex 28.567986724607504 -6.593159320165889 0.008564307045585196
      vertex 19.68288972274762 -13.738947615559898 0.008564307045585196
      vertex 19.631851652578135 -13.482361909794959 0.008564307045585196
    endloop
  endfacet
  facet normal 0 0 -1
    outer loop
      vertex 28.567986724607504 -6.593159320165889 0.008564307045585196
      vertex 19.7 -14 0.008564307045585196
      vertex 19.68288972274762 -13.738947615559898 0.008564307045585196
    endloop
  endfacet
  facet normal 0 0 -1
    outer loop
      vertex 28.463260464870594 -6.20231559794108 0.008564307045585196
      vertex 28.502814969251943 -6.401169519908907 0.008564307045585196
      vertex 19.28670668058247 -12.78247714198256 0.008564307045585196
    endloop
  endfacet
  facet normal 0 0 -1
    outer loop
      vertex 28.567986724607504 -6.593159320165889 0.008564307045585196
      vertex 19.631851652578135 -13.482361909794959 0.008564307045585196
      vertex 28.502814969251943 -6.401169519908907 0.008564307045585196
    endloop
  endfacet
  facet normal 0 0 -1
    outer loop
      vertex 19.68288972274762 -14.261052384440102 0.008564307045585196
      vertex 28.567986724607504 -6.593159320165889 0.008564307045585196
      vertex 28.65766062413412 -6.775 0.008564307045585196
    endloop
  endfacet
  facet normal 0 0 -1
    outer loop
      vertex 19.68288972274762 -14.261052384440102 0.008564307045585196
      vertex 28.65766062413412 -6.775 0.008564307045585196
      vertex 28.770302322548584 -6.943580214963517 0.008564307045585196
    endloop
  endfacet
  facet normal 0 0 -1
    outer loop
      vertex 19.68288972274762 -14.261052384440102 0.008564307045585196
      vertex 28.770302322548584 -6.943580214963517 0.008564307045585196
      vertex 28.90398448916085 -7.096015510839148 0.008564307045585196
    endloop
  endfacet
  facet normal 0 0 -1
    outer loop
      vertex 19.68288972274762 -14.261052384440102 0.008564307045585196
      vertex 28.90398448916085 -7.096015510839148 0.008564307045585196
      vertex 29.056419785036482 -7.229697677451415 0.008564307045585196
    endloop
  endfacet
  facet normal 0 0 -1
    outer loop
      vertex 19.68288972274762 -14.261052384440102 0.008564307045585196
      vertex 29.056419785036482 -7.229697677451415 0.008564307045585196
      vertex 29.225 -7.34233937586588 0.008564307045585196
    endloop
  endfacet
  facet normal 0 0 -1
    outer loop
      vertex 19.68288972274762 -14.261052384440102 0.008564307045585196
      vertex 29.225 -7.34233937586588 0.008564307045585196
      vertex 29.40684067983411 -7.432013275392494 0.008564307045585196
    endloop
  endfacet
  facet normal 0 0 -1
    outer loop
      vertex 19.68288972274762 -14.261052384440102 0.008564307045585196
      vertex 29.40684067983411 -7.432013275392494 0.008564307045585196
      vertex 29.59883048009109 -7.497185030748056 0.008564307045585196
    endloop
  endfacet
  facet normal 0 0 -1
    outer loop
      vertex 19.68288972274762 -14.261052384440102 0.008564307045585196
      vertex 29.59883048009109 -7.497185030748056 0.008564307045585196
      vertex 29.79768440205892 -7.536739535129406 0.008564307045585196
    endloop
  endfacet
  facet normal 0 0 -1
    outer loop
      vertex 28.567986724607504 -6.593159320165889 0.008564307045585196
      vertex 19.68288972274762 -14.261052384440102 0.008564307045585196
      vertex 19.7 -14 0.008564307045585196
    endloop
  endfacet
  facet normal 0 0 -1
    outer loop
      vertex 19.68288972274762 -14.261052384440102 0.008564307045585196
      vertex 29.79768440205892 -7.536739535129406 0.008564307045585196
      vertex 19.631851652578135 -14.517638090205041 0.008564307045585196
    endloop
  endfacet
  facet normal 0 0 -1
    outer loop
      vertex 29.79768440205892 -7.536739535129406 0.008564307045585196
      vertex 27.2 -19.5 0.008564307045585196
      vertex 19.631851652578135 -14.517638090205041 0.008564307045585196
    endloop
  endfacet
  facet normal 0.05667108131556328 0.8646336168614385 -0.49919645144535224
    outer loop
      vertex 33.9 1.9542124051813714 2
      vertex 34.350865192367586 1.924661139210741 2
      vertex 33.9 1.825878449210181 1.7777190679215913
    endloop
  endfacet
  facet normal 0.056671081315563275 0.8646336168614386 -0.49919645144535235
    outer loop
      vertex 34.350865192367586 1.924661139210741 2
      vertex 34.33411424976213 1.7974250980233313 1.7777190679215913
      vertex 33.9 1.825878449210181 1.7777190679215913
    endloop
  endfacet
  facet normal 0.16904358603318473 0.8498394959552124 -0.4991964514453523
    outer loop
      vertex 34.350865192367586 1.924661139210741 2
      vertex 34.79401595629032 1.8365129716527662 2
      vertex 34.33411424976213 1.7974250980233313 1.7777190679215913
    endloop
  endfacet
  facet normal 0.16904358603318492 0.8498394959552121 -0.49919645144535274
    outer loop
      vertex 34.79401595629032 1.8365129716527662 2
      vertex 34.76080068435163 1.7125518891903493 1.7777190679215913
      vertex 34.33411424976213 1.7974250980233313 1.7777190679215913
    endloop
  endfacet
  facet normal 0.2785237081260471 0.8205043856531684 -0.49919645144535324
    outer loop
      vertex 34.79401595629032 1.8365129716527662 2
      vertex 35.22186985933288 1.6912761420936528 2
      vertex 34.76080068435163 1.7125518891903493 1.7777190679215913
    endloop
  endfacet
  facet normal 0.38323821235150446 0.7771302178258109 -0.4991964514453513
    outer loop
      vertex 35.22186985933288 1.6912761420936528 2
      vertex 35.62710620259069 1.4914356929544141 2
      vertex 35.17275858057283 1.5727110268456652 1.7777190679215913
    endloop
  endfacet
  facet normal 0.2785237081260464 0.82050438565317 -0.4991964514453516
    outer loop
      vertex 34.76080068435163 1.7125518891903493 1.7777190679215913
      vertex 35.22186985933288 1.6912761420936528 2
      vertex 35.17275858057283 1.5727110268456652 1.7777190679215913
    endloop
  endfacet
  facet normal 0.383238212351507 0.7771302178258048 -0.49919645144535874
    outer loop
      vertex 35.62710620259069 1.4914356929544141 2
      vertex 35.56293922460509 1.3802952269152096 1.7777190679215913
      vertex 35.17275858057283 1.5727110268456652 1.7777190679215913
    endloop
  endfacet
  facet normal 0.4813954045099301 0.7204591365102401 -0.49919645144536035
    outer loop
      vertex 35.62710620259069 1.4914356929544141 2
      vertex 36.00279127987786 1.2404109497260625 2
      vertex 35.56293922460509 1.3802952269152096 1.7777190679215913
    endloop
  endfacet
  facet normal 0.5713157878291671 0.6514607996199809 -0.4991964514453534
    outer loop
      vertex 36.00279127987786 1.2404109497260625 2
      vertex 36.34249701536244 0.9424970153624421 2
      vertex 35.9246665174505 1.1385967770835301 1.7777190679215913
    endloop
  endfacet
  facet normal 0.4813954045099285 0.7204591365102461 -0.49919645144535335
    outer loop
      vertex 36.00279127987786 1.2404109497260625 2
      vertex 35.9246665174505 1.1385967770835301 1.7777190679215913
      vertex 35.56293922460509 1.3802952269152096 1.7777190679215913
    endloop
  endfacet
  facet normal 0.571315787829166 0.6514607996199882 -0.4991964514453452
    outer loop
      vertex 36.34249701536244 0.9424970153624421 2
      vertex 36.25175120483872 0.8517512048387177 1.7777190679215913
      vertex 35.9246665174505 1.1385967770835301 1.7777190679215913
    endloop
  endfacet
  facet normal 0.6514607996199864 0.5713157878291689 -0.49919645144534436
    outer loop
      vertex 36.34249701536244 0.9424970153624421 2
      vertex 36.64041094972606 0.6027912798778615 2
      vertex 36.25175120483872 0.8517512048387177 1.7777190679215913
    endloop
  endfacet
  facet normal 0.7204591365102456 0.4813954045099256 -0.4991964514453566
    outer loop
      vertex 36.64041094972606 0.6027912798778615 2
      vertex 36.89143569295441 0.2271062025906858 2
      vertex 36.53859677708353 0.5246665174504974 1.7777190679215913
    endloop
  endfacet
  facet normal 0.6514607996199865 0.571315787829158 -0.49919645144535657
    outer loop
      vertex 36.64041094972606 0.6027912798778615 2
      vertex 36.53859677708353 0.5246665174504974 1.7777190679215913
      vertex 36.25175120483872 0.8517512048387177 1.7777190679215913
    endloop
  endfacet
  facet normal 0.7204591365102466 0.48139540450993407 -0.49919645144534724
    outer loop
      vertex 36.89143569295441 0.2271062025906858 2
      vertex 36.78029522691521 0.1629392246050907 1.7777190679215913
      vertex 36.53859677708353 0.5246665174504974 1.7777190679215913
    endloop
  endfacet
  facet normal 0.777130217825806 0.3832382123515193 -0.49919645144534724
    outer loop
      vertex 36.89143569295441 0.2271062025906858 2
      vertex 37.091276142093655 -0.17813014066712046 2
      vertex 36.78029522691521 0.1629392246050907 1.7777190679215913
    endloop
  endfacet
  facet normal 0.7771302178258039 0.383238212351511 -0.4991964514453569
    outer loop
      vertex 37.091276142093655 -0.17813014066712046 2
      vertex 36.972711026845666 -0.22724141942716614 1.7777190679215913
      vertex 36.78029522691521 0.1629392246050907 1.7777190679215913
    endloop
  endfacet
  facet normal 0.820504385653169 0.2785237081260395 -0.499196451445357
    outer loop
      vertex 37.091276142093655 -0.17813014066712046 2
      vertex 37.236512971652765 -0.6059840437096761 2
      vertex 36.972711026845666 -0.22724141942716614 1.7777190679215913
    endloop
  endfacet
  facet normal 0.8498394959552151 0.16904358603318725 -0.4991964514453467
    outer loop
      vertex 37.236512971652765 -0.6059840437096761 2
      vertex 37.32466113921074 -1.0491348076324096 2
      vertex 37.11255188919035 -0.6391993156483684 1.7777190679215913
    endloop
  endfacet
  facet normal 0.8205043856531722 0.2785237081260478 -0.49919645144534686
    outer loop
      vertex 36.972711026845666 -0.22724141942716614 1.7777190679215913
      vertex 37.236512971652765 -0.6059840437096761 2
      vertex 37.11255188919035 -0.6391993156483684 1.7777190679215913
    endloop
  endfacet
  facet normal 0.8646336168614395 0.05667108131556549 -0.49919645144535046
    outer loop
      vertex 37.32466113921074 -1.0491348076324096 2
      vertex 37.35421240518137 -1.5 2
      vertex 37.19742509802333 -1.065885750237865 1.7777190679215913
    endloop
  endfacet
  facet normal 0.8498394959552135 0.1690435860331843 -0.49919645144535046
    outer loop
      vertex 37.32466113921074 -1.0491348076324096 2
      vertex 37.19742509802333 -1.065885750237865 1.7777190679215913
      vertex 37.11255188919035 -0.6391993156483684 1.7777190679215913
    endloop
  endfacet
  facet normal 0.8646336168614339 0.056671081315558154 -0.4991964514453609
    outer loop
      vertex 37.35421240518137 -1.5 2
      vertex 37.22587844921018 -1.5 1.7777190679215913
      vertex 37.19742509802333 -1.065885750237865 1.7777190679215913
    endloop
  endfacet
  facet normal 0.05192896695106337 0.7922829328905977 -0.6079400765220763
    outer loop
      vertex 33.9 1.825878449210181 1.7777190679215913
      vertex 34.33411424976213 1.7974250980233313 1.7777190679215913
      vertex 34.29253914891875 1.481630854805228 1.3626167395997228
    endloop
  endfacet
  facet normal 0.1548983818312247 0.7787267522465121 -0.6079400765220758
    outer loop
      vertex 34.33411424976213 1.7974250980233313 1.7777190679215913
      vertex 34.76080068435163 1.7125518891903493 1.7777190679215913
      vertex 34.29253914891875 1.481630854805228 1.3626167395997228
    endloop
  endfacet
  facet normal 0.25521744245231204 0.7518463409676421 -0.6079400765220769
    outer loop
      vertex 34.76080068435163 1.7125518891903493 1.7777190679215913
      vertex 35.17275858057283 1.5727110268456652 1.7777190679215913
      vertex 34.678361844167085 1.4048859491045809 1.3626167395997228
    endloop
  endfacet
  facet normal 0.0519289669510632 0.7922829328905976 -0.6079400765220764
    outer loop
      vertex 33.9 1.825878449210181 1.7777190679215913
      vertex 34.29253914891875 1.481630854805228 1.3626167395997228
      vertex 33.9 1.5073592299159095 1.3626167395997228
    endloop
  endfacet
  facet normal 0.1548983818312262 0.778726752246511 -0.607940076522077
    outer loop
      vertex 34.76080068435163 1.7125518891903493 1.7777190679215913
      vertex 34.678361844167085 1.4048859491045809 1.3626167395997228
      vertex 34.29253914891875 1.481630854805228 1.3626167395997228
    endloop
  endfacet
  facet normal 0.046296531846139514 0.7063485793639762 -0.7063485793639795
    outer loop
      vertex 33.9 1.5073592299159095 1.3626167395997228
      vertex 34.29253914891875 1.481630854805228 1.3626167395997228
      vertex 33.9 1.1373832604002754 0.9926407700840905
    endloop
  endfacet
  facet normal 0.1380974490427067 0.6942627593342349 -0.7063485793639789
    outer loop
      vertex 34.29253914891875 1.481630854805228 1.3626167395997228
      vertex 34.678361844167085 1.4048859491045809 1.3626167395997228
      vertex 34.24424759440495 1.1148200809971591 0.9926407700840905
    endloop
  endfacet
  facet normal 0.2275354805983037 0.6702979110062823 -0.70634857936398
    outer loop
      vertex 34.678361844167085 1.4048859491045809 1.3626167395997228
      vertex 35.050866552459055 1.2784376394282138 1.3626167395997228
      vertex 34.58260501702617 1.0475166050430929 0.9926407700840905
    endloop
  endfacet
  facet normal 0.3511696618733969 0.7121016303436317 -0.6079400765220745
    outer loop
      vertex 35.17275858057283 1.5727110268456652 1.7777190679215913
      vertex 35.56293922460509 1.3802952269152096 1.7777190679215913
      vertex 35.050866552459055 1.2784376394282138 1.3626167395997228
    endloop
  endfacet
  facet normal 0.44111327101720016 0.6601726633925681 -0.6079400765220773
    outer loop
      vertex 35.56293922460509 1.3802952269152096 1.7777190679215913
      vertex 35.9246665174505 1.1385967770835301 1.7777190679215913
      vertex 35.40367961495795 1.104449491412784 1.3626167395997228
    endloop
  endfacet
  facet normal 0.5235093097941967 0.596947959136418 -0.6079400765220773
    outer loop
      vertex 35.9246665174505 1.1385967770835301 1.7777190679215913
      vertex 36.25175120483872 0.8517512048387177 1.7777190679215913
      vertex 36.026524104937494 0.6265241049374932 1.3626167395997228
    endloop
  endfacet
  facet normal 0.2552174424523095 0.7518463409676446 -0.6079400765220749
    outer loop
      vertex 35.17275858057283 1.5727110268456652 1.7777190679215913
      vertex 35.050866552459055 1.2784376394282138 1.3626167395997228
      vertex 34.678361844167085 1.4048859491045809 1.3626167395997228
    endloop
  endfacet
  facet normal 0.35116966187339965 0.7121016303436281 -0.6079400765220772
    outer loop
      vertex 35.56293922460509 1.3802952269152096 1.7777190679215913
      vertex 35.40367961495795 1.104449491412784 1.3626167395997228
      vertex 35.050866552459055 1.2784376394282138 1.3626167395997228
    endloop
  endfacet
  facet normal 0.4411132710171999 0.6601726633925686 -0.6079400765220769
    outer loop
      vertex 35.9246665174505 1.1385967770835301 1.7777190679215913
      vertex 35.730764302346174 0.8858984905094633 1.3626167395997228
      vertex 35.40367961495795 1.104449491412784 1.3626167395997228
    endloop
  endfacet
  facet normal 0.5235093097941971 0.5969479591364178 -0.607940076522077
    outer loop
      vertex 35.9246665174505 1.1385967770835301 1.7777190679215913
      vertex 36.026524104937494 0.6265241049374932 1.3626167395997228
      vertex 35.730764302346174 0.8858984905094633 1.3626167395997228
    endloop
  endfacet
  facet normal 0.5969479591364211 0.5235093097941933 -0.6079400765220773
    outer loop
      vertex 36.25175120483872 0.8517512048387177 1.7777190679215913
      vertex 36.53859677708353 0.5246665174504974 1.7777190679215913
      vertex 36.026524104937494 0.6265241049374932 1.3626167395997228
    endloop
  endfacet
  facet normal 0.6601726633925667 0.4411132710172039 -0.6079400765220759
    outer loop
      vertex 36.53859677708353 0.5246665174504974 1.7777190679215913
      vertex 36.78029522691521 0.1629392246050907 1.7777190679215913
      vertex 36.28589849050946 0.33076430234617504 1.3626167395997228
    endloop
  endfacet
  facet normal 0.7121016303436263 0.35116966187339815 -0.6079400765220802
    outer loop
      vertex 36.78029522691521 0.1629392246050907 1.7777190679215913
      vertex 36.972711026845666 -0.22724141942716614 1.7777190679215913
      vertex 36.67843763942821 -0.34913344754094666 1.3626167395997228
    endloop
  endfacet
  facet normal 0.5969479591364205 0.5235093097941954 -0.607940076522076
    outer loop
      vertex 36.53859677708353 0.5246665174504974 1.7777190679215913
      vertex 36.28589849050946 0.33076430234617504 1.3626167395997228
      vertex 36.026524104937494 0.6265241049374932 1.3626167395997228
    endloop
  endfacet
  facet normal 0.660172663392566 0.4411132710172095 -0.6079400765220727
    outer loop
      vertex 36.78029522691521 0.1629392246050907 1.7777190679215913
      vertex 36.504449491412785 0.003679614957954769 1.3626167395997228
      vertex 36.28589849050946 0.33076430234617504 1.3626167395997228
    endloop
  endfacet
  facet normal 0.712101630343637 0.35116966187338977 -0.6079400765220724
    outer loop
      vertex 36.78029522691521 0.1629392246050907 1.7777190679215913
      vertex 36.67843763942821 -0.34913344754094666 1.3626167395997228
      vertex 36.504449491412785 0.003679614957954769 1.3626167395997228
    endloop
  endfacet
  facet normal 0.3130803169961188 0.6348640795793177 -0.706348579363982
    outer loop
      vertex 35.050866552459055 1.2784376394282138 1.3626167395997228
      vertex 35.40367961495795 1.104449491412784 1.3626167395997228
      vertex 34.909282878552204 0.9366244136716997 0.9926407700840905
    endloop
  endfacet
  facet normal 0.39326826236785817 0.5885675477331832 -0.7063485793639797
    outer loop
      vertex 35.40367961495795 1.104449491412784 1.3626167395997228
      vertex 35.730764302346174 0.8858984905094633 1.3626167395997228
      vertex 35.50553720244495 0.5923768192667471 0.9926407700840905
    endloop
  endfacet
  facet normal 0.46672727873592584 0.5322004619635768 -0.7063485793639801
    outer loop
      vertex 35.730764302346174 0.8858984905094633 1.3626167395997228
      vertex 36.026524104937494 0.6265241049374932 1.3626167395997228
      vertex 35.50553720244495 0.5923768192667471 0.9926407700840905
    endloop
  endfacet
  facet normal 0.5322004619635793 0.46672727873592446 -0.7063485793639791
    outer loop
      vertex 36.026524104937494 0.6265241049374932 1.3626167395997228
      vertex 36.28589849050946 0.33076430234617504 1.3626167395997228
      vertex 35.76491158801692 0.3649115880169207 0.9926407700840905
    endloop
  endfacet
  facet normal 0.5885675477331752 0.39326826236786294 -0.7063485793639838
    outer loop
      vertex 36.28589849050946 0.33076430234617504 1.3626167395997228
      vertex 36.504449491412785 0.003679614957954769 1.3626167395997228
      vertex 36.18404090302246 -0.1813083697998623 0.9926407700840905
    endloop
  endfacet
  facet normal 0.6348640795793209 0.31308031699610767 -0.7063485793639841
    outer loop
      vertex 36.504449491412785 0.003679614957954769 1.3626167395997228
      vertex 36.67843763942821 -0.34913344754094666 1.3626167395997228
      vertex 36.18404090302246 -0.1813083697998623 0.9926407700840905
    endloop
  endfacet
  facet normal 0.7518463409676395 0.25521744245231165 -0.6079400765220805
    outer loop
      vertex 36.972711026845666 -0.22724141942716614 1.7777190679215913
      vertex 37.11255188919035 -0.6391993156483684 1.7777190679215913
      vertex 36.67843763942821 -0.34913344754094666 1.3626167395997228
    endloop
  endfacet
  facet normal 0.7787267522465081 0.1548983818312231 -0.6079400765220814
    outer loop
      vertex 37.11255188919035 -0.6391993156483684 1.7777190679215913
      vertex 37.19742509802333 -1.065885750237865 1.7777190679215913
      vertex 36.88163085480522 -1.1074608510812496 1.3626167395997228
    endloop
  endfacet
  facet normal 0.7922829328906024 0.051928966951059245 -0.6079400765220707
    outer loop
      vertex 37.19742509802333 -1.065885750237865 1.7777190679215913
      vertex 37.22587844921018 -1.5 1.7777190679215913
      vertex 36.90735922991591 -1.5 1.3626167395997228
    endloop
  endfacet
  facet normal 0.7518463409676399 0.25521744245231637 -0.6079400765220777
    outer loop
      vertex 37.11255188919035 -0.6391993156483684 1.7777190679215913
      vertex 36.80488594910458 -0.7216381558329124 1.3626167395997228
      vertex 36.67843763942821 -0.34913344754094666 1.3626167395997228
    endloop
  endfacet
  facet normal 0.778726752246512 0.1548983818312181 -0.6079400765220778
    outer loop
      vertex 37.11255188919035 -0.6391993156483684 1.7777190679215913
      vertex 36.88163085480522 -1.1074608510812496 1.3626167395997228
      vertex 36.80488594910458 -0.7216381558329124 1.3626167395997228
    endloop
  endfacet
  facet normal 0.7922829328905927 0.05192896695107637 -0.6079400765220817
    outer loop
      vertex 37.19742509802333 -1.065885750237865 1.7777190679215913
      vertex 36.90735922991591 -1.5 1.3626167395997228
      vertex 36.88163085480522 -1.1074608510812496 1.3626167395997228
    endloop
  endfacet
  facet normal 0.6702979110062802 0.22753548059831047 -0.7063485793639801
    outer loop
      vertex 36.67843763942821 -0.34913344754094666 1.3626167395997228
      vertex 36.80488594910458 -0.7216381558329124 1.3626167395997228
      vertex 36.44751660504309 -0.8173949829738278 0.9926407700840905
    endloop
  endfacet
  facet normal 0.6942627593342353 0.13809744904269927 -0.7063485793639801
    outer loop
      vertex 36.80488594910458 -0.7216381558329124 1.3626167395997228
      vertex 36.88163085480522 -1.1074608510812496 1.3626167395997228
      vertex 36.44751660504309 -0.8173949829738278 0.9926407700840905
    endloop
  endfacet
  facet normal 0.7063485793639747 0.04629653184615141 -0.7063485793639802
    outer loop
      vertex 36.88163085480522 -1.1074608510812496 1.3626167395997228
      vertex 36.90735922991591 -1.5 1.3626167395997228
      vertex 36.514820080997154 -1.1557524055950474 0.9926407700840905
    endloop
  endfacet
  facet normal 0 0 -1
    outer loop
      vertex 34.14169844983168 -1.3998852240751654 0.008564307045585196
      vertex 30.40116951990891 -4.502814969251944 0.008564307045585196
      vertex 20.376558291550968 -1.238387483079428 0.008564307045585196
    endloop
  endfacet
  facet normal 9.094955246391137e-17 0.2588190451025227 -0.9659258262890678
    outer loop
      vertex 33.9 -0.21424213878735365 0.21227948201957858
      vertex 33.9 -0.7196387119354872 0.07685887838707828
      vertex 18.735276180410082 -0.33629669484372693 0.17957506229173248
    endloop
  endfacet
  facet normal 1.663559218918009e-17 0.1305261922200532 -0.9914448613738102
    outer loop
      vertex 33.9 -0.7196387119354872 0.07685887838707828
      vertex 33.9 -1.238387483079428 0.008564307045585196
      vertex 19.7 -0.7358983848622458 0.07471825183631609
    endloop
  endfacet
  facet normal 0 0 -1
    outer loop
      vertex 33.9 -1.238387483079428 0.008564307045585196
      vertex 34.14169844983168 -1.3998852240751654 0.008564307045585196
      vertex 20.376558291550968 -1.238387483079428 0.008564307045585196
    endloop
  endfacet
  facet normal 0 0 -1
    outer loop
      vertex 34.14169844983168 -1.3998852240751654 0.008564307045585196
      vertex 30.59315932016589 -4.567986724607506 0.008564307045585196
      vertex 30.40116951990891 -4.502814969251944 0.008564307045585196
    endloop
  endfacet
  facet normal 0 0 -1
    outer loop
      vertex 34.14169844983168 -1.3998852240751654 0.008564307045585196
      vertex 30.775 -4.65766062413412 0.008564307045585196
      vertex 30.59315932016589 -4.567986724607506 0.008564307045585196
    endloop
  endfacet
  facet normal 0 0 -1
    outer loop
      vertex 34.14169844983168 -1.3998852240751654 0.008564307045585196
      vertex 30.943580214963518 -4.770302322548585 0.008564307045585196
      vertex 30.775 -4.65766062413412 0.008564307045585196
    endloop
  endfacet
  facet normal 0 0 -1
    outer loop
      vertex 34.14169844983168 -1.3998852240751654 0.008564307045585196
      vertex 31.09601551083915 -4.903984489160852 0.008564307045585196
      vertex 30.943580214963518 -4.770302322548585 0.008564307045585196
    endloop
  endfacet
  facet normal 0 0 -1
    outer loop
      vertex 34.14169844983168 -1.3998852240751654 0.008564307045585196
      vertex 31.229697677451416 -5.056419785036483 0.008564307045585196
      vertex 31.09601551083915 -4.903984489160852 0.008564307045585196
    endloop
  endfacet
  facet normal 0 0 -1
    outer loop
      vertex 34.14169844983168 -1.3998852240751654 0.008564307045585196
      vertex 31.34233937586588 -5.225 0.008564307045585196
      vertex 31.229697677451416 -5.056419785036483 0.008564307045585196
    endloop
  endfacet
  facet normal 0 0 -1
    outer loop
      vertex 34.14169844983168 -1.3998852240751654 0.008564307045585196
      vertex 31.432013275392496 -5.406840679834111 0.008564307045585196
      vertex 31.34233937586588 -5.225 0.008564307045585196
    endloop
  endfacet
  facet normal 0 0 -1
    outer loop
      vertex 34.14169844983168 -1.3998852240751654 0.008564307045585196
      vertex 31.497185030748057 -5.598830480091093 0.008564307045585196
      vertex 31.432013275392496 -5.406840679834111 0.008564307045585196
    endloop
  endfacet
  facet normal 0 0 -1
    outer loop
      vertex 34.14169844983168 -1.3998852240751654 0.008564307045585196
      vertex 31.536739535129406 -5.79768440205892 0.008564307045585196
      vertex 31.497185030748057 -5.598830480091093 0.008564307045585196
    endloop
  endfacet
  facet normal 0.046296531846138876 0.7063485793639765 -0.7063485793639791
    outer loop
      vertex 34.29253914891875 1.481630854805228 1.3626167395997228
      vertex 34.24424759440495 1.1148200809971591 0.9926407700840905
      vertex 33.9 1.1373832604002754 0.9926407700840905
    endloop
  endfacet
  facet normal 0.1380974490427083 0.6942627593342336 -0.7063485793639798
    outer loop
      vertex 34.678361844167085 1.4048859491045809 1.3626167395997228
      vertex 34.58260501702617 1.0475166050430929 0.9926407700840905
      vertex 34.24424759440495 1.1148200809971591 0.9926407700840905
    endloop
  endfacet
  facet normal 0.22753548059830583 0.6702979110062802 -0.7063485793639814
    outer loop
      vertex 35.050866552459055 1.2784376394282138 1.3626167395997228
      vertex 34.909282878552204 0.9366244136716997 0.9926407700840905
      vertex 34.58260501702617 1.0475166050430929 0.9926407700840905
    endloop
  endfacet
  facet normal 0.039868608566780595 0.6082774216426009 -0.7927225696110703
    outer loop
      vertex 33.9 1.1373832604002754 0.9926407700840905
      vertex 34.24424759440495 1.1148200809971591 0.9926407700840905
      vertex 34.19006586810742 0.7032690106381398 0.6741215507898204
    endloop
  endfacet
  facet normal 0.11892366275409982 0.597869626311933 -0.7927225696110708
    outer loop
      vertex 34.24424759440495 1.1148200809971591 0.9926407700840905
      vertex 34.58260501702617 1.0475166050430929 0.9926407700840905
      vertex 34.19006586810742 0.7032690106381398 0.6741215507898204
    endloop
  endfacet
  facet normal 0.19594390009982507 0.5772321159142946 -0.7927225696110691
    outer loop
      vertex 34.58260501702617 1.0475166050430929 0.9926407700840905
      vertex 34.909282878552204 0.9366244136716997 0.9926407700840905
      vertex 34.47516862879007 0.6465585455642779 0.6741215507898204
    endloop
  endfacet
  facet normal 0.039868608566781635 0.6082774216426013 -0.7927225696110699
    outer loop
      vertex 33.9 1.1373832604002754 0.9926407700840905
      vertex 34.19006586810742 0.7032690106381398 0.6741215507898204
      vertex 33.9 0.7222809320784087 0.6741215507898204
    endloop
  endfacet
  facet normal 0.11892366275409631 0.5978696263119355 -0.7927225696110692
    outer loop
      vertex 34.58260501702617 1.0475166050430929 0.9926407700840905
      vertex 34.47516862879007 0.6465585455642779 0.6741215507898204
      vertex 34.19006586810742 0.7032690106381398 0.6741215507898204
    endloop
  endfacet
  facet normal 0.19594390009982673 0.5772321159142928 -0.7927225696110699
    outer loop
      vertex 34.47516862879007 0.6465585455642779 0.6741215507898204
      vertex 34.909282878552204 0.9366244136716997 0.9926407700840905
      vertex 34.75043009476725 0.5531198686373466 0.6741215507898204
    endloop
  endfacet
  facet normal 0.26961148298893095 0.5467180039743817 -0.7927225696110697
    outer loop
      vertex 34.75043009476725 0.5531198686373466 0.6741215507898204
      vertex 34.909282878552204 0.9366244136716997 0.9926407700840905
      vertex 35.0111404660392 0.42455174152566233 0.6741215507898204
    endloop
  endfacet
  facet normal 0.032754147373531266 0.4997317194830218 -0.8655607282983532
    outer loop
      vertex 33.9 0.7222809320784087 0.6741215507898204
      vertex 34.19006586810742 0.7032690106381398 0.6741215507898204
      vertex 33.9 0.2691547608760052 0.41250903386924875
    endloop
  endfacet
  facet normal 0.0977020095778633 0.49118117121085914 -0.8655607282983532
    outer loop
      vertex 34.19006586810742 0.7032690106381398 0.6741215507898204
      vertex 34.47516862879007 0.6465585455642779 0.6741215507898204
      vertex 34.3578909458485 0.20887227423239452 0.41250903386924875
    endloop
  endfacet
  facet normal 0.16097816331020975 0.47422637691813063 -0.8655607282983526
    outer loop
      vertex 34.47516862879007 0.6465585455642779 0.6741215507898204
      vertex 34.75043009476725 0.5531198686373466 0.6741215507898204
      vertex 34.57702621627707 0.13448587341824103 0.41250903386924875
    endloop
  endfacet
  facet normal 0.22149993603673457 0.4491574378359416 -0.8655607282983527
    outer loop
      vertex 34.75043009476725 0.5531198686373466 0.6741215507898204
      vertex 35.0111404660392 0.42455174152566233 0.6741215507898204
      vertex 34.784577380438 0.03213296614480399 0.41250903386924875
    endloop
  endfacet
  facet normal 0.3130803169961163 0.634864079579321 -0.7063485793639801
    outer loop
      vertex 35.40367961495795 1.104449491412784 1.3626167395997228
      vertex 35.218691630200134 0.7840409030224675 0.9926407700840905
      vertex 34.909282878552204 0.9366244136716997 0.9926407700840905
    endloop
  endfacet
  facet normal 0.39326826236785695 0.5885675477331834 -0.7063485793639803
    outer loop
      vertex 35.40367961495795 1.104449491412784 1.3626167395997228
      vertex 35.50553720244495 0.5923768192667471 0.9926407700840905
      vertex 35.218691630200134 0.7840409030224675 0.9926407700840905
    endloop
  endfacet
  facet normal 0.46672727873592507 0.5322004619635787 -0.7063485793639791
    outer loop
      vertex 36.026524104937494 0.6265241049374932 1.3626167395997228
      vertex 35.76491158801692 0.3649115880169207 0.9926407700840905
      vertex 35.50553720244495 0.5923768192667471 0.9926407700840905
    endloop
  endfacet
  facet normal 0.5322004619635791 0.4667272787359255 -0.7063485793639785
    outer loop
      vertex 36.28589849050946 0.33076430234617504 1.3626167395997228
      vertex 35.992376819266745 0.10553720244495057 0.9926407700840905
      vertex 35.76491158801692 0.3649115880169207 0.9926407700840905
    endloop
  endfacet
  facet normal 0.269611482988931 0.5467180039743817 -0.7927225696110697
    outer loop
      vertex 34.909282878552204 0.9366244136716997 0.9926407700840905
      vertex 35.218691630200134 0.7840409030224675 0.9926407700840905
      vertex 35.0111404660392 0.42455174152566233 0.6741215507898204
    endloop
  endfacet
  facet normal 0.33866593865366895 0.5068493954076024 -0.7927225696110698
    outer loop
      vertex 35.218691630200134 0.7840409030224675 0.9926407700840905
      vertex 35.50553720244495 0.5923768192667471 0.9926407700840905
      vertex 35.0111404660392 0.42455174152566233 0.6741215507898204
    endloop
  endfacet
  facet normal 0.40192572621210676 0.45830845316019725 -0.7927225696110701
    outer loop
      vertex 35.50553720244495 0.5923768192667471 0.9926407700840905
      vertex 35.76491158801692 0.3649115880169207 0.9926407700840905
      vertex 35.25283891587088 0.2630540005299249 0.6741215507898204
    endloop
  endfacet
  facet normal 0.4583084531601982 0.40192572621210765 -0.7927225696110691
    outer loop
      vertex 35.76491158801692 0.3649115880169207 0.9926407700840905
      vertex 35.992376819266745 0.10553720244495057 0.9926407700840905
      vertex 35.663054000529925 -0.14716108412911622 0.6741215507898204
    endloop
  endfacet
  facet normal 0.506849395407604 0.3386659386536681 -0.792722569611069
    outer loop
      vertex 35.992376819266745 0.10553720244495057 0.9926407700840905
      vertex 36.18404090302246 -0.1813083697998623 0.9926407700840905
      vertex 35.82455174152566 -0.38885953396079564 0.6741215507898204
    endloop
  endfacet
  facet normal 0.5885675477331862 0.3932682623678566 -0.7063485793639782
    outer loop
      vertex 36.28589849050946 0.33076430234617504 1.3626167395997228
      vertex 36.18404090302246 -0.1813083697998623 0.9926407700840905
      vertex 35.992376819266745 0.10553720244495057 0.9926407700840905
    endloop
  endfacet
  facet normal 0.33866593865366934 0.5068493954076018 -0.7927225696110699
    outer loop
      vertex 35.50553720244495 0.5923768192667471 0.9926407700840905
      vertex 35.25283891587088 0.2630540005299249 0.6741215507898204
      vertex 35.0111404660392 0.42455174152566233 0.6741215507898204
    endloop
  endfacet
  facet normal 0.4019257262121098 0.45830845316019014 -0.7927225696110728
    outer loop
      vertex 35.76491158801692 0.3649115880169207 0.9926407700840905
      vertex 35.4713899167742 0.07138991677420403 0.6741215507898204
      vertex 35.25283891587088 0.2630540005299249 0.6741215507898204
    endloop
  endfacet
  facet normal 0.45830845316018715 0.40192572621211237 -0.7927225696110731
    outer loop
      vertex 35.76491158801692 0.3649115880169207 0.9926407700840905
      vertex 35.663054000529925 -0.14716108412911622 0.6741215507898204
      vertex 35.4713899167742 0.07138991677420403 0.6741215507898204
    endloop
  endfacet
  facet normal 0.5068493954076048 0.3386659386536677 -0.7927225696110688
    outer loop
      vertex 35.992376819266745 0.10553720244495057 0.9926407700840905
      vertex 35.82455174152566 -0.38885953396079564 0.6741215507898204
      vertex 35.663054000529925 -0.14716108412911622 0.6741215507898204
    endloop
  endfacet
  facet normal 0.27823178344628746 0.4164032904624128 -0.8655607282983521
    outer loop
      vertex 35.0111404660392 0.42455174152566233 0.6741215507898204
      vertex 35.25283891587088 0.2630540005299249 0.6741215507898204
      vertex 34.97699318036846 -0.09643516096687987 0.41250903386924875
    endloop
  endfacet
  facet normal 0.330203007900654 0.37652436734026395 -0.8655607282983526
    outer loop
      vertex 35.25283891587088 0.2630540005299249 0.6741215507898204
      vertex 35.4713899167742 0.07138991677420403 0.6741215507898204
      vertex 35.150981328383885 -0.24901867161611158 0.41250903386924875
    endloop
  endfacet
  facet normal 0.37652436734026173 0.3302030079006563 -0.8655607282983526
    outer loop
      vertex 35.4713899167742 0.07138991677420403 0.6741215507898204
      vertex 35.663054000529925 -0.14716108412911622 0.6741215507898204
      vertex 35.150981328383885 -0.24901867161611158 0.41250903386924875
    endloop
  endfacet
  facet normal 0.5467180039743794 0.2696114829889377 -0.792722569611069
    outer loop
      vertex 36.18404090302246 -0.1813083697998623 0.9926407700840905
      vertex 36.3366244136717 -0.49071712144779145 0.9926407700840905
      vertex 35.82455174152566 -0.38885953396079564 0.6741215507898204
    endloop
  endfacet
  facet normal 0.6348640795793209 0.3130803169961254 -0.7063485793639761
    outer loop
      vertex 36.67843763942821 -0.34913344754094666 1.3626167395997228
      vertex 36.3366244136717 -0.49071712144779145 0.9926407700840905
      vertex 36.18404090302246 -0.1813083697998623 0.9926407700840905
    endloop
  endfacet
  facet normal 0.6702979110062863 0.22753548059830428 -0.7063485793639762
    outer loop
      vertex 36.67843763942821 -0.34913344754094666 1.3626167395997228
      vertex 36.44751660504309 -0.8173949829738278 0.9926407700840905
      vertex 36.3366244136717 -0.49071712144779145 0.9926407700840905
    endloop
  endfacet
  facet normal 0.6942627593342352 0.1380974490426993 -0.7063485793639799
    outer loop
      vertex 36.88163085480522 -1.1074608510812496 1.3626167395997228
      vertex 36.514820080997154 -1.1557524055950474 0.9926407700840905
      vertex 36.44751660504309 -0.8173949829738278 0.9926407700840905
    endloop
  endfacet
  facet normal 0.7063485793639742 0.04629653184614996 -0.706348579363981
    outer loop
      vertex 36.90735922991591 -1.5 1.3626167395997228
      vertex 36.537383260400276 -1.5 0.9926407700840905
      vertex 36.514820080997154 -1.1557524055950474 0.9926407700840905
    endloop
  endfacet
  facet normal 0.5772321159142922 0.19594390009982113 -0.7927225696110718
    outer loop
      vertex 36.3366244136717 -0.49071712144779145 0.9926407700840905
      vertex 36.44751660504309 -0.8173949829738278 0.9926407700840905
      vertex 36.046558545564274 -0.9248313712099265 0.6741215507898204
    endloop
  endfacet
  facet normal 0.5978696263119365 0.11892366275409255 -0.7927225696110691
    outer loop
      vertex 36.44751660504309 -0.8173949829738278 0.9926407700840905
      vertex 36.514820080997154 -1.1557524055950474 0.9926407700840905
      vertex 36.10326901063814 -1.2099341318925783 0.6741215507898204
    endloop
  endfacet
  facet normal 0.6082774216426018 0.03986860856679033 -0.7927225696110691
    outer loop
      vertex 36.514820080997154 -1.1557524055950474 0.9926407700840905
      vertex 36.537383260400276 -1.5 0.9926407700840905
      vertex 36.10326901063814 -1.2099341318925783 0.6741215507898204
    endloop
  endfacet
  facet normal 0.5467180039743794 0.26961148298892984 -0.7927225696110717
    outer loop
      vertex 36.3366244136717 -0.49071712144779145 0.9926407700840905
      vertex 35.953119868637344 -0.6495699052327435 0.6741215507898204
      vertex 35.82455174152566 -0.38885953396079564 0.6741215507898204
    endloop
  endfacet
  facet normal 0.5772321159142921 0.19594390009982118 -0.7927225696110719
    outer loop
      vertex 36.3366244136717 -0.49071712144779145 0.9926407700840905
      vertex 36.046558545564274 -0.9248313712099265 0.6741215507898204
      vertex 35.953119868637344 -0.6495699052327435 0.6741215507898204
    endloop
  endfacet
  facet normal 0.4164032904624151 0.27823178344628585 -0.8655607282983515
    outer loop
      vertex 35.663054000529925 -0.14716108412911622 0.6741215507898204
      vertex 35.82455174152566 -0.38885953396079564 0.6741215507898204
      vertex 35.432132966144806 -0.6154226195619974 0.41250903386924875
    endloop
  endfacet
  facet normal 0.4491574378359426 0.22149993603673507 -0.8655607282983521
    outer loop
      vertex 35.82455174152566 -0.38885953396079564 0.6741215507898204
      vertex 35.953119868637344 -0.6495699052327435 0.6741215507898204
      vertex 35.53448587341824 -0.8229737837229307 0.41250903386924875
    endloop
  endfacet
  facet normal 0.47422637691813296 0.1609781633102062 -0.865560728298352
    outer loop
      vertex 35.953119868637344 -0.6495699052327435 0.6741215507898204
      vertex 36.046558545564274 -0.9248313712099265 0.6741215507898204
      vertex 35.53448587341824 -0.8229737837229307 0.41250903386924875
    endloop
  endfacet
  facet normal 0.49118117121085825 0.09770200957786572 -0.8655607282983536
    outer loop
      vertex 36.046558545564274 -0.9248313712099265 0.6741215507898204
      vertex 36.10326901063814 -1.2099341318925783 0.6741215507898204
      vertex 35.60887227423239 -1.042109054151494 0.41250903386924875
    endloop
  endfacet
  facet normal 0.49973171948301953 0.03275414737354 -0.8655607282983542
    outer loop
      vertex 36.10326901063814 -1.2099341318925783 0.6741215507898204
      vertex 36.12228093207841 -1.5 0.6741215507898204
      vertex 35.669154760876005 -1.5 0.41250903386924875
    endloop
  endfacet
  facet normal 0.5978696263119319 0.1189236627540988 -0.7927225696110716
    outer loop
      vertex 36.44751660504309 -0.8173949829738278 0.9926407700840905
      vertex 36.10326901063814 -1.2099341318925783 0.6741215507898204
      vertex 36.046558545564274 -0.9248313712099265 0.6741215507898204
    endloop
  endfacet
  facet normal 0.6082774216426028 0.03986860856679269 -0.7927225696110684
    outer loop
      vertex 36.537383260400276 -1.5 0.9926407700840905
      vertex 36.12228093207841 -1.5 0.6741215507898204
      vertex 36.10326901063814 -1.2099341318925783 0.6741215507898204
    endloop
  endfacet
  facet normal 0.03275414737353117 0.49973171948302186 -0.8655607282983531
    outer loop
      vertex 34.19006586810742 0.7032690106381398 0.6741215507898204
      vertex 34.13092103438512 0.25401939664552753 0.41250903386924875
      vertex 33.9 0.2691547608760052 0.41250903386924875
    endloop
  endfacet
  facet normal 0.09770200957786455 0.4911811712108594 -0.865560728298353
    outer loop
      vertex 34.19006586810742 0.7032690106381398 0.6741215507898204
      vertex 34.3578909458485 0.20887227423239452 0.41250903386924875
      vertex 34.13092103438512 0.25401939664552753 0.41250903386924875
    endloop
  endfacet
  facet normal 0.1609781633102058 0.47422637691813024 -0.8655607282983535
    outer loop
      vertex 34.47516862879007 0.6465585455642779 0.6741215507898204
      vertex 34.57702621627707 0.13448587341824103 0.41250903386924875
      vertex 34.3578909458485 0.20887227423239452 0.41250903386924875
    endloop
  endfacet
  facet normal 0.22149993603673637 0.4491574378359415 -0.8655607282983523
    outer loop
      vertex 34.75043009476725 0.5531198686373466 0.6741215507898204
      vertex 34.784577380438 0.03213296614480399 0.41250903386924875
      vertex 34.57702621627707 0.13448587341824103 0.41250903386924875
    endloop
  endfacet
  facet normal 0.02507451103777099 0.38256311096124984 -0.9235890509462892
    outer loop
      vertex 33.9 0.2691547608760052 0.41250903386924875
      vertex 34.13092103438512 0.25401939664552753 0.41250903386924875
      vertex 34.067825077741084 -0.225241975529741 0.21227948201957858
    endloop
  endfacet
  facet normal 0.07479450127748702 0.37601735006617026 -0.9235890509462892
    outer loop
      vertex 34.13092103438512 0.25401939664552753 0.41250903386924875
      vertex 34.3578909458485 0.20887227423239452 0.41250903386924875
      vertex 34.232778621872114 -0.2580532755005094 0.21227948201957858
    endloop
  endfacet
  facet normal 0.12323473686339186 0.36303782805975376 -0.9235890509462892
    outer loop
      vertex 34.3578909458485 0.20887227423239452 0.41250903386924875
      vertex 34.57702621627707 0.13448587341824103 0.41250903386924875
      vertex 34.39203823151925 -0.31211462826014813 0.21227948201957858
    endloop
  endfacet
  facet normal 0.16956639193444342 0.34384662816213196 -0.9235890509462893
    outer loop
      vertex 34.57702621627707 0.13448587341824103 0.41250903386924875
      vertex 34.784577380438 0.03213296614480399 0.41250903386924875
      vertex 34.39203823151925 -0.31211462826014813 0.21227948201957858
    endloop
  endfacet
  facet normal 0.21299671902680473 0.3187721171243632 -0.9235890509462895
    outer loop
      vertex 34.784577380438 0.03213296614480399 0.41250903386924875
      vertex 34.97699318036846 -0.09643516096687987 0.41250903386924875
      vertex 34.54287893060632 -0.38650102907430206 0.21227948201957858
    endloop
  endfacet
  facet normal 0.025074511037770728 0.3825631109612498 -0.9235890509462892
    outer loop
      vertex 33.9 0.2691547608760052 0.41250903386924875
      vertex 34.067825077741084 -0.225241975529741 0.21227948201957858
      vertex 33.9 -0.21424213878735365 0.21227948201957858
    endloop
  endfacet
  facet normal 0.07479450127748803 0.37601735006617043 -0.9235890509462892
    outer loop
      vertex 34.13092103438512 0.25401939664552753 0.41250903386924875
      vertex 34.232778621872114 -0.2580532755005094 0.21227948201957858
      vertex 34.067825077741084 -0.225241975529741 0.21227948201957858
    endloop
  endfacet
  facet normal 0.12323473686339205 0.3630378280597538 -0.9235890509462892
    outer loop
      vertex 34.3578909458485 0.20887227423239452 0.41250903386924875
      vertex 34.39203823151925 -0.31211462826014813 0.21227948201957858
      vertex 34.232778621872114 -0.2580532755005094 0.21227948201957858
    endloop
  endfacet
  facet normal 0.16956639193444425 0.34384662816213096 -0.9235890509462894
    outer loop
      vertex 34.784577380438 0.03213296614480399 0.41250903386924875
      vertex 34.54287893060632 -0.38650102907430206 0.21227948201957858
      vertex 34.39203823151925 -0.31211462826014813 0.21227948201957858
    endloop
  endfacet
  facet normal 0.0169614561029133 0.25878181247039345 -0.9657868722142618
    outer loop
      vertex 33.9 -0.21424213878735365 0.21227948201957858
      vertex 34.067825077741084 -0.225241975529741 0.21227948201957858
      vertex 33.9 -0.7196387119354872 0.07685887838707828
    endloop
  endfacet
  facet normal 0.05059415309221494 0.2543539839111518 -0.9657868722142618
    outer loop
      vertex 34.067825077741084 -0.225241975529741 0.21227948201957858
      vertex 34.232778621872114 -0.2580532755005094 0.21227948201957858
      vertex 34.001857587486995 -0.726314810933391 0.07685887838707828
    endloop
  endfacet
  facet normal 0.08336117009475802 0.2455740881669431 -0.965786872214262
    outer loop
      vertex 34.232778621872114 -0.2580532755005094 0.21227948201957858
      vertex 34.39203823151925 -0.31211462826014813 0.21227948201957858
      vertex 34.198631336201366 -0.779040177993052 0.07685887838707828
    endloop
  endfacet
  facet normal 0.21299671902680567 0.31877211712436193 -0.9235890509462896
    outer loop
      vertex 34.54287893060632 -0.38650102907430206 0.21227948201957858
      vertex 34.97699318036846 -0.09643516096687987 0.41250903386924875
      vertex 34.682719792951005 -0.4799397060012325 0.21227948201957858
    endloop
  endfacet
  facet normal 0.2527826132027727 0.2882433267822673 -0.92358905094629
    outer loop
      vertex 34.682719792951005 -0.4799397060012325 0.21227948201957858
      vertex 34.97699318036846 -0.09643516096687987 0.41250903386924875
      vertex 34.809168102627375 -0.5908318973726256 0.21227948201957858
    endloop
  endfacet
  facet normal 0.11470185436490092 0.23259235168819742 -0.9657868722142618
    outer loop
      vertex 34.39203823151925 -0.31211462826014813 0.21227948201957858
      vertex 34.54287893060632 -0.38650102907430206 0.21227948201957858
      vertex 34.290180644032255 -0.8241873004061855 0.07685887838707828
    endloop
  endfacet
  facet normal 0.1440799581054932 0.21563089558528514 -0.9657868722142621
    outer loop
      vertex 34.54287893060632 -0.38650102907430206 0.21227948201957858
      vertex 34.682719792951005 -0.4799397060012325 0.21227948201957858
      vertex 34.375053852865236 -0.8808977654800478 0.07685887838707828
    endloop
  endfacet
  facet normal 0.1709928138163904 0.19497993507472997 -0.9657868722142622
    outer loop
      vertex 34.682719792951005 -0.4799397060012325 0.21227948201957858
      vertex 34.809168102627375 -0.5908318973726256 0.21227948201957858
      vertex 34.375053852865236 -0.8808977654800478 0.07685887838707828
    endloop
  endfacet
  facet normal 0.19497993507473013 0.17099281381639078 -0.965786872214262
    outer loop
      vertex 34.809168102627375 -0.5908318973726256 0.21227948201957858
      vertex 34.920060293998766 -0.7172802070489932 0.21227948201957858
      vertex 34.451798758565886 -0.9482012414341141 0.07685887838707828
    endloop
  endfacet
  facet normal 0.21563089558528548 0.14407995810549254 -0.9657868722142621
    outer loop
      vertex 34.57581269959381 -1.1098193559677436 0.07685887838707828
      vertex 34.920060293998766 -0.7172802070489932 0.21227948201957858
      vertex 35.013498970925696 -0.8571210693936768 0.21227948201957858
    endloop
  endfacet
  facet normal 0.23259235168819622 0.11470185436490198 -0.965786872214262
    outer loop
      vertex 34.57581269959381 -1.1098193559677436 0.07685887838707828
      vertex 35.013498970925696 -0.8571210693936768 0.21227948201957858
      vertex 35.08788537173985 -1.0079617684807478 0.21227948201957858
    endloop
  endfacet
  facet normal 0.01696145610291318 0.2587818124703935 -0.9657868722142618
    outer loop
      vertex 34.067825077741084 -0.225241975529741 0.21227948201957858
      vertex 34.001857587486995 -0.726314810933391 0.07685887838707828
      vertex 33.9 -0.7196387119354872 0.07685887838707828
    endloop
  endfacet
  facet normal 0.05059415309221327 0.25435398391115266 -0.9657868722142617
    outer loop
      vertex 34.232778621872114 -0.2580532755005094 0.21227948201957858
      vertex 34.10197236341183 -0.7462288780222837 0.07685887838707828
      vertex 34.001857587486995 -0.726314810933391 0.07685887838707828
    endloop
  endfacet
  facet normal 0.08336117009476378 0.2455740881669426 -0.9657868722142615
    outer loop
      vertex 34.232778621872114 -0.2580532755005094 0.21227948201957858
      vertex 34.198631336201366 -0.779040177993052 0.07685887838707828
      vertex 34.10197236341183 -0.7462288780222837 0.07685887838707828
    endloop
  endfacet
  facet normal 0.008554825566378389 0.13052141585033183 -0.991408581243855
    outer loop
      vertex 33.9 -0.7196387119354872 0.07685887838707828
      vertex 34.001857587486995 -0.726314810933391 0.07685887838707828
      vertex 33.9 -1.238387483079428 0.008564307045585196
    endloop
  endfacet
  facet normal 0.008554825566376368 0.1305214158503322 -0.9914085812438551
    outer loop
      vertex 34.001857587486995 -0.726314810933391 0.07685887838707828
      vertex 33.93414728567075 -1.2406256144280294 0.008564307045585196
      vertex 33.9 -1.238387483079428 0.008564307045585196
    endloop
  endfacet
  facet normal 0.025518101261851854 0.12828815823775935 -0.991408581243855
    outer loop
      vertex 34.001857587486995 -0.726314810933391 0.07685887838707828
      vertex 33.96771030181625 -1.2473017134259332 0.008564307045585196
      vertex 33.93414728567075 -1.2406256144280294 0.008564307045585196
    endloop
  endfacet
  facet normal 0 0 -1
    outer loop
      vertex 33.9 -1.238387483079428 0.008564307045585196
      vertex 33.93414728567075 -1.2406256144280294 0.008564307045585196
      vertex 33.96771030181625 -1.2473017134259332 0.008564307045585196
    endloop
  endfacet
  facet normal 0 0 -1
    outer loop
      vertex 33.9 -1.238387483079428 0.008564307045585196
      vertex 33.96771030181625 -1.2473017134259332 0.008564307045585196
      vertex 34.000114775924835 -1.2583015501683206 0.008564307045585196
    endloop
  endfacet
  facet normal 0.025518101261848117 0.1282881582377596 -0.9914085812438551
    outer loop
      vertex 34.001857587486995 -0.726314810933391 0.07685887838707828
      vertex 34.10197236341183 -0.7462288780222837 0.07685887838707828
      vertex 33.96771030181625 -1.2473017134259332 0.008564307045585196
    endloop
  endfacet
  facet normal 0.04204475516977701 0.12385985466954123 -0.991408581243855
    outer loop
      vertex 34.10197236341183 -0.7462288780222837 0.07685887838707828
      vertex 34.198631336201366 -0.779040177993052 0.07685887838707828
      vertex 33.96771030181625 -1.2473017134259332 0.008564307045585196
    endloop
  endfacet
  facet normal 0.057852011659736705 0.11731227464749042 -0.9914085812438551
    outer loop
      vertex 34.198631336201366 -0.779040177993052 0.07685887838707828
      vertex 34.290180644032255 -0.8241873004061855 0.07685887838707828
      vertex 34.000114775924835 -1.2583015501683206 0.008564307045585196
    endloop
  endfacet
  facet normal 0.07266940419059525 0.10875744908111083 -0.9914085812438551
    outer loop
      vertex 34.059259609647135 -1.2924488358390667 0.008564307045585196
      vertex 34.290180644032255 -0.8241873004061855 0.07685887838707828
      vertex 34.375053852865236 -0.8808977654800478 0.07685887838707828
    endloop
  endfacet
  facet normal 0.04204475516977143 0.12385985466954397 -0.9914085812438551
    outer loop
      vertex 34.198631336201366 -0.779040177993052 0.07685887838707828
      vertex 34.000114775924835 -1.2583015501683206 0.008564307045585196
      vertex 33.96771030181625 -1.2473017134259332 0.008564307045585196
    endloop
  endfacet
  facet normal 0.0578520116597366 0.11731227464749049 -0.991408581243855
    outer loop
      vertex 34.000114775924835 -1.2583015501683206 0.008564307045585196
      vertex 34.290180644032255 -0.8241873004061855 0.07685887838707828
      vertex 34.03080625846029 -1.2734369143987982 0.008564307045585196
    endloop
  endfacet
  facet normal 0.07266940419059793 0.10875744908110946 -0.991408581243855
    outer loop
      vertex 34.03080625846029 -1.2734369143987982 0.008564307045585196
      vertex 34.290180644032255 -0.8241873004061855 0.07685887838707828
      vertex 34.059259609647135 -1.2924488358390667 0.008564307045585196
    endloop
  endfacet
  facet normal 0 0 -1
    outer loop
      vertex 33.9 -1.238387483079428 0.008564307045585196
      vertex 34.000114775924835 -1.2583015501683206 0.008564307045585196
      vertex 34.14169844983168 -1.3998852240751654 0.008564307045585196
    endloop
  endfacet
  facet normal 0 0 -1
    outer loop
      vertex 34.000114775924835 -1.2583015501683206 0.008564307045585196
      vertex 34.03080625846029 -1.2734369143987982 0.008564307045585196
      vertex 34.059259609647135 -1.2924488358390667 0.008564307045585196
    endloop
  endfacet
  facet normal 0 0 -1
    outer loop
      vertex 34.000114775924835 -1.2583015501683206 0.008564307045585196
      vertex 34.059259609647135 -1.2924488358390667 0.008564307045585196
      vertex 34.14169844983168 -1.3998852240751654 0.008564307045585196
    endloop
  endfacet
  facet normal 0 0 -1
    outer loop
      vertex 34.059259609647135 -1.2924488358390667 0.008564307045585196
      vertex 34.08498798475782 -1.315012015242183 0.008564307045585196
      vertex 34.10755116416093 -1.3407403903528645 0.008564307045585196
    endloop
  endfacet
  facet normal 0 0 -1
    outer loop
      vertex 34.059259609647135 -1.2924488358390667 0.008564307045585196
      vertex 34.10755116416093 -1.3407403903528645 0.008564307045585196
      vertex 34.14169844983168 -1.3998852240751654 0.008564307045585196
    endloop
  endfacet
  facet normal 0 0 -1
    outer loop
      vertex 34.10755116416093 -1.3407403903528645 0.008564307045585196
      vertex 34.1265630856012 -1.3691937415397137 0.008564307045585196
      vertex 34.14169844983168 -1.3998852240751654 0.008564307045585196
    endloop
  endfacet
  facet normal 0.08624340306798509 0.09834175340769276 -0.9914085812438551
    outer loop
      vertex 34.059259609647135 -1.2924488358390667 0.008564307045585196
      vertex 34.451798758565886 -0.9482012414341141 0.07685887838707828
      vertex 34.08498798475782 -1.315012015242183 0.008564307045585196
    endloop
  endfacet
  facet normal 0.09834175340769719 0.08624340306798069 -0.991408581243855
    outer loop
      vertex 34.08498798475782 -1.315012015242183 0.008564307045585196
      vertex 34.451798758565886 -0.9482012414341141 0.07685887838707828
      vertex 34.10755116416093 -1.3407403903528645 0.008564307045585196
    endloop
  endfacet
  facet normal 0.11731227464748321 0.05785201165974827 -0.9914085812438552
    outer loop
      vertex 34.1265630856012 -1.3691937415397137 0.008564307045585196
      vertex 34.57581269959381 -1.1098193559677436 0.07685887838707828
      vertex 34.14169844983168 -1.3998852240751654 0.008564307045585196
    endloop
  endfacet
  facet normal 0.10875744908111298 0.07266940419059065 -0.9914085812438551
    outer loop
      vertex 34.10755116416093 -1.3407403903528645 0.008564307045585196
      vertex 34.57581269959381 -1.1098193559677436 0.07685887838707828
      vertex 34.1265630856012 -1.3691937415397137 0.008564307045585196
    endloop
  endfacet
  facet normal 0.11470185436489683 0.23259235168819822 -0.9657868722142621
    outer loop
      vertex 34.39203823151925 -0.31211462826014813 0.21227948201957858
      vertex 34.290180644032255 -0.8241873004061855 0.07685887838707828
      vertex 34.198631336201366 -0.779040177993052 0.07685887838707828
    endloop
  endfacet
  facet normal 0.14407995810549584 0.21563089558528414 -0.9657868722142618
    outer loop
      vertex 34.54287893060632 -0.38650102907430206 0.21227948201957858
      vertex 34.375053852865236 -0.8808977654800478 0.07685887838707828
      vertex 34.290180644032255 -0.8241873004061855 0.07685887838707828
    endloop
  endfacet
  facet normal 0.17099281381638914 0.19497993507473188 -0.965786872214262
    outer loop
      vertex 34.809168102627375 -0.5908318973726256 0.21227948201957858
      vertex 34.451798758565886 -0.9482012414341141 0.07685887838707828
      vertex 34.375053852865236 -0.8808977654800478 0.07685887838707828
    endloop
  endfacet
  facet normal 0.194979935074732 0.17099281381638717 -0.9657868722142622
    outer loop
      vertex 34.451798758565886 -0.9482012414341141 0.07685887838707828
      vertex 34.920060293998766 -0.7172802070489932 0.21227948201957858
      vertex 34.51910223451995 -1.0249461471347612 0.07685887838707828
    endloop
  endfacet
  facet normal 0.2156308955852836 0.14407995810549432 -0.9657868722142621
    outer loop
      vertex 34.51910223451995 -1.0249461471347612 0.07685887838707828
      vertex 34.920060293998766 -0.7172802070489932 0.21227948201957858
      vertex 34.57581269959381 -1.1098193559677436 0.07685887838707828
    endloop
  endfacet
  facet normal 0.23259235168819664 0.11470185436489994 -0.9657868722142622
    outer loop
      vertex 34.57581269959381 -1.1098193559677436 0.07685887838707828
      vertex 35.08788537173985 -1.0079617684807478 0.21227948201957858
      vertex 34.620959822006945 -1.2013686637986298 0.07685887838707828
    endloop
  endfacet
  facet normal 0.24557408816694348 0.08336117009475562 -0.9657868722142622
    outer loop
      vertex 34.620959822006945 -1.2013686637986298 0.07685887838707828
      vertex 35.08788537173985 -1.0079617684807478 0.21227948201957858
      vertex 34.65377112197771 -1.2980276365881696 0.07685887838707828
    endloop
  endfacet
  facet normal 0.2543539839111514 0.050594153092227596 -0.9657868722142613
    outer loop
      vertex 34.65377112197771 -1.2980276365881696 0.07685887838707828
      vertex 35.17475802447026 -1.3321749222589157 0.21227948201957858
      vertex 34.67368518906661 -1.3981424125130042 0.07685887838707828
    endloop
  endfacet
  facet normal 0.25878181247039594 0.01696145610290431 -0.9657868722142614
    outer loop
      vertex 34.67368518906661 -1.3981424125130042 0.07685887838707828
      vertex 35.17475802447026 -1.3321749222589157 0.21227948201957858
      vertex 34.68036128806451 -1.5 0.07685887838707828
    endloop
  endfacet
  facet normal 0.086243403067983 0.09834175340769506 -0.991408581243855
    outer loop
      vertex 34.059259609647135 -1.2924488358390667 0.008564307045585196
      vertex 34.375053852865236 -0.8808977654800478 0.07685887838707828
      vertex 34.451798758565886 -0.9482012414341141 0.07685887838707828
    endloop
  endfacet
  facet normal 0.0983417534076954 0.08624340306798223 -0.9914085812438551
    outer loop
      vertex 34.10755116416093 -1.3407403903528645 0.008564307045585196
      vertex 34.451798758565886 -0.9482012414341141 0.07685887838707828
      vertex 34.51910223451995 -1.0249461471347612 0.07685887838707828
    endloop
  endfacet
  facet normal 0.10875744908111099 0.07266940419059474 -0.9914085812438551
    outer loop
      vertex 34.10755116416093 -1.3407403903528645 0.008564307045585196
      vertex 34.51910223451995 -1.0249461471347612 0.07685887838707828
      vertex 34.57581269959381 -1.1098193559677436 0.07685887838707828
    endloop
  endfacet
  facet normal 0.11731227464748978 0.05785201165973838 -0.9914085812438551
    outer loop
      vertex 34.14169844983168 -1.3998852240751654 0.008564307045585196
      vertex 34.57581269959381 -1.1098193559677436 0.07685887838707828
      vertex 34.620959822006945 -1.2013686637986298 0.07685887838707828
    endloop
  endfacet
  facet normal 0.12385985466954337 0.04204475516977358 -0.991408581243855
    outer loop
      vertex 34.14169844983168 -1.3998852240751654 0.008564307045585196
      vertex 34.620959822006945 -1.2013686637986298 0.07685887838707828
      vertex 34.65377112197771 -1.2980276365881696 0.07685887838707828
    endloop
  endfacet
  facet normal 0.1282881582377589 0.025518101261855376 -0.991408581243855
    outer loop
      vertex 34.65377112197771 -1.2980276365881696 0.07685887838707828
      vertex 34.67368518906661 -1.3981424125130042 0.07685887838707828
      vertex 34.15937438557197 -1.465852714329254 0.008564307045585196
    endloop
  endfacet
  facet normal 0.12385985466954418 0.04204475516976957 -0.9914085812438551
    outer loop
      vertex 34.14169844983168 -1.3998852240751654 0.008564307045585196
      vertex 34.65377112197771 -1.2980276365881696 0.07685887838707828
      vertex 34.152698286574065 -1.4322896981837503 0.008564307045585196
    endloop
  endfacet
  facet normal 0.1282881582377567 0.025518101261861825 -0.9914085812438551
    outer loop
      vertex 34.65377112197771 -1.2980276365881696 0.07685887838707828
      vertex 34.15937438557197 -1.465852714329254 0.008564307045585196
      vertex 34.152698286574065 -1.4322896981837503 0.008564307045585196
    endloop
  endfacet
  facet normal 0 0 -1
    outer loop
      vertex 34.14169844983168 -1.3998852240751654 0.008564307045585196
      vertex 34.152698286574065 -1.4322896981837503 0.008564307045585196
      vertex 34.16161251692057 -1.5 0.008564307045585196
    endloop
  endfacet
  facet normal 0 0 -1
    outer loop
      vertex 34.152698286574065 -1.4322896981837503 0.008564307045585196
      vertex 34.15937438557197 -1.465852714329254 0.008564307045585196
      vertex 34.16161251692057 -1.5 0.008564307045585196
    endloop
  endfacet
  facet normal 0.13052141585033264 0.008554825566373964 -0.991408581243855
    outer loop
      vertex 34.67368518906661 -1.3981424125130042 0.07685887838707828
      vertex 34.68036128806451 -1.5 0.07685887838707828
      vertex 34.15937438557197 -1.465852714329254 0.008564307045585196
    endloop
  endfacet
  facet normal 0.13052141585033192 0.008554825566363555 -0.9914085812438551
    outer loop
      vertex 34.15937438557197 -1.465852714329254 0.008564307045585196
      vertex 34.68036128806451 -1.5 0.07685887838707828
      vertex 34.16161251692057 -1.5 0.008564307045585196
    endloop
  endfacet
  facet normal 0.2782317834462848 0.41640329046241326 -0.8655607282983527
    outer loop
      vertex 35.0111404660392 0.42455174152566233 0.6741215507898204
      vertex 34.97699318036846 -0.09643516096687987 0.41250903386924875
      vertex 34.784577380438 0.03213296614480399 0.41250903386924875
    endloop
  endfacet
  facet normal 0.3302030079006574 0.3765243673402629 -0.8655607282983517
    outer loop
      vertex 35.25283891587088 0.2630540005299249 0.6741215507898204
      vertex 35.150981328383885 -0.24901867161611158 0.41250903386924875
      vertex 34.97699318036846 -0.09643516096687987 0.41250903386924875
    endloop
  endfacet
  facet normal 0.3765243673402611 0.3302030079006582 -0.8655607282983523
    outer loop
      vertex 35.663054000529925 -0.14716108412911622 0.6741215507898204
      vertex 35.30356483903312 -0.4230068196315413 0.41250903386924875
      vertex 35.150981328383885 -0.24901867161611158 0.41250903386924875
    endloop
  endfacet
  facet normal 0.4164032904624117 0.27823178344628796 -0.8655607282983525
    outer loop
      vertex 35.663054000529925 -0.14716108412911622 0.6741215507898204
      vertex 35.432132966144806 -0.6154226195619974 0.41250903386924875
      vertex 35.30356483903312 -0.4230068196315413 0.41250903386924875
    endloop
  endfacet
  facet normal 0.4491574378359456 0.2214999360367325 -0.8655607282983512
    outer loop
      vertex 35.82455174152566 -0.38885953396079564 0.6741215507898204
      vertex 35.53448587341824 -0.8229737837229307 0.41250903386924875
      vertex 35.432132966144806 -0.6154226195619974 0.41250903386924875
    endloop
  endfacet
  facet normal 0.47422637691813235 0.16097816331019835 -0.8655607282983537
    outer loop
      vertex 36.046558545564274 -0.9248313712099265 0.6741215507898204
      vertex 35.60887227423239 -1.042109054151494 0.41250903386924875
      vertex 35.53448587341824 -0.8229737837229307 0.41250903386924875
    endloop
  endfacet
  facet normal 0.4911811712108584 0.09770200957786607 -0.8655607282983535
    outer loop
      vertex 36.10326901063814 -1.2099341318925783 0.6741215507898204
      vertex 35.65401939664552 -1.269078965614879 0.41250903386924875
      vertex 35.60887227423239 -1.042109054151494 0.41250903386924875
    endloop
  endfacet
  facet normal 0.4997317194830203 0.0327541473735385 -0.8655607282983536
    outer loop
      vertex 36.10326901063814 -1.2099341318925783 0.6741215507898204
      vertex 35.669154760876005 -1.5 0.41250903386924875
      vertex 35.65401939664552 -1.269078965614879 0.41250903386924875
    endloop
  endfacet
  facet normal 0.25278261320278134 0.2882433267822638 -0.9235890509462886
    outer loop
      vertex 34.809168102627375 -0.5908318973726256 0.21227948201957858
      vertex 34.97699318036846 -0.09643516096687987 0.41250903386924875
      vertex 35.150981328383885 -0.24901867161611158 0.41250903386924875
    endloop
  endfacet
  facet normal 0.2882433267822631 0.2527826132027824 -0.9235890509462886
    outer loop
      vertex 34.809168102627375 -0.5908318973726256 0.21227948201957858
      vertex 35.150981328383885 -0.24901867161611158 0.41250903386924875
      vertex 35.30356483903312 -0.4230068196315413 0.41250903386924875
    endloop
  endfacet
  facet normal 0.3187721171243602 0.2129967190268059 -0.9235890509462902
    outer loop
      vertex 35.30356483903312 -0.4230068196315413 0.41250903386924875
      vertex 35.432132966144806 -0.6154226195619974 0.41250903386924875
      vertex 35.013498970925696 -0.8571210693936768 0.21227948201957858
    endloop
  endfacet
  facet normal 0.34384662816213346 0.1695663919344398 -0.9235890509462893
    outer loop
      vertex 35.432132966144806 -0.6154226195619974 0.41250903386924875
      vertex 35.53448587341824 -0.8229737837229307 0.41250903386924875
      vertex 35.08788537173985 -1.0079617684807478 0.21227948201957858
    endloop
  endfacet
  facet normal 0.36303782805975593 0.12323473686338625 -0.9235890509462891
    outer loop
      vertex 35.53448587341824 -0.8229737837229307 0.41250903386924875
      vertex 35.60887227423239 -1.042109054151494 0.41250903386924875
      vertex 35.08788537173985 -1.0079617684807478 0.21227948201957858
    endloop
  endfacet
  facet normal 0.3760173500661717 0.07479450127748878 -0.9235890509462885
    outer loop
      vertex 35.60887227423239 -1.042109054151494 0.41250903386924875
      vertex 35.65401939664552 -1.269078965614879 0.41250903386924875
      vertex 35.17475802447026 -1.3321749222589157 0.21227948201957858
    endloop
  endfacet
  facet normal 0.3825631109612509 0.025074511037776748 -0.9235890509462886
    outer loop
      vertex 35.65401939664552 -1.269078965614879 0.41250903386924875
      vertex 35.669154760876005 -1.5 0.41250903386924875
      vertex 35.17475802447026 -1.3321749222589157 0.21227948201957858
    endloop
  endfacet
  facet normal 0.2882433267822669 0.2527826132027728 -0.92358905094629
    outer loop
      vertex 34.809168102627375 -0.5908318973726256 0.21227948201957858
      vertex 35.30356483903312 -0.4230068196315413 0.41250903386924875
      vertex 34.920060293998766 -0.7172802070489932 0.21227948201957858
    endloop
  endfacet
  facet normal 0.3187721171243621 0.2129967190268045 -0.92358905094629
    outer loop
      vertex 35.30356483903312 -0.4230068196315413 0.41250903386924875
      vertex 35.013498970925696 -0.8571210693936768 0.21227948201957858
      vertex 34.920060293998766 -0.7172802070489932 0.21227948201957858
    endloop
  endfacet
  facet normal 0.3438466281621278 0.16956639193444528 -0.9235890509462905
    outer loop
      vertex 35.432132966144806 -0.6154226195619974 0.41250903386924875
      vertex 35.08788537173985 -1.0079617684807478 0.21227948201957858
      vertex 35.013498970925696 -0.8571210693936768 0.21227948201957858
    endloop
  endfacet
  facet normal 0.36303782805975604 0.12323473686339481 -0.923589050946288
    outer loop
      vertex 35.60887227423239 -1.042109054151494 0.41250903386924875
      vertex 35.14194672449949 -1.1672213781278833 0.21227948201957858
      vertex 35.08788537173985 -1.0079617684807478 0.21227948201957858
    endloop
  endfacet
  facet normal 0.3760173500661741 0.07479450127748494 -0.9235890509462878
    outer loop
      vertex 35.60887227423239 -1.042109054151494 0.41250903386924875
      vertex 35.17475802447026 -1.3321749222589157 0.21227948201957858
      vertex 35.14194672449949 -1.1672213781278833 0.21227948201957858
    endloop
  endfacet
  facet normal 0.24557408816694137 0.08336117009475878 -0.9657868722142624
    outer loop
      vertex 34.65377112197771 -1.2980276365881696 0.07685887838707828
      vertex 35.08788537173985 -1.0079617684807478 0.21227948201957858
      vertex 35.14194672449949 -1.1672213781278833 0.21227948201957858
    endloop
  endfacet
  facet normal 0.2543539839111506 0.050594153092212164 -0.9657868722142624
    outer loop
      vertex 34.65377112197771 -1.2980276365881696 0.07685887838707828
      vertex 35.14194672449949 -1.1672213781278833 0.21227948201957858
      vertex 35.17475802447026 -1.3321749222589157 0.21227948201957858
    endloop
  endfacet
  facet normal 0.382563110961248 0.025074511037766638 -0.9235890509462901
    outer loop
      vertex 35.669154760876005 -1.5 0.41250903386924875
      vertex 35.18575786121264 -1.5 0.21227948201957858
      vertex 35.17475802447026 -1.3321749222589157 0.21227948201957858
    endloop
  endfacet
  facet normal 0.2587818124703939 0.01696145610291068 -0.9657868722142618
    outer loop
      vertex 34.68036128806451 -1.5 0.07685887838707828
      vertex 35.17475802447026 -1.3321749222589157 0.21227948201957858
      vertex 35.18575786121264 -1.5 0.21227948201957858
    endloop
  endfacet
  facet normal 0.8660254037844333 0 -0.5000000000000092
    outer loop
      vertex 37.35421240518137 -1.5 2
      vertex 37.35421240518137 -30.5 2
      vertex 37.22587844921018 -1.5 1.7777190679215913
    endloop
  endfacet
  facet normal 0.7933533402912409 0 -0.6087614290087131
    outer loop
      vertex 37.22587844921018 -1.5 1.7777190679215913
      vertex 37.22587844921018 -30.5 1.7777190679215913
      vertex 36.90735922991591 -1.5 1.3626167395997228
    endloop
  endfacet
  facet normal 0.7071067811865441 0 -0.7071067811865509
    outer loop
      vertex 36.90735922991591 -1.5 1.3626167395997228
      vertex 36.90735922991591 -30.5 1.3626167395997228
      vertex 36.537383260400276 -1.5 0.9926407700840905
    endloop
  endfacet
  facet normal 0 0 -1
    outer loop
      vertex 31.536739535129406 -5.79768440205892 0.008564307045585196
      vertex 33.49315588909905 -21.395579046223958 0.008564307045585196
      vertex 31.55 -6 0.008564307045585196
    endloop
  endfacet
  facet normal 0 0 -1
    outer loop
      vertex 31.55 -6 0.008564307045585196
      vertex 33.49315588909905 -21.395579046223958 0.008564307045585196
      vertex 31.536739535129406 -6.20231559794108 0.008564307045585196
    endloop
  endfacet
  facet normal 0 0 -1
    outer loop
      vertex 31.536739535129406 -6.20231559794108 0.008564307045585196
      vertex 33.49315588909905 -21.395579046223958 0.008564307045585196
      vertex 31.497185030748057 -6.401169519908907 0.008564307045585196
    endloop
  endfacet
  facet normal 0 0 -1
    outer loop
      vertex 31.497185030748057 -6.401169519908907 0.008564307045585196
      vertex 33.49315588909905 -21.395579046223958 0.008564307045585196
      vertex 31.432013275392496 -6.593159320165889 0.008564307045585196
    endloop
  endfacet
  facet normal 0 0 -1
    outer loop
      vertex 29.79768440205892 -7.536739535129406 0.008564307045585196
      vertex 27.4610523844401 -19.517110277252378 0.008564307045585196
      vertex 27.2 -19.5 0.008564307045585196
    endloop
  endfacet
  facet normal 0 0 -1
    outer loop
      vertex 29.79768440205892 -7.536739535129406 0.008564307045585196
      vertex 27.717638090205043 -19.568148347421864 0.008564307045585196
      vertex 27.4610523844401 -19.517110277252378 0.008564307045585196
    endloop
  endfacet
  facet normal 0 0 -1
    outer loop
      vertex 29.79768440205892 -7.536739535129406 0.008564307045585196
      vertex 27.96536686473018 -19.652240934977428 0.008564307045585196
      vertex 27.717638090205043 -19.568148347421864 0.008564307045585196
    endloop
  endfacet
  facet normal 0 0 -1
    outer loop
      vertex 29.79768440205892 -7.536739535129406 0.008564307045585196
      vertex 28.2 -19.76794919243112 0.008564307045585196
      vertex 27.96536686473018 -19.652240934977428 0.008564307045585196
    endloop
  endfacet
  facet normal 0 0 -1
    outer loop
      vertex 29.79768440205892 -7.536739535129406 0.008564307045585196
      vertex 28.417522858017442 -19.91329331941753 0.008564307045585196
      vertex 28.2 -19.76794919243112 0.008564307045585196
    endloop
  endfacet
  facet normal 0 0 -1
    outer loop
      vertex 29.79768440205892 -7.536739535129406 0.008564307045585196
      vertex 28.614213562373095 -20.085786437626904 0.008564307045585196
      vertex 28.417522858017442 -19.91329331941753 0.008564307045585196
    endloop
  endfacet
  facet normal 0 0 -1
    outer loop
      vertex 29.79768440205892 -7.536739535129406 0.008564307045585196
      vertex 28.78670668058247 -20.282477141982557 0.008564307045585196
      vertex 28.614213562373095 -20.085786437626904 0.008564307045585196
    endloop
  endfacet
  facet normal 0 0 -1
    outer loop
      vertex 29.79768440205892 -7.536739535129406 0.008564307045585196
      vertex 30 -7.55 0.008564307045585196
      vertex 32.39385325410793 -20.76089637399097 0.008564307045585196
    endloop
  endfacet
  facet normal 0 0 -1
    outer loop
      vertex 30 -7.55 0.008564307045585196
      vertex 30.20231559794108 -7.536739535129406 0.008564307045585196
      vertex 32.49294476391799 -20.727259338968747 0.008564307045585196
    endloop
  endfacet
  facet normal 0 0 -1
    outer loop
      vertex 30.20231559794108 -7.536739535129406 0.008564307045585196
      vertex 30.40116951990891 -7.497185030748056 0.008564307045585196
      vertex 32.49294476391799 -20.727259338968747 0.008564307045585196
    endloop
  endfacet
  facet normal 0 0 -1
    outer loop
      vertex 30.40116951990891 -7.497185030748056 0.008564307045585196
      vertex 30.59315932016589 -7.432013275392494 0.008564307045585196
      vertex 32.59557904622396 -20.706844110900953 0.008564307045585196
    endloop
  endfacet
  facet normal 0 0 -1
    outer loop
      vertex 30.59315932016589 -7.432013275392494 0.008564307045585196
      vertex 30.775 -7.34233937586588 0.008564307045585196
      vertex 32.804420953776045 -20.706844110900953 0.008564307045585196
    endloop
  endfacet
  facet normal 0 0 -1
    outer loop
      vertex 30.775 -7.34233937586588 0.008564307045585196
      vertex 30.943580214963518 -7.229697677451415 0.008564307045585196
      vertex 32.907055236082016 -20.727259338968747 0.008564307045585196
    endloop
  endfacet
  facet normal 0 0 -1
    outer loop
      vertex 30.943580214963518 -7.229697677451415 0.008564307045585196
      vertex 31.09601551083915 -7.096015510839148 0.008564307045585196
      vertex 33.1 -20.80717967697245 0.008564307045585196
    endloop
  endfacet
  facet normal 0 0 -1
    outer loop
      vertex 31.34233937586588 -6.775 0.008564307045585196
      vertex 33.334682672232994 -21.012990856793024 0.008564307045585196
      vertex 31.229697677451416 -6.943580214963517 0.008564307045585196
    endloop
  endfacet
  facet normal 0 0 -1
    outer loop
      vertex 31.229697677451416 -6.943580214963517 0.008564307045585196
      vertex 33.26568542494924 -20.934314575050763 0.008564307045585196
      vertex 31.09601551083915 -7.096015510839148 0.008564307045585196
    endloop
  endfacet
  facet normal 0 0 -1
    outer loop
      vertex 31.432013275392496 -6.593159320165889 0.008564307045585196
      vertex 33.43910362600903 -21.19385325410793 0.008564307045585196
      vertex 31.34233937586588 -6.775 0.008564307045585196
    endloop
  endfacet
  facet normal 0.49999999999999706 0 -0.8660254037844403
    outer loop
      vertex 36.12228093207841 -1.5 0.6741215507898204
      vertex 36.12228093207841 -30.5 0.6741215507898204
      vertex 35.669154760876005 -1.5 0.41250903386924875
    endloop
  endfacet
  facet normal 0.6087614290087207 0 -0.7933533402912352
    outer loop
      vertex 36.537383260400276 -1.5 0.9926407700840905
      vertex 36.12228093207841 -30.5 0.6741215507898204
      vertex 36.12228093207841 -1.5 0.6741215507898204
    endloop
  endfacet
  facet normal 0 0 -1
    outer loop
      vertex 34.14169844983168 -1.3998852240751654 0.008564307045585196
      vertex 33.49315588909905 -21.395579046223958 0.008564307045585196
      vertex 31.536739535129406 -5.79768440205892 0.008564307045585196
    endloop
  endfacet
  facet normal 0 0 -1
    outer loop
      vertex 34.14169844983168 -1.3998852240751654 0.008564307045585196
      vertex 34.16161251692057 -1.5 0.008564307045585196
      vertex 34.16161251692057 -30.5 0.008564307045585196
    endloop
  endfacet
  facet normal 0.13052619222005332 0 -0.9914448613738103
    outer loop
      vertex 34.16161251692057 -1.5 0.008564307045585196
      vertex 34.68036128806451 -1.5 0.07685887838707828
      vertex 34.16161251692057 -30.5 0.008564307045585196
    endloop
  endfacet
  facet normal 0.3826834323650891 0 -0.9238795325112871
    outer loop
      vertex 35.669154760876005 -1.5 0.41250903386924875
      vertex 35.18575786121264 -30.5 0.21227948201957858
      vertex 35.18575786121264 -1.5 0.21227948201957858
    endloop
  endfacet
  facet normal 0.25881904510252307 0 -0.9659258262890676
    outer loop
      vertex 34.68036128806451 -1.5 0.07685887838707828
      vertex 35.18575786121264 -1.5 0.21227948201957858
      vertex 35.18575786121264 -30.5 0.21227948201957858
    endloop
  endfacet
  facet normal 0 0 -1
    outer loop
      vertex 34.14169844983168 -1.3998852240751654 0.008564307045585196
      vertex 33.5 -21.5 0.008564307045585196
      vertex 33.49315588909905 -21.395579046223958 0.008564307045585196
    endloop
  endfacet
  facet normal 0 0 -1
    outer loop
      vertex 19.28670668058247 -15.21752285801744 0.008564307045585196
      vertex 25.61329331941753 -20.282477141982557 0.008564307045585196
      vertex 19.114213562373095 -15.414213562373096 0.008564307045585196
    endloop
  endfacet
  facet normal 0 0 -1
    outer loop
      vertex 18.46536686473018 -15.847759065022574 0.008564307045585196
      vertex 25.217110277252377 -21.238947615559898 0.008564307045585196
      vertex 18.217638090205043 -15.931851652578137 0.008564307045585196
    endloop
  endfacet
  facet normal 0 0 -1
    outer loop
      vertex 18.217638090205043 -15.931851652578137 0.008564307045585196
      vertex 25.2 -21.5 0.008564307045585196
      vertex 17.9610523844401 -15.98288972274762 0.008564307045585196
    endloop
  endfacet
  facet normal 0 0 -1
    outer loop
      vertex 18.917522858017442 -15.58670668058247 0.008564307045585196
      vertex 25.352240934977427 -20.73463313526982 0.008564307045585196
      vertex 18.7 -15.732050807568877 0.008564307045585196
    endloop
  endfacet
  facet normal 0 0 -1
    outer loop
      vertex 18.7 -15.732050807568877 0.008564307045585196
      vertex 25.268148347421864 -20.98236190979496 0.008564307045585196
      vertex 18.46536686473018 -15.847759065022574 0.008564307045585196
    endloop
  endfacet
  facet normal 0 0 -1
    outer loop
      vertex 19.114213562373095 -15.414213562373096 0.008564307045585196
      vertex 25.46794919243112 -20.5 0.008564307045585196
      vertex 18.917522858017442 -15.58670668058247 0.008564307045585196
    endloop
  endfacet
  facet normal 0 0 -1
    outer loop
      vertex 19.631851652578135 -14.517638090205041 0.008564307045585196
      vertex 25.982477141982557 -19.91329331941753 0.008564307045585196
      vertex 19.54775906502257 -14.76536686473018 0.008564307045585196
    endloop
  endfacet
  facet normal 0 0 -1
    outer loop
      vertex 19.432050807568878 -15 0.008564307045585196
      vertex 25.785786437626903 -20.085786437626904 0.008564307045585196
      vertex 19.28670668058247 -15.21752285801744 0.008564307045585196
    endloop
  endfacet
  facet normal 0 0 -1
    outer loop
      vertex 19.54775906502257 -14.76536686473018 0.008564307045585196
      vertex 25.785786437626903 -20.085786437626904 0.008564307045585196
      vertex 19.432050807568878 -15 0.008564307045585196
    endloop
  endfacet
  facet normal 0 0 -1
    outer loop
      vertex 19.631851652578135 -14.517638090205041 0.008564307045585196
      vertex 26.2 -19.76794919243112 0.008564307045585196
      vertex 25.982477141982557 -19.91329331941753 0.008564307045585196
    endloop
  endfacet
  facet normal 0 0 -1
    outer loop
      vertex 19.631851652578135 -14.517638090205041 0.008564307045585196
      vertex 26.43463313526982 -19.652240934977428 0.008564307045585196
      vertex 26.2 -19.76794919243112 0.008564307045585196
    endloop
  endfacet
  facet normal 0 0 -1
    outer loop
      vertex 19.631851652578135 -14.517638090205041 0.008564307045585196
      vertex 26.682361909794956 -19.568148347421864 0.008564307045585196
      vertex 26.43463313526982 -19.652240934977428 0.008564307045585196
    endloop
  endfacet
  facet normal 0 0 -1
    outer loop
      vertex 19.631851652578135 -14.517638090205041 0.008564307045585196
      vertex 26.938947615559897 -19.517110277252378 0.008564307045585196
      vertex 26.682361909794956 -19.568148347421864 0.008564307045585196
    endloop
  endfacet
  facet normal 0 0 -1
    outer loop
      vertex 19.631851652578135 -14.517638090205041 0.008564307045585196
      vertex 27.2 -19.5 0.008564307045585196
      vertex 26.938947615559897 -19.517110277252378 0.008564307045585196
    endloop
  endfacet
  facet normal 0 0 -1
    outer loop
      vertex 18.46536686473018 -15.847759065022574 0.008564307045585196
      vertex 25.268148347421864 -20.98236190979496 0.008564307045585196
      vertex 25.217110277252377 -21.238947615559898 0.008564307045585196
    endloop
  endfacet
  facet normal 0 0 -1
    outer loop
      vertex 18.7 -15.732050807568877 0.008564307045585196
      vertex 25.352240934977427 -20.73463313526982 0.008564307045585196
      vertex 25.268148347421864 -20.98236190979496 0.008564307045585196
    endloop
  endfacet
  facet normal 0 0 -1
    outer loop
      vertex 19.114213562373095 -15.414213562373096 0.008564307045585196
      vertex 25.61329331941753 -20.282477141982557 0.008564307045585196
      vertex 25.46794919243112 -20.5 0.008564307045585196
    endloop
  endfacet
  facet normal 0 0 -1
    outer loop
      vertex 19.54775906502257 -14.76536686473018 0.008564307045585196
      vertex 25.982477141982557 -19.91329331941753 0.008564307045585196
      vertex 25.785786437626903 -20.085786437626904 0.008564307045585196
    endloop
  endfacet
  facet normal 0 0 -1
    outer loop
      vertex 19.28670668058247 -15.21752285801744 0.008564307045585196
      vertex 25.785786437626903 -20.085786437626904 0.008564307045585196
      vertex 25.61329331941753 -20.282477141982557 0.008564307045585196
    endloop
  endfacet
  facet normal 0 0 -1
    outer loop
      vertex 18.917522858017442 -15.58670668058247 0.008564307045585196
      vertex 25.46794919243112 -20.5 0.008564307045585196
      vertex 25.352240934977427 -20.73463313526982 0.008564307045585196
    endloop
  endfacet
  facet normal 0 0 -1
    outer loop
      vertex 18.217638090205043 -15.931851652578137 0.008564307045585196
      vertex 25.217110277252377 -21.238947615559898 0.008564307045585196
      vertex 25.2 -21.5 0.008564307045585196
    endloop
  endfacet
  facet normal 0 0 -1
    outer loop
      vertex 17.9610523844401 -15.98288972274762 0.008564307045585196
      vertex 25.2 -21.5 0.008564307045585196
      vertex 25.217110277252377 -21.761052384440102 0.008564307045585196
    endloop
  endfacet
  facet normal 0 -0.8660254037844333 -0.5000000000000093
    outer loop
      vertex 1.5 -33.95421240518137 2
      vertex 33.9 -33.82587844921018 1.7777190679215913
      vertex 33.9 -33.95421240518137 2
    endloop
  endfacet
  facet normal 0 -0.7933533402912345 -0.6087614290087217
    outer loop
      vertex 1.5 -33.507359229915906 1.3626167395997228
      vertex 33.9 -33.507359229915906 1.3626167395997228
      vertex 33.9 -33.82587844921018 1.7777190679215913
    endloop
  endfacet
  facet normal 0 -0.7071067811865509 -0.707106781186544
    outer loop
      vertex 1.5 -33.507359229915906 1.3626167395997228
      vertex 33.9 -33.13738326040028 0.9926407700840905
      vertex 33.9 -33.507359229915906 1.3626167395997228
    endloop
  endfacet
  facet normal 0 0 -1
    outer loop
      vertex 1.3998852240751654 -30.74169844983168 0.008564307045585196
      vertex 25.785786437626903 -22.914213562373096 0.008564307045585196
      vertex 25.982477141982557 -23.08670668058247 0.008564307045585196
    endloop
  endfacet
  facet normal 0 0 -1
    outer loop
      vertex 1.3998852240751654 -30.74169844983168 0.008564307045585196
      vertex 25.982477141982557 -23.08670668058247 0.008564307045585196
      vertex 26.2 -23.23205080756888 0.008564307045585196
    endloop
  endfacet
  facet normal 0 0 -1
    outer loop
      vertex 1.3998852240751654 -30.74169844983168 0.008564307045585196
      vertex 26.2 -23.23205080756888 0.008564307045585196
      vertex 26.43463313526982 -23.347759065022572 0.008564307045585196
    endloop
  endfacet
  facet normal 0 0 -1
    outer loop
      vertex 1.3998852240751654 -30.74169844983168 0.008564307045585196
      vertex 26.43463313526982 -23.347759065022572 0.008564307045585196
      vertex 26.682361909794956 -23.431851652578136 0.008564307045585196
    endloop
  endfacet
  facet normal 0 0 -1
    outer loop
      vertex 1.3998852240751654 -30.74169844983168 0.008564307045585196
      vertex 26.682361909794956 -23.431851652578136 0.008564307045585196
      vertex 26.938947615559897 -23.482889722747622 0.008564307045585196
    endloop
  endfacet
  facet normal 0 0 -1
    outer loop
      vertex 1.3998852240751654 -30.74169844983168 0.008564307045585196
      vertex 26.938947615559897 -23.482889722747622 0.008564307045585196
      vertex 27.2 -23.5 0.008564307045585196
    endloop
  endfacet
  facet normal 0 0 -1
    outer loop
      vertex 1.3998852240751654 -30.74169844983168 0.008564307045585196
      vertex 27.2 -23.5 0.008564307045585196
      vertex 27.4610523844401 -23.482889722747622 0.008564307045585196
    endloop
  endfacet
  facet normal 0 0 -1
    outer loop
      vertex 1.3998852240751654 -30.74169844983168 0.008564307045585196
      vertex 27.4610523844401 -23.482889722747622 0.008564307045585196
      vertex 27.717638090205043 -23.431851652578136 0.008564307045585196
    endloop
  endfacet
  facet normal 0 0 -1
    outer loop
      vertex 1.3998852240751654 -30.74169844983168 0.008564307045585196
      vertex 27.717638090205043 -23.431851652578136 0.008564307045585196
      vertex 32.300000000000004 -22.19282032302755 0.008564307045585196
    endloop
  endfacet
  facet normal 0 0 -1
    outer loop
      vertex 1.3998852240751654 -30.74169844983168 0.008564307045585196
      vertex 32.300000000000004 -22.19282032302755 0.008564307045585196
      vertex 34.08498798475782 -30.684987984757818 0.008564307045585196
    endloop
  endfacet
  facet normal 0 -0.6087614290087142 -0.7933533402912403
    outer loop
      vertex 1.5 -33.13738326040028 0.9926407700840905
      vertex 33.9 -32.722280932078405 0.6741215507898204
      vertex 33.9 -33.13738326040028 0.9926407700840905
    endloop
  endfacet
  facet normal 0 0 -1
    outer loop
      vertex 1.4322896981837503 -30.752698286574066 0.008564307045585196
      vertex 34.08498798475782 -30.684987984757818 0.008564307045585196
      vertex 33.9 -30.76161251692057 0.008564307045585196
    endloop
  endfacet
  facet normal 0 -0.13052619222005332 -0.9914448613738102
    outer loop
      vertex 1.5 -31.280361288064512 0.07685887838707828
      vertex 33.9 -30.76161251692057 0.008564307045585196
      vertex 33.9 -31.280361288064512 0.07685887838707828
    endloop
  endfacet
  facet normal 0 -0.2588190451025231 -0.9659258262890676
    outer loop
      vertex 1.5 -31.280361288064512 0.07685887838707828
      vertex 33.9 -31.280361288064512 0.07685887838707828
      vertex 33.9 -31.785757861212645 0.21227948201957858
    endloop
  endfacet
  facet normal 0 -0.5000000000000029 -0.8660254037844368
    outer loop
      vertex 1.5 -32.269154760876006 0.41250903386924875
      vertex 33.9 -32.269154760876006 0.41250903386924875
      vertex 33.9 -32.722280932078405 0.6741215507898204
    endloop
  endfacet
  facet normal 0 -0.3826834323650891 -0.923879532511287
    outer loop
      vertex 1.5 -32.269154760876006 0.41250903386924875
      vertex 33.9 -31.785757861212645 0.21227948201957858
      vertex 33.9 -32.269154760876006 0.41250903386924875
    endloop
  endfacet
  facet normal 0.8660254037844333 0 -0.5000000000000092
    outer loop
      vertex 37.22587844921018 -1.5 1.7777190679215913
      vertex 37.35421240518137 -30.5 2
      vertex 37.22587844921018 -30.5 1.7777190679215913
    endloop
  endfacet
  facet normal 0.7933533402912409 0 -0.6087614290087131
    outer loop
      vertex 36.90735922991591 -1.5 1.3626167395997228
      vertex 37.22587844921018 -30.5 1.7777190679215913
      vertex 36.90735922991591 -30.5 1.3626167395997228
    endloop
  endfacet
  facet normal 0 0 -1
    outer loop
      vertex 29.79768440205892 -7.536739535129406 0.008564307045585196
      vertex 32.300000000000004 -20.80717967697245 0.008564307045585196
      vertex 28.78670668058247 -20.282477141982557 0.008564307045585196
    endloop
  endfacet
  facet normal 0 0 -1
    outer loop
      vertex 29.79768440205892 -7.536739535129406 0.008564307045585196
      vertex 32.39385325410793 -20.76089637399097 0.008564307045585196
      vertex 32.300000000000004 -20.80717967697245 0.008564307045585196
    endloop
  endfacet
  facet normal 0 0 -1
    outer loop
      vertex 30 -7.55 0.008564307045585196
      vertex 32.49294476391799 -20.727259338968747 0.008564307045585196
      vertex 32.39385325410793 -20.76089637399097 0.008564307045585196
    endloop
  endfacet
  facet normal 0 0 -1
    outer loop
      vertex 30.59315932016589 -7.432013275392494 0.008564307045585196
      vertex 32.7 -20.7 0.008564307045585196
      vertex 32.59557904622396 -20.706844110900953 0.008564307045585196
    endloop
  endfacet
  facet normal 0 0 -1
    outer loop
      vertex 30.59315932016589 -7.432013275392494 0.008564307045585196
      vertex 32.804420953776045 -20.706844110900953 0.008564307045585196
      vertex 32.7 -20.7 0.008564307045585196
    endloop
  endfacet
  facet normal 0 0 -1
    outer loop
      vertex 30.40116951990891 -7.497185030748056 0.008564307045585196
      vertex 32.59557904622396 -20.706844110900953 0.008564307045585196
      vertex 32.49294476391799 -20.727259338968747 0.008564307045585196
    endloop
  endfacet
  facet normal 0 0 -1
    outer loop
      vertex 30.775 -7.34233937586588 0.008564307045585196
      vertex 32.907055236082016 -20.727259338968747 0.008564307045585196
      vertex 32.804420953776045 -20.706844110900953 0.008564307045585196
    endloop
  endfacet
  facet normal 0 0 -1
    outer loop
      vertex 30.943580214963518 -7.229697677451415 0.008564307045585196
      vertex 33.006146745892075 -20.76089637399097 0.008564307045585196
      vertex 32.907055236082016 -20.727259338968747 0.008564307045585196
    endloop
  endfacet
  facet normal 0 0 -1
    outer loop
      vertex 30.943580214963518 -7.229697677451415 0.008564307045585196
      vertex 33.1 -20.80717967697245 0.008564307045585196
      vertex 33.006146745892075 -20.76089637399097 0.008564307045585196
    endloop
  endfacet
  facet normal 0 0 -1
    outer loop
      vertex 28.78670668058247 -20.282477141982557 0.008564307045585196
      vertex 32.134314575050766 -20.934314575050763 0.008564307045585196
      vertex 28.932050807568878 -20.5 0.008564307045585196
    endloop
  endfacet
  facet normal 0 0 -1
    outer loop
      vertex 28.932050807568878 -22.5 0.008564307045585196
      vertex 32.21299085679303 -22.134682672232987 0.008564307045585196
      vertex 28.78670668058247 -22.717522858017443 0.008564307045585196
    endloop
  endfacet
  facet normal 0 0 -1
    outer loop
      vertex 28.614213562373095 -22.914213562373096 0.008564307045585196
      vertex 32.300000000000004 -22.19282032302755 0.008564307045585196
      vertex 28.417522858017442 -23.08670668058247 0.008564307045585196
    endloop
  endfacet
  facet normal 0 0 -1
    outer loop
      vertex 28.78670668058247 -22.717522858017443 0.008564307045585196
      vertex 32.300000000000004 -22.19282032302755 0.008564307045585196
      vertex 28.614213562373095 -22.914213562373096 0.008564307045585196
    endloop
  endfacet
  facet normal 0 0 -1
    outer loop
      vertex 27.96536686473018 -23.347759065022572 0.008564307045585196
      vertex 32.300000000000004 -22.19282032302755 0.008564307045585196
      vertex 27.717638090205043 -23.431851652578136 0.008564307045585196
    endloop
  endfacet
  facet normal 0 0 -1
    outer loop
      vertex 28.2 -23.23205080756888 0.008564307045585196
      vertex 32.300000000000004 -22.19282032302755 0.008564307045585196
      vertex 27.96536686473018 -23.347759065022572 0.008564307045585196
    endloop
  endfacet
  facet normal 0 0 -1
    outer loop
      vertex 28.417522858017442 -23.08670668058247 0.008564307045585196
      vertex 32.300000000000004 -22.19282032302755 0.008564307045585196
      vertex 28.2 -23.23205080756888 0.008564307045585196
    endloop
  endfacet
  facet normal 0 0 -1
    outer loop
      vertex 28.932050807568878 -20.5 0.008564307045585196
      vertex 32.06531732776701 -21.012990856793024 0.008564307045585196
      vertex 29.04775906502257 -20.73463313526982 0.008564307045585196
    endloop
  endfacet
  facet normal 0 0 -1
    outer loop
      vertex 29.04775906502257 -20.73463313526982 0.008564307045585196
      vertex 31.960896373990973 -21.19385325410793 0.008564307045585196
      vertex 29.131851652578135 -20.98236190979496 0.008564307045585196
    endloop
  endfacet
  facet normal 0 0 -1
    outer loop
      vertex 29.131851652578135 -20.98236190979496 0.008564307045585196
      vertex 31.92725933896875 -21.292944763917983 0.008564307045585196
      vertex 29.18288972274762 -21.238947615559898 0.008564307045585196
    endloop
  endfacet
  facet normal 0 0 -1
    outer loop
      vertex 29.18288972274762 -21.238947615559898 0.008564307045585196
      vertex 31.900000000000002 -21.5 0.008564307045585196
      vertex 29.2 -21.5 0.008564307045585196
    endloop
  endfacet
  facet normal 0 0 -1
    outer loop
      vertex 28.78670668058247 -20.282477141982557 0.008564307045585196
      vertex 32.21299085679303 -20.865317327767013 0.008564307045585196
      vertex 32.134314575050766 -20.934314575050763 0.008564307045585196
    endloop
  endfacet
  facet normal 0 0 -1
    outer loop
      vertex 28.78670668058247 -20.282477141982557 0.008564307045585196
      vertex 32.300000000000004 -20.80717967697245 0.008564307045585196
      vertex 32.21299085679303 -20.865317327767013 0.008564307045585196
    endloop
  endfacet
  facet normal 0 0 -1
    outer loop
      vertex 28.932050807568878 -20.5 0.008564307045585196
      vertex 32.134314575050766 -20.934314575050763 0.008564307045585196
      vertex 32.06531732776701 -21.012990856793024 0.008564307045585196
    endloop
  endfacet
  facet normal 0 0 -1
    outer loop
      vertex 29.04775906502257 -20.73463313526982 0.008564307045585196
      vertex 32.06531732776701 -21.012990856793024 0.008564307045585196
      vertex 32.00717967697245 -21.1 0.008564307045585196
    endloop
  endfacet
  facet normal 0 0 -1
    outer loop
      vertex 29.04775906502257 -20.73463313526982 0.008564307045585196
      vertex 32.00717967697245 -21.1 0.008564307045585196
      vertex 31.960896373990973 -21.19385325410793 0.008564307045585196
    endloop
  endfacet
  facet normal 0 0 -1
    outer loop
      vertex 29.131851652578135 -20.98236190979496 0.008564307045585196
      vertex 31.960896373990973 -21.19385325410793 0.008564307045585196
      vertex 31.92725933896875 -21.292944763917983 0.008564307045585196
    endloop
  endfacet
  facet normal 0 0 -1
    outer loop
      vertex 29.18288972274762 -21.238947615559898 0.008564307045585196
      vertex 31.92725933896875 -21.292944763917983 0.008564307045585196
      vertex 31.906844110900956 -21.395579046223958 0.008564307045585196
    endloop
  endfacet
  facet normal 0 0 -1
    outer loop
      vertex 29.18288972274762 -21.238947615559898 0.008564307045585196
      vertex 31.906844110900956 -21.395579046223958 0.008564307045585196
      vertex 31.900000000000002 -21.5 0.008564307045585196
    endloop
  endfacet
  facet normal 0 0 -1
    outer loop
      vertex 29.2 -21.5 0.008564307045585196
      vertex 31.900000000000002 -21.5 0.008564307045585196
      vertex 31.906844110900956 -21.604420953776042 0.008564307045585196
    endloop
  endfacet
  facet normal 0 0 -1
    outer loop
      vertex 29.2 -21.5 0.008564307045585196
      vertex 31.906844110900956 -21.604420953776042 0.008564307045585196
      vertex 29.18288972274762 -21.761052384440102 0.008564307045585196
    endloop
  endfacet
  facet normal 0 0 -1
    outer loop
      vertex 29.18288972274762 -21.761052384440102 0.008564307045585196
      vertex 31.92725933896875 -21.707055236082017 0.008564307045585196
      vertex 29.131851652578135 -22.01763809020504 0.008564307045585196
    endloop
  endfacet
  facet normal 0 0 -1
    outer loop
      vertex 29.131851652578135 -22.01763809020504 0.008564307045585196
      vertex 32.00717967697245 -21.9 0.008564307045585196
      vertex 29.04775906502257 -22.26536686473018 0.008564307045585196
    endloop
  endfacet
  facet normal 0 0 -1
    outer loop
      vertex 29.04775906502257 -22.26536686473018 0.008564307045585196
      vertex 32.06531732776701 -21.987009143206976 0.008564307045585196
      vertex 28.932050807568878 -22.5 0.008564307045585196
    endloop
  endfacet
  facet normal 0 0 -1
    outer loop
      vertex 29.18288972274762 -21.761052384440102 0.008564307045585196
      vertex 31.906844110900956 -21.604420953776042 0.008564307045585196
      vertex 31.92725933896875 -21.707055236082017 0.008564307045585196
    endloop
  endfacet
  facet normal 0 0 -1
    outer loop
      vertex 29.131851652578135 -22.01763809020504 0.008564307045585196
      vertex 31.92725933896875 -21.707055236082017 0.008564307045585196
      vertex 31.960896373990973 -21.80614674589207 0.008564307045585196
    endloop
  endfacet
  facet normal 0 0 -1
    outer loop
      vertex 29.131851652578135 -22.01763809020504 0.008564307045585196
      vertex 31.960896373990973 -21.80614674589207 0.008564307045585196
      vertex 32.00717967697245 -21.9 0.008564307045585196
    endloop
  endfacet
  facet normal 0 0 -1
    outer loop
      vertex 29.04775906502257 -22.26536686473018 0.008564307045585196
      vertex 32.00717967697245 -21.9 0.008564307045585196
      vertex 32.06531732776701 -21.987009143206976 0.008564307045585196
    endloop
  endfacet
  facet normal 0 0 -1
    outer loop
      vertex 28.932050807568878 -22.5 0.008564307045585196
      vertex 32.06531732776701 -21.987009143206976 0.008564307045585196
      vertex 32.134314575050766 -22.065685424949237 0.008564307045585196
    endloop
  endfacet
  facet normal 0 0 -1
    outer loop
      vertex 28.932050807568878 -22.5 0.008564307045585196
      vertex 32.134314575050766 -22.065685424949237 0.008564307045585196
      vertex 32.21299085679303 -22.134682672232987 0.008564307045585196
    endloop
  endfacet
  facet normal 0 0 -1
    outer loop
      vertex 28.78670668058247 -22.717522858017443 0.008564307045585196
      vertex 32.21299085679303 -22.134682672232987 0.008564307045585196
      vertex 32.300000000000004 -22.19282032302755 0.008564307045585196
    endloop
  endfacet
  facet normal 0 0 -1
    outer loop
      vertex 31.09601551083915 -7.096015510839148 0.008564307045585196
      vertex 33.18700914320698 -20.865317327767013 0.008564307045585196
      vertex 33.1 -20.80717967697245 0.008564307045585196
    endloop
  endfacet
  facet normal 0 0 -1
    outer loop
      vertex 31.09601551083915 -7.096015510839148 0.008564307045585196
      vertex 33.26568542494924 -20.934314575050763 0.008564307045585196
      vertex 33.18700914320698 -20.865317327767013 0.008564307045585196
    endloop
  endfacet
  facet normal 0 0 -1
    outer loop
      vertex 31.229697677451416 -6.943580214963517 0.008564307045585196
      vertex 33.334682672232994 -21.012990856793024 0.008564307045585196
      vertex 33.26568542494924 -20.934314575050763 0.008564307045585196
    endloop
  endfacet
  facet normal 0 0 -1
    outer loop
      vertex 31.34233937586588 -6.775 0.008564307045585196
      vertex 33.39282032302756 -21.1 0.008564307045585196
      vertex 33.334682672232994 -21.012990856793024 0.008564307045585196
    endloop
  endfacet
  facet normal 0 0 -1
    outer loop
      vertex 31.34233937586588 -6.775 0.008564307045585196
      vertex 33.43910362600903 -21.19385325410793 0.008564307045585196
      vertex 33.39282032302756 -21.1 0.008564307045585196
    endloop
  endfacet
  facet normal 0 0 -1
    outer loop
      vertex 31.432013275392496 -6.593159320165889 0.008564307045585196
      vertex 33.47274066103126 -21.292944763917983 0.008564307045585196
      vertex 33.43910362600903 -21.19385325410793 0.008564307045585196
    endloop
  endfacet
  facet normal 0 0 -1
    outer loop
      vertex 31.432013275392496 -6.593159320165889 0.008564307045585196
      vertex 33.49315588909905 -21.395579046223958 0.008564307045585196
      vertex 33.47274066103126 -21.292944763917983 0.008564307045585196
    endloop
  endfacet
  facet normal 0 0 -1
    outer loop
      vertex 34.14169844983168 -1.3998852240751654 0.008564307045585196
      vertex 34.08498798475782 -30.684987984757818 0.008564307045585196
      vertex 33.5 -21.5 0.008564307045585196
    endloop
  endfacet
  facet normal 0.7071067811865441 0 -0.7071067811865509
    outer loop
      vertex 36.537383260400276 -1.5 0.9926407700840905
      vertex 36.90735922991591 -30.5 1.3626167395997228
      vertex 36.537383260400276 -30.5 0.9926407700840905
    endloop
  endfacet
  facet normal 0.6087614290087207 0 -0.7933533402912352
    outer loop
      vertex 36.537383260400276 -1.5 0.9926407700840905
      vertex 36.537383260400276 -30.5 0.9926407700840905
      vertex 36.12228093207841 -30.5 0.6741215507898204
    endloop
  endfacet
  facet normal 0 0 -1
    outer loop
      vertex 34.14169844983168 -1.3998852240751654 0.008564307045585196
      vertex 34.16161251692057 -30.5 0.008564307045585196
      vertex 34.08498798475782 -30.684987984757818 0.008564307045585196
    endloop
  endfacet
  facet normal 0.25881904510252307 0 -0.9659258262890676
    outer loop
      vertex 34.68036128806451 -1.5 0.07685887838707828
      vertex 35.18575786121264 -30.5 0.21227948201957858
      vertex 34.68036128806451 -30.5 0.07685887838707828
    endloop
  endfacet
  facet normal 0.13052619222005332 0 -0.9914448613738103
    outer loop
      vertex 34.68036128806451 -1.5 0.07685887838707828
      vertex 34.68036128806451 -30.5 0.07685887838707828
      vertex 34.16161251692057 -30.5 0.008564307045585196
    endloop
  endfacet
  facet normal 0 0 -1
    outer loop
      vertex 34.08498798475782 -30.684987984757818 0.008564307045585196
      vertex 33.18700914320698 -22.134682672232987 0.008564307045585196
      vertex 33.26568542494924 -22.065685424949237 0.008564307045585196
    endloop
  endfacet
  facet normal 0 0 -1
    outer loop
      vertex 34.08498798475782 -30.684987984757818 0.008564307045585196
      vertex 33.43910362600903 -21.80614674589207 0.008564307045585196
      vertex 33.47274066103126 -21.707055236082017 0.008564307045585196
    endloop
  endfacet
  facet normal 0 0 -1
    outer loop
      vertex 34.08498798475782 -30.684987984757818 0.008564307045585196
      vertex 33.39282032302756 -21.9 0.008564307045585196
      vertex 33.43910362600903 -21.80614674589207 0.008564307045585196
    endloop
  endfacet
  facet normal 0 0 -1
    outer loop
      vertex 34.08498798475782 -30.684987984757818 0.008564307045585196
      vertex 33.26568542494924 -22.065685424949237 0.008564307045585196
      vertex 33.334682672232994 -21.987009143206976 0.008564307045585196
    endloop
  endfacet
  facet normal 0 0 -1
    outer loop
      vertex 34.08498798475782 -30.684987984757818 0.008564307045585196
      vertex 33.334682672232994 -21.987009143206976 0.008564307045585196
      vertex 33.39282032302756 -21.9 0.008564307045585196
    endloop
  endfacet
  facet normal 0 0 -1
    outer loop
      vertex 34.08498798475782 -30.684987984757818 0.008564307045585196
      vertex 33.49315588909905 -21.604420953776042 0.008564307045585196
      vertex 33.5 -21.5 0.008564307045585196
    endloop
  endfacet
  facet normal 0 0 -1
    outer loop
      vertex 34.08498798475782 -30.684987984757818 0.008564307045585196
      vertex 33.47274066103126 -21.707055236082017 0.008564307045585196
      vertex 33.49315588909905 -21.604420953776042 0.008564307045585196
    endloop
  endfacet
  facet normal 0.49999999999999706 0 -0.8660254037844403
    outer loop
      vertex 35.669154760876005 -1.5 0.41250903386924875
      vertex 36.12228093207841 -30.5 0.6741215507898204
      vertex 35.669154760876005 -30.5 0.41250903386924875
    endloop
  endfacet
  facet normal 0.3826834323650891 0 -0.9238795325112871
    outer loop
      vertex 35.669154760876005 -1.5 0.41250903386924875
      vertex 35.669154760876005 -30.5 0.41250903386924875
      vertex 35.18575786121264 -30.5 0.21227948201957858
    endloop
  endfacet
  facet normal 0.05667108131556591 -0.8646336168614396 -0.4991964514453504
    outer loop
      vertex 33.9 -33.95421240518137 2
      vertex 34.33411424976213 -33.79742509802333 1.7777190679215913
      vertex 34.350865192367586 -33.92466113921074 2
    endloop
  endfacet
  facet normal 0.05667108131555856 -0.8646336168614339 -0.4991964514453609
    outer loop
      vertex 33.9 -33.95421240518137 2
      vertex 33.9 -33.82587844921018 1.7777190679215913
      vertex 34.33411424976213 -33.79742509802333 1.7777190679215913
    endloop
  endfacet
  facet normal 0.16904358603318564 -0.8498394959552149 -0.49919645144534763
    outer loop
      vertex 34.350865192367586 -33.92466113921074 2
      vertex 34.76080068435163 -33.71255188919035 1.7777190679215913
      vertex 34.79401595629032 -33.836512971652766 2
    endloop
  endfacet
  facet normal 0.16904358603318345 -0.8498394959552137 -0.4991964514453504
    outer loop
      vertex 34.350865192367586 -33.92466113921074 2
      vertex 34.33411424976213 -33.79742509802333 1.7777190679215913
      vertex 34.76080068435163 -33.71255188919035 1.7777190679215913
    endloop
  endfacet
  facet normal 0.8646336168614336 -0.056671081315565516 -0.4991964514453607
    outer loop
      vertex 37.35421240518137 -30.5 2
      vertex 37.32466113921074 -30.950865192367587 2
      vertex 37.22587844921018 -30.5 1.7777190679215913
    endloop
  endfacet
  facet normal 0.849839495955213 -0.16904358603318664 -0.4991964514453503
    outer loop
      vertex 37.32466113921074 -30.950865192367587 2
      vertex 37.236512971652765 -31.39401595629032 2
      vertex 37.19742509802333 -30.934114249762132 1.7777190679215913
    endloop
  endfacet
  facet normal 0.86463361686144 -0.05667108131555895 -0.49919645144535024
    outer loop
      vertex 37.32466113921074 -30.950865192367587 2
      vertex 37.19742509802333 -30.934114249762132 1.7777190679215913
      vertex 37.22587844921018 -30.5 1.7777190679215913
    endloop
  endfacet
  facet normal 0.8205043856531763 -0.27852370812603877 -0.49919645144534536
    outer loop
      vertex 37.236512971652765 -31.39401595629032 2
      vertex 37.091276142093655 -31.82186985933288 2
      vertex 37.11255188919035 -31.36080068435163 1.7777190679215913
    endloop
  endfacet
  facet normal 0.8498394959552165 -0.16904358603318403 -0.49919645144534547
    outer loop
      vertex 37.236512971652765 -31.39401595629032 2
      vertex 37.11255188919035 -31.36080068435163 1.7777190679215913
      vertex 37.19742509802333 -30.934114249762132 1.7777190679215913
    endloop
  endfacet
  facet normal 0.8205043856531656 -0.27852370812604493 -0.49919645144535923
    outer loop
      vertex 37.11255188919035 -31.36080068435163 1.7777190679215913
      vertex 37.091276142093655 -31.82186985933288 2
      vertex 36.972711026845666 -31.772758580572834 1.7777190679215913
    endloop
  endfacet
  facet normal 0.278523708126041 -0.8205043856531692 -0.4991964514453557
    outer loop
      vertex 34.79401595629032 -33.836512971652766 2
      vertex 35.17275858057283 -33.57271102684567 1.7777190679215913
      vertex 35.22186985933288 -33.691276142093656 2
    endloop
  endfacet
  facet normal 0.3832382123515134 -0.7771302178258048 -0.4991964514453538
    outer loop
      vertex 35.22186985933288 -33.691276142093656 2
      vertex 35.56293922460509 -33.38029522691521 1.7777190679215913
      vertex 35.62710620259069 -33.49143569295441 2
    endloop
  endfacet
  facet normal 0.278523708126047 -0.8205043856531716 -0.49919645144534835
    outer loop
      vertex 34.79401595629032 -33.836512971652766 2
      vertex 34.76080068435163 -33.71255188919035 1.7777190679215913
      vertex 35.17275858057283 -33.57271102684567 1.7777190679215913
    endloop
  endfacet
  facet normal 0.38323821235151223 -0.7771302178258045 -0.49919645144535507
    outer loop
      vertex 35.22186985933288 -33.691276142093656 2
      vertex 35.17275858057283 -33.57271102684567 1.7777190679215913
      vertex 35.56293922460509 -33.38029522691521 1.7777190679215913
    endloop
  endfacet
  facet normal 0.48139540450992774 -0.7204591365102435 -0.4991964514453577
    outer loop
      vertex 36.00279127987786 -33.24041094972606 2
      vertex 35.62710620259069 -33.49143569295441 2
      vertex 35.9246665174505 -33.13859677708353 1.7777190679215913
    endloop
  endfacet
  facet normal 0.4813954045099297 -0.7204591365102437 -0.4991964514453555
    outer loop
      vertex 35.62710620259069 -33.49143569295441 2
      vertex 35.56293922460509 -33.38029522691521 1.7777190679215913
      vertex 35.9246665174505 -33.13859677708353 1.7777190679215913
    endloop
  endfacet
  facet normal 0.5713157878291558 -0.6514607996199876 -0.4991964514453577
    outer loop
      vertex 36.00279127987786 -33.24041094972606 2
      vertex 35.9246665174505 -33.13859677708353 1.7777190679215913
      vertex 36.25175120483872 -32.85175120483872 1.7777190679215913
    endloop
  endfacet
  facet normal 0.6514607996199789 -0.5713157878291659 -0.4991964514453573
    outer loop
      vertex 36.64041094972606 -32.60279127987786 2
      vertex 36.34249701536244 -32.94249701536244 2
      vertex 36.53859677708353 -32.5246665174505 1.7777190679215913
    endloop
  endfacet
  facet normal 0.6514607996199963 -0.5713157878291636 -0.49919645144533764
    outer loop
      vertex 36.34249701536244 -32.94249701536244 2
      vertex 36.25175120483872 -32.85175120483872 1.7777190679215913
      vertex 36.53859677708353 -32.5246665174505 1.7777190679215913
    endloop
  endfacet
  facet normal 0.7204591365102427 -0.4813954045099289 -0.49919645144535774
    outer loop
      vertex 36.64041094972606 -32.60279127987786 2
      vertex 36.53859677708353 -32.5246665174505 1.7777190679215913
      vertex 36.78029522691521 -32.16293922460509 1.7777190679215913
    endloop
  endfacet
  facet normal 0.7771302178258005 -0.38323821235151456 -0.4991964514453595
    outer loop
      vertex 36.89143569295441 -32.22710620259069 2
      vertex 36.972711026845666 -31.772758580572834 1.7777190679215913
      vertex 37.091276142093655 -31.82186985933288 2
    endloop
  endfacet
  facet normal 0.7771302178258053 -0.38323821235151256 -0.4991964514453536
    outer loop
      vertex 36.89143569295441 -32.22710620259069 2
      vertex 36.78029522691521 -32.16293922460509 1.7777190679215913
      vertex 36.972711026845666 -31.772758580572834 1.7777190679215913
    endloop
  endfacet
  facet normal 0.7204591365102445 -0.48139540450992835 -0.4991964514453556
    outer loop
      vertex 36.64041094972606 -32.60279127987786 2
      vertex 36.78029522691521 -32.16293922460509 1.7777190679215913
      vertex 36.89143569295441 -32.22710620259069 2
    endloop
  endfacet
  facet normal 0.5713157878291732 -0.6514607996199874 -0.49919645144533803
    outer loop
      vertex 36.00279127987786 -33.24041094972606 2
      vertex 36.25175120483872 -32.85175120483872 1.7777190679215913
      vertex 36.34249701536244 -32.94249701536244 2
    endloop
  endfacet
  facet normal 0.0519289669510591 -0.7922829328905944 -0.607940076522081
    outer loop
      vertex 33.9 -33.82587844921018 1.7777190679215913
      vertex 34.29253914891875 -33.481630854805225 1.3626167395997228
      vertex 34.33411424976213 -33.79742509802333 1.7777190679215913
    endloop
  endfacet
  facet normal 0.15489838183122281 -0.7787267522465108 -0.6079400765220779
    outer loop
      vertex 34.33411424976213 -33.79742509802333 1.7777190679215913
      vertex 34.678361844167085 -33.40488594910458 1.3626167395997228
      vertex 34.76080068435163 -33.71255188919035 1.7777190679215913
    endloop
  endfacet
  facet normal 0.051928966951062264 -0.7922829328905956 -0.6079400765220792
    outer loop
      vertex 33.9 -33.82587844921018 1.7777190679215913
      vertex 33.9 -33.507359229915906 1.3626167395997228
      vertex 34.29253914891875 -33.481630854805225 1.3626167395997228
    endloop
  endfacet
  facet normal 0.1548983818312178 -0.7787267522465097 -0.6079400765220807
    outer loop
      vertex 34.33411424976213 -33.79742509802333 1.7777190679215913
      vertex 34.29253914891875 -33.481630854805225 1.3626167395997228
      vertex 34.678361844167085 -33.40488594910458 1.3626167395997228
    endloop
  endfacet
  facet normal 0.25521744245231365 -0.7518463409676408 -0.6079400765220778
    outer loop
      vertex 34.76080068435163 -33.71255188919035 1.7777190679215913
      vertex 34.678361844167085 -33.40488594910458 1.3626167395997228
      vertex 35.050866552459055 -33.27843763942821 1.3626167395997228
    endloop
  endfacet
  facet normal 0.04629653184613906 -0.7063485793639812 -0.7063485793639744
    outer loop
      vertex 33.9 -33.507359229915906 1.3626167395997228
      vertex 33.9 -33.13738326040028 0.9926407700840905
      vertex 34.29253914891875 -33.481630854805225 1.3626167395997228
    endloop
  endfacet
  facet normal 0.13809744904270094 -0.6942627593342421 -0.7063485793639729
    outer loop
      vertex 34.29253914891875 -33.481630854805225 1.3626167395997228
      vertex 34.24424759440495 -33.11482008099716 0.9926407700840905
      vertex 34.678361844167085 -33.40488594910458 1.3626167395997228
    endloop
  endfacet
  facet normal 0.22753548059830778 -0.6702979110062802 -0.7063485793639807
    outer loop
      vertex 34.678361844167085 -33.40488594910458 1.3626167395997228
      vertex 34.58260501702617 -33.04751660504309 0.9926407700840905
      vertex 35.050866552459055 -33.27843763942821 1.3626167395997228
    endloop
  endfacet
  facet normal 0.7922829328906023 -0.05192896695105961 -0.6079400765220707
    outer loop
      vertex 37.22587844921018 -30.5 1.7777190679215913
      vertex 37.19742509802333 -30.934114249762132 1.7777190679215913
      vertex 36.90735922991591 -30.5 1.3626167395997228
    endloop
  endfacet
  facet normal 0.7787267522465088 -0.15489838183122243 -0.6079400765220806
    outer loop
      vertex 37.19742509802333 -30.934114249762132 1.7777190679215913
      vertex 37.11255188919035 -31.36080068435163 1.7777190679215913
      vertex 36.88163085480522 -30.89253914891875 1.3626167395997228
    endloop
  endfacet
  facet normal 0.7518463409676414 -0.2552174424523118 -0.607940076522078
    outer loop
      vertex 37.11255188919035 -31.36080068435163 1.7777190679215913
      vertex 36.972711026845666 -31.772758580572834 1.7777190679215913
      vertex 36.80488594910458 -31.278361844167087 1.3626167395997228
    endloop
  endfacet
  facet normal 0.7922829328905928 -0.051928966951076384 -0.6079400765220816
    outer loop
      vertex 37.19742509802333 -30.934114249762132 1.7777190679215913
      vertex 36.88163085480522 -30.89253914891875 1.3626167395997228
      vertex 36.90735922991591 -30.5 1.3626167395997228
    endloop
  endfacet
  facet normal 0.7787267522465118 -0.1548983818312184 -0.6079400765220777
    outer loop
      vertex 37.11255188919035 -31.36080068435163 1.7777190679215913
      vertex 36.80488594910458 -31.278361844167087 1.3626167395997228
      vertex 36.88163085480522 -30.89253914891875 1.3626167395997228
    endloop
  endfacet
  facet normal 0.7518463409676399 -0.25521744245231326 -0.6079400765220792
    outer loop
      vertex 36.972711026845666 -31.772758580572834 1.7777190679215913
      vertex 36.67843763942821 -31.650866552459057 1.3626167395997228
      vertex 36.80488594910458 -31.278361844167087 1.3626167395997228
    endloop
  endfacet
  facet normal 0.6942627593342356 -0.13809744904269966 -0.7063485793639797
    outer loop
      vertex 36.88163085480522 -30.89253914891875 1.3626167395997228
      vertex 36.80488594910458 -31.278361844167087 1.3626167395997228
      vertex 36.514820080997154 -30.844247594404955 0.9926407700840905
    endloop
  endfacet
  facet normal 0.6702979110062827 -0.2275354805983086 -0.7063485793639782
    outer loop
      vertex 36.67843763942821 -31.650866552459057 1.3626167395997228
      vertex 36.3366244136717 -31.509282878552206 0.9926407700840905
      vertex 36.80488594910458 -31.278361844167087 1.3626167395997228
    endloop
  endfacet
  facet normal 0.7063485793639748 -0.046296531846151415 -0.70634857936398
    outer loop
      vertex 36.90735922991591 -30.5 1.3626167395997228
      vertex 36.88163085480522 -30.89253914891875 1.3626167395997228
      vertex 36.514820080997154 -30.844247594404955 0.9926407700840905
    endloop
  endfacet
  facet normal 0.2552174424523115 -0.7518463409676406 -0.607940076522079
    outer loop
      vertex 34.76080068435163 -33.71255188919035 1.7777190679215913
      vertex 35.050866552459055 -33.27843763942821 1.3626167395997228
      vertex 35.17275858057283 -33.57271102684567 1.7777190679215913
    endloop
  endfacet
  facet normal 0.3511696618733995 -0.7121016303436272 -0.6079400765220782
    outer loop
      vertex 35.17275858057283 -33.57271102684567 1.7777190679215913
      vertex 35.050866552459055 -33.27843763942821 1.3626167395997228
      vertex 35.56293922460509 -33.38029522691521 1.7777190679215913
    endloop
  endfacet
  facet normal 0.44111327101720343 -0.6601726633925693 -0.6079400765220736
    outer loop
      vertex 35.56293922460509 -33.38029522691521 1.7777190679215913
      vertex 35.40367961495795 -33.10444949141279 1.3626167395997228
      vertex 35.9246665174505 -33.13859677708353 1.7777190679215913
    endloop
  endfacet
  facet normal 0.5235093097941914 -0.5969479591364221 -0.6079400765220779
    outer loop
      vertex 35.9246665174505 -33.13859677708353 1.7777190679215913
      vertex 36.026524104937494 -32.626524104937495 1.3626167395997228
      vertex 36.25175120483872 -32.85175120483872 1.7777190679215913
    endloop
  endfacet
  facet normal 0.3511696618733939 -0.7121016303436345 -0.607940076522073
    outer loop
      vertex 35.56293922460509 -33.38029522691521 1.7777190679215913
      vertex 35.050866552459055 -33.27843763942821 1.3626167395997228
      vertex 35.40367961495795 -33.10444949141279 1.3626167395997228
    endloop
  endfacet
  facet normal 0.4411132710172062 -0.6601726633925646 -0.6079400765220766
    outer loop
      vertex 35.9246665174505 -33.13859677708353 1.7777190679215913
      vertex 35.40367961495795 -33.10444949141279 1.3626167395997228
      vertex 35.730764302346174 -32.88589849050946 1.3626167395997228
    endloop
  endfacet
  facet normal 0.5235093097941932 -0.5969479591364215 -0.6079400765220768
    outer loop
      vertex 35.9246665174505 -33.13859677708353 1.7777190679215913
      vertex 35.730764302346174 -32.88589849050946 1.3626167395997228
      vertex 36.026524104937494 -32.626524104937495 1.3626167395997228
    endloop
  endfacet
  facet normal 0.6601726633925693 -0.44111327101720343 -0.6079400765220736
    outer loop
      vertex 36.53859677708353 -32.5246665174505 1.7777190679215913
      vertex 36.504449491412785 -32.00367961495795 1.3626167395997228
      vertex 36.78029522691521 -32.16293922460509 1.7777190679215913
    endloop
  endfacet
  facet normal 0.5969479591364226 -0.5235093097941919 -0.6079400765220769
    outer loop
      vertex 36.53859677708353 -32.5246665174505 1.7777190679215913
      vertex 36.25175120483872 -32.85175120483872 1.7777190679215913
      vertex 36.28589849050946 -32.330764302346175 1.3626167395997228
    endloop
  endfacet
  facet normal 0.7121016303436306 -0.35116966187340115 -0.6079400765220733
    outer loop
      vertex 36.972711026845666 -31.772758580572834 1.7777190679215913
      vertex 36.78029522691521 -32.16293922460509 1.7777190679215913
      vertex 36.504449491412785 -32.00367961495795 1.3626167395997228
    endloop
  endfacet
  facet normal 0.7121016303436307 -0.35116966187339205 -0.6079400765220785
    outer loop
      vertex 36.972711026845666 -31.772758580572834 1.7777190679215913
      vertex 36.504449491412785 -32.00367961495795 1.3626167395997228
      vertex 36.67843763942821 -31.650866552459057 1.3626167395997228
    endloop
  endfacet
  facet normal 0.5969479591364208 -0.5235093097941926 -0.6079400765220779
    outer loop
      vertex 36.25175120483872 -32.85175120483872 1.7777190679215913
      vertex 36.026524104937494 -32.626524104937495 1.3626167395997228
      vertex 36.28589849050946 -32.330764302346175 1.3626167395997228
    endloop
  endfacet
  facet normal 0.6601726633925646 -0.4411132710172062 -0.6079400765220766
    outer loop
      vertex 36.53859677708353 -32.5246665174505 1.7777190679215913
      vertex 36.28589849050946 -32.330764302346175 1.3626167395997228
      vertex 36.504449491412785 -32.00367961495795 1.3626167395997228
    endloop
  endfacet
  facet normal 0.46672727873592273 -0.5322004619635806 -0.7063485793639792
    outer loop
      vertex 36.026524104937494 -32.626524104937495 1.3626167395997228
      vertex 35.730764302346174 -32.88589849050946 1.3626167395997228
      vertex 35.50553720244495 -32.59237681926675 0.9926407700840905
    endloop
  endfacet
  facet normal 0.5322004619635812 -0.4667272787359233 -0.7063485793639784
    outer loop
      vertex 36.026524104937494 -32.626524104937495 1.3626167395997228
      vertex 35.76491158801692 -32.36491158801692 0.9926407700840905
      vertex 36.28589849050946 -32.330764302346175 1.3626167395997228
    endloop
  endfacet
  facet normal 0.3130803169961136 -0.6348640795793233 -0.7063485793639792
    outer loop
      vertex 35.050866552459055 -33.27843763942821 1.3626167395997228
      vertex 34.909282878552204 -32.9366244136717 0.9926407700840905
      vertex 35.40367961495795 -33.10444949141279 1.3626167395997228
    endloop
  endfacet
  facet normal 0.3932682623678642 -0.5885675477331804 -0.706348579363979
    outer loop
      vertex 35.40367961495795 -33.10444949141279 1.3626167395997228
      vertex 35.50553720244495 -32.59237681926675 0.9926407700840905
      vertex 35.730764302346174 -32.88589849050946 1.3626167395997228
    endloop
  endfacet
  facet normal 0.5885675477331804 -0.3932682623678642 -0.706348579363979
    outer loop
      vertex 36.504449491412785 -32.00367961495795 1.3626167395997228
      vertex 36.28589849050946 -32.330764302346175 1.3626167395997228
      vertex 35.992376819266745 -32.10553720244495 0.9926407700840905
    endloop
  endfacet
  facet normal 0.6348640795793185 -0.3130803169961112 -0.7063485793639845
    outer loop
      vertex 36.67843763942821 -31.650866552459057 1.3626167395997228
      vertex 36.504449491412785 -32.00367961495795 1.3626167395997228
      vertex 36.18404090302246 -31.818691630200135 0.9926407700840905
    endloop
  endfacet
  facet normal 0 0 -1
    outer loop
      vertex 34.08498798475782 -30.684987984757818 0.008564307045585196
      vertex 32.300000000000004 -22.19282032302755 0.008564307045585196
      vertex 32.39385325410793 -22.23910362600903 0.008564307045585196
    endloop
  endfacet
  facet normal 0 0 -1
    outer loop
      vertex 34.08498798475782 -30.684987984757818 0.008564307045585196
      vertex 32.39385325410793 -22.23910362600903 0.008564307045585196
      vertex 32.49294476391799 -22.272740661031253 0.008564307045585196
    endloop
  endfacet
  facet normal 0 0 -1
    outer loop
      vertex 34.08498798475782 -30.684987984757818 0.008564307045585196
      vertex 32.49294476391799 -22.272740661031253 0.008564307045585196
      vertex 32.59557904622396 -22.293155889099047 0.008564307045585196
    endloop
  endfacet
  facet normal 0 0 -1
    outer loop
      vertex 34.08498798475782 -30.684987984757818 0.008564307045585196
      vertex 32.59557904622396 -22.293155889099047 0.008564307045585196
      vertex 32.7 -22.3 0.008564307045585196
    endloop
  endfacet
  facet normal 0 0 -1
    outer loop
      vertex 34.08498798475782 -30.684987984757818 0.008564307045585196
      vertex 32.7 -22.3 0.008564307045585196
      vertex 32.804420953776045 -22.293155889099047 0.008564307045585196
    endloop
  endfacet
  facet normal 0 0 -1
    outer loop
      vertex 34.08498798475782 -30.684987984757818 0.008564307045585196
      vertex 32.804420953776045 -22.293155889099047 0.008564307045585196
      vertex 32.907055236082016 -22.272740661031253 0.008564307045585196
    endloop
  endfacet
  facet normal 0 0 -1
    outer loop
      vertex 34.08498798475782 -30.684987984757818 0.008564307045585196
      vertex 32.907055236082016 -22.272740661031253 0.008564307045585196
      vertex 33.006146745892075 -22.23910362600903 0.008564307045585196
    endloop
  endfacet
  facet normal 0 0 -1
    outer loop
      vertex 34.08498798475782 -30.684987984757818 0.008564307045585196
      vertex 33.006146745892075 -22.23910362600903 0.008564307045585196
      vertex 33.1 -22.19282032302755 0.008564307045585196
    endloop
  endfacet
  facet normal 0 0 -1
    outer loop
      vertex 34.08498798475782 -30.684987984757818 0.008564307045585196
      vertex 33.1 -22.19282032302755 0.008564307045585196
      vertex 33.18700914320698 -22.134682672232987 0.008564307045585196
    endloop
  endfacet
  facet normal 0.04629653184613562 -0.7063485793639832 -0.7063485793639728
    outer loop
      vertex 34.29253914891875 -33.481630854805225 1.3626167395997228
      vertex 33.9 -33.13738326040028 0.9926407700840905
      vertex 34.24424759440495 -33.11482008099716 0.9926407700840905
    endloop
  endfacet
  facet normal 0.13809744904271498 -0.6942627593342313 -0.7063485793639809
    outer loop
      vertex 34.678361844167085 -33.40488594910458 1.3626167395997228
      vertex 34.24424759440495 -33.11482008099716 0.9926407700840905
      vertex 34.58260501702617 -33.04751660504309 0.9926407700840905
    endloop
  endfacet
  facet normal 0.22753548059830364 -0.6702979110062844 -0.7063485793639781
    outer loop
      vertex 35.050866552459055 -33.27843763942821 1.3626167395997228
      vertex 34.58260501702617 -33.04751660504309 0.9926407700840905
      vertex 34.909282878552204 -32.9366244136717 0.9926407700840905
    endloop
  endfacet
  facet normal 0.03986860856677716 -0.6082774216425963 -0.792722569611074
    outer loop
      vertex 33.9 -33.13738326040028 0.9926407700840905
      vertex 34.19006586810742 -32.70326901063814 0.6741215507898204
      vertex 34.24424759440495 -33.11482008099716 0.9926407700840905
    endloop
  endfacet
  facet normal 0.11892366275410494 -0.5978696263119272 -0.7927225696110741
    outer loop
      vertex 34.24424759440495 -33.11482008099716 0.9926407700840905
      vertex 34.19006586810742 -32.70326901063814 0.6741215507898204
      vertex 34.58260501702617 -33.04751660504309 0.9926407700840905
    endloop
  endfacet
  facet normal 0.19594390009982118 -0.5772321159142925 -0.7927225696110716
    outer loop
      vertex 34.58260501702617 -33.04751660504309 0.9926407700840905
      vertex 34.75043009476725 -32.553119868637346 0.6741215507898204
      vertex 34.909282878552204 -32.9366244136717 0.9926407700840905
    endloop
  endfacet
  facet normal 0.11892366275409769 -0.5978696263119327 -0.7927225696110712
    outer loop
      vertex 34.58260501702617 -33.04751660504309 0.9926407700840905
      vertex 34.19006586810742 -32.70326901063814 0.6741215507898204
      vertex 34.47516862879007 -32.646558545564275 0.6741215507898204
    endloop
  endfacet
  facet normal 0.19594390009982285 -0.5772321159142927 -0.7927225696110711
    outer loop
      vertex 34.58260501702617 -33.04751660504309 0.9926407700840905
      vertex 34.47516862879007 -32.646558545564275 0.6741215507898204
      vertex 34.75043009476725 -32.553119868637346 0.6741215507898204
    endloop
  endfacet
  facet normal 0.26961148298892995 -0.5467180039743798 -0.7927225696110715
    outer loop
      vertex 34.75043009476725 -32.553119868637346 0.6741215507898204
      vertex 35.0111404660392 -32.42455174152566 0.6741215507898204
      vertex 34.909282878552204 -32.9366244136717 0.9926407700840905
    endloop
  endfacet
  facet normal 0.03275414737352845 -0.49973171948302547 -0.8655607282983511
    outer loop
      vertex 33.9 -32.722280932078405 0.6741215507898204
      vertex 33.9 -32.269154760876006 0.41250903386924875
      vertex 34.19006586810742 -32.70326901063814 0.6741215507898204
    endloop
  endfacet
  facet normal 0.09770200957786465 -0.49118117121085814 -0.8655607282983538
    outer loop
      vertex 34.19006586810742 -32.70326901063814 0.6741215507898204
      vertex 34.3578909458485 -32.20887227423239 0.41250903386924875
      vertex 34.47516862879007 -32.646558545564275 0.6741215507898204
    endloop
  endfacet
  facet normal 0.16097816331020762 -0.4742263769181333 -0.8655607282983515
    outer loop
      vertex 34.47516862879007 -32.646558545564275 0.6741215507898204
      vertex 34.57702621627707 -32.13448587341824 0.41250903386924875
      vertex 34.75043009476725 -32.553119868637346 0.6741215507898204
    endloop
  endfacet
  facet normal 0.22149993603673604 -0.44915743783594453 -0.8655607282983507
    outer loop
      vertex 34.75043009476725 -32.553119868637346 0.6741215507898204
      vertex 34.784577380438 -32.03213296614481 0.41250903386924875
      vertex 35.0111404660392 -32.42455174152566 0.6741215507898204
    endloop
  endfacet
  facet normal 0.03986860856677767 -0.6082774216425966 -0.7927225696110738
    outer loop
      vertex 33.9 -33.13738326040028 0.9926407700840905
      vertex 33.9 -32.722280932078405 0.6741215507898204
      vertex 34.19006586810742 -32.70326901063814 0.6741215507898204
    endloop
  endfacet
  facet normal 0.7063485793639741 -0.04629653184614965 -0.7063485793639809
    outer loop
      vertex 36.90735922991591 -30.5 1.3626167395997228
      vertex 36.514820080997154 -30.844247594404955 0.9926407700840905
      vertex 36.537383260400276 -30.5 0.9926407700840905
    endloop
  endfacet
  facet normal 0.6942627593342345 -0.13809744904270102 -0.7063485793639804
    outer loop
      vertex 36.80488594910458 -31.278361844167087 1.3626167395997228
      vertex 36.44751660504309 -31.18260501702617 0.9926407700840905
      vertex 36.514820080997154 -30.844247594404955 0.9926407700840905
    endloop
  endfacet
  facet normal 0.6348640795793185 -0.31308031699612426 -0.7063485793639788
    outer loop
      vertex 36.67843763942821 -31.650866552459057 1.3626167395997228
      vertex 36.18404090302246 -31.818691630200135 0.9926407700840905
      vertex 36.3366244136717 -31.509282878552206 0.9926407700840905
    endloop
  endfacet
  facet normal 0.6702979110062819 -0.22753548059830278 -0.7063485793639809
    outer loop
      vertex 36.80488594910458 -31.278361844167087 1.3626167395997228
      vertex 36.3366244136717 -31.509282878552206 0.9926407700840905
      vertex 36.44751660504309 -31.18260501702617 0.9926407700840905
    endloop
  endfacet
  facet normal 0.6082774216426029 -0.039868608566790135 -0.7927225696110685
    outer loop
      vertex 36.537383260400276 -30.5 0.9926407700840905
      vertex 36.514820080997154 -30.844247594404955 0.9926407700840905
      vertex 36.12228093207841 -30.5 0.6741215507898204
    endloop
  endfacet
  facet normal 0.5978696263119354 -0.11892366275409402 -0.7927225696110698
    outer loop
      vertex 36.514820080997154 -30.844247594404955 0.9926407700840905
      vertex 36.44751660504309 -31.18260501702617 0.9926407700840905
      vertex 36.10326901063814 -30.79006586810742 0.6741215507898204
    endloop
  endfacet
  facet normal 0.5772321159142931 -0.19594390009982143 -0.792722569611071
    outer loop
      vertex 36.3366244136717 -31.509282878552206 0.9926407700840905
      vertex 36.046558545564274 -31.075168628790074 0.6741215507898204
      vertex 36.44751660504309 -31.18260501702617 0.9926407700840905
    endloop
  endfacet
  facet normal 0.5467180039743769 -0.26961148298893645 -0.7927225696110712
    outer loop
      vertex 36.3366244136717 -31.509282878552206 0.9926407700840905
      vertex 36.18404090302246 -31.818691630200135 0.9926407700840905
      vertex 35.953119868637344 -31.350430094767255 0.6741215507898204
    endloop
  endfacet
  facet normal 0.5772321159142919 -0.19594390009982263 -0.7927225696110716
    outer loop
      vertex 36.3366244136717 -31.509282878552206 0.9926407700840905
      vertex 35.953119868637344 -31.350430094767255 0.6741215507898204
      vertex 36.046558545564274 -31.075168628790074 0.6741215507898204
    endloop
  endfacet
  facet normal 0.5467180039743831 -0.26961148298893156 -0.7927225696110685
    outer loop
      vertex 35.953119868637344 -31.350430094767255 0.6741215507898204
      vertex 36.18404090302246 -31.818691630200135 0.9926407700840905
      vertex 35.82455174152566 -31.611140466039203 0.6741215507898204
    endloop
  endfacet
  facet normal 0.49973171948301937 -0.03275414737354029 -0.8655607282983541
    outer loop
      vertex 36.12228093207841 -30.5 0.6741215507898204
      vertex 36.10326901063814 -30.79006586810742 0.6741215507898204
      vertex 35.669154760876005 -30.5 0.41250903386924875
    endloop
  endfacet
  facet normal 0.49118117121085814 -0.09770200957786465 -0.8655607282983538
    outer loop
      vertex 36.10326901063814 -30.79006586810742 0.6741215507898204
      vertex 36.046558545564274 -31.075168628790074 0.6741215507898204
      vertex 35.60887227423239 -30.957890945848504 0.41250903386924875
    endloop
  endfacet
  facet normal 0.4742263769181294 -0.16097816331020628 -0.865560728298354
    outer loop
      vertex 36.046558545564274 -31.075168628790074 0.6741215507898204
      vertex 35.953119868637344 -31.350430094767255 0.6741215507898204
      vertex 35.60887227423239 -30.957890945848504 0.41250903386924875
    endloop
  endfacet
  facet normal 0.41640329046241653 -0.2782317834462853 -0.865560728298351
    outer loop
      vertex 35.82455174152566 -31.611140466039203 0.6741215507898204
      vertex 35.663054000529925 -31.852838915870883 0.6741215507898204
      vertex 35.432132966144806 -31.384577380438003 0.41250903386924875
    endloop
  endfacet
  facet normal 0.44915743783594453 -0.22149993603673604 -0.8655607282983507
    outer loop
      vertex 35.953119868637344 -31.350430094767255 0.6741215507898204
      vertex 35.82455174152566 -31.611140466039203 0.6741215507898204
      vertex 35.432132966144806 -31.384577380438003 0.41250903386924875
    endloop
  endfacet
  facet normal 0.6082774216426012 -0.03986860856679295 -0.7927225696110695
    outer loop
      vertex 36.514820080997154 -30.844247594404955 0.9926407700840905
      vertex 36.10326901063814 -30.79006586810742 0.6741215507898204
      vertex 36.12228093207841 -30.5 0.6741215507898204
    endloop
  endfacet
  facet normal 0.5978696263119327 -0.11892366275409769 -0.7927225696110712
    outer loop
      vertex 36.44751660504309 -31.18260501702617 0.9926407700840905
      vertex 36.046558545564274 -31.075168628790074 0.6741215507898204
      vertex 36.10326901063814 -30.79006586810742 0.6741215507898204
    endloop
  endfacet
  facet normal 0.39326826236785145 -0.5885675477331819 -0.7063485793639847
    outer loop
      vertex 35.40367961495795 -33.10444949141279 1.3626167395997228
      vertex 35.218691630200134 -32.784040903022465 0.9926407700840905
      vertex 35.50553720244495 -32.59237681926675 0.9926407700840905
    endloop
  endfacet
  facet normal 0.5322004619635816 -0.46672727873592146 -0.7063485793639793
    outer loop
      vertex 36.28589849050946 -32.330764302346175 1.3626167395997228
      vertex 35.76491158801692 -32.36491158801692 0.9926407700840905
      vertex 35.992376819266745 -32.10553720244495 0.9926407700840905
    endloop
  endfacet
  facet normal 0.46672727873592207 -0.5322004619635825 -0.7063485793639784
    outer loop
      vertex 36.026524104937494 -32.626524104937495 1.3626167395997228
      vertex 35.50553720244495 -32.59237681926675 0.9926407700840905
      vertex 35.76491158801692 -32.36491158801692 0.9926407700840905
    endloop
  endfacet
  facet normal 0.26961148298893783 -0.5467180039743796 -0.7927225696110688
    outer loop
      vertex 35.218691630200134 -32.784040903022465 0.9926407700840905
      vertex 34.909282878552204 -32.9366244136717 0.9926407700840905
      vertex 35.0111404660392 -32.42455174152566 0.6741215507898204
    endloop
  endfacet
  facet normal 0.338665938653667 -0.5068493954076054 -0.7927225696110685
    outer loop
      vertex 35.218691630200134 -32.784040903022465 0.9926407700840905
      vertex 35.25283891587088 -32.26305400052993 0.6741215507898204
      vertex 35.50553720244495 -32.59237681926675 0.9926407700840905
    endloop
  endfacet
  facet normal 0.40192572621210454 -0.45830845316020097 -0.792722569611069
    outer loop
      vertex 35.50553720244495 -32.59237681926675 0.9926407700840905
      vertex 35.25283891587088 -32.26305400052993 0.6741215507898204
      vertex 35.76491158801692 -32.36491158801692 0.9926407700840905
    endloop
  endfacet
  facet normal 0.45830845316020097 -0.40192572621210454 -0.792722569611069
    outer loop
      vertex 35.992376819266745 -32.10553720244495 0.9926407700840905
      vertex 35.76491158801692 -32.36491158801692 0.9926407700840905
      vertex 35.663054000529925 -31.852838915870883 0.6741215507898204
    endloop
  endfacet
  facet normal 0.5068493954076054 -0.338665938653667 -0.7927225696110685
    outer loop
      vertex 35.992376819266745 -32.10553720244495 0.9926407700840905
      vertex 35.663054000529925 -31.852838915870883 0.6741215507898204
      vertex 36.18404090302246 -31.818691630200135 0.9926407700840905
    endloop
  endfacet
  facet normal 0.31308031699612154 -0.634864079579313 -0.706348579363985
    outer loop
      vertex 35.40367961495795 -33.10444949141279 1.3626167395997228
      vertex 34.909282878552204 -32.9366244136717 0.9926407700840905
      vertex 35.218691630200134 -32.784040903022465 0.9926407700840905
    endloop
  endfacet
  facet normal 0.5885675477331819 -0.39326826236785145 -0.7063485793639847
    outer loop
      vertex 36.504449491412785 -32.00367961495795 1.3626167395997228
      vertex 35.992376819266745 -32.10553720244495 0.9926407700840905
      vertex 36.18404090302246 -31.818691630200135 0.9926407700840905
    endloop
  endfacet
  facet normal 0.4019257262121125 -0.4583084531601826 -0.7927225696110759
    outer loop
      vertex 35.76491158801692 -32.36491158801692 0.9926407700840905
      vertex 35.25283891587088 -32.26305400052993 0.6741215507898204
      vertex 35.4713899167742 -32.0713899167742 0.6741215507898204
    endloop
  endfacet
  facet normal 0.3386659386536663 -0.5068493954076057 -0.7927225696110688
    outer loop
      vertex 35.218691630200134 -32.784040903022465 0.9926407700840905
      vertex 35.0111404660392 -32.42455174152566 0.6741215507898204
      vertex 35.25283891587088 -32.26305400052993 0.6741215507898204
    endloop
  endfacet
  facet normal 0.4583084531601826 -0.4019257262121125 -0.7927225696110759
    outer loop
      vertex 35.76491158801692 -32.36491158801692 0.9926407700840905
      vertex 35.4713899167742 -32.0713899167742 0.6741215507898204
      vertex 35.663054000529925 -31.852838915870883 0.6741215507898204
    endloop
  endfacet
  facet normal 0.5068493954076057 -0.33866593865366634 -0.7927225696110688
    outer loop
      vertex 35.82455174152566 -31.611140466039203 0.6741215507898204
      vertex 36.18404090302246 -31.818691630200135 0.9926407700840905
      vertex 35.663054000529925 -31.852838915870883 0.6741215507898204
    endloop
  endfacet
  facet normal 0.27823178344628485 -0.41640329046241586 -0.8655607282983515
    outer loop
      vertex 35.25283891587088 -32.26305400052993 0.6741215507898204
      vertex 35.0111404660392 -32.42455174152566 0.6741215507898204
      vertex 34.97699318036846 -31.903564839033123 0.41250903386924875
    endloop
  endfacet
  facet normal 0.37652436734026185 -0.3302030079006598 -0.8655607282983512
    outer loop
      vertex 35.4713899167742 -32.0713899167742 0.6741215507898204
      vertex 35.30356483903312 -31.57699318036846 0.41250903386924875
      vertex 35.663054000529925 -31.852838915870883 0.6741215507898204
    endloop
  endfacet
  facet normal 0.3302030079006598 -0.37652436734026185 -0.8655607282983512
    outer loop
      vertex 35.25283891587088 -32.26305400052993 0.6741215507898204
      vertex 34.97699318036846 -31.903564839033123 0.41250903386924875
      vertex 35.4713899167742 -32.0713899167742 0.6741215507898204
    endloop
  endfacet
  facet normal 0 0 -1
    outer loop
      vertex 34.16161251692057 -30.5 0.008564307045585196
      vertex 34.15937438557197 -30.53414728567075 0.008564307045585196
      vertex 34.14169844983168 -30.600114775924837 0.008564307045585196
    endloop
  endfacet
  facet normal 0 0 -1
    outer loop
      vertex 34.15937438557197 -30.53414728567075 0.008564307045585196
      vertex 34.152698286574065 -30.56771030181625 0.008564307045585196
      vertex 34.14169844983168 -30.600114775924837 0.008564307045585196
    endloop
  endfacet
  facet normal 0.13052141585033264 -0.008554825566373879 -0.991408581243855
    outer loop
      vertex 34.15937438557197 -30.53414728567075 0.008564307045585196
      vertex 34.68036128806451 -30.5 0.07685887838707828
      vertex 34.67368518906661 -30.601857587486997 0.07685887838707828
    endloop
  endfacet
  facet normal 0.13052141585033197 -0.008554825566363002 -0.9914085812438552
    outer loop
      vertex 34.16161251692057 -30.5 0.008564307045585196
      vertex 34.68036128806451 -30.5 0.07685887838707828
      vertex 34.15937438557197 -30.53414728567075 0.008564307045585196
    endloop
  endfacet
  facet normal 0.01696145610291059 -0.25878181247039383 -0.9657868722142618
    outer loop
      vertex 33.9 -31.280361288064512 0.07685887838707828
      vertex 34.067825077741084 -31.77475802447026 0.21227948201957858
      vertex 33.9 -31.785757861212645 0.21227948201957858
    endloop
  endfacet
  facet normal 0.08336117009475841 -0.24557408816694218 -0.9657868722142622
    outer loop
      vertex 34.39203823151925 -31.687885371739853 0.21227948201957858
      vertex 34.232778621872114 -31.741946724499492 0.21227948201957858
      vertex 34.10197236341183 -31.253771121977714 0.07685887838707828
    endloop
  endfacet
  facet normal 0.050594153092212754 -0.2543539839111509 -0.9657868722142623
    outer loop
      vertex 34.10197236341183 -31.253771121977714 0.07685887838707828
      vertex 34.232778621872114 -31.741946724499492 0.21227948201957858
      vertex 34.067825077741084 -31.77475802447026 0.21227948201957858
    endloop
  endfacet
  facet normal 0.23259235168819584 -0.11470185436490281 -0.9657868722142621
    outer loop
      vertex 34.57581269959381 -30.890180644032256 0.07685887838707828
      vertex 35.08788537173985 -30.992038231519253 0.21227948201957858
      vertex 35.013498970925696 -31.142878930606322 0.21227948201957858
    endloop
  endfacet
  facet normal 0.2156308955852851 -0.1440799581054918 -0.9657868722142622
    outer loop
      vertex 34.51910223451995 -30.975053852865237 0.07685887838707828
      vertex 35.013498970925696 -31.142878930606322 0.21227948201957858
      vertex 34.920060293998766 -31.282719792951006 0.21227948201957858
    endloop
  endfacet
  facet normal 0.2527826132027692 -0.28824332678226783 -0.9235890509462906
    outer loop
      vertex 34.809168102627375 -31.409168102627376 0.21227948201957858
      vertex 34.97699318036846 -31.903564839033123 0.41250903386924875
      vertex 34.682719792951005 -31.520060293998768 0.21227948201957858
    endloop
  endfacet
  facet normal 0.11470185436490289 -0.2325923516881959 -0.9657868722142621
    outer loop
      vertex 34.39203823151925 -31.687885371739853 0.21227948201957858
      vertex 34.290180644032255 -31.175812699593813 0.07685887838707828
      vertex 34.54287893060632 -31.613498970925697 0.21227948201957858
    endloop
  endfacet
  facet normal 0.1440799581054923 -0.2156308955852858 -0.965786872214262
    outer loop
      vertex 34.54287893060632 -31.613498970925697 0.21227948201957858
      vertex 34.290180644032255 -31.175812699593813 0.07685887838707828
      vertex 34.682719792951005 -31.520060293998768 0.21227948201957858
    endloop
  endfacet
  facet normal 0.17099281381638906 -0.1949799350747316 -0.9657868722142621
    outer loop
      vertex 34.809168102627375 -31.409168102627376 0.21227948201957858
      vertex 34.682719792951005 -31.520060293998768 0.21227948201957858
      vertex 34.451798758565886 -31.051798758565887 0.07685887838707828
    endloop
  endfacet
  facet normal 0.1949799350747306 -0.1709928138163882 -0.9657868722142624
    outer loop
      vertex 34.809168102627375 -31.409168102627376 0.21227948201957858
      vertex 34.51910223451995 -30.975053852865237 0.07685887838707828
      vertex 34.920060293998766 -31.282719792951006 0.21227948201957858
    endloop
  endfacet
  facet normal 0 0 -1
    outer loop
      vertex 33.9 -30.76161251692057 0.008564307045585196
      vertex 34.000114775924835 -30.74169844983168 0.008564307045585196
      vertex 33.93414728567075 -30.759374385571974 0.008564307045585196
    endloop
  endfacet
  facet normal 0 0 -1
    outer loop
      vertex 33.93414728567075 -30.759374385571974 0.008564307045585196
      vertex 34.000114775924835 -30.74169844983168 0.008564307045585196
      vertex 33.96771030181625 -30.752698286574066 0.008564307045585196
    endloop
  endfacet
  facet normal 0.008554825566373879 -0.13052141585033264 -0.991408581243855
    outer loop
      vertex 33.93414728567075 -30.759374385571974 0.008564307045585196
      vertex 34.001857587486995 -31.27368518906661 0.07685887838707828
      vertex 33.9 -31.280361288064512 0.07685887838707828
    endloop
  endfacet
  facet normal 0.008554825566363002 -0.13052141585033197 -0.9914085812438552
    outer loop
      vertex 33.9 -30.76161251692057 0.008564307045585196
      vertex 33.93414728567075 -30.759374385571974 0.008564307045585196
      vertex 33.9 -31.280361288064512 0.07685887838707828
    endloop
  endfacet
  facet normal 0 0 -1
    outer loop
      vertex 34.08498798475782 -30.684987984757818 0.008564307045585196
      vertex 34.059259609647135 -30.707551164160932 0.008564307045585196
      vertex 34.000114775924835 -30.74169844983168 0.008564307045585196
    endloop
  endfacet
  facet normal 0 0 -1
    outer loop
      vertex 34.03080625846029 -30.7265630856012 0.008564307045585196
      vertex 34.000114775924835 -30.74169844983168 0.008564307045585196
      vertex 34.059259609647135 -30.707551164160932 0.008564307045585196
    endloop
  endfacet
  facet normal 0 0 -1
    outer loop
      vertex 34.16161251692057 -30.5 0.008564307045585196
      vertex 34.14169844983168 -30.600114775924837 0.008564307045585196
      vertex 34.08498798475782 -30.684987984757818 0.008564307045585196
    endloop
  endfacet
  facet normal 0 0 -1
    outer loop
      vertex 34.08498798475782 -30.684987984757818 0.008564307045585196
      vertex 34.14169844983168 -30.600114775924837 0.008564307045585196
      vertex 34.10755116416093 -30.659259609647137 0.008564307045585196
    endloop
  endfacet
  facet normal 0 0 -1
    outer loop
      vertex 34.1265630856012 -30.63080625846029 0.008564307045585196
      vertex 34.10755116416093 -30.659259609647137 0.008564307045585196
      vertex 34.14169844983168 -30.600114775924837 0.008564307045585196
    endloop
  endfacet
  facet normal 0 0 -1
    outer loop
      vertex 33.9 -30.76161251692057 0.008564307045585196
      vertex 34.08498798475782 -30.684987984757818 0.008564307045585196
      vertex 34.000114775924835 -30.74169844983168 0.008564307045585196
    endloop
  endfacet
  facet normal 0.11731227464748431 -0.057852011659747134 -0.991408581243855
    outer loop
      vertex 34.1265630856012 -30.63080625846029 0.008564307045585196
      vertex 34.14169844983168 -30.600114775924837 0.008564307045585196
      vertex 34.57581269959381 -30.890180644032256 0.07685887838707828
    endloop
  endfacet
  facet normal 0.10875744908111151 -0.0726694041905942 -0.991408581243855
    outer loop
      vertex 34.1265630856012 -30.63080625846029 0.008564307045585196
      vertex 34.57581269959381 -30.890180644032256 0.07685887838707828
      vertex 34.10755116416093 -30.659259609647137 0.008564307045585196
    endloop
  endfacet
  facet normal 0.08624340306798159 -0.09834175340769652 -0.991408581243855
    outer loop
      vertex 34.08498798475782 -30.684987984757818 0.008564307045585196
      vertex 34.375053852865236 -31.11910223451995 0.07685887838707828
      vertex 34.059259609647135 -30.707551164160932 0.008564307045585196
    endloop
  endfacet
  facet normal 0.09834175340769633 -0.08624340306798142 -0.991408581243855
    outer loop
      vertex 34.08498798475782 -30.684987984757818 0.008564307045585196
      vertex 34.10755116416093 -30.659259609647137 0.008564307045585196
      vertex 34.451798758565886 -31.051798758565887 0.07685887838707828
    endloop
  endfacet
  facet normal 0.025518101261854876 -0.12828815823775905 -0.991408581243855
    outer loop
      vertex 33.93414728567075 -30.759374385571974 0.008564307045585196
      vertex 34.10197236341183 -31.253771121977714 0.07685887838707828
      vertex 34.001857587486995 -31.27368518906661 0.07685887838707828
    endloop
  endfacet
  facet normal 0.042044755169775905 -0.12385985466954282 -0.9914085812438549
    outer loop
      vertex 34.000114775924835 -30.74169844983168 0.008564307045585196
      vertex 34.198631336201366 -31.220959822006947 0.07685887838707828
      vertex 34.10197236341183 -31.253771121977714 0.07685887838707828
    endloop
  endfacet
  facet normal 0.07266940419059573 -0.10875744908111076 -0.991408581243855
    outer loop
      vertex 34.059259609647135 -30.707551164160932 0.008564307045585196
      vertex 34.375053852865236 -31.11910223451995 0.07685887838707828
      vertex 34.290180644032255 -31.175812699593813 0.07685887838707828
    endloop
  endfacet
  facet normal 0.05785201165973745 -0.11731227464749075 -0.9914085812438549
    outer loop
      vertex 34.000114775924835 -30.74169844983168 0.008564307045585196
      vertex 34.290180644032255 -31.175812699593813 0.07685887838707828
      vertex 34.198631336201366 -31.220959822006947 0.07685887838707828
    endloop
  endfacet
  facet normal 0.02551810126186436 -0.12828815823775586 -0.9914085812438552
    outer loop
      vertex 33.93414728567075 -30.759374385571974 0.008564307045585196
      vertex 33.96771030181625 -30.752698286574066 0.008564307045585196
      vertex 34.10197236341183 -31.253771121977714 0.07685887838707828
    endloop
  endfacet
  facet normal 0.042044755169765226 -0.12385985466954498 -0.9914085812438552
    outer loop
      vertex 33.96771030181625 -30.752698286574066 0.008564307045585196
      vertex 34.000114775924835 -30.74169844983168 0.008564307045585196
      vertex 34.10197236341183 -31.253771121977714 0.07685887838707828
    endloop
  endfacet
  facet normal 0.0726694041905942 -0.10875744908111151 -0.991408581243855
    outer loop
      vertex 34.03080625846029 -30.7265630856012 0.008564307045585196
      vertex 34.059259609647135 -30.707551164160932 0.008564307045585196
      vertex 34.290180644032255 -31.175812699593813 0.07685887838707828
    endloop
  endfacet
  facet normal 0.057852011659747134 -0.11731227464748431 -0.991408581243855
    outer loop
      vertex 34.03080625846029 -30.7265630856012 0.008564307045585196
      vertex 34.290180644032255 -31.175812699593813 0.07685887838707828
      vertex 34.000114775924835 -30.74169844983168 0.008564307045585196
    endloop
  endfacet
  facet normal 0.08336117009475981 -0.2455740881669413 -0.9657868722142623
    outer loop
      vertex 34.39203823151925 -31.687885371739853 0.21227948201957858
      vertex 34.10197236341183 -31.253771121977714 0.07685887838707828
      vertex 34.198631336201366 -31.220959822006947 0.07685887838707828
    endloop
  endfacet
  facet normal 0.016961456102904164 -0.25878181247039594 -0.9657868722142614
    outer loop
      vertex 33.9 -31.280361288064512 0.07685887838707828
      vertex 34.001857587486995 -31.27368518906661 0.07685887838707828
      vertex 34.067825077741084 -31.77475802447026 0.21227948201957858
    endloop
  endfacet
  facet normal 0.05059415309222651 -0.2543539839111515 -0.9657868722142614
    outer loop
      vertex 34.001857587486995 -31.27368518906661 0.07685887838707828
      vertex 34.10197236341183 -31.253771121977714 0.07685887838707828
      vertex 34.067825077741084 -31.77475802447026 0.21227948201957858
    endloop
  endfacet
  facet normal 0.25878181247039594 -0.016961456102904164 -0.9657868722142614
    outer loop
      vertex 34.68036128806451 -30.5 0.07685887838707828
      vertex 35.17475802447026 -30.667825077741085 0.21227948201957858
      vertex 34.67368518906661 -30.601857587486997 0.07685887838707828
    endloop
  endfacet
  facet normal 0.2543539839111515 -0.05059415309222651 -0.9657868722142614
    outer loop
      vertex 34.65377112197771 -30.701972363411834 0.07685887838707828
      vertex 34.67368518906661 -30.601857587486997 0.07685887838707828
      vertex 35.17475802447026 -30.667825077741085 0.21227948201957858
    endloop
  endfacet
  facet normal 0.24557408816694176 -0.08336117009476 -0.9657868722142622
    outer loop
      vertex 34.65377112197771 -30.701972363411834 0.07685887838707828
      vertex 35.14194672449949 -30.832778621872116 0.21227948201957858
      vertex 34.620959822006945 -30.798631336201368 0.07685887838707828
    endloop
  endfacet
  facet normal 0.21563089558528345 -0.14407995810549645 -0.965786872214262
    outer loop
      vertex 34.57581269959381 -30.890180644032256 0.07685887838707828
      vertex 35.013498970925696 -31.142878930606322 0.21227948201957858
      vertex 34.51910223451995 -30.975053852865237 0.07685887838707828
    endloop
  endfacet
  facet normal 0.19497993507473652 -0.17099281381638406 -0.965786872214262
    outer loop
      vertex 34.809168102627375 -31.409168102627376 0.21227948201957858
      vertex 34.451798758565886 -31.051798758565887 0.07685887838707828
      vertex 34.51910223451995 -30.975053852865237 0.07685887838707828
    endloop
  endfacet
  facet normal 0.23259235168819703 -0.11470185436489735 -0.9657868722142623
    outer loop
      vertex 34.57581269959381 -30.890180644032256 0.07685887838707828
      vertex 34.620959822006945 -30.798631336201368 0.07685887838707828
      vertex 35.08788537173985 -30.992038231519253 0.21227948201957858
    endloop
  endfacet
  facet normal 0.10875744908111076 -0.07266940419059573 -0.991408581243855
    outer loop
      vertex 34.10755116416093 -30.659259609647137 0.008564307045585196
      vertex 34.57581269959381 -30.890180644032256 0.07685887838707828
      vertex 34.51910223451995 -30.975053852865237 0.07685887838707828
    endloop
  endfacet
  facet normal 0.12828815823775905 -0.025518101261854876 -0.991408581243855
    outer loop
      vertex 34.15937438557197 -30.53414728567075 0.008564307045585196
      vertex 34.67368518906661 -30.601857587486997 0.07685887838707828
      vertex 34.65377112197771 -30.701972363411834 0.07685887838707828
    endloop
  endfacet
  facet normal 0.12385985466954282 -0.042044755169775905 -0.9914085812438549
    outer loop
      vertex 34.14169844983168 -30.600114775924837 0.008564307045585196
      vertex 34.65377112197771 -30.701972363411834 0.07685887838707828
      vertex 34.620959822006945 -30.798631336201368 0.07685887838707828
    endloop
  endfacet
  facet normal 0.11731227464749075 -0.05785201165973745 -0.9914085812438549
    outer loop
      vertex 34.14169844983168 -30.600114775924837 0.008564307045585196
      vertex 34.620959822006945 -30.798631336201368 0.07685887838707828
      vertex 34.57581269959381 -30.890180644032256 0.07685887838707828
    endloop
  endfacet
  facet normal 0.12385985466954498 -0.042044755169765226 -0.9914085812438552
    outer loop
      vertex 34.152698286574065 -30.56771030181625 0.008564307045585196
      vertex 34.65377112197771 -30.701972363411834 0.07685887838707828
      vertex 34.14169844983168 -30.600114775924837 0.008564307045585196
    endloop
  endfacet
  facet normal 0.12828815823775586 -0.02551810126186436 -0.9914085812438552
    outer loop
      vertex 34.15937438557197 -30.53414728567075 0.008564307045585196
      vertex 34.65377112197771 -30.701972363411834 0.07685887838707828
      vertex 34.152698286574065 -30.56771030181625 0.008564307045585196
    endloop
  endfacet
  facet normal 0.09834175340769737 -0.08624340306798046 -0.991408581243855
    outer loop
      vertex 34.10755116416093 -30.659259609647137 0.008564307045585196
      vertex 34.51910223451995 -30.975053852865237 0.07685887838707828
      vertex 34.451798758565886 -31.051798758565887 0.07685887838707828
    endloop
  endfacet
  facet normal 0.08624340306798042 -0.09834175340769732 -0.991408581243855
    outer loop
      vertex 34.08498798475782 -30.684987984757818 0.008564307045585196
      vertex 34.451798758565886 -31.051798758565887 0.07685887838707828
      vertex 34.375053852865236 -31.11910223451995 0.07685887838707828
    endloop
  endfacet
  facet normal 0.11470185436489726 -0.232592351688197 -0.9657868722142623
    outer loop
      vertex 34.39203823151925 -31.687885371739853 0.21227948201957858
      vertex 34.198631336201366 -31.220959822006947 0.07685887838707828
      vertex 34.290180644032255 -31.175812699593813 0.07685887838707828
    endloop
  endfacet
  facet normal 0.1440799581054955 -0.2156308955852821 -0.9657868722142623
    outer loop
      vertex 34.682719792951005 -31.520060293998768 0.21227948201957858
      vertex 34.290180644032255 -31.175812699593813 0.07685887838707828
      vertex 34.375053852865236 -31.11910223451995 0.07685887838707828
    endloop
  endfacet
  facet normal 0.17099281381638268 -0.19497993507473493 -0.9657868722142624
    outer loop
      vertex 34.682719792951005 -31.520060293998768 0.21227948201957858
      vertex 34.375053852865236 -31.11910223451995 0.07685887838707828
      vertex 34.451798758565886 -31.051798758565887 0.07685887838707828
    endloop
  endfacet
  facet normal 0.03275414737353875 -0.49973171948302025 -0.8655607282983536
    outer loop
      vertex 34.19006586810742 -32.70326901063814 0.6741215507898204
      vertex 33.9 -32.269154760876006 0.41250903386924875
      vertex 34.13092103438512 -32.254019396645525 0.41250903386924875
    endloop
  endfacet
  facet normal 0.09770200957786608 -0.49118117121085847 -0.8655607282983534
    outer loop
      vertex 34.19006586810742 -32.70326901063814 0.6741215507898204
      vertex 34.13092103438512 -32.254019396645525 0.41250903386924875
      vertex 34.3578909458485 -32.20887227423239 0.41250903386924875
    endloop
  endfacet
  facet normal 0.22149993603673301 -0.4491574378359447 -0.8655607282983515
    outer loop
      vertex 34.75043009476725 -32.553119868637346 0.6741215507898204
      vertex 34.57702621627707 -32.13448587341824 0.41250903386924875
      vertex 34.784577380438 -32.03213296614481 0.41250903386924875
    endloop
  endfacet
  facet normal 0.16097816331019607 -0.47422637691813235 -0.8655607282983542
    outer loop
      vertex 34.47516862879007 -32.646558545564275 0.6741215507898204
      vertex 34.3578909458485 -32.20887227423239 0.41250903386924875
      vertex 34.57702621627707 -32.13448587341824 0.41250903386924875
    endloop
  endfacet
  facet normal 0.025074511037776748 -0.3825631109612479 -0.9235890509462897
    outer loop
      vertex 33.9 -32.269154760876006 0.41250903386924875
      vertex 33.9 -31.785757861212645 0.21227948201957858
      vertex 34.13092103438512 -32.254019396645525 0.41250903386924875
    endloop
  endfacet
  facet normal 0.07479450127748884 -0.3760173500661721 -0.9235890509462883
    outer loop
      vertex 34.13092103438512 -32.254019396645525 0.41250903386924875
      vertex 34.067825077741084 -31.77475802447026 0.21227948201957858
      vertex 34.3578909458485 -32.20887227423239 0.41250903386924875
    endloop
  endfacet
  facet normal 0.16956639193444029 -0.343846628162133 -0.9235890509462894
    outer loop
      vertex 34.39203823151925 -31.687885371739853 0.21227948201957858
      vertex 34.784577380438 -32.03213296614481 0.41250903386924875
      vertex 34.57702621627707 -32.13448587341824 0.41250903386924875
    endloop
  endfacet
  facet normal 0.12323473686338471 -0.36303782805975643 -0.9235890509462892
    outer loop
      vertex 34.39203823151925 -31.687885371739853 0.21227948201957858
      vertex 34.57702621627707 -32.13448587341824 0.41250903386924875
      vertex 34.3578909458485 -32.20887227423239 0.41250903386924875
    endloop
  endfacet
  facet normal 0.21299671902680395 -0.31877211712436093 -0.9235890509462903
    outer loop
      vertex 34.682719792951005 -31.520060293998768 0.21227948201957858
      vertex 34.97699318036846 -31.903564839033123 0.41250903386924875
      vertex 34.784577380438 -32.03213296614481 0.41250903386924875
    endloop
  endfacet
  facet normal 0.025074511037766783 -0.38256311096125223 -0.9235890509462884
    outer loop
      vertex 34.13092103438512 -32.254019396645525 0.41250903386924875
      vertex 33.9 -31.785757861212645 0.21227948201957858
      vertex 34.067825077741084 -31.77475802447026 0.21227948201957858
    endloop
  endfacet
  facet normal 0.07479450127748573 -0.376017350066174 -0.9235890509462878
    outer loop
      vertex 34.3578909458485 -32.20887227423239 0.41250903386924875
      vertex 34.067825077741084 -31.77475802447026 0.21227948201957858
      vertex 34.232778621872114 -31.741946724499492 0.21227948201957858
    endloop
  endfacet
  facet normal 0.12323473686339391 -0.3630378280597565 -0.9235890509462878
    outer loop
      vertex 34.39203823151925 -31.687885371739853 0.21227948201957858
      vertex 34.3578909458485 -32.20887227423239 0.41250903386924875
      vertex 34.232778621872114 -31.741946724499492 0.21227948201957858
    endloop
  endfacet
  facet normal 0.16956639193444628 -0.3438466281621269 -0.9235890509462906
    outer loop
      vertex 34.39203823151925 -31.687885371739853 0.21227948201957858
      vertex 34.54287893060632 -31.613498970925697 0.21227948201957858
      vertex 34.784577380438 -32.03213296614481 0.41250903386924875
    endloop
  endfacet
  facet normal 0.21299671902680314 -0.31877211712436127 -0.9235890509462905
    outer loop
      vertex 34.54287893060632 -31.613498970925697 0.21227948201957858
      vertex 34.682719792951005 -31.520060293998768 0.21227948201957858
      vertex 34.784577380438 -32.03213296614481 0.41250903386924875
    endloop
  endfacet
  facet normal 0.3825631109612479 -0.025074511037776748 -0.9235890509462897
    outer loop
      vertex 35.669154760876005 -30.5 0.41250903386924875
      vertex 35.65401939664552 -30.73092103438512 0.41250903386924875
      vertex 35.18575786121264 -30.5 0.21227948201957858
    endloop
  endfacet
  facet normal 0.4164032904624144 -0.2782317834462867 -0.8655607282983515
    outer loop
      vertex 35.663054000529925 -31.852838915870883 0.6741215507898204
      vertex 35.30356483903312 -31.57699318036846 0.41250903386924875
      vertex 35.432132966144806 -31.384577380438003 0.41250903386924875
    endloop
  endfacet
  facet normal 0.49973171948302025 -0.03275414737353875 -0.8655607282983536
    outer loop
      vertex 36.10326901063814 -30.79006586810742 0.6741215507898204
      vertex 35.65401939664552 -30.73092103438512 0.41250903386924875
      vertex 35.669154760876005 -30.5 0.41250903386924875
    endloop
  endfacet
  facet normal 0.49118117121085847 -0.09770200957786608 -0.8655607282983534
    outer loop
      vertex 36.10326901063814 -30.79006586810742 0.6741215507898204
      vertex 35.60887227423239 -30.957890945848504 0.41250903386924875
      vertex 35.65401939664552 -30.73092103438512 0.41250903386924875
    endloop
  endfacet
  facet normal 0.4491574378359447 -0.22149993603673301 -0.8655607282983515
    outer loop
      vertex 35.953119868637344 -31.350430094767255 0.6741215507898204
      vertex 35.432132966144806 -31.384577380438003 0.41250903386924875
      vertex 35.53448587341824 -31.17702621627707 0.41250903386924875
    endloop
  endfacet
  facet normal 0.4742263769181373 -0.1609781633101977 -0.8655607282983512
    outer loop
      vertex 35.953119868637344 -31.350430094767255 0.6741215507898204
      vertex 35.53448587341824 -31.17702621627707 0.41250903386924875
      vertex 35.60887227423239 -30.957890945848504 0.41250903386924875
    endloop
  endfacet
  facet normal 0.3760173500661731 -0.07479450127748904 -0.9235890509462878
    outer loop
      vertex 35.65401939664552 -30.73092103438512 0.41250903386924875
      vertex 35.60887227423239 -30.957890945848504 0.41250903386924875
      vertex 35.14194672449949 -30.832778621872116 0.21227948201957858
    endloop
  endfacet
  facet normal 0.36303782805975887 -0.12323473686338549 -0.9235890509462881
    outer loop
      vertex 35.60887227423239 -30.957890945848504 0.41250903386924875
      vertex 35.53448587341824 -31.17702621627707 0.41250903386924875
      vertex 35.14194672449949 -30.832778621872116 0.21227948201957858
    endloop
  endfacet
  facet normal 0.25278261320278694 -0.2882433267822609 -0.9235890509462881
    outer loop
      vertex 34.809168102627375 -31.409168102627376 0.21227948201957858
      vertex 35.150981328383885 -31.750981328383887 0.41250903386924875
      vertex 34.97699318036846 -31.903564839033123 0.41250903386924875
    endloop
  endfacet
  facet normal 0.2882433267822609 -0.25278261320278694 -0.9235890509462881
    outer loop
      vertex 34.809168102627375 -31.409168102627376 0.21227948201957858
      vertex 35.30356483903312 -31.57699318036846 0.41250903386924875
      vertex 35.150981328383885 -31.750981328383887 0.41250903386924875
    endloop
  endfacet
  facet normal 0.34384662816213085 -0.1695663919344392 -0.9235890509462904
    outer loop
      vertex 35.432132966144806 -31.384577380438003 0.41250903386924875
      vertex 35.013498970925696 -31.142878930606322 0.21227948201957858
      vertex 35.53448587341824 -31.17702621627707 0.41250903386924875
    endloop
  endfacet
  facet normal 0.31877211712436077 -0.21299671902680384 -0.9235890509462905
    outer loop
      vertex 35.432132966144806 -31.384577380438003 0.41250903386924875
      vertex 35.30356483903312 -31.57699318036846 0.41250903386924875
      vertex 35.013498970925696 -31.142878930606322 0.21227948201957858
    endloop
  endfacet
  facet normal 0.25878181247039383 -0.01696145610291059 -0.9657868722142618
    outer loop
      vertex 34.68036128806451 -30.5 0.07685887838707828
      vertex 35.18575786121264 -30.5 0.21227948201957858
      vertex 35.17475802447026 -30.667825077741085 0.21227948201957858
    endloop
  endfacet
  facet normal 0.38256311096125223 -0.025074511037766783 -0.9235890509462884
    outer loop
      vertex 35.65401939664552 -30.73092103438512 0.41250903386924875
      vertex 35.17475802447026 -30.667825077741085 0.21227948201957858
      vertex 35.18575786121264 -30.5 0.21227948201957858
    endloop
  endfacet
  facet normal 0.37601735006617254 -0.07479450127748528 -0.9235890509462884
    outer loop
      vertex 35.65401939664552 -30.73092103438512 0.41250903386924875
      vertex 35.14194672449949 -30.832778621872116 0.21227948201957858
      vertex 35.17475802447026 -30.667825077741085 0.21227948201957858
    endloop
  endfacet
  facet normal 0.36303782805975304 -0.12323473686339276 -0.9235890509462893
    outer loop
      vertex 35.53448587341824 -31.17702621627707 0.41250903386924875
      vertex 35.08788537173985 -30.992038231519253 0.21227948201957858
      vertex 35.14194672449949 -30.832778621872116 0.21227948201957858
    endloop
  endfacet
  facet normal 0.34384662816212985 -0.16956639193444775 -0.9235890509462892
    outer loop
      vertex 35.53448587341824 -31.17702621627707 0.41250903386924875
      vertex 35.013498970925696 -31.142878930606322 0.21227948201957858
      vertex 35.08788537173985 -30.992038231519253 0.21227948201957858
    endloop
  endfacet
  facet normal 0.2543539839111509 -0.050594153092212754 -0.9657868722142623
    outer loop
      vertex 34.65377112197771 -30.701972363411834 0.07685887838707828
      vertex 35.17475802447026 -30.667825077741085 0.21227948201957858
      vertex 35.14194672449949 -30.832778621872116 0.21227948201957858
    endloop
  endfacet
  facet normal 0.24557408816694187 -0.08336117009475834 -0.9657868722142623
    outer loop
      vertex 34.620959822006945 -30.798631336201368 0.07685887838707828
      vertex 35.14194672449949 -30.832778621872116 0.21227948201957858
      vertex 35.08788537173985 -30.992038231519253 0.21227948201957858
    endloop
  endfacet
  facet normal 0.28824332678226783 -0.2527826132027692 -0.9235890509462906
    outer loop
      vertex 34.809168102627375 -31.409168102627376 0.21227948201957858
      vertex 34.920060293998766 -31.282719792951006 0.21227948201957858
      vertex 35.30356483903312 -31.57699318036846 0.41250903386924875
    endloop
  endfacet
  facet normal 0.31877211712436154 -0.2129967190268034 -0.9235890509462903
    outer loop
      vertex 35.30356483903312 -31.57699318036846 0.41250903386924875
      vertex 34.920060293998766 -31.282719792951006 0.21227948201957858
      vertex 35.013498970925696 -31.142878930606322 0.21227948201957858
    endloop
  endfacet
  facet normal 0.33020300790066237 -0.37652436734025646 -0.8655607282983526
    outer loop
      vertex 35.4713899167742 -32.0713899167742 0.6741215507898204
      vertex 34.97699318036846 -31.903564839033123 0.41250903386924875
      vertex 35.150981328383885 -31.750981328383887 0.41250903386924875
    endloop
  endfacet
  facet normal 0.2782317834462874 -0.4164032904624154 -0.865560728298351
    outer loop
      vertex 35.0111404660392 -32.42455174152566 0.6741215507898204
      vertex 34.784577380438 -32.03213296614481 0.41250903386924875
      vertex 34.97699318036846 -31.903564839033123 0.41250903386924875
    endloop
  endfacet
  facet normal 0.37652436734025646 -0.33020300790066237 -0.8655607282983526
    outer loop
      vertex 35.4713899167742 -32.0713899167742 0.6741215507898204
      vertex 35.150981328383885 -31.750981328383887 0.41250903386924875
      vertex 35.30356483903312 -31.57699318036846 0.41250903386924875
    endloop
  endfacet
  facet normal 0 0 1
    outer loop
      vertex -1.4914356929544141 0.2271062025906858 2
      vertex 0.15 -0.15 2
      vertex -1.2404109497260625 0.6027912798778615 2
    endloop
  endfacet
  facet normal 0 0 1
    outer loop
      vertex -1.6912761420936528 -0.17813014066712046 2
      vertex 0.15 -0.15 2
      vertex -1.4914356929544141 0.2271062025906858 2
    endloop
  endfacet
  facet normal 0 0 1
    outer loop
      vertex -0.9424970153624421 0.9424970153624421 2
      vertex -1.2404109497260625 0.6027912798778615 2
      vertex 0.15 -0.15 2
    endloop
  endfacet
  facet normal 0 0 1
    outer loop
      vertex -1.6912761420936528 -0.17813014066712046 2
      vertex -1.8365129716527662 -0.6059840437096761 2
      vertex 0.15 -0.15 2
    endloop
  endfacet
  facet normal 0 0 1
    outer loop
      vertex 0.15 -0.15 2
      vertex -1.8365129716527662 -0.6059840437096761 2
      vertex -1.924661139210741 -1.0491348076324096 2
    endloop
  endfacet
  facet normal 0 0 1
    outer loop
      vertex 0.15 -0.15 2
      vertex -1.924661139210741 -1.0491348076324096 2
      vertex -1.9542124051813714 -1.5 2
    endloop
  endfacet
  facet normal 0 0 1
    outer loop
      vertex 0.15 -0.15 2
      vertex -1.9542124051813714 -1.5 2
      vertex -1.9542124051813714 -30.5 2
    endloop
  endfacet
  facet normal 0 0 1
    outer loop
      vertex 0.9500000000000001 -0.9500000000000001 2
      vertex 0.9500000000000001 -31.049999999999997 2
      vertex 2.4 -0.9500000000000001 2
    endloop
  endfacet
  facet normal 0 0 1
    outer loop
      vertex 2.4 -0.9500000000000001 2
      vertex 0.9500000000000001 -31.049999999999997 2
      vertex 2.4 -9.2 2
    endloop
  endfacet
  facet normal 0 0 1
    outer loop
      vertex 2.4 -9.2 2
      vertex 4.249999999999999 -17.55 2
      vertex 12.149999999999999 -17.55 2
    endloop
  endfacet
  facet normal 0 0 1
    outer loop
      vertex -0.2271062025906858 1.4914356929544141 2
      vertex -0.6027912798778615 1.2404109497260625 2
      vertex 35.25 -0.15 2
    endloop
  endfacet
  facet normal 0 0 1
    outer loop
      vertex -0.9424970153624421 0.9424970153624421 2
      vertex 35.25 -0.15 2
      vertex -0.6027912798778615 1.2404109497260625 2
    endloop
  endfacet
  facet normal 0 0 1
    outer loop
      vertex -0.9424970153624421 0.9424970153624421 2
      vertex 0.15 -0.15 2
      vertex 35.25 -0.15 2
    endloop
  endfacet
  facet normal 0 0 1
    outer loop
      vertex -0.2271062025906858 1.4914356929544141 2
      vertex 35.25 -0.15 2
      vertex 0.17813014066712046 1.6912761420936528 2
    endloop
  endfacet
  facet normal 0 0 1
    outer loop
      vertex 0.17813014066712046 1.6912761420936528 2
      vertex 35.25 -0.15 2
      vertex 0.6059840437096761 1.8365129716527662 2
    endloop
  endfacet
  facet normal 0 0 1
    outer loop
      vertex 0.6059840437096761 1.8365129716527662 2
      vertex 35.25 -0.15 2
      vertex 1.0491348076324096 1.924661139210741 2
    endloop
  endfacet
  facet normal 0 0 1
    outer loop
      vertex 1.0491348076324096 1.924661139210741 2
      vertex 35.25 -0.15 2
      vertex 1.5 1.9542124051813714 2
    endloop
  endfacet
  facet normal 0 0 1
    outer loop
      vertex 9.6 -0.9500000000000001 2
      vertex 9.6 -9.2 2
      vertex 13.75 -0.9500000000000001 2
    endloop
  endfacet
  facet normal 0 0 1
    outer loop
      vertex 13.75 -0.9500000000000001 2
      vertex 9.6 -9.2 2
      vertex 13.75 -8.15 2
    endloop
  endfacet
  facet normal 0 0 1
    outer loop
      vertex 9.6 -9.2 2
      vertex 13.75 -10.05 2
      vertex 13.75 -8.15 2
    endloop
  endfacet
  facet normal 0 0 1
    outer loop
      vertex 2.4 -9.2 2
      vertex 12.149999999999999 -17.55 2
      vertex 9.6 -9.2 2
    endloop
  endfacet
  facet normal 0 0 1
    outer loop
      vertex 9.6 -9.2 2
      vertex 12.149999999999999 -17.55 2
      vertex 13.75 -10.05 2
    endloop
  endfacet
  facet normal 0 0 1
    outer loop
      vertex 13.75 -8.15 2
      vertex 13.75 -10.05 2
      vertex 21.65 -8.15 2
    endloop
  endfacet
  facet normal 0 0 1
    outer loop
      vertex 13.75 -10.05 2
      vertex 12.149999999999999 -17.55 2
      vertex 13.75 -17.950000000000003 2
    endloop
  endfacet
  facet normal 0 0 1
    outer loop
      vertex 2.4 -9.2 2
      vertex 0.9500000000000001 -31.049999999999997 2
      vertex 4.249999999999999 -17.55 2
    endloop
  endfacet
  facet normal 0 0 1
    outer loop
      vertex 0.15 -0.15 2
      vertex -1.9542124051813714 -30.5 2
      vertex 0.15 -31.849999999999998 2
    endloop
  endfacet
  facet normal 0 0 1
    outer loop
      vertex 4.249999999999999 -17.55 2
      vertex 0.9500000000000001 -31.049999999999997 2
      vertex 4.249999999999999 -25.450000000000003 2
    endloop
  endfacet
  facet normal 0 0 1
    outer loop
      vertex -1.9542124051813714 -30.5 2
      vertex -1.924661139210741 -30.950865192367587 2
      vertex 1.5 -33.95421240518137 2
    endloop
  endfacet
  facet normal 0 0 1
    outer loop
      vertex -1.924661139210741 -30.950865192367587 2
      vertex -1.8365129716527662 -31.39401595629032 2
      vertex 1.5 -33.95421240518137 2
    endloop
  endfacet
  facet normal 0 0 1
    outer loop
      vertex -1.8365129716527662 -31.39401595629032 2
      vertex -1.6912761420936528 -31.82186985933288 2
      vertex 1.5 -33.95421240518137 2
    endloop
  endfacet
  facet normal 0 0 1
    outer loop
      vertex -1.6912761420936528 -31.82186985933288 2
      vertex -1.4914356929544141 -32.22710620259069 2
      vertex 1.5 -33.95421240518137 2
    endloop
  endfacet
  facet normal 0 0 1
    outer loop
      vertex -1.9542124051813714 -30.5 2
      vertex 1.5 -33.95421240518137 2
      vertex 0.15 -31.849999999999998 2
    endloop
  endfacet
  facet normal 0 0 1
    outer loop
      vertex -1.4914356929544141 -32.22710620259069 2
      vertex -1.2404109497260625 -32.60279127987786 2
      vertex 1.5 -33.95421240518137 2
    endloop
  endfacet
  facet normal 0 0 1
    outer loop
      vertex -1.2404109497260625 -32.60279127987786 2
      vertex -0.9424970153624421 -32.94249701536244 2
      vertex 1.5 -33.95421240518137 2
    endloop
  endfacet
  facet normal 0 0 1
    outer loop
      vertex -0.9424970153624421 -32.94249701536244 2
      vertex -0.6027912798778615 -33.24041094972606 2
      vertex 1.5 -33.95421240518137 2
    endloop
  endfacet
  facet normal 0 0 1
    outer loop
      vertex -0.6027912798778615 -33.24041094972606 2
      vertex -0.2271062025906858 -33.49143569295441 2
      vertex 1.5 -33.95421240518137 2
    endloop
  endfacet
  facet normal 0 0 1
    outer loop
      vertex -0.2271062025906858 -33.49143569295441 2
      vertex 0.17813014066712046 -33.691276142093656 2
      vertex 1.5 -33.95421240518137 2
    endloop
  endfacet
  facet normal 0 0 1
    outer loop
      vertex 0.17813014066712046 -33.691276142093656 2
      vertex 0.6059840437096761 -33.836512971652766 2
      vertex 1.5 -33.95421240518137 2
    endloop
  endfacet
  facet normal 0 0 1
    outer loop
      vertex 0.6059840437096761 -33.836512971652766 2
      vertex 1.0491348076324096 -33.92466113921074 2
      vertex 1.5 -33.95421240518137 2
    endloop
  endfacet
  facet normal 0 0 1
    outer loop
      vertex 12.149999999999999 -17.55 2
      vertex 12.149999999999999 -25.450000000000003 2
      vertex 13.75 -17.950000000000003 2
    endloop
  endfacet
  facet normal 0 0 1
    outer loop
      vertex 13.75 -17.950000000000003 2
      vertex 12.149999999999999 -25.450000000000003 2
      vertex 23.25 -25.450000000000003 2
    endloop
  endfacet
  facet normal 0 0 1
    outer loop
      vertex 0.15 -31.849999999999998 2
      vertex 1.5 -33.95421240518137 2
      vertex 33.9 -33.95421240518137 2
    endloop
  endfacet
  facet normal 0 0 1
    outer loop
      vertex 0.9500000000000001 -31.049999999999997 2
      vertex 34.449999999999996 -31.049999999999997 2
      vertex 4.249999999999999 -25.450000000000003 2
    endloop
  endfacet
  facet normal 0 0 1
    outer loop
      vertex 4.249999999999999 -25.450000000000003 2
      vertex 34.449999999999996 -31.049999999999997 2
      vertex 12.149999999999999 -25.450000000000003 2
    endloop
  endfacet
  facet normal 0 0 1
    outer loop
      vertex 1.5 1.9542124051813714 2
      vertex 35.25 -0.15 2
      vertex 33.9 1.9542124051813714 2
    endloop
  endfacet
  facet normal 0 0 1
    outer loop
      vertex 21.65 -0.9500000000000001 2
      vertex 28.567986724607504 -5.406840679834111 2
      vertex 28.65766062413412 -5.225 2
    endloop
  endfacet
  facet normal 0 0 1
    outer loop
      vertex 21.65 -0.9500000000000001 2
      vertex 28.502814969251943 -5.598830480091093 2
      vertex 28.567986724607504 -5.406840679834111 2
    endloop
  endfacet
  facet normal 0 0 1
    outer loop
      vertex 21.65 -0.9500000000000001 2
      vertex 28.463260464870594 -5.79768440205892 2
      vertex 28.502814969251943 -5.598830480091093 2
    endloop
  endfacet
  facet normal 0 0 1
    outer loop
      vertex 21.65 -0.9500000000000001 2
      vertex 28.45 -6 2
      vertex 28.463260464870594 -5.79768440205892 2
    endloop
  endfacet
  facet normal 0 0 1
    outer loop
      vertex 21.65 -0.9500000000000001 2
      vertex 28.463260464870594 -6.20231559794108 2
      vertex 28.45 -6 2
    endloop
  endfacet
  facet normal 0 0 1
    outer loop
      vertex 21.65 -0.9500000000000001 2
      vertex 28.502814969251943 -6.401169519908907 2
      vertex 28.463260464870594 -6.20231559794108 2
    endloop
  endfacet
  facet normal 0 0 1
    outer loop
      vertex 21.65 -0.9500000000000001 2
      vertex 28.770302322548584 -5.056419785036483 2
      vertex 28.90398448916085 -4.903984489160852 2
    endloop
  endfacet
  facet normal 0 0 1
    outer loop
      vertex 21.65 -0.9500000000000001 2
      vertex 28.90398448916085 -4.903984489160852 2
      vertex 29.056419785036482 -4.770302322548585 2
    endloop
  endfacet
  facet normal 0 0 1
    outer loop
      vertex 21.65 -0.9500000000000001 2
      vertex 29.056419785036482 -4.770302322548585 2
      vertex 29.225 -4.65766062413412 2
    endloop
  endfacet
  facet normal 0 0 1
    outer loop
      vertex 21.65 -0.9500000000000001 2
      vertex 28.65766062413412 -5.225 2
      vertex 28.770302322548584 -5.056419785036483 2
    endloop
  endfacet
  facet normal 0 0 1
    outer loop
      vertex 13.75 -10.05 2
      vertex 21.65 -10.05 2
      vertex 21.65 -8.15 2
    endloop
  endfacet
  facet normal 0 0 1
    outer loop
      vertex 21.65 -10.05 2
      vertex 21.65 -17.950000000000003 2
      vertex 23.25 -17.55 2
    endloop
  endfacet
  facet normal 0 0 1
    outer loop
      vertex 21.65 -0.9500000000000001 2
      vertex 21.65 -8.15 2
      vertex 31.15 -17.55 2
    endloop
  endfacet
  facet normal 0 0 1
    outer loop
      vertex 21.65 -0.9500000000000001 2
      vertex 31.15 -17.55 2
      vertex 28.502814969251943 -6.401169519908907 2
    endloop
  endfacet
  facet normal 0 0 1
    outer loop
      vertex 21.65 -8.15 2
      vertex 21.65 -10.05 2
      vertex 31.15 -17.55 2
    endloop
  endfacet
  facet normal 0 0 1
    outer loop
      vertex 21.65 -10.05 2
      vertex 23.25 -17.55 2
      vertex 31.15 -17.55 2
    endloop
  endfacet
  facet normal 0 0 1
    outer loop
      vertex 21.65 -0.9500000000000001 2
      vertex 29.225 -4.65766062413412 2
      vertex 34.449999999999996 -0.9500000000000001 2
    endloop
  endfacet
  facet normal 0 0 1
    outer loop
      vertex 34.449999999999996 -0.9500000000000001 2
      vertex 29.40684067983411 -4.567986724607506 2
      vertex 29.59883048009109 -4.502814969251944 2
    endloop
  endfacet
  facet normal 0 0 1
    outer loop
      vertex 34.449999999999996 -0.9500000000000001 2
      vertex 29.225 -4.65766062413412 2
      vertex 29.40684067983411 -4.567986724607506 2
    endloop
  endfacet
  facet normal 0 0 1
    outer loop
      vertex 34.449999999999996 -0.9500000000000001 2
      vertex 29.59883048009109 -4.502814969251944 2
      vertex 29.79768440205892 -4.463260464870594 2
    endloop
  endfacet
  facet normal 0 0 1
    outer loop
      vertex 34.449999999999996 -0.9500000000000001 2
      vertex 29.79768440205892 -4.463260464870594 2
      vertex 30 -4.45 2
    endloop
  endfacet
  facet normal 0 0 1
    outer loop
      vertex 34.449999999999996 -0.9500000000000001 2
      vertex 30 -4.45 2
      vertex 30.20231559794108 -4.463260464870594 2
    endloop
  endfacet
  facet normal 0 0 1
    outer loop
      vertex 34.449999999999996 -0.9500000000000001 2
      vertex 30.20231559794108 -4.463260464870594 2
      vertex 30.40116951990891 -4.502814969251944 2
    endloop
  endfacet
  facet normal 0 0 1
    outer loop
      vertex 34.449999999999996 -0.9500000000000001 2
      vertex 30.40116951990891 -4.502814969251944 2
      vertex 30.59315932016589 -4.567986724607506 2
    endloop
  endfacet
  facet normal 0 0 1
    outer loop
      vertex 34.449999999999996 -0.9500000000000001 2
      vertex 30.59315932016589 -4.567986724607506 2
      vertex 30.775 -4.65766062413412 2
    endloop
  endfacet
  facet normal 0 0 1
    outer loop
      vertex 34.449999999999996 -0.9500000000000001 2
      vertex 30.775 -4.65766062413412 2
      vertex 30.943580214963518 -4.770302322548585 2
    endloop
  endfacet
  facet normal 0 0 1
    outer loop
      vertex 34.449999999999996 -0.9500000000000001 2
      vertex 30.943580214963518 -4.770302322548585 2
      vertex 31.09601551083915 -4.903984489160852 2
    endloop
  endfacet
  facet normal 0 0 1
    outer loop
      vertex 34.449999999999996 -0.9500000000000001 2
      vertex 31.09601551083915 -4.903984489160852 2
      vertex 31.229697677451416 -5.056419785036483 2
    endloop
  endfacet
  facet normal 0 0 1
    outer loop
      vertex 34.449999999999996 -0.9500000000000001 2
      vertex 31.229697677451416 -5.056419785036483 2
      vertex 31.34233937586588 -5.225 2
    endloop
  endfacet
  facet normal 0 0 1
    outer loop
      vertex 34.449999999999996 -0.9500000000000001 2
      vertex 31.34233937586588 -5.225 2
      vertex 31.432013275392496 -5.406840679834111 2
    endloop
  endfacet
  facet normal 0 0 1
    outer loop
      vertex 33.9 1.9542124051813714 2
      vertex 34.79401595629032 1.8365129716527662 2
      vertex 34.350865192367586 1.924661139210741 2
    endloop
  endfacet
  facet normal 0 0 1
    outer loop
      vertex 33.9 1.9542124051813714 2
      vertex 35.22186985933288 1.6912761420936528 2
      vertex 34.79401595629032 1.8365129716527662 2
    endloop
  endfacet
  facet normal 0 0 1
    outer loop
      vertex 33.9 1.9542124051813714 2
      vertex 35.62710620259069 1.4914356929544141 2
      vertex 35.22186985933288 1.6912761420936528 2
    endloop
  endfacet
  facet normal 0 0 1
    outer loop
      vertex 33.9 1.9542124051813714 2
      vertex 36.00279127987786 1.2404109497260625 2
      vertex 35.62710620259069 1.4914356929544141 2
    endloop
  endfacet
  facet normal 0 0 1
    outer loop
      vertex 33.9 1.9542124051813714 2
      vertex 36.34249701536244 0.9424970153624421 2
      vertex 36.00279127987786 1.2404109497260625 2
    endloop
  endfacet
  facet normal 0 0 1
    outer loop
      vertex 33.9 1.9542124051813714 2
      vertex 36.64041094972606 0.6027912798778615 2
      vertex 36.34249701536244 0.9424970153624421 2
    endloop
  endfacet
  facet normal 0 0 1
    outer loop
      vertex 33.9 1.9542124051813714 2
      vertex 36.89143569295441 0.2271062025906858 2
      vertex 36.64041094972606 0.6027912798778615 2
    endloop
  endfacet
  facet normal 0 0 1
    outer loop
      vertex 33.9 1.9542124051813714 2
      vertex 35.25 -0.15 2
      vertex 37.35421240518137 -1.5 2
    endloop
  endfacet
  facet normal 0 0 1
    outer loop
      vertex 33.9 1.9542124051813714 2
      vertex 37.091276142093655 -0.17813014066712046 2
      vertex 36.89143569295441 0.2271062025906858 2
    endloop
  endfacet
  facet normal 0 0 1
    outer loop
      vertex 33.9 1.9542124051813714 2
      vertex 37.236512971652765 -0.6059840437096761 2
      vertex 37.091276142093655 -0.17813014066712046 2
    endloop
  endfacet
  facet normal 0 0 1
    outer loop
      vertex 33.9 1.9542124051813714 2
      vertex 37.32466113921074 -1.0491348076324096 2
      vertex 37.236512971652765 -0.6059840437096761 2
    endloop
  endfacet
  facet normal 0 0 1
    outer loop
      vertex 33.9 1.9542124051813714 2
      vertex 37.35421240518137 -1.5 2
      vertex 37.32466113921074 -1.0491348076324096 2
    endloop
  endfacet
  facet normal 0 0 1
    outer loop
      vertex 34.449999999999996 -0.9500000000000001 2
      vertex 31.432013275392496 -5.406840679834111 2
      vertex 31.497185030748057 -5.598830480091093 2
    endloop
  endfacet
  facet normal 0 0 1
    outer loop
      vertex 34.449999999999996 -0.9500000000000001 2
      vertex 31.497185030748057 -5.598830480091093 2
      vertex 31.536739535129406 -5.79768440205892 2
    endloop
  endfacet
  facet normal 0 0 1
    outer loop
      vertex 34.449999999999996 -0.9500000000000001 2
      vertex 31.536739535129406 -5.79768440205892 2
      vertex 31.55 -6 2
    endloop
  endfacet
  facet normal 0 0 1
    outer loop
      vertex 31.15 -17.55 2
      vertex 28.567986724607504 -6.593159320165889 2
      vertex 28.502814969251943 -6.401169519908907 2
    endloop
  endfacet
  facet normal 0 0 1
    outer loop
      vertex 31.15 -17.55 2
      vertex 28.65766062413412 -6.775 2
      vertex 28.567986724607504 -6.593159320165889 2
    endloop
  endfacet
  facet normal 0 0 1
    outer loop
      vertex 31.15 -17.55 2
      vertex 28.770302322548584 -6.943580214963517 2
      vertex 28.65766062413412 -6.775 2
    endloop
  endfacet
  facet normal 0 0 1
    outer loop
      vertex 31.15 -17.55 2
      vertex 28.90398448916085 -7.096015510839148 2
      vertex 28.770302322548584 -6.943580214963517 2
    endloop
  endfacet
  facet normal 0 0 1
    outer loop
      vertex 31.15 -17.55 2
      vertex 29.056419785036482 -7.229697677451415 2
      vertex 28.90398448916085 -7.096015510839148 2
    endloop
  endfacet
  facet normal 0 0 1
    outer loop
      vertex 31.15 -17.55 2
      vertex 29.225 -7.34233937586588 2
      vertex 29.056419785036482 -7.229697677451415 2
    endloop
  endfacet
  facet normal 0 0 1
    outer loop
      vertex 31.15 -17.55 2
      vertex 29.40684067983411 -7.432013275392494 2
      vertex 29.225 -7.34233937586588 2
    endloop
  endfacet
  facet normal 0 0 1
    outer loop
      vertex 34.449999999999996 -0.9500000000000001 2
      vertex 31.55 -6 2
      vertex 31.15 -17.55 2
    endloop
  endfacet
  facet normal 0 0 1
    outer loop
      vertex 31.15 -17.55 2
      vertex 29.59883048009109 -7.497185030748056 2
      vertex 29.40684067983411 -7.432013275392494 2
    endloop
  endfacet
  facet normal 0 0 1
    outer loop
      vertex 31.15 -17.55 2
      vertex 29.79768440205892 -7.536739535129406 2
      vertex 29.59883048009109 -7.497185030748056 2
    endloop
  endfacet
  facet normal 0 0 1
    outer loop
      vertex 31.15 -17.55 2
      vertex 30 -7.55 2
      vertex 29.79768440205892 -7.536739535129406 2
    endloop
  endfacet
  facet normal 0 0 1
    outer loop
      vertex 31.15 -17.55 2
      vertex 30.20231559794108 -7.536739535129406 2
      vertex 30 -7.55 2
    endloop
  endfacet
  facet normal 0 0 1
    outer loop
      vertex 31.15 -17.55 2
      vertex 30.40116951990891 -7.497185030748056 2
      vertex 30.20231559794108 -7.536739535129406 2
    endloop
  endfacet
  facet normal 0 0 1
    outer loop
      vertex 31.15 -17.55 2
      vertex 30.59315932016589 -7.432013275392494 2
      vertex 30.40116951990891 -7.497185030748056 2
    endloop
  endfacet
  facet normal 0 0 1
    outer loop
      vertex 31.15 -17.55 2
      vertex 30.775 -7.34233937586588 2
      vertex 30.59315932016589 -7.432013275392494 2
    endloop
  endfacet
  facet normal 0 0 1
    outer loop
      vertex 31.15 -17.55 2
      vertex 31.09601551083915 -7.096015510839148 2
      vertex 30.943580214963518 -7.229697677451415 2
    endloop
  endfacet
  facet normal 0 0 1
    outer loop
      vertex 31.15 -17.55 2
      vertex 31.229697677451416 -6.943580214963517 2
      vertex 31.09601551083915 -7.096015510839148 2
    endloop
  endfacet
  facet normal 0 0 1
    outer loop
      vertex 31.15 -17.55 2
      vertex 30.943580214963518 -7.229697677451415 2
      vertex 30.775 -7.34233937586588 2
    endloop
  endfacet
  facet normal 0 0 1
    outer loop
      vertex 31.15 -17.55 2
      vertex 31.55 -6 2
      vertex 31.536739535129406 -6.20231559794108 2
    endloop
  endfacet
  facet normal 0 0 1
    outer loop
      vertex 31.15 -17.55 2
      vertex 31.536739535129406 -6.20231559794108 2
      vertex 31.497185030748057 -6.401169519908907 2
    endloop
  endfacet
  facet normal 0 0 1
    outer loop
      vertex 31.15 -17.55 2
      vertex 31.497185030748057 -6.401169519908907 2
      vertex 31.432013275392496 -6.593159320165889 2
    endloop
  endfacet
  facet normal 0 0 1
    outer loop
      vertex 31.15 -17.55 2
      vertex 31.432013275392496 -6.593159320165889 2
      vertex 31.34233937586588 -6.775 2
    endloop
  endfacet
  facet normal 0 0 1
    outer loop
      vertex 31.15 -17.55 2
      vertex 31.34233937586588 -6.775 2
      vertex 31.229697677451416 -6.943580214963517 2
    endloop
  endfacet
  facet normal 0 0 1
    outer loop
      vertex 34.449999999999996 -0.9500000000000001 2
      vertex 31.15 -17.55 2
      vertex 31.15 -25.450000000000003 2
    endloop
  endfacet
  facet normal 0 0 1
    outer loop
      vertex 35.25 -0.15 2
      vertex 35.25 -31.849999999999998 2
      vertex 37.35421240518137 -1.5 2
    endloop
  endfacet
  facet normal 0 0 1
    outer loop
      vertex 13.75 -17.950000000000003 2
      vertex 23.25 -25.450000000000003 2
      vertex 21.65 -17.950000000000003 2
    endloop
  endfacet
  facet normal 0 0 1
    outer loop
      vertex 21.65 -17.950000000000003 2
      vertex 23.25 -25.450000000000003 2
      vertex 23.25 -17.55 2
    endloop
  endfacet
  facet normal 0 0 1
    outer loop
      vertex 12.149999999999999 -25.450000000000003 2
      vertex 34.449999999999996 -31.049999999999997 2
      vertex 23.25 -25.450000000000003 2
    endloop
  endfacet
  facet normal 0 0 1
    outer loop
      vertex 0.15 -31.849999999999998 2
      vertex 33.9 -33.95421240518137 2
      vertex 34.350865192367586 -33.92466113921074 2
    endloop
  endfacet
  facet normal 0 0 1
    outer loop
      vertex 0.15 -31.849999999999998 2
      vertex 34.350865192367586 -33.92466113921074 2
      vertex 34.79401595629032 -33.836512971652766 2
    endloop
  endfacet
  facet normal 0 0 1
    outer loop
      vertex 0.15 -31.849999999999998 2
      vertex 34.79401595629032 -33.836512971652766 2
      vertex 35.22186985933288 -33.691276142093656 2
    endloop
  endfacet
  facet normal 0 0 1
    outer loop
      vertex 0.15 -31.849999999999998 2
      vertex 35.22186985933288 -33.691276142093656 2
      vertex 35.62710620259069 -33.49143569295441 2
    endloop
  endfacet
  facet normal 0 0 1
    outer loop
      vertex 0.15 -31.849999999999998 2
      vertex 36.64041094972606 -32.60279127987786 2
      vertex 35.25 -31.849999999999998 2
    endloop
  endfacet
  facet normal 0 0 1
    outer loop
      vertex 0.15 -31.849999999999998 2
      vertex 36.34249701536244 -32.94249701536244 2
      vertex 36.64041094972606 -32.60279127987786 2
    endloop
  endfacet
  facet normal 0 0 1
    outer loop
      vertex 0.15 -31.849999999999998 2
      vertex 36.00279127987786 -33.24041094972606 2
      vertex 36.34249701536244 -32.94249701536244 2
    endloop
  endfacet
  facet normal 0 0 1
    outer loop
      vertex 0.15 -31.849999999999998 2
      vertex 35.62710620259069 -33.49143569295441 2
      vertex 36.00279127987786 -33.24041094972606 2
    endloop
  endfacet
  facet normal 0 0 1
    outer loop
      vertex 34.449999999999996 -0.9500000000000001 2
      vertex 31.15 -25.450000000000003 2
      vertex 34.449999999999996 -31.049999999999997 2
    endloop
  endfacet
  facet normal 0 0 1
    outer loop
      vertex 37.35421240518137 -1.5 2
      vertex 35.25 -31.849999999999998 2
      vertex 37.35421240518137 -30.5 2
    endloop
  endfacet
  facet normal 0 0 1
    outer loop
      vertex 23.25 -25.450000000000003 2
      vertex 34.449999999999996 -31.049999999999997 2
      vertex 31.15 -25.450000000000003 2
    endloop
  endfacet
  facet normal 0 0 1
    outer loop
      vertex 37.35421240518137 -30.5 2
      vertex 35.25 -31.849999999999998 2
      vertex 37.32466113921074 -30.950865192367587 2
    endloop
  endfacet
  facet normal 0 0 1
    outer loop
      vertex 37.32466113921074 -30.950865192367587 2
      vertex 35.25 -31.849999999999998 2
      vertex 37.236512971652765 -31.39401595629032 2
    endloop
  endfacet
  facet normal 0 0 1
    outer loop
      vertex 37.236512971652765 -31.39401595629032 2
      vertex 35.25 -31.849999999999998 2
      vertex 37.091276142093655 -31.82186985933288 2
    endloop
  endfacet
  facet normal 0 0 1
    outer loop
      vertex 35.25 -31.849999999999998 2
      vertex 36.89143569295441 -32.22710620259069 2
      vertex 37.091276142093655 -31.82186985933288 2
    endloop
  endfacet
  facet normal 0 0 1
    outer loop
      vertex 35.25 -31.849999999999998 2
      vertex 36.64041094972606 -32.60279127987786 2
      vertex 36.89143569295441 -32.22710620259069 2
    endloop
  endfacet
  facet normal 0 0 1
    outer loop
      vertex 0.15 -0.15 4
      vertex 0.9500000000000001 -0.9500000000000001 4
      vertex 2.4 -0.7999999999999998 4
    endloop
  endfacet
  facet normal 0 0 1
    outer loop
      vertex 0.9500000000000001 -0.9500000000000001 4
      vertex 2.4 -0.9500000000000001 4
      vertex 2.4 -0.7999999999999998 4
    endloop
  endfacet
  facet normal 0 0 1
    outer loop
      vertex 0.15 -0.15 4
      vertex 2.4 -0.7999999999999998 4
      vertex 9.6 -0.7999999999999998 4
    endloop
  endfacet
  facet normal 0 0 1
    outer loop
      vertex 0.15 -0.15 4
      vertex 9.6 -0.7999999999999998 4
      vertex 13.75 -0.9500000000000001 4
    endloop
  endfacet
  facet normal 0 0 1
    outer loop
      vertex 0.15 -0.15 4
      vertex 0.15 -31.849999999999998 4
      vertex 0.9500000000000001 -0.9500000000000001 4
    endloop
  endfacet
  facet normal -1 0 0
    outer loop
      vertex 0.15 -0.15 4
      vertex 0.15 -0.15 2
      vertex 0.15 -31.849999999999998 2
    endloop
  endfacet
  facet normal 0 0 1
    outer loop
      vertex 0.15 -0.15 4
      vertex 13.75 -0.9500000000000001 4
      vertex 13.75 -0.25 4
    endloop
  endfacet
  facet normal 0 0 1
    outer loop
      vertex 9.6 -0.7999999999999998 4
      vertex 9.6 -0.9500000000000001 4
      vertex 13.75 -0.9500000000000001 4
    endloop
  endfacet
  facet normal 0 0 1
    outer loop
      vertex 0.15 -0.15 4
      vertex 13.75 -0.25 4
      vertex 35.25 -0.15 4
    endloop
  endfacet
  facet normal 0 1 0
    outer loop
      vertex 0.15 -0.15 4
      vertex 35.25 -0.15 2
      vertex 0.15 -0.15 2
    endloop
  endfacet
  facet normal 0 0 1
    outer loop
      vertex 0.9500000000000001 -0.9500000000000001 4
      vertex 0.15 -31.849999999999998 4
      vertex 0.9500000000000001 -31.049999999999997 4
    endloop
  endfacet
  facet normal -1 0 0
    outer loop
      vertex 0.15 -0.15 4
      vertex 0.15 -31.849999999999998 2
      vertex 0.15 -31.849999999999998 4
    endloop
  endfacet
  facet normal 0 0 1
    outer loop
      vertex 0.15 -31.849999999999998 4
      vertex 35.25 -31.849999999999998 4
      vertex 0.9500000000000001 -31.049999999999997 4
    endloop
  endfacet
  facet normal 0 -1 0
    outer loop
      vertex 0.15 -31.849999999999998 4
      vertex 0.15 -31.849999999999998 2
      vertex 35.25 -31.849999999999998 4
    endloop
  endfacet
  facet normal 0 0 1
    outer loop
      vertex 13.75 -0.25 4
      vertex 21.65 -0.25 4
      vertex 35.25 -0.15 4
    endloop
  endfacet
  facet normal 0 0 1
    outer loop
      vertex 21.65 -0.25 4
      vertex 21.65 -0.9500000000000001 4
      vertex 34.449999999999996 -0.9500000000000001 4
    endloop
  endfacet
  facet normal 0 1 0
    outer loop
      vertex 0.15 -0.15 4
      vertex 35.25 -0.15 4
      vertex 35.25 -0.15 2
    endloop
  endfacet
  facet normal 0 0 1
    outer loop
      vertex 21.65 -0.25 4
      vertex 34.449999999999996 -0.9500000000000001 4
      vertex 35.25 -0.15 4
    endloop
  endfacet
  facet normal 0 0 1
    outer loop
      vertex 34.449999999999996 -0.9500000000000001 4
      vertex 34.449999999999996 -31.049999999999997 4
      vertex 35.25 -0.15 4
    endloop
  endfacet
  facet normal 1 0 0
    outer loop
      vertex 35.25 -0.15 4
      vertex 35.25 -31.849999999999998 4
      vertex 35.25 -0.15 2
    endloop
  endfacet
  facet normal 0 0 1
    outer loop
      vertex 0.9500000000000001 -31.049999999999997 4
      vertex 35.25 -31.849999999999998 4
      vertex 34.449999999999996 -31.049999999999997 4
    endloop
  endfacet
  facet normal 0 -1 0
    outer loop
      vertex 0.15 -31.849999999999998 2
      vertex 35.25 -31.849999999999998 2
      vertex 35.25 -31.849999999999998 4
    endloop
  endfacet
  facet normal 0 0 1
    outer loop
      vertex 35.25 -0.15 4
      vertex 34.449999999999996 -31.049999999999997 4
      vertex 35.25 -31.849999999999998 4
    endloop
  endfacet
  facet normal 1 0 0
    outer loop
      vertex 35.25 -0.15 2
      vertex 35.25 -31.849999999999998 4
      vertex 35.25 -31.849999999999998 2
    endloop
  endfacet
  facet normal 0 -1 0
    outer loop
      vertex 0.9500000000000001 -0.9500000000000001 4
      vertex 0.9500000000000001 -0.9500000000000001 2
      vertex 2.4 -0.9500000000000001 4
    endloop
  endfacet
  facet normal 0 -1 0
    outer loop
      vertex 2.4 -0.9500000000000001 4
      vertex 0.9500000000000001 -0.9500000000000001 2
      vertex 2.4 -0.9500000000000001 2
    endloop
  endfacet
  facet normal 1 0 0
    outer loop
      vertex 0.9500000000000001 -0.9500000000000001 4
      vertex 0.9500000000000001 -31.049999999999997 2
      vertex 0.9500000000000001 -0.9500000000000001 2
    endloop
  endfacet
  facet normal 0 -1 0
    outer loop
      vertex 9.6 -0.9500000000000001 4
      vertex 13.75 -0.9500000000000001 2
      vertex 13.75 -0.9500000000000001 4
    endloop
  endfacet
  facet normal 0 -1 0
    outer loop
      vertex 9.6 -0.9500000000000001 4
      vertex 9.6 -0.9500000000000001 2
      vertex 13.75 -0.9500000000000001 2
    endloop
  endfacet
  facet normal 1 0 0
    outer loop
      vertex 0.9500000000000001 -0.9500000000000001 4
      vertex 0.9500000000000001 -31.049999999999997 4
      vertex 0.9500000000000001 -31.049999999999997 2
    endloop
  endfacet
  facet normal 0 1 0
    outer loop
      vertex 0.9500000000000001 -31.049999999999997 4
      vertex 34.449999999999996 -31.049999999999997 2
      vertex 0.9500000000000001 -31.049999999999997 2
    endloop
  endfacet
  facet normal 0 -1 0
    outer loop
      vertex 21.65 -0.9500000000000001 4
      vertex 21.65 -0.9500000000000001 2
      vertex 34.449999999999996 -0.9500000000000001 4
    endloop
  endfacet
  facet normal 0 -1 0
    outer loop
      vertex 34.449999999999996 -0.9500000000000001 4
      vertex 21.65 -0.9500000000000001 2
      vertex 34.449999999999996 -0.9500000000000001 2
    endloop
  endfacet
  facet normal -1 0 0
    outer loop
      vertex 34.449999999999996 -0.9500000000000001 4
      vertex 34.449999999999996 -0.9500000000000001 2
      vertex 34.449999999999996 -31.049999999999997 4
    endloop
  endfacet
  facet normal 0 1 0
    outer loop
      vertex 0.9500000000000001 -31.049999999999997 4
      vertex 34.449999999999996 -31.049999999999997 4
      vertex 34.449999999999996 -31.049999999999997 2
    endloop
  endfacet
  facet normal -1 0 0
    outer loop
      vertex 34.449999999999996 -0.9500000000000001 2
      vertex 34.449999999999996 -31.049999999999997 2
      vertex 34.449999999999996 -31.049999999999997 4
    endloop
  endfacet
  facet normal -1 0 0
    outer loop
      vertex 13.75 -0.25 4.5
      vertex 13.75 -0.25 4
      vertex 13.75 -0.9500000000000001 4
    endloop
  endfacet
  facet normal 0 1 0
    outer loop
      vertex 13.75 -0.25 4.5
      vertex 21.65 -0.25 4.5
      vertex 13.75 -0.25 4
    endloop
  endfacet
  facet normal 0 0 1
    outer loop
      vertex 13.75 -0.25 4.5
      vertex 14.55 -1.0500000000000003 4.5
      vertex 21.65 -0.25 4.5
    endloop
  endfacet
  facet normal 0 0 1
    outer loop
      vertex 13.75 -0.25 4.5
      vertex 13.75 -8.15 4.5
      vertex 14.55 -1.0500000000000003 4.5
    endloop
  endfacet
  facet normal 0 0 1
    outer loop
      vertex 13.75 -8.15 4.5
      vertex 14.549999999999999 -7.35 4.5
      vertex 14.55 -1.0500000000000003 4.5
    endloop
  endfacet
  facet normal -1 0 0
    outer loop
      vertex 13.75 -0.25 4.5
      vertex 13.75 -0.9500000000000001 4
      vertex 13.75 -8.15 2
    endloop
  endfacet
  facet normal -1 0 0
    outer loop
      vertex 13.75 -0.25 4.5
      vertex 13.75 -8.15 2
      vertex 13.75 -8.15 4.5
    endloop
  endfacet
  facet normal -1 0 0
    outer loop
      vertex 13.75 -0.9500000000000001 4
      vertex 13.75 -0.9500000000000001 2
      vertex 13.75 -8.15 2
    endloop
  endfacet
  facet normal 0 0 1
    outer loop
      vertex 13.75 -8.15 4.5
      vertex 20.849999999999998 -7.35 4.5
      vertex 14.549999999999999 -7.35 4.5
    endloop
  endfacet
  facet normal 0 -1 0
    outer loop
      vertex 13.75 -8.15 4.5
      vertex 13.75 -8.15 2
      vertex 21.65 -8.15 4.5
    endloop
  endfacet
  facet normal 0 1 0
    outer loop
      vertex 13.75 -0.25 4
      vertex 21.65 -0.25 4.5
      vertex 21.65 -0.25 4
    endloop
  endfacet
  facet normal 0 0 1
    outer loop
      vertex 21.65 -0.25 4.5
      vertex 14.55 -1.0500000000000003 4.5
      vertex 20.849999999999998 -1.0500000000000003 4.5
    endloop
  endfacet
  facet normal 0 0 1
    outer loop
      vertex 21.65 -0.25 4.5
      vertex 20.849999999999998 -1.0500000000000003 4.5
      vertex 20.849999999999998 -7.35 4.5
    endloop
  endfacet
  facet normal 1 0 0
    outer loop
      vertex 21.65 -0.25 4.5
      vertex 21.65 -8.15 4.5
      vertex 21.65 -0.25 4
    endloop
  endfacet
  facet normal 1 0 0
    outer loop
      vertex 21.65 -0.25 4
      vertex 21.65 -8.15 4.5
      vertex 21.65 -0.9500000000000001 4
    endloop
  endfacet
  facet normal 0 0 1
    outer loop
      vertex 21.65 -0.25 4.5
      vertex 20.849999999999998 -7.35 4.5
      vertex 21.65 -8.15 4.5
    endloop
  endfacet
  facet normal 1 0 0
    outer loop
      vertex 21.65 -0.9500000000000001 4
      vertex 21.65 -8.15 4.5
      vertex 21.65 -8.15 2
    endloop
  endfacet
  facet normal 1 0 0
    outer loop
      vertex 21.65 -0.9500000000000001 4
      vertex 21.65 -8.15 2
      vertex 21.65 -0.9500000000000001 2
    endloop
  endfacet
  facet normal 0 0 1
    outer loop
      vertex 13.75 -8.15 4.5
      vertex 21.65 -8.15 4.5
      vertex 20.849999999999998 -7.35 4.5
    endloop
  endfacet
  facet normal 0 -1 0
    outer loop
      vertex 13.75 -8.15 2
      vertex 21.65 -8.15 2
      vertex 21.65 -8.15 4.5
    endloop
  endfacet
  facet normal 0 0 1
    outer loop
      vertex 13.75 -10.05 4.5
      vertex 14.549999999999999 -10.85 4.5
      vertex 21.65 -10.05 4.5
    endloop
  endfacet
  facet normal 0 0 1
    outer loop
      vertex 13.75 -10.05 4.5
      vertex 13.75 -17.950000000000003 4.5
      vertex 14.549999999999999 -10.85 4.5
    endloop
  endfacet
  facet normal 0 0 1
    outer loop
      vertex 13.75 -17.950000000000003 4.5
      vertex 14.549999999999999 -17.15 4.5
      vertex 14.549999999999999 -10.85 4.5
    endloop
  endfacet
  facet normal -1 0 0
    outer loop
      vertex 13.75 -10.05 4.5
      vertex 13.75 -17.950000000000003 2
      vertex 13.75 -17.950000000000003 4.5
    endloop
  endfacet
  facet normal 0 1 0
    outer loop
      vertex 13.75 -10.05 4.5
      vertex 21.65 -10.05 2
      vertex 13.75 -10.05 2
    endloop
  endfacet
  facet normal -1 0 0
    outer loop
      vertex 13.75 -10.05 4.5
      vertex 13.75 -10.05 2
      vertex 13.75 -17.950000000000003 2
    endloop
  endfacet
  facet normal 0 0 1
    outer loop
      vertex 13.75 -17.950000000000003 4.5
      vertex 20.849999999999994 -17.15 4.5
      vertex 14.549999999999999 -17.15 4.5
    endloop
  endfacet
  facet normal 0 -1 0
    outer loop
      vertex 13.75 -17.950000000000003 4.5
      vertex 13.75 -17.950000000000003 2
      vertex 21.65 -17.950000000000003 4.5
    endloop
  endfacet
  facet normal 0 0 1
    outer loop
      vertex 21.65 -10.05 4.5
      vertex 14.549999999999999 -10.85 4.5
      vertex 20.849999999999998 -10.85 4.5
    endloop
  endfacet
  facet normal 0 1 0
    outer loop
      vertex 13.75 -10.05 4.5
      vertex 21.65 -10.05 4.5
      vertex 21.65 -10.05 2
    endloop
  endfacet
  facet normal 0 0 1
    outer loop
      vertex 21.65 -10.05 4.5
      vertex 20.849999999999998 -10.85 4.5
      vertex 20.849999999999994 -17.15 4.5
    endloop
  endfacet
  facet normal 0 0 1
    outer loop
      vertex 21.65 -10.05 4.5
      vertex 20.849999999999994 -17.15 4.5
      vertex 21.65 -17.950000000000003 4.5
    endloop
  endfacet
  facet normal 1 0 0
    outer loop
      vertex 21.65 -10.05 4.5
      vertex 21.65 -17.950000000000003 4.5
      vertex 21.65 -10.05 2
    endloop
  endfacet
  facet normal 1 0 0
    outer loop
      vertex 21.65 -10.05 2
      vertex 21.65 -17.950000000000003 4.5
      vertex 21.65 -17.950000000000003 2
    endloop
  endfacet
  facet normal 0 0 1
    outer loop
      vertex 13.75 -17.950000000000003 4.5
      vertex 21.65 -17.950000000000003 4.5
      vertex 20.849999999999994 -17.15 4.5
    endloop
  endfacet
  facet normal 0 -1 0
    outer loop
      vertex 13.75 -17.950000000000003 2
      vertex 21.65 -17.950000000000003 2
      vertex 21.65 -17.950000000000003 4.5
    endloop
  endfacet
  facet normal 0 0 1
    outer loop
      vertex 4.249999999999999 -17.55 4.5
      vertex 4.249999999999999 -25.450000000000003 4.5
      vertex 5.049999999999999 -18.35 4.5
    endloop
  endfacet
  facet normal 0 0 1
    outer loop
      vertex 4.249999999999999 -17.55 4.5
      vertex 5.049999999999999 -18.35 4.5
      vertex 12.149999999999999 -17.55 4.5
    endloop
  endfacet
  facet normal 0 0 1
    outer loop
      vertex 4.249999999999999 -25.450000000000003 4.5
      vertex 5.049999999999999 -24.650000000000002 4.5
      vertex 5.049999999999999 -18.35 4.5
    endloop
  endfacet
  facet normal 0 0 1
    outer loop
      vertex 4.249999999999999 -25.450000000000003 4.5
      vertex 11.349999999999998 -24.650000000000002 4.5
      vertex 5.049999999999999 -24.650000000000002 4.5
    endloop
  endfacet
  facet normal -1 0 0
    outer loop
      vertex 4.249999999999999 -17.55 4.5
      vertex 4.249999999999999 -25.450000000000003 2
      vertex 4.249999999999999 -25.450000000000003 4.5
    endloop
  endfacet
  facet normal -1 0 0
    outer loop
      vertex 4.249999999999999 -17.55 4.5
      vertex 4.249999999999999 -17.55 2
      vertex 4.249999999999999 -25.450000000000003 2
    endloop
  endfacet
  facet normal 0 1 0
    outer loop
      vertex 4.249999999999999 -17.55 4.5
      vertex 12.149999999999999 -17.55 2
      vertex 4.249999999999999 -17.55 2
    endloop
  endfacet
  facet normal 0 -1 0
    outer loop
      vertex 4.249999999999999 -25.450000000000003 4.5
      vertex 4.249999999999999 -25.450000000000003 2
      vertex 12.149999999999999 -25.450000000000003 4.5
    endloop
  endfacet
  facet normal 0 0 1
    outer loop
      vertex 12.149999999999999 -17.55 4.5
      vertex 5.049999999999999 -18.35 4.5
      vertex 11.349999999999998 -18.35 4.5
    endloop
  endfacet
  facet normal 0 0 1
    outer loop
      vertex 12.149999999999999 -17.55 4.5
      vertex 11.349999999999998 -18.35 4.5
      vertex 11.349999999999998 -24.650000000000002 4.5
    endloop
  endfacet
  facet normal 0 1 0
    outer loop
      vertex 4.249999999999999 -17.55 4.5
      vertex 12.149999999999999 -17.55 4.5
      vertex 12.149999999999999 -17.55 2
    endloop
  endfacet
  facet normal 1 0 0
    outer loop
      vertex 12.149999999999999 -17.55 4.5
      vertex 12.149999999999999 -25.450000000000003 4.5
      vertex 12.149999999999999 -17.55 2
    endloop
  endfacet
  facet normal 0 0 1
    outer loop
      vertex 12.149999999999999 -17.55 4.5
      vertex 11.349999999999998 -24.650000000000002 4.5
      vertex 12.149999999999999 -25.450000000000003 4.5
    endloop
  endfacet
  facet normal 1 0 0
    outer loop
      vertex 12.149999999999999 -25.450000000000003 4.5
      vertex 12.149999999999999 -25.450000000000003 2
      vertex 12.149999999999999 -17.55 2
    endloop
  endfacet
  facet normal 0 0 1
    outer loop
      vertex 4.249999999999999 -25.450000000000003 4.5
      vertex 12.149999999999999 -25.450000000000003 4.5
      vertex 11.349999999999998 -24.650000000000002 4.5
    endloop
  endfacet
  facet normal 0 -1 0
    outer loop
      vertex 12.149999999999999 -25.450000000000003 4.5
      vertex 4.249999999999999 -25.450000000000003 2
      vertex 12.149999999999999 -25.450000000000003 2
    endloop
  endfacet
  facet normal 0 0 1
    outer loop
      vertex 23.25 -17.55 4.5
      vertex 23.25 -25.450000000000003 4.5
      vertex 24.05 -18.35 4.5
    endloop
  endfacet
  facet normal 0 0 1
    outer loop
      vertex 23.25 -17.55 4.5
      vertex 24.05 -18.35 4.5
      vertex 31.15 -17.55 4.5
    endloop
  endfacet
  facet normal 0 0 1
    outer loop
      vertex 23.25 -25.450000000000003 4.5
      vertex 24.05 -24.650000000000002 4.5
      vertex 24.05 -18.35 4.5
    endloop
  endfacet
  facet normal 0 0 1
    outer loop
      vertex 23.25 -25.450000000000003 4.5
      vertex 30.349999999999998 -24.650000000000002 4.5
      vertex 24.05 -24.650000000000002 4.5
    endloop
  endfacet
  facet normal -1 0 0
    outer loop
      vertex 23.25 -17.55 4.5
      vertex 23.25 -25.450000000000003 2
      vertex 23.25 -25.450000000000003 4.5
    endloop
  endfacet
  facet normal -1 0 0
    outer loop
      vertex 23.25 -17.55 4.5
      vertex 23.25 -17.55 2
      vertex 23.25 -25.450000000000003 2
    endloop
  endfacet
  facet normal 0 1 0
    outer loop
      vertex 23.25 -17.55 4.5
      vertex 31.15 -17.55 2
      vertex 23.25 -17.55 2
    endloop
  endfacet
  facet normal 0 -1 0
    outer loop
      vertex 23.25 -25.450000000000003 4.5
      vertex 23.25 -25.450000000000003 2
      vertex 31.15 -25.450000000000003 4.5
    endloop
  endfacet
  facet normal 0 0 1
    outer loop
      vertex 31.15 -17.55 4.5
      vertex 24.05 -18.35 4.5
      vertex 30.35 -18.35 4.5
    endloop
  endfacet
  facet normal 0 0 1
    outer loop
      vertex 31.15 -17.55 4.5
      vertex 30.35 -18.35 4.5
      vertex 30.349999999999998 -24.650000000000002 4.5
    endloop
  endfacet
  facet normal 0 1 0
    outer loop
      vertex 23.25 -17.55 4.5
      vertex 31.15 -17.55 4.5
      vertex 31.15 -17.55 2
    endloop
  endfacet
  facet normal 1 0 0
    outer loop
      vertex 31.15 -17.55 4.5
      vertex 31.15 -25.450000000000003 4.5
      vertex 31.15 -17.55 2
    endloop
  endfacet
  facet normal 0 0 1
    outer loop
      vertex 31.15 -17.55 4.5
      vertex 30.349999999999998 -24.650000000000002 4.5
      vertex 31.15 -25.450000000000003 4.5
    endloop
  endfacet
  facet normal 1 0 0
    outer loop
      vertex 31.15 -25.450000000000003 4.5
      vertex 31.15 -25.450000000000003 2
      vertex 31.15 -17.55 2
    endloop
  endfacet
  facet normal 0 0 1
    outer loop
      vertex 23.25 -25.450000000000003 4.5
      vertex 31.15 -25.450000000000003 4.5
      vertex 30.349999999999998 -24.650000000000002 4.5
    endloop
  endfacet
  facet normal 0 -1 0
    outer loop
      vertex 31.15 -25.450000000000003 4.5
      vertex 23.25 -25.450000000000003 2
      vertex 31.15 -25.450000000000003 2
    endloop
  endfacet
  facet normal -1 0 0
    outer loop
      vertex 2.4 -0.7999999999999998 4.5
      vertex 2.4 -0.7999999999999998 4
      vertex 2.4 -0.9500000000000001 4
    endloop
  endfacet
  facet normal 0 0 1
    outer loop
      vertex 2.4 -0.7999999999999998 4.5
      vertex 2.4 -9.2 4.5
      vertex 3.1 -1.5 4.5
    endloop
  endfacet
  facet normal 0 0 1
    outer loop
      vertex 2.4 -9.2 4.5
      vertex 3.1 -8.5 4.5
      vertex 3.1 -1.5 4.5
    endloop
  endfacet
  facet normal -1 0 0
    outer loop
      vertex 2.4 -0.7999999999999998 4.5
      vertex 2.4 -0.9500000000000001 4
      vertex 2.4 -9.2 2
    endloop
  endfacet
  facet normal -1 0 0
    outer loop
      vertex 2.4 -0.7999999999999998 4.5
      vertex 2.4 -9.2 2
      vertex 2.4 -9.2 4.5
    endloop
  endfacet
  facet normal 0 0 1
    outer loop
      vertex 2.4 -0.7999999999999998 4.5
      vertex 3.1 -1.5 4.5
      vertex 9.6 -0.7999999999999998 4.5
    endloop
  endfacet
  facet normal 0 1 0
    outer loop
      vertex 2.4 -0.7999999999999998 4.5
      vertex 9.6 -0.7999999999999998 4
      vertex 2.4 -0.7999999999999998 4
    endloop
  endfacet
  facet normal 0 0 1
    outer loop
      vertex 9.6 -0.7999999999999998 4.5
      vertex 3.1 -1.5 4.5
      vertex 8.9 -1.5 4.5
    endloop
  endfacet
  facet normal 0 1 0
    outer loop
      vertex 2.4 -0.7999999999999998 4.5
      vertex 9.6 -0.7999999999999998 4.5
      vertex 9.6 -0.7999999999999998 4
    endloop
  endfacet
  facet normal -1 0 0
    outer loop
      vertex 2.4 -0.9500000000000001 4
      vertex 2.4 -0.9500000000000001 2
      vertex 2.4 -9.2 2
    endloop
  endfacet
  facet normal 0 0 1
    outer loop
      vertex 2.4 -9.2 4.5
      vertex 8.9 -8.5 4.5
      vertex 3.1 -8.5 4.5
    endloop
  endfacet
  facet normal 0 0 1
    outer loop
      vertex 2.4 -9.2 4.5
      vertex 9.6 -9.2 4.5
      vertex 8.9 -8.5 4.5
    endloop
  endfacet
  facet normal 0 -1 0
    outer loop
      vertex 2.4 -9.2 4.5
      vertex 2.4 -9.2 2
      vertex 9.6 -9.2 4.5
    endloop
  endfacet
  facet normal 0 -1 0
    outer loop
      vertex 9.6 -9.2 4.5
      vertex 2.4 -9.2 2
      vertex 9.6 -9.2 2
    endloop
  endfacet
  facet normal 1 0 0
    outer loop
      vertex 9.6 -0.7999999999999998 4.5
      vertex 9.6 -0.9500000000000001 4
      vertex 9.6 -0.7999999999999998 4
    endloop
  endfacet
  facet normal 0 0 1
    outer loop
      vertex 9.6 -0.7999999999999998 4.5
      vertex 8.9 -1.5 4.5
      vertex 8.9 -8.5 4.5
    endloop
  endfacet
  facet normal 1 0 0
    outer loop
      vertex 9.6 -0.7999999999999998 4.5
      vertex 9.6 -9.2 4.5
      vertex 9.6 -0.9500000000000001 4
    endloop
  endfacet
  facet normal 0 0 1
    outer loop
      vertex 9.6 -0.7999999999999998 4.5
      vertex 8.9 -8.5 4.5
      vertex 9.6 -9.2 4.5
    endloop
  endfacet
  facet normal 1 0 0
    outer loop
      vertex 9.6 -0.9500000000000001 4
      vertex 9.6 -9.2 4.5
      vertex 9.6 -0.9500000000000001 2
    endloop
  endfacet
  facet normal 1 0 0
    outer loop
      vertex 9.6 -9.2 4.5
      vertex 9.6 -9.2 2
      vertex 9.6 -0.9500000000000001 2
    endloop
  endfacet
  facet normal 0 -1 0
    outer loop
      vertex 14.549999999999999 -1.0500000000000003 2
      vertex 20.849999999999998 -1.0500000000000003 4.5
      vertex 14.55 -1.0500000000000003 4.5
    endloop
  endfacet
  facet normal 1 -2.819614030794049e-16 0
    outer loop
      vertex 14.549999999999999 -7.35 2
      vertex 14.55 -1.0500000000000003 4.5
      vertex 14.549999999999999 -7.35 4.5
    endloop
  endfacet
  facet normal 1 0 -7.105427357601002e-16
    outer loop
      vertex 14.549999999999999 -1.0500000000000003 2
      vertex 14.55 -1.0500000000000003 4.5
      vertex 14.549999999999999 -7.35 2
    endloop
  endfacet
  facet normal 0 1 0
    outer loop
      vertex 14.549999999999999 -7.35 2
      vertex 14.549999999999999 -7.35 4.5
      vertex 20.849999999999998 -7.35 2
    endloop
  endfacet
  facet normal 0 0 1
    outer loop
      vertex 14.549999999999999 -1.0500000000000003 2
      vertex 15.967949192431123 -3.2 2
      vertex 16.11329331941753 -2.982477141982559 2
    endloop
  endfacet
  facet normal 0 0 1
    outer loop
      vertex 14.549999999999999 -1.0500000000000003 2
      vertex 16.285786437626903 -2.7857864376269053 2
      vertex 16.482477141982557 -2.61329331941753 2
    endloop
  endfacet
  facet normal 0 0 1
    outer loop
      vertex 14.549999999999999 -1.0500000000000003 2
      vertex 16.11329331941753 -2.982477141982559 2
      vertex 16.285786437626903 -2.7857864376269053 2
    endloop
  endfacet
  facet normal 0 0 1
    outer loop
      vertex 14.549999999999999 -1.0500000000000003 2
      vertex 16.7 -2.467949192431123 2
      vertex 16.93463313526982 -2.3522409349774267 2
    endloop
  endfacet
  facet normal 0 0 1
    outer loop
      vertex 14.549999999999999 -1.0500000000000003 2
      vertex 16.93463313526982 -2.3522409349774267 2
      vertex 17.182361909794956 -2.2681483474218638 2
    endloop
  endfacet
  facet normal 0 0 1
    outer loop
      vertex 14.549999999999999 -1.0500000000000003 2
      vertex 16.482477141982557 -2.61329331941753 2
      vertex 16.7 -2.467949192431123 2
    endloop
  endfacet
  facet normal 0 0 1
    outer loop
      vertex 14.549999999999999 -1.0500000000000003 2
      vertex 17.182361909794956 -2.2681483474218638 2
      vertex 20.849999999999998 -1.0500000000000003 2
    endloop
  endfacet
  facet normal 0 0 1
    outer loop
      vertex 14.549999999999999 -1.0500000000000003 2
      vertex 14.549999999999999 -7.35 2
      vertex 15.768148347421862 -4.717638090205042 2
    endloop
  endfacet
  facet normal 0 0 1
    outer loop
      vertex 14.549999999999999 -1.0500000000000003 2
      vertex 15.768148347421862 -3.6823619097949587 2
      vertex 15.852240934977425 -3.4346331352698205 2
    endloop
  endfacet
  facet normal 0 0 1
    outer loop
      vertex 14.549999999999999 -1.0500000000000003 2
      vertex 15.852240934977425 -3.4346331352698205 2
      vertex 15.967949192431123 -3.2 2
    endloop
  endfacet
  facet normal 0 0 1
    outer loop
      vertex 14.549999999999999 -1.0500000000000003 2
      vertex 15.71711027725238 -3.938947615559897 2
      vertex 15.768148347421862 -3.6823619097949587 2
    endloop
  endfacet
  facet normal 0 0 1
    outer loop
      vertex 14.549999999999999 -1.0500000000000003 2
      vertex 15.7 -4.2 2
      vertex 15.71711027725238 -3.938947615559897 2
    endloop
  endfacet
  facet normal 0 0 1
    outer loop
      vertex 14.549999999999999 -1.0500000000000003 2
      vertex 15.71711027725238 -4.461052384440103 2
      vertex 15.7 -4.2 2
    endloop
  endfacet
  facet normal 0 0 1
    outer loop
      vertex 14.549999999999999 -1.0500000000000003 2
      vertex 15.768148347421862 -4.717638090205042 2
      vertex 15.71711027725238 -4.461052384440103 2
    endloop
  endfacet
  facet normal 0 0 1
    outer loop
      vertex 15.768148347421862 -4.717638090205042 2
      vertex 14.549999999999999 -7.35 2
      vertex 15.852240934977425 -4.965366864730179 2
    endloop
  endfacet
  facet normal 0 0 1
    outer loop
      vertex 15.852240934977425 -4.965366864730179 2
      vertex 14.549999999999999 -7.35 2
      vertex 15.967949192431123 -5.2 2
    endloop
  endfacet
  facet normal 0 0 1
    outer loop
      vertex 15.967949192431123 -5.2 2
      vertex 14.549999999999999 -7.35 2
      vertex 16.11329331941753 -5.417522858017442 2
    endloop
  endfacet
  facet normal 0 0 1
    outer loop
      vertex 16.11329331941753 -5.417522858017442 2
      vertex 14.549999999999999 -7.35 2
      vertex 16.285786437626903 -5.614213562373095 2
    endloop
  endfacet
  facet normal 0 0 1
    outer loop
      vertex 16.285786437626903 -5.614213562373095 2
      vertex 14.549999999999999 -7.35 2
      vertex 16.482477141982557 -5.786706680582471 2
    endloop
  endfacet
  facet normal 0 0 1
    outer loop
      vertex 16.482477141982557 -5.786706680582471 2
      vertex 14.549999999999999 -7.35 2
      vertex 16.7 -5.932050807568878 2
    endloop
  endfacet
  facet normal 0 0 1
    outer loop
      vertex 16.7 -5.932050807568878 2
      vertex 14.549999999999999 -7.35 2
      vertex 16.93463313526982 -6.047759065022573 2
    endloop
  endfacet
  facet normal 0 0 1
    outer loop
      vertex 16.93463313526982 -6.047759065022573 2
      vertex 14.549999999999999 -7.35 2
      vertex 17.182361909794956 -6.131851652578137 2
    endloop
  endfacet
  facet normal 0 0 1
    outer loop
      vertex 17.182361909794956 -6.131851652578137 2
      vertex 14.549999999999999 -7.35 2
      vertex 20.849999999999998 -7.35 2
    endloop
  endfacet
  facet normal -1 0 0
    outer loop
      vertex 20.849999999999998 -1.0500000000000003 2
      vertex 20.849999999999998 -7.35 4.5
      vertex 20.849999999999998 -1.0500000000000003 4.5
    endloop
  endfacet
  facet normal 0 -1 0
    outer loop
      vertex 14.549999999999999 -1.0500000000000003 2
      vertex 20.849999999999998 -1.0500000000000003 2
      vertex 20.849999999999998 -1.0500000000000003 4.5
    endloop
  endfacet
  facet normal -1 0 0
    outer loop
      vertex 20.849999999999998 -1.0500000000000003 2
      vertex 20.849999999999998 -7.35 2
      vertex 20.849999999999998 -7.35 4.5
    endloop
  endfacet
  facet normal 0 1 0
    outer loop
      vertex 20.849999999999998 -7.35 2
      vertex 14.549999999999999 -7.35 4.5
      vertex 20.849999999999998 -7.35 4.5
    endloop
  endfacet
  facet normal 0 0 1
    outer loop
      vertex 17.182361909794956 -2.2681483474218638 2
      vertex 17.438947615559897 -2.217110277252379 2
      vertex 20.849999999999998 -1.0500000000000003 2
    endloop
  endfacet
  facet normal 0 0 1
    outer loop
      vertex 17.438947615559897 -2.217110277252379 2
      vertex 17.7 -2.2 2
      vertex 20.849999999999998 -1.0500000000000003 2
    endloop
  endfacet
  facet normal 0 0 1
    outer loop
      vertex 17.7 -2.2 2
      vertex 17.9610523844401 -2.217110277252379 2
      vertex 20.849999999999998 -1.0500000000000003 2
    endloop
  endfacet
  facet normal 0 0 1
    outer loop
      vertex 17.9610523844401 -2.217110277252379 2
      vertex 18.217638090205043 -2.2681483474218638 2
      vertex 20.849999999999998 -1.0500000000000003 2
    endloop
  endfacet
  facet normal 0 0 1
    outer loop
      vertex 18.217638090205043 -2.2681483474218638 2
      vertex 18.46536686473018 -2.3522409349774267 2
      vertex 20.849999999999998 -1.0500000000000003 2
    endloop
  endfacet
  facet normal 0 0 1
    outer loop
      vertex 18.46536686473018 -2.3522409349774267 2
      vertex 18.7 -2.467949192431123 2
      vertex 20.849999999999998 -1.0500000000000003 2
    endloop
  endfacet
  facet normal 0 0 1
    outer loop
      vertex 18.7 -2.467949192431123 2
      vertex 18.917522858017442 -2.61329331941753 2
      vertex 20.849999999999998 -1.0500000000000003 2
    endloop
  endfacet
  facet normal 0 0 1
    outer loop
      vertex 18.917522858017442 -2.61329331941753 2
      vertex 19.114213562373095 -2.7857864376269044 2
      vertex 20.849999999999998 -1.0500000000000003 2
    endloop
  endfacet
  facet normal 0 0 1
    outer loop
      vertex 19.114213562373095 -2.7857864376269044 2
      vertex 19.28670668058247 -2.982477141982559 2
      vertex 20.849999999999998 -1.0500000000000003 2
    endloop
  endfacet
  facet normal 0 0 1
    outer loop
      vertex 19.28670668058247 -2.982477141982559 2
      vertex 19.432050807568878 -3.2 2
      vertex 20.849999999999998 -1.0500000000000003 2
    endloop
  endfacet
  facet normal 0 0 1
    outer loop
      vertex 19.432050807568878 -3.2 2
      vertex 19.54775906502257 -3.4346331352698205 2
      vertex 20.849999999999998 -1.0500000000000003 2
    endloop
  endfacet
  facet normal 0 0 1
    outer loop
      vertex 20.849999999999998 -1.0500000000000003 2
      vertex 19.54775906502257 -3.4346331352698205 2
      vertex 19.631851652578135 -3.6823619097949587 2
    endloop
  endfacet
  facet normal 0 0 1
    outer loop
      vertex 20.849999999999998 -1.0500000000000003 2
      vertex 19.631851652578135 -3.6823619097949587 2
      vertex 19.68288972274762 -3.938947615559897 2
    endloop
  endfacet
  facet normal 0 0 1
    outer loop
      vertex 20.849999999999998 -1.0500000000000003 2
      vertex 19.68288972274762 -3.938947615559897 2
      vertex 19.7 -4.2 2
    endloop
  endfacet
  facet normal 0 0 1
    outer loop
      vertex 20.849999999999998 -1.0500000000000003 2
      vertex 19.7 -4.2 2
      vertex 19.68288972274762 -4.461052384440103 2
    endloop
  endfacet
  facet normal 0 0 1
    outer loop
      vertex 20.849999999999998 -1.0500000000000003 2
      vertex 19.68288972274762 -4.461052384440103 2
      vertex 19.631851652578135 -4.717638090205042 2
    endloop
  endfacet
  facet normal 0 0 1
    outer loop
      vertex 17.182361909794956 -6.131851652578137 2
      vertex 20.849999999999998 -7.35 2
      vertex 17.438947615559897 -6.182889722747621 2
    endloop
  endfacet
  facet normal 0 0 1
    outer loop
      vertex 17.438947615559897 -6.182889722747621 2
      vertex 20.849999999999998 -7.35 2
      vertex 17.7 -6.2 2
    endloop
  endfacet
  facet normal 0 0 1
    outer loop
      vertex 17.7 -6.2 2
      vertex 20.849999999999998 -7.35 2
      vertex 17.9610523844401 -6.182889722747621 2
    endloop
  endfacet
  facet normal 0 0 1
    outer loop
      vertex 19.54775906502257 -4.965366864730179 2
      vertex 19.432050807568878 -5.2 2
      vertex 20.849999999999998 -7.35 2
    endloop
  endfacet
  facet normal 0 0 1
    outer loop
      vertex 19.631851652578135 -4.717638090205042 2
      vertex 19.54775906502257 -4.965366864730179 2
      vertex 20.849999999999998 -7.35 2
    endloop
  endfacet
  facet normal 0 0 1
    outer loop
      vertex 18.46536686473018 -6.047759065022573 2
      vertex 20.849999999999998 -7.35 2
      vertex 18.7 -5.932050807568878 2
    endloop
  endfacet
  facet normal 0 0 1
    outer loop
      vertex 18.7 -5.932050807568878 2
      vertex 20.849999999999998 -7.35 2
      vertex 18.917522858017442 -5.786706680582471 2
    endloop
  endfacet
  facet normal 0 0 1
    outer loop
      vertex 17.9610523844401 -6.182889722747621 2
      vertex 20.849999999999998 -7.35 2
      vertex 18.217638090205043 -6.131851652578137 2
    endloop
  endfacet
  facet normal 0 0 1
    outer loop
      vertex 18.217638090205043 -6.131851652578137 2
      vertex 20.849999999999998 -7.35 2
      vertex 18.46536686473018 -6.047759065022573 2
    endloop
  endfacet
  facet normal 0 0 1
    outer loop
      vertex 19.114213562373095 -5.614213562373095 2
      vertex 20.849999999999998 -7.35 2
      vertex 19.28670668058247 -5.417522858017442 2
    endloop
  endfacet
  facet normal 0 0 1
    outer loop
      vertex 18.917522858017442 -5.786706680582471 2
      vertex 20.849999999999998 -7.35 2
      vertex 19.114213562373095 -5.614213562373095 2
    endloop
  endfacet
  facet normal 0 0 1
    outer loop
      vertex 19.432050807568878 -5.2 2
      vertex 19.28670668058247 -5.417522858017442 2
      vertex 20.849999999999998 -7.35 2
    endloop
  endfacet
  facet normal 0 0 1
    outer loop
      vertex 20.849999999999998 -1.0500000000000003 2
      vertex 19.631851652578135 -4.717638090205042 2
      vertex 20.849999999999998 -7.35 2
    endloop
  endfacet
  facet normal 0.442288690219001 -0.8968727415326886 0
    outer loop
      vertex 16.7 -2.467949192431123 2
      vertex 16.7 -2.467949192431123 0.008564307045585196
      vertex 16.93463313526982 -2.3522409349774267 2
    endloop
  endfacet
  facet normal 0.3214394653031635 -0.9469301294951049 0
    outer loop
      vertex 16.93463313526982 -2.3522409349774267 2
      vertex 16.93463313526982 -2.3522409349774267 0.008564307045585196
      vertex 17.182361909794956 -2.2681483474218638 2
    endloop
  endfacet
  facet normal 0.19509032201612758 -0.9807852804032307 0
    outer loop
      vertex 17.182361909794956 -2.2681483474218638 2
      vertex 17.182361909794956 -2.2681483474218638 0.008564307045585196
      vertex 17.438947615559897 -2.217110277252379 2
    endloop
  endfacet
  facet normal 0.06540312923014267 -0.9978589232386036 0
    outer loop
      vertex 17.438947615559897 -2.217110277252379 2
      vertex 17.438947615559897 -2.217110277252379 0.008564307045585196
      vertex 17.7 -2.2 2
    endloop
  endfacet
  facet normal 0.9469301294951055 -0.3214394653031624 0
    outer loop
      vertex 15.852240934977425 -3.4346331352698205 2
      vertex 15.768148347421862 -3.6823619097949587 2
      vertex 15.768148347421862 -3.6823619097949587 0.008564307045585196
    endloop
  endfacet
  facet normal 0.6593458151000703 -0.7518398074789762 0
    outer loop
      vertex 16.285786437626903 -2.7857864376269053 2
      vertex 16.285786437626903 -2.7857864376269053 0.008564307045585196
      vertex 16.482477141982557 -2.61329331941753 2
    endloop
  endfacet
  facet normal 0.7518398074789795 -0.6593458151000666 0
    outer loop
      vertex 16.285786437626903 -2.7857864376269053 2
      vertex 16.11329331941753 -2.982477141982559 2
      vertex 16.11329331941753 -2.982477141982559 0.008564307045585196
    endloop
  endfacet
  facet normal 0.8968727415326868 -0.44228869021900447 0
    outer loop
      vertex 15.967949192431123 -3.2 2
      vertex 15.852240934977425 -3.4346331352698205 2
      vertex 15.852240934977425 -3.4346331352698205 0.008564307045585196
    endloop
  endfacet
  facet normal 0.8314696123025456 -0.5555702330196018 0
    outer loop
      vertex 16.11329331941753 -2.982477141982559 2
      vertex 15.967949192431123 -3.2 2
      vertex 15.967949192431123 -3.2 0.008564307045585196
    endloop
  endfacet
  facet normal 0.9807852804032315 -0.19509032201612295 0
    outer loop
      vertex 15.768148347421862 -3.6823619097949587 2
      vertex 15.71711027725238 -3.938947615559897 2
      vertex 15.71711027725238 -3.938947615559897 0.008564307045585196
    endloop
  endfacet
  facet normal 0.9978589232386034 -0.06540312923014584 0
    outer loop
      vertex 15.71711027725238 -3.938947615559897 2
      vertex 15.7 -4.2 2
      vertex 15.7 -4.2 0.008564307045585196
    endloop
  endfacet
  facet normal 0.9978589232386034 0.06540312923014584 0
    outer loop
      vertex 15.7 -4.2 2
      vertex 15.71711027725238 -4.461052384440103 2
      vertex 15.71711027725238 -4.461052384440103 0.008564307045585196
    endloop
  endfacet
  facet normal 0.9807852804032315 0.19509032201612295 0
    outer loop
      vertex 15.71711027725238 -4.461052384440103 2
      vertex 15.768148347421862 -4.717638090205042 2
      vertex 15.768148347421862 -4.717638090205042 0.008564307045585196
    endloop
  endfacet
  facet normal 0.5555702330195995 -0.831469612302547 0
    outer loop
      vertex 16.7 -2.467949192431123 2
      vertex 16.482477141982557 -2.61329331941753 2
      vertex 16.482477141982557 -2.61329331941753 0.008564307045585196
    endloop
  endfacet
  facet normal 0.9469301294951051 0.3214394653031629 0
    outer loop
      vertex 15.768148347421862 -4.717638090205042 2
      vertex 15.852240934977425 -4.965366864730179 2
      vertex 15.852240934977425 -4.965366864730179 0.008564307045585196
    endloop
  endfacet
  facet normal 0.896872741532687 0.4422886902190037 0
    outer loop
      vertex 15.852240934977425 -4.965366864730179 2
      vertex 15.967949192431123 -5.2 2
      vertex 15.967949192431123 -5.2 0.008564307045585196
    endloop
  endfacet
  facet normal 0.831469612302546 0.5555702330196011 0
    outer loop
      vertex 15.967949192431123 -5.2 2
      vertex 16.11329331941753 -5.417522858017442 2
      vertex 16.11329331941753 -5.417522858017442 0.008564307045585196
    endloop
  endfacet
  facet normal 0.7518398074789786 0.6593458151000673 0
    outer loop
      vertex 16.11329331941753 -5.417522858017442 2
      vertex 16.285786437626903 -5.614213562373095 2
      vertex 16.285786437626903 -5.614213562373095 0.008564307045585196
    endloop
  endfacet
  facet normal 0.6593458151000712 0.7518398074789753 0
    outer loop
      vertex 16.285786437626903 -5.614213562373095 2
      vertex 16.482477141982557 -5.786706680582471 2
      vertex 16.482477141982557 -5.786706680582471 0.008564307045585196
    endloop
  endfacet
  facet normal 0.5555702330195995 0.831469612302547 0
    outer loop
      vertex 16.482477141982557 -5.786706680582471 2
      vertex 16.7 -5.932050807568878 2
      vertex 16.7 -5.932050807568878 0.008564307045585196
    endloop
  endfacet
  facet normal 0.4422886902189982 0.8968727415326897 0
    outer loop
      vertex 16.7 -5.932050807568878 2
      vertex 16.93463313526982 -6.047759065022573 2
      vertex 16.93463313526982 -6.047759065022573 0.008564307045585196
    endloop
  endfacet
  facet normal 0.321439465303165 0.9469301294951045 0
    outer loop
      vertex 16.93463313526982 -6.047759065022573 2
      vertex 17.182361909794956 -6.131851652578137 2
      vertex 17.182361909794956 -6.131851652578137 0.008564307045585196
    endloop
  endfacet
  facet normal 0.19509032201612758 0.9807852804032307 0
    outer loop
      vertex 17.182361909794956 -6.131851652578137 2
      vertex 17.438947615559897 -6.182889722747621 2
      vertex 17.438947615559897 -6.182889722747621 0.008564307045585196
    endloop
  endfacet
  facet normal 0.06540312923014267 0.9978589232386036 0
    outer loop
      vertex 17.438947615559897 -6.182889722747621 2
      vertex 17.7 -6.2 2
      vertex 17.7 -6.2 0.008564307045585196
    endloop
  endfacet
  facet normal 0.5555702330195995 -0.831469612302547 0
    outer loop
      vertex 16.7 -2.467949192431123 2
      vertex 16.482477141982557 -2.61329331941753 0.008564307045585196
      vertex 16.7 -2.467949192431123 0.008564307045585196
    endloop
  endfacet
  facet normal 0.442288690219001 -0.8968727415326886 0
    outer loop
      vertex 16.93463313526982 -2.3522409349774267 2
      vertex 16.7 -2.467949192431123 0.008564307045585196
      vertex 16.93463313526982 -2.3522409349774267 0.008564307045585196
    endloop
  endfacet
  facet normal 0.19509032201612758 -0.9807852804032307 0
    outer loop
      vertex 17.438947615559897 -2.217110277252379 2
      vertex 17.182361909794956 -2.2681483474218638 0.008564307045585196
      vertex 17.438947615559897 -2.217110277252379 0.008564307045585196
    endloop
  endfacet
  facet normal 0.3214394653031635 -0.9469301294951049 0
    outer loop
      vertex 17.182361909794956 -2.2681483474218638 2
      vertex 16.93463313526982 -2.3522409349774267 0.008564307045585196
      vertex 17.182361909794956 -2.2681483474218638 0.008564307045585196
    endloop
  endfacet
  facet normal 0.06540312923014267 -0.9978589232386036 0
    outer loop
      vertex 17.7 -2.2 2
      vertex 17.438947615559897 -2.217110277252379 0.008564307045585196
      vertex 17.7 -2.2 0.008564307045585196
    endloop
  endfacet
  facet normal 0.9469301294951055 -0.3214394653031624 0
    outer loop
      vertex 15.852240934977425 -3.4346331352698205 2
      vertex 15.768148347421862 -3.6823619097949587 0.008564307045585196
      vertex 15.852240934977425 -3.4346331352698205 0.008564307045585196
    endloop
  endfacet
  facet normal 0.8314696123025456 -0.5555702330196018 0
    outer loop
      vertex 16.11329331941753 -2.982477141982559 2
      vertex 15.967949192431123 -3.2 0.008564307045585196
      vertex 16.11329331941753 -2.982477141982559 0.008564307045585196
    endloop
  endfacet
  facet normal 0.6593458151000703 -0.7518398074789762 0
    outer loop
      vertex 16.482477141982557 -2.61329331941753 2
      vertex 16.285786437626903 -2.7857864376269053 0.008564307045585196
      vertex 16.482477141982557 -2.61329331941753 0.008564307045585196
    endloop
  endfacet
  facet normal 0.7518398074789795 -0.6593458151000666 0
    outer loop
      vertex 16.285786437626903 -2.7857864376269053 2
      vertex 16.11329331941753 -2.982477141982559 0.008564307045585196
      vertex 16.285786437626903 -2.7857864376269053 0.008564307045585196
    endloop
  endfacet
  facet normal 0.8968727415326868 -0.44228869021900447 0
    outer loop
      vertex 15.967949192431123 -3.2 2
      vertex 15.852240934977425 -3.4346331352698205 0.008564307045585196
      vertex 15.967949192431123 -3.2 0.008564307045585196
    endloop
  endfacet
  facet normal 0.9807852804032315 -0.19509032201612295 0
    outer loop
      vertex 15.768148347421862 -3.6823619097949587 2
      vertex 15.71711027725238 -3.938947615559897 0.008564307045585196
      vertex 15.768148347421862 -3.6823619097949587 0.008564307045585196
    endloop
  endfacet
  facet normal 0.9978589232386034 -0.06540312923014584 0
    outer loop
      vertex 15.71711027725238 -3.938947615559897 2
      vertex 15.7 -4.2 0.008564307045585196
      vertex 15.71711027725238 -3.938947615559897 0.008564307045585196
    endloop
  endfacet
  facet normal 0.9978589232386034 0.06540312923014584 0
    outer loop
      vertex 15.7 -4.2 2
      vertex 15.71711027725238 -4.461052384440103 0.008564307045585196
      vertex 15.7 -4.2 0.008564307045585196
    endloop
  endfacet
  facet normal 0.9807852804032315 0.19509032201612295 0
    outer loop
      vertex 15.71711027725238 -4.461052384440103 2
      vertex 15.768148347421862 -4.717638090205042 0.008564307045585196
      vertex 15.71711027725238 -4.461052384440103 0.008564307045585196
    endloop
  endfacet
  facet normal 0.9469301294951051 0.3214394653031629 0
    outer loop
      vertex 15.768148347421862 -4.717638090205042 2
      vertex 15.852240934977425 -4.965366864730179 0.008564307045585196
      vertex 15.768148347421862 -4.717638090205042 0.008564307045585196
    endloop
  endfacet
  facet normal 0.896872741532687 0.4422886902190037 0
    outer loop
      vertex 15.852240934977425 -4.965366864730179 2
      vertex 15.967949192431123 -5.2 0.008564307045585196
      vertex 15.852240934977425 -4.965366864730179 0.008564307045585196
    endloop
  endfacet
  facet normal 0.831469612302546 0.5555702330196011 0
    outer loop
      vertex 15.967949192431123 -5.2 2
      vertex 16.11329331941753 -5.417522858017442 0.008564307045585196
      vertex 15.967949192431123 -5.2 0.008564307045585196
    endloop
  endfacet
  facet normal 0.7518398074789786 0.6593458151000673 0
    outer loop
      vertex 16.11329331941753 -5.417522858017442 2
      vertex 16.285786437626903 -5.614213562373095 0.008564307045585196
      vertex 16.11329331941753 -5.417522858017442 0.008564307045585196
    endloop
  endfacet
  facet normal 0.6593458151000712 0.7518398074789753 0
    outer loop
      vertex 16.285786437626903 -5.614213562373095 2
      vertex 16.482477141982557 -5.786706680582471 0.008564307045585196
      vertex 16.285786437626903 -5.614213562373095 0.008564307045585196
    endloop
  endfacet
  facet normal 0.5555702330195995 0.831469612302547 0
    outer loop
      vertex 16.482477141982557 -5.786706680582471 2
      vertex 16.7 -5.932050807568878 0.008564307045585196
      vertex 16.482477141982557 -5.786706680582471 0.008564307045585196
    endloop
  endfacet
  facet normal 0.4422886902189982 0.8968727415326897 0
    outer loop
      vertex 16.7 -5.932050807568878 2
      vertex 16.93463313526982 -6.047759065022573 0.008564307045585196
      vertex 16.7 -5.932050807568878 0.008564307045585196
    endloop
  endfacet
  facet normal 0.321439465303165 0.9469301294951045 0
    outer loop
      vertex 16.93463313526982 -6.047759065022573 2
      vertex 17.182361909794956 -6.131851652578137 0.008564307045585196
      vertex 16.93463313526982 -6.047759065022573 0.008564307045585196
    endloop
  endfacet
  facet normal 0.19509032201612758 0.9807852804032307 0
    outer loop
      vertex 17.182361909794956 -6.131851652578137 2
      vertex 17.438947615559897 -6.182889722747621 0.008564307045585196
      vertex 17.182361909794956 -6.131851652578137 0.008564307045585196
    endloop
  endfacet
  facet normal 0.06540312923014267 0.9978589232386036 0
    outer loop
      vertex 17.438947615559897 -6.182889722747621 2
      vertex 17.7 -6.2 0.008564307045585196
      vertex 17.438947615559897 -6.182889722747621 0.008564307045585196
    endloop
  endfacet
  facet normal -0.06540312923014267 -0.9978589232386036 0
    outer loop
      vertex 17.7 -2.2 2
      vertex 17.7 -2.2 0.008564307045585196
      vertex 17.9610523844401 -2.217110277252379 2
    endloop
  endfacet
  facet normal -0.19509032201612758 -0.9807852804032307 0
    outer loop
      vertex 17.9610523844401 -2.217110277252379 2
      vertex 17.9610523844401 -2.217110277252379 0.008564307045585196
      vertex 18.217638090205043 -2.2681483474218638 2
    endloop
  endfacet
  facet normal -0.3214394653031635 -0.9469301294951049 0
    outer loop
      vertex 18.217638090205043 -2.2681483474218638 2
      vertex 18.217638090205043 -2.2681483474218638 0.008564307045585196
      vertex 18.46536686473018 -2.3522409349774267 2
    endloop
  endfacet
  facet normal -0.442288690219001 -0.8968727415326886 0
    outer loop
      vertex 18.46536686473018 -2.3522409349774267 2
      vertex 18.46536686473018 -2.3522409349774267 0.008564307045585196
      vertex 18.7 -2.467949192431123 2
    endloop
  endfacet
  facet normal -0.5555702330195995 -0.831469612302547 0
    outer loop
      vertex 18.7 -2.467949192431123 2
      vertex 18.7 -2.467949192431123 0.008564307045585196
      vertex 18.917522858017442 -2.61329331941753 2
    endloop
  endfacet
  facet normal -0.6593458151000683 -0.7518398074789778 0
    outer loop
      vertex 18.917522858017442 -2.61329331941753 2
      vertex 18.917522858017442 -2.61329331941753 0.008564307045585196
      vertex 19.114213562373095 -2.7857864376269044 2
    endloop
  endfacet
  facet normal -0.7518398074789809 -0.659345815100065 1.4703380233751585e-16
    outer loop
      vertex 19.114213562373095 -2.7857864376269044 2
      vertex 19.114213562373095 -2.785786437626905 0.008564307045585196
      vertex 19.28670668058247 -2.982477141982559 2
    endloop
  endfacet
  facet normal -0.8314696123025423 -0.5555702330196066 0
    outer loop
      vertex 19.28670668058247 -2.982477141982559 2
      vertex 19.28670668058247 -2.982477141982559 0.008564307045585196
      vertex 19.432050807568878 -3.2 2
    endloop
  endfacet
  facet normal -0.8968727415326921 -0.44228869021899353 0
    outer loop
      vertex 19.432050807568878 -3.2 2
      vertex 19.432050807568878 -3.2 0.008564307045585196
      vertex 19.54775906502257 -3.4346331352698205 2
    endloop
  endfacet
  facet normal -0.9469301294951055 -0.3214394653031624 0
    outer loop
      vertex 19.54775906502257 -3.4346331352698205 2
      vertex 19.54775906502257 -3.4346331352698205 0.008564307045585196
      vertex 19.631851652578135 -3.6823619097949587 2
    endloop
  endfacet
  facet normal -0.980785280403229 -0.19509032201613605 0
    outer loop
      vertex 19.631851652578135 -3.6823619097949587 2
      vertex 19.631851652578135 -3.6823619097949587 0.008564307045585196
      vertex 19.68288972274762 -3.938947615559897 2
    endloop
  endfacet
  facet normal -0.9978589232386038 -0.06540312923013906 0
    outer loop
      vertex 19.68288972274762 -3.938947615559897 2
      vertex 19.68288972274762 -3.938947615559897 0.008564307045585196
      vertex 19.7 -4.2 2
    endloop
  endfacet
  facet normal -0.9978589232386038 0.06540312923013906 0
    outer loop
      vertex 19.7 -4.2 2
      vertex 19.7 -4.2 0.008564307045585196
      vertex 19.68288972274762 -4.461052384440103 2
    endloop
  endfacet
  facet normal -0.980785280403229 0.19509032201613605 0
    outer loop
      vertex 19.68288972274762 -4.461052384440103 2
      vertex 19.68288972274762 -4.461052384440103 0.008564307045585196
      vertex 19.631851652578135 -4.717638090205042 2
    endloop
  endfacet
  facet normal -0.5555702330195995 0.831469612302547 0
    outer loop
      vertex 18.7 -5.932050807568878 2
      vertex 18.917522858017442 -5.786706680582471 2
      vertex 18.917522858017442 -5.786706680582471 0.008564307045585196
    endloop
  endfacet
  facet normal -0.06540312923014267 0.9978589232386036 0
    outer loop
      vertex 17.7 -6.2 2
      vertex 17.9610523844401 -6.182889722747621 2
      vertex 17.9610523844401 -6.182889722747621 0.008564307045585196
    endloop
  endfacet
  facet normal -0.19509032201612758 0.9807852804032307 0
    outer loop
      vertex 17.9610523844401 -6.182889722747621 2
      vertex 18.217638090205043 -6.131851652578137 2
      vertex 18.217638090205043 -6.131851652578137 0.008564307045585196
    endloop
  endfacet
  facet normal -0.321439465303165 0.9469301294951045 0
    outer loop
      vertex 18.217638090205043 -6.131851652578137 2
      vertex 18.46536686473018 -6.047759065022573 2
      vertex 18.46536686473018 -6.047759065022573 0.008564307045585196
    endloop
  endfacet
  facet normal -0.4422886902189982 0.8968727415326897 0
    outer loop
      vertex 18.46536686473018 -6.047759065022573 2
      vertex 18.7 -5.932050807568878 2
      vertex 18.7 -5.932050807568878 0.008564307045585196
    endloop
  endfacet
  facet normal -0.8968727415326926 0.44228869021899286 0
    outer loop
      vertex 19.54775906502257 -4.965366864730179 2
      vertex 19.54775906502257 -4.965366864730179 0.008564307045585196
      vertex 19.432050807568878 -5.2 2
    endloop
  endfacet
  facet normal -0.8314696123025428 0.5555702330196057 0
    outer loop
      vertex 19.432050807568878 -5.2 2
      vertex 19.432050807568878 -5.2 0.008564307045585196
      vertex 19.28670668058247 -5.417522858017442 2
    endloop
  endfacet
  facet normal -0.7518398074789786 0.6593458151000673 0
    outer loop
      vertex 19.114213562373095 -5.614213562373095 2
      vertex 19.28670668058247 -5.417522858017442 2
      vertex 19.28670668058247 -5.417522858017442 0.008564307045585196
    endloop
  endfacet
  facet normal -0.6593458151000712 0.7518398074789753 0
    outer loop
      vertex 18.917522858017442 -5.786706680582471 2
      vertex 19.114213562373095 -5.614213562373095 2
      vertex 19.114213562373095 -5.614213562373095 0.008564307045585196
    endloop
  endfacet
  facet normal -0.9469301294951051 0.3214394653031629 0
    outer loop
      vertex 19.631851652578135 -4.717638090205042 2
      vertex 19.631851652578135 -4.717638090205042 0.008564307045585196
      vertex 19.54775906502257 -4.965366864730179 2
    endloop
  endfacet
  facet normal -0.06540312923014267 -0.9978589232386036 0
    outer loop
      vertex 17.9610523844401 -2.217110277252379 2
      vertex 17.7 -2.2 0.008564307045585196
      vertex 17.9610523844401 -2.217110277252379 0.008564307045585196
    endloop
  endfacet
  facet normal -0.19509032201612758 -0.9807852804032307 0
    outer loop
      vertex 18.217638090205043 -2.2681483474218638 2
      vertex 17.9610523844401 -2.217110277252379 0.008564307045585196
      vertex 18.217638090205043 -2.2681483474218638 0.008564307045585196
    endloop
  endfacet
  facet normal -0.3214394653031635 -0.9469301294951049 0
    outer loop
      vertex 18.46536686473018 -2.3522409349774267 2
      vertex 18.217638090205043 -2.2681483474218638 0.008564307045585196
      vertex 18.46536686473018 -2.3522409349774267 0.008564307045585196
    endloop
  endfacet
  facet normal -0.442288690219001 -0.8968727415326886 0
    outer loop
      vertex 18.7 -2.467949192431123 2
      vertex 18.46536686473018 -2.3522409349774267 0.008564307045585196
      vertex 18.7 -2.467949192431123 0.008564307045585196
    endloop
  endfacet
  facet normal -0.5555702330195995 -0.831469612302547 0
    outer loop
      vertex 18.917522858017442 -2.61329331941753 2
      vertex 18.7 -2.467949192431123 0.008564307045585196
      vertex 18.917522858017442 -2.61329331941753 0.008564307045585196
    endloop
  endfacet
  facet normal -0.6593458151000693 -0.7518398074789769 1.6765991852934258e-16
    outer loop
      vertex 19.114213562373095 -2.7857864376269044 2
      vertex 18.917522858017442 -2.61329331941753 0.008564307045585196
      vertex 19.114213562373095 -2.785786437626905 0.008564307045585196
    endloop
  endfacet
  facet normal -0.75183980747898 -0.6593458151000656 0
    outer loop
      vertex 19.28670668058247 -2.982477141982559 2
      vertex 19.114213562373095 -2.785786437626905 0.008564307045585196
      vertex 19.28670668058247 -2.982477141982559 0.008564307045585196
    endloop
  endfacet
  facet normal -0.8314696123025423 -0.5555702330196066 0
    outer loop
      vertex 19.432050807568878 -3.2 2
      vertex 19.28670668058247 -2.982477141982559 0.008564307045585196
      vertex 19.432050807568878 -3.2 0.008564307045585196
    endloop
  endfacet
  facet normal -0.8968727415326921 -0.44228869021899353 0
    outer loop
      vertex 19.54775906502257 -3.4346331352698205 2
      vertex 19.432050807568878 -3.2 0.008564307045585196
      vertex 19.54775906502257 -3.4346331352698205 0.008564307045585196
    endloop
  endfacet
  facet normal -0.9469301294951055 -0.3214394653031624 0
    outer loop
      vertex 19.631851652578135 -3.6823619097949587 2
      vertex 19.54775906502257 -3.4346331352698205 0.008564307045585196
      vertex 19.631851652578135 -3.6823619097949587 0.008564307045585196
    endloop
  endfacet
  facet normal -0.980785280403229 -0.19509032201613605 0
    outer loop
      vertex 19.68288972274762 -3.938947615559897 2
      vertex 19.631851652578135 -3.6823619097949587 0.008564307045585196
      vertex 19.68288972274762 -3.938947615559897 0.008564307045585196
    endloop
  endfacet
  facet normal -0.9978589232386038 -0.06540312923013906 0
    outer loop
      vertex 19.7 -4.2 2
      vertex 19.68288972274762 -3.938947615559897 0.008564307045585196
      vertex 19.7 -4.2 0.008564307045585196
    endloop
  endfacet
  facet normal -0.9978589232386038 0.06540312923013906 0
    outer loop
      vertex 19.68288972274762 -4.461052384440103 2
      vertex 19.7 -4.2 0.008564307045585196
      vertex 19.68288972274762 -4.461052384440103 0.008564307045585196
    endloop
  endfacet
  facet normal -0.980785280403229 0.19509032201613605 0
    outer loop
      vertex 19.631851652578135 -4.717638090205042 2
      vertex 19.68288972274762 -4.461052384440103 0.008564307045585196
      vertex 19.631851652578135 -4.717638090205042 0.008564307045585196
    endloop
  endfacet
  facet normal -0.5555702330195995 0.831469612302547 0
    outer loop
      vertex 18.7 -5.932050807568878 2
      vertex 18.917522858017442 -5.786706680582471 0.008564307045585196
      vertex 18.7 -5.932050807568878 0.008564307045585196
    endloop
  endfacet
  facet normal -0.06540312923014267 0.9978589232386036 0
    outer loop
      vertex 17.7 -6.2 2
      vertex 17.9610523844401 -6.182889722747621 0.008564307045585196
      vertex 17.7 -6.2 0.008564307045585196
    endloop
  endfacet
  facet normal -0.19509032201612758 0.9807852804032307 0
    outer loop
      vertex 17.9610523844401 -6.182889722747621 2
      vertex 18.217638090205043 -6.131851652578137 0.008564307045585196
      vertex 17.9610523844401 -6.182889722747621 0.008564307045585196
    endloop
  endfacet
  facet normal -0.321439465303165 0.9469301294951045 0
    outer loop
      vertex 18.217638090205043 -6.131851652578137 2
      vertex 18.46536686473018 -6.047759065022573 0.008564307045585196
      vertex 18.217638090205043 -6.131851652578137 0.008564307045585196
    endloop
  endfacet
  facet normal -0.4422886902189982 0.8968727415326897 0
    outer loop
      vertex 18.46536686473018 -6.047759065022573 2
      vertex 18.7 -5.932050807568878 0.008564307045585196
      vertex 18.46536686473018 -6.047759065022573 0.008564307045585196
    endloop
  endfacet
  facet normal -0.8968727415326926 0.44228869021899286 0
    outer loop
      vertex 19.432050807568878 -5.2 2
      vertex 19.54775906502257 -4.965366864730179 0.008564307045585196
      vertex 19.432050807568878 -5.2 0.008564307045585196
    endloop
  endfacet
  facet normal -0.7518398074789786 0.6593458151000673 0
    outer loop
      vertex 19.114213562373095 -5.614213562373095 2
      vertex 19.28670668058247 -5.417522858017442 0.008564307045585196
      vertex 19.114213562373095 -5.614213562373095 0.008564307045585196
    endloop
  endfacet
  facet normal -0.6593458151000712 0.7518398074789753 0
    outer loop
      vertex 18.917522858017442 -5.786706680582471 2
      vertex 19.114213562373095 -5.614213562373095 0.008564307045585196
      vertex 18.917522858017442 -5.786706680582471 0.008564307045585196
    endloop
  endfacet
  facet normal -0.8314696123025428 0.5555702330196057 0
    outer loop
      vertex 19.28670668058247 -5.417522858017442 2
      vertex 19.432050807568878 -5.2 0.008564307045585196
      vertex 19.28670668058247 -5.417522858017442 0.008564307045585196
    endloop
  endfacet
  facet normal -0.9469301294951051 0.3214394653031629 0
    outer loop
      vertex 19.54775906502257 -4.965366864730179 2
      vertex 19.631851652578135 -4.717638090205042 0.008564307045585196
      vertex 19.54775906502257 -4.965366864730179 0.008564307045585196
    endloop
  endfacet
  facet normal 0 -1 0
    outer loop
      vertex 14.549999999999999 -10.85 2
      vertex 20.849999999999998 -10.85 4.5
      vertex 14.549999999999999 -10.85 4.5
    endloop
  endfacet
  facet normal 1 0 0
    outer loop
      vertex 14.549999999999999 -17.15 2
      vertex 14.549999999999999 -10.85 4.5
      vertex 14.549999999999999 -17.15 4.5
    endloop
  endfacet
  facet normal 1 0 0
    outer loop
      vertex 14.549999999999999 -10.85 2
      vertex 14.549999999999999 -10.85 4.5
      vertex 14.549999999999999 -17.15 2
    endloop
  endfacet
  facet normal 0 0 1
    outer loop
      vertex 14.549999999999999 -10.85 2
      vertex 17.182361909794956 -12.068148347421863 2
      vertex 20.849999999999998 -10.85 2
    endloop
  endfacet
  facet normal 0 0 1
    outer loop
      vertex 14.549999999999999 -10.85 2
      vertex 14.549999999999999 -17.15 2
      vertex 15.768148347421862 -14.517638090205041 2
    endloop
  endfacet
  facet normal 0 0 1
    outer loop
      vertex 14.549999999999999 -10.85 2
      vertex 16.285786437626903 -12.585786437626904 2
      vertex 16.482477141982557 -12.41329331941753 2
    endloop
  endfacet
  facet normal 0 0 1
    outer loop
      vertex 14.549999999999999 -10.85 2
      vertex 15.967949192431123 -13 2
      vertex 16.11329331941753 -12.78247714198256 2
    endloop
  endfacet
  facet normal 0 0 1
    outer loop
      vertex 14.549999999999999 -10.85 2
      vertex 15.768148347421862 -13.482361909794959 2
      vertex 15.852240934977425 -13.23463313526982 2
    endloop
  endfacet
  facet normal 0 0 1
    outer loop
      vertex 14.549999999999999 -10.85 2
      vertex 15.852240934977425 -13.23463313526982 2
      vertex 15.967949192431123 -13 2
    endloop
  endfacet
  facet normal 0 0 1
    outer loop
      vertex 14.549999999999999 -10.85 2
      vertex 16.11329331941753 -12.78247714198256 2
      vertex 16.285786437626903 -12.585786437626904 2
    endloop
  endfacet
  facet normal 0 0 1
    outer loop
      vertex 14.549999999999999 -10.85 2
      vertex 16.7 -12.267949192431123 2
      vertex 16.93463313526982 -12.152240934977426 2
    endloop
  endfacet
  facet normal 0 0 1
    outer loop
      vertex 14.549999999999999 -10.85 2
      vertex 16.482477141982557 -12.41329331941753 2
      vertex 16.7 -12.267949192431123 2
    endloop
  endfacet
  facet normal 0 0 1
    outer loop
      vertex 14.549999999999999 -10.85 2
      vertex 16.93463313526982 -12.152240934977426 2
      vertex 17.182361909794956 -12.068148347421863 2
    endloop
  endfacet
  facet normal 0 0 1
    outer loop
      vertex 14.549999999999999 -10.85 2
      vertex 15.71711027725238 -13.738947615559898 2
      vertex 15.768148347421862 -13.482361909794959 2
    endloop
  endfacet
  facet normal 0 0 1
    outer loop
      vertex 14.549999999999999 -10.85 2
      vertex 15.7 -14 2
      vertex 15.71711027725238 -13.738947615559898 2
    endloop
  endfacet
  facet normal 0 0 1
    outer loop
      vertex 14.549999999999999 -10.85 2
      vertex 15.71711027725238 -14.261052384440102 2
      vertex 15.7 -14 2
    endloop
  endfacet
  facet normal 0 0 1
    outer loop
      vertex 14.549999999999999 -10.85 2
      vertex 15.768148347421862 -14.517638090205041 2
      vertex 15.71711027725238 -14.261052384440102 2
    endloop
  endfacet
  facet normal 0 0 1
    outer loop
      vertex 15.768148347421862 -14.517638090205041 2
      vertex 14.549999999999999 -17.15 2
      vertex 15.852240934977425 -14.76536686473018 2
    endloop
  endfacet
  facet normal 0 0 1
    outer loop
      vertex 15.852240934977425 -14.76536686473018 2
      vertex 14.549999999999999 -17.15 2
      vertex 15.967949192431123 -15 2
    endloop
  endfacet
  facet normal 0 0 1
    outer loop
      vertex 15.967949192431123 -15 2
      vertex 14.549999999999999 -17.15 2
      vertex 16.11329331941753 -15.21752285801744 2
    endloop
  endfacet
  facet normal 0 0 1
    outer loop
      vertex 16.11329331941753 -15.21752285801744 2
      vertex 14.549999999999999 -17.15 2
      vertex 16.285786437626903 -15.414213562373094 2
    endloop
  endfacet
  facet normal 0 1 0
    outer loop
      vertex 14.549999999999999 -17.15 2
      vertex 14.549999999999999 -17.15 4.5
      vertex 20.849999999999998 -17.15 2
    endloop
  endfacet
  facet normal 0 0 1
    outer loop
      vertex 16.285786437626903 -15.414213562373094 2
      vertex 14.549999999999999 -17.15 2
      vertex 16.482477141982557 -15.58670668058247 2
    endloop
  endfacet
  facet normal 0 0 1
    outer loop
      vertex 14.549999999999999 -17.15 2
      vertex 16.7 -15.732050807568877 2
      vertex 16.482477141982557 -15.58670668058247 2
    endloop
  endfacet
  facet normal 0 0 1
    outer loop
      vertex 14.549999999999999 -17.15 2
      vertex 16.93463313526982 -15.847759065022574 2
      vertex 16.7 -15.732050807568877 2
    endloop
  endfacet
  facet normal 0 0 1
    outer loop
      vertex 14.549999999999999 -17.15 2
      vertex 17.182361909794956 -15.931851652578137 2
      vertex 16.93463313526982 -15.847759065022574 2
    endloop
  endfacet
  facet normal 0 0 1
    outer loop
      vertex 14.549999999999999 -17.15 2
      vertex 20.849999999999998 -17.15 2
      vertex 17.182361909794956 -15.931851652578137 2
    endloop
  endfacet
  facet normal -1 5.639228061588098e-16 0
    outer loop
      vertex 20.849999999999998 -10.85 2
      vertex 20.849999999999994 -17.15 4.5
      vertex 20.849999999999998 -10.85 4.5
    endloop
  endfacet
  facet normal 0 -1 0
    outer loop
      vertex 14.549999999999999 -10.85 2
      vertex 20.849999999999998 -10.85 2
      vertex 20.849999999999998 -10.85 4.5
    endloop
  endfacet
  facet normal -1 0 -1.4210854715202005e-15
    outer loop
      vertex 20.849999999999998 -10.85 2
      vertex 20.849999999999998 -17.15 2
      vertex 20.849999999999994 -17.15 4.5
    endloop
  endfacet
  facet normal 0 0 1
    outer loop
      vertex 17.182361909794956 -12.068148347421863 2
      vertex 17.438947615559897 -12.01711027725238 2
      vertex 20.849999999999998 -10.85 2
    endloop
  endfacet
  facet normal 0 0 1
    outer loop
      vertex 17.438947615559897 -12.01711027725238 2
      vertex 17.7 -12 2
      vertex 20.849999999999998 -10.85 2
    endloop
  endfacet
  facet normal 0 0 1
    outer loop
      vertex 17.7 -12 2
      vertex 17.9610523844401 -12.01711027725238 2
      vertex 20.849999999999998 -10.85 2
    endloop
  endfacet
  facet normal 0 0 1
    outer loop
      vertex 17.9610523844401 -12.01711027725238 2
      vertex 18.217638090205043 -12.068148347421863 2
      vertex 20.849999999999998 -10.85 2
    endloop
  endfacet
  facet normal 0 0 1
    outer loop
      vertex 18.217638090205043 -12.068148347421863 2
      vertex 18.46536686473018 -12.152240934977426 2
      vertex 20.849999999999998 -10.85 2
    endloop
  endfacet
  facet normal 0 0 1
    outer loop
      vertex 18.46536686473018 -12.152240934977426 2
      vertex 18.7 -12.267949192431123 2
      vertex 20.849999999999998 -10.85 2
    endloop
  endfacet
  facet normal 0 0 1
    outer loop
      vertex 18.7 -12.267949192431123 2
      vertex 18.917522858017442 -12.41329331941753 2
      vertex 20.849999999999998 -10.85 2
    endloop
  endfacet
  facet normal 0 0 1
    outer loop
      vertex 18.917522858017442 -12.41329331941753 2
      vertex 19.114213562373095 -12.585786437626904 2
      vertex 20.849999999999998 -10.85 2
    endloop
  endfacet
  facet normal 0 0 1
    outer loop
      vertex 20.849999999999998 -10.85 2
      vertex 19.114213562373095 -12.585786437626904 2
      vertex 19.28670668058247 -12.78247714198256 2
    endloop
  endfacet
  facet normal 0 0 1
    outer loop
      vertex 20.849999999999998 -10.85 2
      vertex 19.28670668058247 -12.78247714198256 2
      vertex 19.432050807568878 -13 2
    endloop
  endfacet
  facet normal 0 0 1
    outer loop
      vertex 20.849999999999998 -10.85 2
      vertex 19.432050807568878 -13 2
      vertex 19.54775906502257 -13.23463313526982 2
    endloop
  endfacet
  facet normal 0 0 1
    outer loop
      vertex 20.849999999999998 -10.85 2
      vertex 19.54775906502257 -13.23463313526982 2
      vertex 19.631851652578135 -13.482361909794959 2
    endloop
  endfacet
  facet normal 0 0 1
    outer loop
      vertex 20.849999999999998 -10.85 2
      vertex 19.631851652578135 -13.482361909794959 2
      vertex 19.68288972274762 -13.738947615559898 2
    endloop
  endfacet
  facet normal 0 0 1
    outer loop
      vertex 20.849999999999998 -10.85 2
      vertex 19.68288972274762 -13.738947615559898 2
      vertex 19.7 -14 2
    endloop
  endfacet
  facet normal 0 0 1
    outer loop
      vertex 20.849999999999998 -10.85 2
      vertex 19.7 -14 2
      vertex 19.68288972274762 -14.261052384440102 2
    endloop
  endfacet
  facet normal 0 0 1
    outer loop
      vertex 20.849999999999998 -10.85 2
      vertex 19.68288972274762 -14.261052384440102 2
      vertex 19.631851652578135 -14.517638090205041 2
    endloop
  endfacet
  facet normal 0 0 1
    outer loop
      vertex 19.114213562373095 -15.414213562373096 2
      vertex 20.849999999999998 -17.15 2
      vertex 19.28670668058247 -15.21752285801744 2
    endloop
  endfacet
  facet normal 0 0 1
    outer loop
      vertex 19.432050807568878 -15 2
      vertex 20.849999999999998 -17.15 2
      vertex 19.54775906502257 -14.76536686473018 2
    endloop
  endfacet
  facet normal 0 0 1
    outer loop
      vertex 19.631851652578135 -14.517638090205041 2
      vertex 19.54775906502257 -14.76536686473018 2
      vertex 20.849999999999998 -17.15 2
    endloop
  endfacet
  facet normal 0 0 1
    outer loop
      vertex 19.432050807568878 -15 2
      vertex 19.28670668058247 -15.21752285801744 2
      vertex 20.849999999999998 -17.15 2
    endloop
  endfacet
  facet normal 0 0 1
    outer loop
      vertex 20.849999999999998 -10.85 2
      vertex 19.631851652578135 -14.517638090205041 2
      vertex 20.849999999999998 -17.15 2
    endloop
  endfacet
  facet normal 0 1 0
    outer loop
      vertex 20.849999999999998 -17.15 2
      vertex 14.549999999999999 -17.15 4.5
      vertex 20.849999999999994 -17.15 4.5
    endloop
  endfacet
  facet normal 0 0 1
    outer loop
      vertex 17.182361909794956 -15.931851652578137 2
      vertex 20.849999999999998 -17.15 2
      vertex 17.438947615559897 -15.98288972274762 2
    endloop
  endfacet
  facet normal 0 0 1
    outer loop
      vertex 17.438947615559897 -15.98288972274762 2
      vertex 20.849999999999998 -17.15 2
      vertex 17.7 -16 2
    endloop
  endfacet
  facet normal 0 0 1
    outer loop
      vertex 17.7 -16 2
      vertex 20.849999999999998 -17.15 2
      vertex 17.9610523844401 -15.98288972274762 2
    endloop
  endfacet
  facet normal 0 0 1
    outer loop
      vertex 17.9610523844401 -15.98288972274762 2
      vertex 20.849999999999998 -17.15 2
      vertex 18.217638090205043 -15.931851652578137 2
    endloop
  endfacet
  facet normal 0 0 1
    outer loop
      vertex 18.217638090205043 -15.931851652578137 2
      vertex 20.849999999999998 -17.15 2
      vertex 18.46536686473018 -15.847759065022574 2
    endloop
  endfacet
  facet normal 0 0 1
    outer loop
      vertex 18.46536686473018 -15.847759065022574 2
      vertex 20.849999999999998 -17.15 2
      vertex 18.7 -15.732050807568877 2
    endloop
  endfacet
  facet normal 0 0 1
    outer loop
      vertex 18.7 -15.732050807568877 2
      vertex 20.849999999999998 -17.15 2
      vertex 18.917522858017442 -15.58670668058247 2
    endloop
  endfacet
  facet normal 0 0 1
    outer loop
      vertex 19.114213562373095 -15.414213562373096 2
      vertex 18.917522858017442 -15.58670668058247 2
      vertex 20.849999999999998 -17.15 2
    endloop
  endfacet
  facet normal 0.6593458151000673 -0.7518398074789786 0
    outer loop
      vertex 16.482477141982557 -12.41329331941753 2
      vertex 16.285786437626903 -12.585786437626904 2
      vertex 16.285786437626903 -12.585786437626904 0.008564307045585196
    endloop
  endfacet
  facet normal 0.9469301294951051 -0.3214394653031629 0
    outer loop
      vertex 15.852240934977425 -13.23463313526982 2
      vertex 15.768148347421862 -13.482361909794959 2
      vertex 15.768148347421862 -13.482361909794959 0.008564307045585196
    endloop
  endfacet
  facet normal 0.9807852804032315 -0.19509032201612234 0
    outer loop
      vertex 15.768148347421862 -13.482361909794959 2
      vertex 15.71711027725238 -13.738947615559898 2
      vertex 15.71711027725238 -13.738947615559898 0.008564307045585196
    endloop
  endfacet
  facet normal 0.896872741532687 -0.4422886902190037 0
    outer loop
      vertex 15.967949192431123 -13 2
      vertex 15.852240934977425 -13.23463313526982 2
      vertex 15.852240934977425 -13.23463313526982 0.008564307045585196
    endloop
  endfacet
  facet normal 0.8314696123025451 -0.5555702330196027 0
    outer loop
      vertex 16.11329331941753 -12.78247714198256 2
      vertex 15.967949192431123 -13 2
      vertex 15.967949192431123 -13 0.008564307045585196
    endloop
  endfacet
  facet normal 0.7518398074789816 -0.659345815100064 0
    outer loop
      vertex 16.11329331941753 -12.78247714198256 2
      vertex 16.11329331941753 -12.78247714198256 0.008564307045585196
      vertex 16.285786437626903 -12.585786437626904 2
    endloop
  endfacet
  facet normal 0.4422886902190037 -0.896872741532687 0
    outer loop
      vertex 16.7 -12.267949192431123 2
      vertex 16.7 -12.267949192431123 0.008564307045585196
      vertex 16.93463313526982 -12.152240934977426 2
    endloop
  endfacet
  facet normal 0.5555702330195995 -0.831469612302547 0
    outer loop
      vertex 16.482477141982557 -12.41329331941753 2
      vertex 16.482477141982557 -12.41329331941753 0.008564307045585196
      vertex 16.7 -12.267949192431123 2
    endloop
  endfacet
  facet normal 0.321439465303165 -0.9469301294951045 0
    outer loop
      vertex 16.93463313526982 -12.152240934977426 2
      vertex 16.93463313526982 -12.152240934977426 0.008564307045585196
      vertex 17.182361909794956 -12.068148347421863 2
    endloop
  endfacet
  facet normal 0.19509032201612103 -0.9807852804032319 0
    outer loop
      vertex 17.182361909794956 -12.068148347421863 2
      vertex 17.182361909794956 -12.068148347421863 0.008564307045585196
      vertex 17.438947615559897 -12.01711027725238 2
    endloop
  endfacet
  facet normal 0.06540312923014606 -0.9978589232386034 0
    outer loop
      vertex 17.438947615559897 -12.01711027725238 2
      vertex 17.438947615559897 -12.01711027725238 0.008564307045585196
      vertex 17.7 -12 2
    endloop
  endfacet
  facet normal 0.9978589232386034 -0.06540312923014606 0
    outer loop
      vertex 15.71711027725238 -13.738947615559898 2
      vertex 15.7 -14 2
      vertex 15.7 -14 0.008564307045585196
    endloop
  endfacet
  facet normal 0.9978589232386034 0.06540312923014606 0
    outer loop
      vertex 15.7 -14 2
      vertex 15.71711027725238 -14.261052384440102 2
      vertex 15.71711027725238 -14.261052384440102 0.008564307045585196
    endloop
  endfacet
  facet normal 0.9807852804032315 0.19509032201612234 0
    outer loop
      vertex 15.71711027725238 -14.261052384440102 2
      vertex 15.768148347421862 -14.517638090205041 2
      vertex 15.768148347421862 -14.517638090205041 0.008564307045585196
    endloop
  endfacet
  facet normal 0.9469301294951051 0.3214394653031629 0
    outer loop
      vertex 15.768148347421862 -14.517638090205041 2
      vertex 15.852240934977425 -14.76536686473018 2
      vertex 15.852240934977425 -14.76536686473018 0.008564307045585196
    endloop
  endfacet
  facet normal 0.896872741532687 0.4422886902190037 0
    outer loop
      vertex 15.852240934977425 -14.76536686473018 2
      vertex 15.967949192431123 -15 2
      vertex 15.967949192431123 -15 0.008564307045585196
    endloop
  endfacet
  facet normal 0.8314696123025451 0.5555702330196027 0
    outer loop
      vertex 15.967949192431123 -15 2
      vertex 16.11329331941753 -15.21752285801744 2
      vertex 16.11329331941753 -15.21752285801744 0.008564307045585196
    endloop
  endfacet
  facet normal 0.7518398074789786 0.6593458151000673 -5.860276639230529e-16
    outer loop
      vertex 16.11329331941753 -15.21752285801744 2
      vertex 16.285786437626903 -15.414213562373094 2
      vertex 16.285786437626903 -15.414213562373096 0.008564307045585196
    endloop
  endfacet
  facet normal 0.6593458151000712 0.7518398074789753 0
    outer loop
      vertex 16.285786437626903 -15.414213562373094 2
      vertex 16.482477141982557 -15.58670668058247 2
      vertex 16.482477141982557 -15.58670668058247 0.008564307045585196
    endloop
  endfacet
  facet normal 0.5555702330195995 0.831469612302547 0
    outer loop
      vertex 16.482477141982557 -15.58670668058247 2
      vertex 16.7 -15.732050807568877 2
      vertex 16.7 -15.732050807568877 0.008564307045585196
    endloop
  endfacet
  facet normal 0.4422886902190037 0.896872741532687 0
    outer loop
      vertex 16.7 -15.732050807568877 2
      vertex 16.93463313526982 -15.847759065022574 2
      vertex 16.93463313526982 -15.847759065022574 0.008564307045585196
    endloop
  endfacet
  facet normal 0.321439465303165 0.9469301294951045 0
    outer loop
      vertex 16.93463313526982 -15.847759065022574 2
      vertex 17.182361909794956 -15.931851652578137 2
      vertex 17.182361909794956 -15.931851652578137 0.008564307045585196
    endloop
  endfacet
  facet normal 0.19509032201612103 0.9807852804032319 0
    outer loop
      vertex 17.182361909794956 -15.931851652578137 2
      vertex 17.438947615559897 -15.98288972274762 2
      vertex 17.438947615559897 -15.98288972274762 0.008564307045585196
    endloop
  endfacet
  facet normal 0.06540312923014606 0.9978589232386034 0
    outer loop
      vertex 17.438947615559897 -15.98288972274762 2
      vertex 17.7 -16 2
      vertex 17.7 -16 0.008564307045585196
    endloop
  endfacet
  facet normal 0.6593458151000673 -0.7518398074789786 0
    outer loop
      vertex 16.482477141982557 -12.41329331941753 2
      vertex 16.285786437626903 -12.585786437626904 0.008564307045585196
      vertex 16.482477141982557 -12.41329331941753 0.008564307045585196
    endloop
  endfacet
  facet normal 0.9469301294951051 -0.3214394653031629 0
    outer loop
      vertex 15.852240934977425 -13.23463313526982 2
      vertex 15.768148347421862 -13.482361909794959 0.008564307045585196
      vertex 15.852240934977425 -13.23463313526982 0.008564307045585196
    endloop
  endfacet
  facet normal 0.9807852804032315 -0.19509032201612234 0
    outer loop
      vertex 15.768148347421862 -13.482361909794959 2
      vertex 15.71711027725238 -13.738947615559898 0.008564307045585196
      vertex 15.768148347421862 -13.482361909794959 0.008564307045585196
    endloop
  endfacet
  facet normal 0.8314696123025451 -0.5555702330196027 0
    outer loop
      vertex 16.11329331941753 -12.78247714198256 2
      vertex 15.967949192431123 -13 0.008564307045585196
      vertex 16.11329331941753 -12.78247714198256 0.008564307045585196
    endloop
  endfacet
  facet normal 0.896872741532687 -0.4422886902190037 0
    outer loop
      vertex 15.967949192431123 -13 2
      vertex 15.852240934977425 -13.23463313526982 0.008564307045585196
      vertex 15.967949192431123 -13 0.008564307045585196
    endloop
  endfacet
  facet normal 0.7518398074789816 -0.659345815100064 0
    outer loop
      vertex 16.285786437626903 -12.585786437626904 2
      vertex 16.11329331941753 -12.78247714198256 0.008564307045585196
      vertex 16.285786437626903 -12.585786437626904 0.008564307045585196
    endloop
  endfacet
  facet normal 0.5555702330195995 -0.831469612302547 0
    outer loop
      vertex 16.7 -12.267949192431123 2
      vertex 16.482477141982557 -12.41329331941753 0.008564307045585196
      vertex 16.7 -12.267949192431123 0.008564307045585196
    endloop
  endfacet
  facet normal 0.4422886902190037 -0.896872741532687 0
    outer loop
      vertex 16.93463313526982 -12.152240934977426 2
      vertex 16.7 -12.267949192431123 0.008564307045585196
      vertex 16.93463313526982 -12.152240934977426 0.008564307045585196
    endloop
  endfacet
  facet normal 0.19509032201612103 -0.9807852804032319 0
    outer loop
      vertex 17.438947615559897 -12.01711027725238 2
      vertex 17.182361909794956 -12.068148347421863 0.008564307045585196
      vertex 17.438947615559897 -12.01711027725238 0.008564307045585196
    endloop
  endfacet
  facet normal 0.06540312923014606 -0.9978589232386034 0
    outer loop
      vertex 17.7 -12 2
      vertex 17.438947615559897 -12.01711027725238 0.008564307045585196
      vertex 17.7 -12 0.008564307045585196
    endloop
  endfacet
  facet normal 0.321439465303165 -0.9469301294951045 0
    outer loop
      vertex 17.182361909794956 -12.068148347421863 2
      vertex 16.93463313526982 -12.152240934977426 0.008564307045585196
      vertex 17.182361909794956 -12.068148347421863 0.008564307045585196
    endloop
  endfacet
  facet normal 0.9978589232386034 -0.06540312923014606 0
    outer loop
      vertex 15.71711027725238 -13.738947615559898 2
      vertex 15.7 -14 0.008564307045585196
      vertex 15.71711027725238 -13.738947615559898 0.008564307045585196
    endloop
  endfacet
  facet normal 0.9978589232386034 0.06540312923014606 0
    outer loop
      vertex 15.7 -14 2
      vertex 15.71711027725238 -14.261052384440102 0.008564307045585196
      vertex 15.7 -14 0.008564307045585196
    endloop
  endfacet
  facet normal 0.9807852804032315 0.19509032201612234 0
    outer loop
      vertex 15.71711027725238 -14.261052384440102 2
      vertex 15.768148347421862 -14.517638090205041 0.008564307045585196
      vertex 15.71711027725238 -14.261052384440102 0.008564307045585196
    endloop
  endfacet
  facet normal 0.9469301294951051 0.3214394653031629 0
    outer loop
      vertex 15.768148347421862 -14.517638090205041 2
      vertex 15.852240934977425 -14.76536686473018 0.008564307045585196
      vertex 15.768148347421862 -14.517638090205041 0.008564307045585196
    endloop
  endfacet
  facet normal 0.896872741532687 0.4422886902190037 0
    outer loop
      vertex 15.852240934977425 -14.76536686473018 2
      vertex 15.967949192431123 -15 0.008564307045585196
      vertex 15.852240934977425 -14.76536686473018 0.008564307045585196
    endloop
  endfacet
  facet normal 0.8314696123025451 0.5555702330196027 0
    outer loop
      vertex 15.967949192431123 -15 2
      vertex 16.11329331941753 -15.21752285801744 0.008564307045585196
      vertex 15.967949192431123 -15 0.008564307045585196
    endloop
  endfacet
  facet normal 0.7518398074789816 0.659345815100064 0
    outer loop
      vertex 16.11329331941753 -15.21752285801744 2
      vertex 16.285786437626903 -15.414213562373096 0.008564307045585196
      vertex 16.11329331941753 -15.21752285801744 0.008564307045585196
    endloop
  endfacet
  facet normal 0.6593458151000673 0.7518398074789786 -6.706396741173718e-16
    outer loop
      vertex 16.285786437626903 -15.414213562373094 2
      vertex 16.482477141982557 -15.58670668058247 0.008564307045585196
      vertex 16.285786437626903 -15.414213562373096 0.008564307045585196
    endloop
  endfacet
  facet normal 0.5555702330195995 0.831469612302547 0
    outer loop
      vertex 16.482477141982557 -15.58670668058247 2
      vertex 16.7 -15.732050807568877 0.008564307045585196
      vertex 16.482477141982557 -15.58670668058247 0.008564307045585196
    endloop
  endfacet
  facet normal 0.4422886902190037 0.896872741532687 0
    outer loop
      vertex 16.7 -15.732050807568877 2
      vertex 16.93463313526982 -15.847759065022574 0.008564307045585196
      vertex 16.7 -15.732050807568877 0.008564307045585196
    endloop
  endfacet
  facet normal 0.321439465303165 0.9469301294951045 0
    outer loop
      vertex 16.93463313526982 -15.847759065022574 2
      vertex 17.182361909794956 -15.931851652578137 0.008564307045585196
      vertex 16.93463313526982 -15.847759065022574 0.008564307045585196
    endloop
  endfacet
  facet normal 0.19509032201612103 0.9807852804032319 0
    outer loop
      vertex 17.182361909794956 -15.931851652578137 2
      vertex 17.438947615559897 -15.98288972274762 0.008564307045585196
      vertex 17.182361909794956 -15.931851652578137 0.008564307045585196
    endloop
  endfacet
  facet normal 0.06540312923014606 0.9978589232386034 0
    outer loop
      vertex 17.438947615559897 -15.98288972274762 2
      vertex 17.7 -16 0.008564307045585196
      vertex 17.438947615559897 -15.98288972274762 0.008564307045585196
    endloop
  endfacet
  facet normal -0.06540312923014606 -0.9978589232386034 0
    outer loop
      vertex 17.7 -12 2
      vertex 17.7 -12 0.008564307045585196
      vertex 17.9610523844401 -12.01711027725238 2
    endloop
  endfacet
  facet normal -0.19509032201612103 -0.9807852804032319 0
    outer loop
      vertex 17.9610523844401 -12.01711027725238 2
      vertex 17.9610523844401 -12.01711027725238 0.008564307045585196
      vertex 18.217638090205043 -12.068148347421863 2
    endloop
  endfacet
  facet normal -0.321439465303165 -0.9469301294951045 0
    outer loop
      vertex 18.217638090205043 -12.068148347421863 2
      vertex 18.217638090205043 -12.068148347421863 0.008564307045585196
      vertex 18.46536686473018 -12.152240934977426 2
    endloop
  endfacet
  facet normal -0.4422886902190037 -0.896872741532687 0
    outer loop
      vertex 18.46536686473018 -12.152240934977426 2
      vertex 18.46536686473018 -12.152240934977426 0.008564307045585196
      vertex 18.7 -12.267949192431123 2
    endloop
  endfacet
  facet normal -0.5555702330195995 -0.831469612302547 0
    outer loop
      vertex 18.7 -12.267949192431123 2
      vertex 18.7 -12.267949192431123 0.008564307045585196
      vertex 18.917522858017442 -12.41329331941753 2
    endloop
  endfacet
  facet normal -0.6593458151000673 -0.7518398074789786 0
    outer loop
      vertex 18.917522858017442 -12.41329331941753 2
      vertex 18.917522858017442 -12.41329331941753 0.008564307045585196
      vertex 19.114213562373095 -12.585786437626904 2
    endloop
  endfacet
  facet normal -0.7518398074789816 -0.659345815100064 0
    outer loop
      vertex 19.114213562373095 -12.585786437626904 2
      vertex 19.114213562373095 -12.585786437626904 0.008564307045585196
      vertex 19.28670668058247 -12.78247714198256 2
    endloop
  endfacet
  facet normal -0.8314696123025419 -0.5555702330196074 0
    outer loop
      vertex 19.28670668058247 -12.78247714198256 2
      vertex 19.28670668058247 -12.78247714198256 0.008564307045585196
      vertex 19.432050807568878 -13 2
    endloop
  endfacet
  facet normal -0.8968727415326926 -0.44228869021899286 0
    outer loop
      vertex 19.432050807568878 -13 2
      vertex 19.432050807568878 -13 0.008564307045585196
      vertex 19.54775906502257 -13.23463313526982 2
    endloop
  endfacet
  facet normal -0.9469301294951051 -0.3214394653031629 0
    outer loop
      vertex 19.54775906502257 -13.23463313526982 2
      vertex 19.54775906502257 -13.23463313526982 0.008564307045585196
      vertex 19.631851652578135 -13.482361909794959 2
    endloop
  endfacet
  facet normal -0.9807852804032291 -0.1950903220161354 0
    outer loop
      vertex 19.631851652578135 -13.482361909794959 2
      vertex 19.631851652578135 -13.482361909794959 0.008564307045585196
      vertex 19.68288972274762 -13.738947615559898 2
    endloop
  endfacet
  facet normal -0.06540312923014606 0.9978589232386034 0
    outer loop
      vertex 17.7 -16 2
      vertex 17.9610523844401 -15.98288972274762 2
      vertex 17.9610523844401 -15.98288972274762 0.008564307045585196
    endloop
  endfacet
  facet normal -0.19509032201612103 0.9807852804032319 0
    outer loop
      vertex 17.9610523844401 -15.98288972274762 2
      vertex 18.217638090205043 -15.931851652578137 2
      vertex 18.217638090205043 -15.931851652578137 0.008564307045585196
    endloop
  endfacet
  facet normal -0.321439465303165 0.9469301294951045 0
    outer loop
      vertex 18.217638090205043 -15.931851652578137 2
      vertex 18.46536686473018 -15.847759065022574 2
      vertex 18.46536686473018 -15.847759065022574 0.008564307045585196
    endloop
  endfacet
  facet normal -0.5555702330195995 0.831469612302547 0
    outer loop
      vertex 18.7 -15.732050807568877 2
      vertex 18.917522858017442 -15.58670668058247 2
      vertex 18.917522858017442 -15.58670668058247 0.008564307045585196
    endloop
  endfacet
  facet normal -0.4422886902190037 0.896872741532687 0
    outer loop
      vertex 18.46536686473018 -15.847759065022574 2
      vertex 18.7 -15.732050807568877 2
      vertex 18.7 -15.732050807568877 0.008564307045585196
    endloop
  endfacet
  facet normal -0.8968727415326926 0.44228869021899286 0
    outer loop
      vertex 19.432050807568878 -15 2
      vertex 19.54775906502257 -14.76536686473018 2
      vertex 19.54775906502257 -14.76536686473018 0.008564307045585196
    endloop
  endfacet
  facet normal -0.9978589232386037 -0.06540312923013929 0
    outer loop
      vertex 19.68288972274762 -13.738947615559898 2
      vertex 19.68288972274762 -13.738947615559898 0.008564307045585196
      vertex 19.7 -14 2
    endloop
  endfacet
  facet normal -0.9978589232386037 0.06540312923013929 0
    outer loop
      vertex 19.7 -14 2
      vertex 19.7 -14 0.008564307045585196
      vertex 19.68288972274762 -14.261052384440102 2
    endloop
  endfacet
  facet normal -0.9807852804032291 0.1950903220161354 0
    outer loop
      vertex 19.68288972274762 -14.261052384440102 2
      vertex 19.68288972274762 -14.261052384440102 0.008564307045585196
      vertex 19.631851652578135 -14.517638090205041 2
    endloop
  endfacet
  facet normal -0.9469301294951051 0.3214394653031629 0
    outer loop
      vertex 19.631851652578135 -14.517638090205041 2
      vertex 19.631851652578135 -14.517638090205041 0.008564307045585196
      vertex 19.54775906502257 -14.76536686473018 2
    endloop
  endfacet
  facet normal -0.7518398074789816 0.659345815100064 0
    outer loop
      vertex 19.114213562373095 -15.414213562373096 2
      vertex 19.28670668058247 -15.21752285801744 2
      vertex 19.28670668058247 -15.21752285801744 0.008564307045585196
    endloop
  endfacet
  facet normal -0.8314696123025419 0.5555702330196074 0
    outer loop
      vertex 19.432050807568878 -15 2
      vertex 19.432050807568878 -15 0.008564307045585196
      vertex 19.28670668058247 -15.21752285801744 2
    endloop
  endfacet
  facet normal -0.6593458151000673 0.7518398074789786 0
    outer loop
      vertex 19.114213562373095 -15.414213562373096 2
      vertex 19.114213562373095 -15.414213562373096 0.008564307045585196
      vertex 18.917522858017442 -15.58670668058247 2
    endloop
  endfacet
  facet normal -0.06540312923014606 -0.9978589232386034 0
    outer loop
      vertex 17.9610523844401 -12.01711027725238 2
      vertex 17.7 -12 0.008564307045585196
      vertex 17.9610523844401 -12.01711027725238 0.008564307045585196
    endloop
  endfacet
  facet normal -0.19509032201612103 -0.9807852804032319 0
    outer loop
      vertex 18.217638090205043 -12.068148347421863 2
      vertex 17.9610523844401 -12.01711027725238 0.008564307045585196
      vertex 18.217638090205043 -12.068148347421863 0.008564307045585196
    endloop
  endfacet
  facet normal -0.321439465303165 -0.9469301294951045 0
    outer loop
      vertex 18.46536686473018 -12.152240934977426 2
      vertex 18.217638090205043 -12.068148347421863 0.008564307045585196
      vertex 18.46536686473018 -12.152240934977426 0.008564307045585196
    endloop
  endfacet
  facet normal -0.4422886902190037 -0.896872741532687 0
    outer loop
      vertex 18.7 -12.267949192431123 2
      vertex 18.46536686473018 -12.152240934977426 0.008564307045585196
      vertex 18.7 -12.267949192431123 0.008564307045585196
    endloop
  endfacet
  facet normal -0.5555702330195995 -0.831469612302547 0
    outer loop
      vertex 18.917522858017442 -12.41329331941753 2
      vertex 18.7 -12.267949192431123 0.008564307045585196
      vertex 18.917522858017442 -12.41329331941753 0.008564307045585196
    endloop
  endfacet
  facet normal -0.6593458151000673 -0.7518398074789786 0
    outer loop
      vertex 19.114213562373095 -12.585786437626904 2
      vertex 18.917522858017442 -12.41329331941753 0.008564307045585196
      vertex 19.114213562373095 -12.585786437626904 0.008564307045585196
    endloop
  endfacet
  facet normal -0.7518398074789816 -0.659345815100064 0
    outer loop
      vertex 19.28670668058247 -12.78247714198256 2
      vertex 19.114213562373095 -12.585786437626904 0.008564307045585196
      vertex 19.28670668058247 -12.78247714198256 0.008564307045585196
    endloop
  endfacet
  facet normal -0.8314696123025419 -0.5555702330196074 0
    outer loop
      vertex 19.432050807568878 -13 2
      vertex 19.28670668058247 -12.78247714198256 0.008564307045585196
      vertex 19.432050807568878 -13 0.008564307045585196
    endloop
  endfacet
  facet normal -0.8968727415326926 -0.44228869021899286 0
    outer loop
      vertex 19.54775906502257 -13.23463313526982 2
      vertex 19.432050807568878 -13 0.008564307045585196
      vertex 19.54775906502257 -13.23463313526982 0.008564307045585196
    endloop
  endfacet
  facet normal -0.9469301294951051 -0.3214394653031629 0
    outer loop
      vertex 19.631851652578135 -13.482361909794959 2
      vertex 19.54775906502257 -13.23463313526982 0.008564307045585196
      vertex 19.631851652578135 -13.482361909794959 0.008564307045585196
    endloop
  endfacet
  facet normal -0.9807852804032291 -0.1950903220161354 0
    outer loop
      vertex 19.68288972274762 -13.738947615559898 2
      vertex 19.631851652578135 -13.482361909794959 0.008564307045585196
      vertex 19.68288972274762 -13.738947615559898 0.008564307045585196
    endloop
  endfacet
  facet normal -0.06540312923014606 0.9978589232386034 0
    outer loop
      vertex 17.7 -16 2
      vertex 17.9610523844401 -15.98288972274762 0.008564307045585196
      vertex 17.7 -16 0.008564307045585196
    endloop
  endfacet
  facet normal -0.19509032201612103 0.9807852804032319 0
    outer loop
      vertex 17.9610523844401 -15.98288972274762 2
      vertex 18.217638090205043 -15.931851652578137 0.008564307045585196
      vertex 17.9610523844401 -15.98288972274762 0.008564307045585196
    endloop
  endfacet
  facet normal -0.321439465303165 0.9469301294951045 0
    outer loop
      vertex 18.217638090205043 -15.931851652578137 2
      vertex 18.46536686473018 -15.847759065022574 0.008564307045585196
      vertex 18.217638090205043 -15.931851652578137 0.008564307045585196
    endloop
  endfacet
  facet normal -0.4422886902190037 0.896872741532687 0
    outer loop
      vertex 18.46536686473018 -15.847759065022574 2
      vertex 18.7 -15.732050807568877 0.008564307045585196
      vertex 18.46536686473018 -15.847759065022574 0.008564307045585196
    endloop
  endfacet
  facet normal -0.5555702330195995 0.831469612302547 0
    outer loop
      vertex 18.7 -15.732050807568877 2
      vertex 18.917522858017442 -15.58670668058247 0.008564307045585196
      vertex 18.7 -15.732050807568877 0.008564307045585196
    endloop
  endfacet
  facet normal -0.9978589232386037 -0.06540312923013929 0
    outer loop
      vertex 19.7 -14 2
      vertex 19.68288972274762 -13.738947615559898 0.008564307045585196
      vertex 19.7 -14 0.008564307045585196
    endloop
  endfacet
  facet normal -0.9978589232386037 0.06540312923013929 0
    outer loop
      vertex 19.68288972274762 -14.261052384440102 2
      vertex 19.7 -14 0.008564307045585196
      vertex 19.68288972274762 -14.261052384440102 0.008564307045585196
    endloop
  endfacet
  facet normal -0.9807852804032291 0.1950903220161354 0
    outer loop
      vertex 19.631851652578135 -14.517638090205041 2
      vertex 19.68288972274762 -14.261052384440102 0.008564307045585196
      vertex 19.631851652578135 -14.517638090205041 0.008564307045585196
    endloop
  endfacet
  facet normal -0.9469301294951051 0.3214394653031629 0
    outer loop
      vertex 19.54775906502257 -14.76536686473018 2
      vertex 19.631851652578135 -14.517638090205041 0.008564307045585196
      vertex 19.54775906502257 -14.76536686473018 0.008564307045585196
    endloop
  endfacet
  facet normal -0.7518398074789816 0.659345815100064 0
    outer loop
      vertex 19.114213562373095 -15.414213562373096 2
      vertex 19.28670668058247 -15.21752285801744 0.008564307045585196
      vertex 19.114213562373095 -15.414213562373096 0.008564307045585196
    endloop
  endfacet
  facet normal -0.8314696123025419 0.5555702330196074 0
    outer loop
      vertex 19.28670668058247 -15.21752285801744 2
      vertex 19.432050807568878 -15 0.008564307045585196
      vertex 19.28670668058247 -15.21752285801744 0.008564307045585196
    endloop
  endfacet
  facet normal -0.8968727415326926 0.44228869021899286 0
    outer loop
      vertex 19.432050807568878 -15 2
      vertex 19.54775906502257 -14.76536686473018 0.008564307045585196
      vertex 19.432050807568878 -15 0.008564307045585196
    endloop
  endfacet
  facet normal -0.6593458151000673 0.7518398074789786 0
    outer loop
      vertex 18.917522858017442 -15.58670668058247 2
      vertex 19.114213562373095 -15.414213562373096 0.008564307045585196
      vertex 18.917522858017442 -15.58670668058247 0.008564307045585196
    endloop
  endfacet
  facet normal 0 -1 0
    outer loop
      vertex 5.049999999999999 -18.35 2
      vertex 11.349999999999998 -18.35 4.5
      vertex 5.049999999999999 -18.35 4.5
    endloop
  endfacet
  facet normal 1 0 0
    outer loop
      vertex 5.049999999999999 -24.650000000000002 2
      vertex 5.049999999999999 -18.35 4.5
      vertex 5.049999999999999 -24.650000000000002 4.5
    endloop
  endfacet
  facet normal 1 0 0
    outer loop
      vertex 5.049999999999999 -18.35 2
      vertex 5.049999999999999 -18.35 4.5
      vertex 5.049999999999999 -24.650000000000002 2
    endloop
  endfacet
  facet normal 0 1 0
    outer loop
      vertex 5.049999999999999 -24.650000000000002 2
      vertex 5.049999999999999 -24.650000000000002 4.5
      vertex 11.349999999999998 -24.650000000000002 2
    endloop
  endfacet
  facet normal -1 0 0
    outer loop
      vertex 11.349999999999998 -18.35 2
      vertex 11.349999999999998 -24.650000000000002 4.5
      vertex 11.349999999999998 -18.35 4.5
    endloop
  endfacet
  facet normal 0 1 0
    outer loop
      vertex 11.349999999999998 -24.650000000000002 2
      vertex 5.049999999999999 -24.650000000000002 4.5
      vertex 11.349999999999998 -24.650000000000002 4.5
    endloop
  endfacet
  facet normal 0 -1 0
    outer loop
      vertex 5.049999999999999 -18.35 2
      vertex 11.349999999999998 -18.35 2
      vertex 11.349999999999998 -18.35 4.5
    endloop
  endfacet
  facet normal -1 0 0
    outer loop
      vertex 11.349999999999998 -18.35 2
      vertex 11.349999999999998 -24.650000000000002 2
      vertex 11.349999999999998 -24.650000000000002 4.5
    endloop
  endfacet
  facet normal 0 0 1
    outer loop
      vertex 5.049999999999999 -18.35 2
      vertex 6.982477141982558 -19.91329331941753 2
      vertex 7.199999999999999 -19.76794919243112 2
    endloop
  endfacet
  facet normal 0 0 1
    outer loop
      vertex 5.049999999999999 -18.35 2
      vertex 7.199999999999999 -19.76794919243112 2
      vertex 7.43463313526982 -19.652240934977428 2
    endloop
  endfacet
  facet normal 0 0 1
    outer loop
      vertex 5.049999999999999 -18.35 2
      vertex 6.352240934977425 -20.73463313526982 2
      vertex 6.4679491924311225 -20.5 2
    endloop
  endfacet
  facet normal 0 0 1
    outer loop
      vertex 5.049999999999999 -18.35 2
      vertex 6.217110277252378 -21.238947615559898 2
      vertex 6.268148347421863 -20.98236190979496 2
    endloop
  endfacet
  facet normal 0 0 1
    outer loop
      vertex 5.049999999999999 -18.35 2
      vertex 6.268148347421863 -20.98236190979496 2
      vertex 6.352240934977425 -20.73463313526982 2
    endloop
  endfacet
  facet normal 0 0 1
    outer loop
      vertex 5.049999999999999 -18.35 2
      vertex 6.199999999999999 -21.5 2
      vertex 6.217110277252378 -21.238947615559898 2
    endloop
  endfacet
  facet normal 0 0 1
    outer loop
      vertex 5.049999999999999 -18.35 2
      vertex 6.613293319417529 -20.282477141982557 2
      vertex 6.785786437626904 -20.085786437626904 2
    endloop
  endfacet
  facet normal 0 0 1
    outer loop
      vertex 5.049999999999999 -18.35 2
      vertex 6.785786437626904 -20.085786437626904 2
      vertex 6.982477141982558 -19.91329331941753 2
    endloop
  endfacet
  facet normal 0 0 1
    outer loop
      vertex 5.049999999999999 -18.35 2
      vertex 6.4679491924311225 -20.5 2
      vertex 6.613293319417529 -20.282477141982557 2
    endloop
  endfacet
  facet normal 0 0 1
    outer loop
      vertex 5.049999999999999 -18.35 2
      vertex 7.43463313526982 -19.652240934977428 2
      vertex 7.682361909794958 -19.568148347421864 2
    endloop
  endfacet
  facet normal 0 0 1
    outer loop
      vertex 5.049999999999999 -18.35 2
      vertex 6.217110277252378 -21.761052384440102 2
      vertex 6.199999999999999 -21.5 2
    endloop
  endfacet
  facet normal 0 0 1
    outer loop
      vertex 5.049999999999999 -18.35 2
      vertex 6.268148347421863 -22.01763809020504 2
      vertex 6.217110277252378 -21.761052384440102 2
    endloop
  endfacet
  facet normal 0 0 1
    outer loop
      vertex 5.049999999999999 -18.35 2
      vertex 5.049999999999999 -24.650000000000002 2
      vertex 6.268148347421863 -22.01763809020504 2
    endloop
  endfacet
  facet normal 0 0 1
    outer loop
      vertex 6.268148347421863 -22.01763809020504 2
      vertex 5.049999999999999 -24.650000000000002 2
      vertex 6.352240934977425 -22.26536686473018 2
    endloop
  endfacet
  facet normal 0 0 1
    outer loop
      vertex 6.352240934977425 -22.26536686473018 2
      vertex 5.049999999999999 -24.650000000000002 2
      vertex 6.4679491924311225 -22.5 2
    endloop
  endfacet
  facet normal 0 0 1
    outer loop
      vertex 6.4679491924311225 -22.5 2
      vertex 5.049999999999999 -24.650000000000002 2
      vertex 6.613293319417529 -22.717522858017443 2
    endloop
  endfacet
  facet normal 0 0 1
    outer loop
      vertex 6.613293319417529 -22.717522858017443 2
      vertex 5.049999999999999 -24.650000000000002 2
      vertex 6.785786437626904 -22.914213562373096 2
    endloop
  endfacet
  facet normal 0 0 1
    outer loop
      vertex 6.785786437626904 -22.914213562373096 2
      vertex 5.049999999999999 -24.650000000000002 2
      vertex 6.982477141982558 -23.08670668058247 2
    endloop
  endfacet
  facet normal 0 0 1
    outer loop
      vertex 5.049999999999999 -24.650000000000002 2
      vertex 7.199999999999999 -23.23205080756888 2
      vertex 6.982477141982558 -23.08670668058247 2
    endloop
  endfacet
  facet normal 0 0 1
    outer loop
      vertex 5.049999999999999 -24.650000000000002 2
      vertex 7.43463313526982 -23.347759065022572 2
      vertex 7.199999999999999 -23.23205080756888 2
    endloop
  endfacet
  facet normal 0 0 1
    outer loop
      vertex 5.049999999999999 -24.650000000000002 2
      vertex 7.682361909794958 -23.431851652578136 2
      vertex 7.43463313526982 -23.347759065022572 2
    endloop
  endfacet
  facet normal 0 0 1
    outer loop
      vertex 5.049999999999999 -24.650000000000002 2
      vertex 7.938947615559896 -23.482889722747622 2
      vertex 7.682361909794958 -23.431851652578136 2
    endloop
  endfacet
  facet normal 0 0 1
    outer loop
      vertex 5.049999999999999 -24.650000000000002 2
      vertex 8.71763809020504 -23.431851652578136 2
      vertex 8.461052384440102 -23.482889722747622 2
    endloop
  endfacet
  facet normal 0 0 1
    outer loop
      vertex 5.049999999999999 -24.650000000000002 2
      vertex 8.2 -23.5 2
      vertex 7.938947615559896 -23.482889722747622 2
    endloop
  endfacet
  facet normal 0 0 1
    outer loop
      vertex 5.049999999999999 -24.650000000000002 2
      vertex 8.461052384440102 -23.482889722747622 2
      vertex 8.2 -23.5 2
    endloop
  endfacet
  facet normal 0 0 1
    outer loop
      vertex 5.049999999999999 -18.35 2
      vertex 7.682361909794958 -19.568148347421864 2
      vertex 11.349999999999998 -18.35 2
    endloop
  endfacet
  facet normal 0 0 1
    outer loop
      vertex 7.682361909794958 -19.568148347421864 2
      vertex 7.938947615559896 -19.517110277252378 2
      vertex 11.349999999999998 -18.35 2
    endloop
  endfacet
  facet normal 0 0 1
    outer loop
      vertex 7.938947615559896 -19.517110277252378 2
      vertex 8.2 -19.5 2
      vertex 11.349999999999998 -18.35 2
    endloop
  endfacet
  facet normal 0 0 1
    outer loop
      vertex 8.2 -19.5 2
      vertex 8.461052384440102 -19.517110277252378 2
      vertex 11.349999999999998 -18.35 2
    endloop
  endfacet
  facet normal 0 0 1
    outer loop
      vertex 8.461052384440102 -19.517110277252378 2
      vertex 8.71763809020504 -19.568148347421864 2
      vertex 11.349999999999998 -18.35 2
    endloop
  endfacet
  facet normal 0 0 1
    outer loop
      vertex 8.71763809020504 -19.568148347421864 2
      vertex 8.965366864730179 -19.652240934977428 2
      vertex 11.349999999999998 -18.35 2
    endloop
  endfacet
  facet normal 0 0 1
    outer loop
      vertex 8.965366864730179 -19.652240934977428 2
      vertex 9.2 -19.76794919243112 2
      vertex 11.349999999999998 -18.35 2
    endloop
  endfacet
  facet normal 0 0 1
    outer loop
      vertex 9.2 -19.76794919243112 2
      vertex 9.41752285801744 -19.91329331941753 2
      vertex 11.349999999999998 -18.35 2
    endloop
  endfacet
  facet normal 0 0 1
    outer loop
      vertex 9.41752285801744 -19.91329331941753 2
      vertex 9.614213562373095 -20.085786437626904 2
      vertex 11.349999999999998 -18.35 2
    endloop
  endfacet
  facet normal 0 0 1
    outer loop
      vertex 9.614213562373095 -20.085786437626904 2
      vertex 9.78670668058247 -20.282477141982557 2
      vertex 11.349999999999998 -18.35 2
    endloop
  endfacet
  facet normal 0 0 1
    outer loop
      vertex 9.78670668058247 -20.282477141982557 2
      vertex 9.932050807568876 -20.5 2
      vertex 11.349999999999998 -18.35 2
    endloop
  endfacet
  facet normal 0 0 1
    outer loop
      vertex 9.932050807568876 -20.5 2
      vertex 10.047759065022573 -20.73463313526982 2
      vertex 11.349999999999998 -18.35 2
    endloop
  endfacet
  facet normal 0 0 1
    outer loop
      vertex 10.047759065022573 -20.73463313526982 2
      vertex 10.131851652578137 -20.98236190979496 2
      vertex 11.349999999999998 -18.35 2
    endloop
  endfacet
  facet normal 0 0 1
    outer loop
      vertex 5.049999999999999 -24.650000000000002 2
      vertex 11.349999999999998 -24.650000000000002 2
      vertex 8.71763809020504 -23.431851652578136 2
    endloop
  endfacet
  facet normal 0 0 1
    outer loop
      vertex 8.71763809020504 -23.431851652578136 2
      vertex 11.349999999999998 -24.650000000000002 2
      vertex 8.965366864730179 -23.347759065022572 2
    endloop
  endfacet
  facet normal 0 0 1
    outer loop
      vertex 8.965366864730179 -23.347759065022572 2
      vertex 11.349999999999998 -24.650000000000002 2
      vertex 9.2 -23.23205080756888 2
    endloop
  endfacet
  facet normal 0 0 1
    outer loop
      vertex 9.41752285801744 -23.08670668058247 2
      vertex 9.2 -23.23205080756888 2
      vertex 11.349999999999998 -24.650000000000002 2
    endloop
  endfacet
  facet normal 0 0 1
    outer loop
      vertex 9.41752285801744 -23.08670668058247 2
      vertex 11.349999999999998 -24.650000000000002 2
      vertex 9.614213562373095 -22.914213562373096 2
    endloop
  endfacet
  facet normal 0 0 1
    outer loop
      vertex 9.614213562373095 -22.914213562373096 2
      vertex 11.349999999999998 -24.650000000000002 2
      vertex 9.78670668058247 -22.717522858017443 2
    endloop
  endfacet
  facet normal 0 0 1
    outer loop
      vertex 10.131851652578137 -20.98236190979496 2
      vertex 11.349999999999998 -24.650000000000002 2
      vertex 11.349999999999998 -18.35 2
    endloop
  endfacet
  facet normal 0 0 1
    outer loop
      vertex 10.131851652578137 -20.98236190979496 2
      vertex 10.18288972274762 -21.238947615559898 2
      vertex 11.349999999999998 -24.650000000000002 2
    endloop
  endfacet
  facet normal 0 0 1
    outer loop
      vertex 10.18288972274762 -21.238947615559898 2
      vertex 10.2 -21.5 2
      vertex 11.349999999999998 -24.650000000000002 2
    endloop
  endfacet
  facet normal 0 0 1
    outer loop
      vertex 10.2 -21.5 2
      vertex 10.18288972274762 -21.761052384440102 2
      vertex 11.349999999999998 -24.650000000000002 2
    endloop
  endfacet
  facet normal 0 0 1
    outer loop
      vertex 10.18288972274762 -21.761052384440102 2
      vertex 10.131851652578137 -22.01763809020504 2
      vertex 11.349999999999998 -24.650000000000002 2
    endloop
  endfacet
  facet normal 0 0 1
    outer loop
      vertex 10.131851652578137 -22.01763809020504 2
      vertex 10.047759065022573 -22.26536686473018 2
      vertex 11.349999999999998 -24.650000000000002 2
    endloop
  endfacet
  facet normal 0 0 1
    outer loop
      vertex 10.047759065022573 -22.26536686473018 2
      vertex 9.932050807568876 -22.5 2
      vertex 11.349999999999998 -24.650000000000002 2
    endloop
  endfacet
  facet normal 0 0 1
    outer loop
      vertex 9.932050807568876 -22.5 2
      vertex 9.78670668058247 -22.717522858017443 2
      vertex 11.349999999999998 -24.650000000000002 2
    endloop
  endfacet
  facet normal 0.831469612302547 -0.5555702330195995 0
    outer loop
      vertex 6.613293319417529 -20.282477141982557 2
      vertex 6.4679491924311225 -20.5 2
      vertex 6.4679491924311225 -20.5 0.008564307045585196
    endloop
  endfacet
  facet normal 0.5555702330196074 -0.8314696123025419 0
    outer loop
      vertex 6.982477141982558 -19.91329331941753 2
      vertex 6.982477141982558 -19.91329331941753 0.008564307045585196
      vertex 7.199999999999999 -19.76794919243112 2
    endloop
  endfacet
  facet normal 0.6593458151000656 -0.75183980747898 0
    outer loop
      vertex 6.785786437626904 -20.085786437626904 2
      vertex 6.785786437626904 -20.085786437626904 0.008564307045585196
      vertex 6.982477141982558 -19.91329331941753 2
    endloop
  endfacet
  facet normal 0.7518398074789769 -0.6593458151000693 0
    outer loop
      vertex 6.613293319417529 -20.282477141982557 2
      vertex 6.613293319417529 -20.282477141982557 0.008564307045585196
      vertex 6.785786437626904 -20.085786437626904 2
    endloop
  endfacet
  facet normal 0.3214394653031629 -0.9469301294951051 0
    outer loop
      vertex 7.43463313526982 -19.652240934977428 2
      vertex 7.43463313526982 -19.652240934977428 0.008564307045585196
      vertex 7.682361909794958 -19.568148347421864 2
    endloop
  endfacet
  facet normal 0.44228869021899286 -0.8968727415326926 0
    outer loop
      vertex 7.199999999999999 -19.76794919243112 2
      vertex 7.199999999999999 -19.76794919243112 0.008564307045585196
      vertex 7.43463313526982 -19.652240934977428 2
    endloop
  endfacet
  facet normal 0.19509032201613605 -0.980785280403229 0
    outer loop
      vertex 7.682361909794958 -19.568148347421864 2
      vertex 7.682361909794958 -19.568148347421864 0.008564307045585196
      vertex 7.938947615559896 -19.517110277252378 2
    endloop
  endfacet
  facet normal 0.9469301294951069 -0.32143946530315787 0
    outer loop
      vertex 6.352240934977425 -20.73463313526982 2
      vertex 6.268148347421863 -20.98236190979496 2
      vertex 6.268148347421863 -20.98236190979496 0.008564307045585196
    endloop
  endfacet
  facet normal 0.896872741532687 -0.4422886902190037 0
    outer loop
      vertex 6.352240934977425 -20.73463313526982 2
      vertex 6.352240934977425 -20.73463313526982 0.008564307045585196
      vertex 6.4679491924311225 -20.5 2
    endloop
  endfacet
  facet normal 0.9807852804032302 -0.19509032201613016 0
    outer loop
      vertex 6.268148347421863 -20.98236190979496 2
      vertex 6.217110277252378 -21.238947615559898 2
      vertex 6.217110277252378 -21.238947615559898 0.008564307045585196
    endloop
  endfacet
  facet normal 0.9978589232386036 -0.06540312923014267 0
    outer loop
      vertex 6.217110277252378 -21.238947615559898 2
      vertex 6.199999999999999 -21.5 2
      vertex 6.199999999999999 -21.5 0.008564307045585196
    endloop
  endfacet
  facet normal 0.9978589232386036 0.06540312923014267 0
    outer loop
      vertex 6.199999999999999 -21.5 2
      vertex 6.217110277252378 -21.761052384440102 2
      vertex 6.217110277252378 -21.761052384440102 0.008564307045585196
    endloop
  endfacet
  facet normal 0.9807852804032302 0.19509032201613016 0
    outer loop
      vertex 6.217110277252378 -21.761052384440102 2
      vertex 6.268148347421863 -22.01763809020504 2
      vertex 6.268148347421863 -22.01763809020504 0.008564307045585196
    endloop
  endfacet
  facet normal 0.9469301294951069 0.32143946530315787 0
    outer loop
      vertex 6.268148347421863 -22.01763809020504 2
      vertex 6.352240934977425 -22.26536686473018 2
      vertex 6.352240934977425 -22.26536686473018 0.008564307045585196
    endloop
  endfacet
  facet normal 0.896872741532687 0.4422886902190037 0
    outer loop
      vertex 6.352240934977425 -22.26536686473018 2
      vertex 6.4679491924311225 -22.5 2
      vertex 6.4679491924311225 -22.5 0.008564307045585196
    endloop
  endfacet
  facet normal 0.831469612302547 0.5555702330195995 0
    outer loop
      vertex 6.4679491924311225 -22.5 2
      vertex 6.613293319417529 -22.717522858017443 2
      vertex 6.613293319417529 -22.717522858017443 0.008564307045585196
    endloop
  endfacet
  facet normal 0.7518398074789769 0.6593458151000693 0
    outer loop
      vertex 6.613293319417529 -22.717522858017443 2
      vertex 6.785786437626904 -22.914213562373096 2
      vertex 6.785786437626904 -22.914213562373096 0.008564307045585196
    endloop
  endfacet
  facet normal 0.6593458151000656 0.75183980747898 0
    outer loop
      vertex 6.785786437626904 -22.914213562373096 2
      vertex 6.982477141982558 -23.08670668058247 2
      vertex 6.982477141982558 -23.08670668058247 0.008564307045585196
    endloop
  endfacet
  facet normal 0.5555702330196074 0.8314696123025419 0
    outer loop
      vertex 6.982477141982558 -23.08670668058247 2
      vertex 7.199999999999999 -23.23205080756888 2
      vertex 7.199999999999999 -23.23205080756888 0.008564307045585196
    endloop
  endfacet
  facet normal 0.44228869021899286 0.8968727415326926 0
    outer loop
      vertex 7.199999999999999 -23.23205080756888 2
      vertex 7.43463313526982 -23.347759065022572 2
      vertex 7.43463313526982 -23.347759065022572 0.008564307045585196
    endloop
  endfacet
  facet normal 0.3214394653031629 0.9469301294951051 0
    outer loop
      vertex 7.43463313526982 -23.347759065022572 2
      vertex 7.682361909794958 -23.431851652578136 2
      vertex 7.682361909794958 -23.431851652578136 0.008564307045585196
    endloop
  endfacet
  facet normal 0.19509032201613605 0.980785280403229 0
    outer loop
      vertex 7.682361909794958 -23.431851652578136 2
      vertex 7.938947615559896 -23.482889722747622 2
      vertex 7.938947615559896 -23.482889722747622 0.008564307045585196
    endloop
  endfacet
  facet normal 0.831469612302547 -0.5555702330195995 0
    outer loop
      vertex 6.613293319417529 -20.282477141982557 2
      vertex 6.4679491924311225 -20.5 0.008564307045585196
      vertex 6.613293319417529 -20.282477141982557 0.008564307045585196
    endloop
  endfacet
  facet normal 0.5555702330196074 -0.8314696123025419 0
    outer loop
      vertex 7.199999999999999 -19.76794919243112 2
      vertex 6.982477141982558 -19.91329331941753 0.008564307045585196
      vertex 7.199999999999999 -19.76794919243112 0.008564307045585196
    endloop
  endfacet
  facet normal 0.7518398074789769 -0.6593458151000693 0
    outer loop
      vertex 6.785786437626904 -20.085786437626904 2
      vertex 6.613293319417529 -20.282477141982557 0.008564307045585196
      vertex 6.785786437626904 -20.085786437626904 0.008564307045585196
    endloop
  endfacet
  facet normal 0.6593458151000656 -0.75183980747898 0
    outer loop
      vertex 6.982477141982558 -19.91329331941753 2
      vertex 6.785786437626904 -20.085786437626904 0.008564307045585196
      vertex 6.982477141982558 -19.91329331941753 0.008564307045585196
    endloop
  endfacet
  facet normal 0.44228869021899286 -0.8968727415326926 0
    outer loop
      vertex 7.43463313526982 -19.652240934977428 2
      vertex 7.199999999999999 -19.76794919243112 0.008564307045585196
      vertex 7.43463313526982 -19.652240934977428 0.008564307045585196
    endloop
  endfacet
  facet normal 0.3214394653031629 -0.9469301294951051 0
    outer loop
      vertex 7.682361909794958 -19.568148347421864 2
      vertex 7.43463313526982 -19.652240934977428 0.008564307045585196
      vertex 7.682361909794958 -19.568148347421864 0.008564307045585196
    endloop
  endfacet
  facet normal 0.19509032201613605 -0.980785280403229 0
    outer loop
      vertex 7.938947615559896 -19.517110277252378 2
      vertex 7.682361909794958 -19.568148347421864 0.008564307045585196
      vertex 7.938947615559896 -19.517110277252378 0.008564307045585196
    endloop
  endfacet
  facet normal 0.9469301294951069 -0.32143946530315787 0
    outer loop
      vertex 6.352240934977425 -20.73463313526982 2
      vertex 6.268148347421863 -20.98236190979496 0.008564307045585196
      vertex 6.352240934977425 -20.73463313526982 0.008564307045585196
    endloop
  endfacet
  facet normal 0.896872741532687 -0.4422886902190037 0
    outer loop
      vertex 6.4679491924311225 -20.5 2
      vertex 6.352240934977425 -20.73463313526982 0.008564307045585196
      vertex 6.4679491924311225 -20.5 0.008564307045585196
    endloop
  endfacet
  facet normal 0.9807852804032302 -0.19509032201613016 0
    outer loop
      vertex 6.268148347421863 -20.98236190979496 2
      vertex 6.217110277252378 -21.238947615559898 0.008564307045585196
      vertex 6.268148347421863 -20.98236190979496 0.008564307045585196
    endloop
  endfacet
  facet normal 0.9978589232386036 -0.06540312923014267 0
    outer loop
      vertex 6.217110277252378 -21.238947615559898 2
      vertex 6.199999999999999 -21.5 0.008564307045585196
      vertex 6.217110277252378 -21.238947615559898 0.008564307045585196
    endloop
  endfacet
  facet normal 0.9978589232386036 0.06540312923014267 0
    outer loop
      vertex 6.199999999999999 -21.5 2
      vertex 6.217110277252378 -21.761052384440102 0.008564307045585196
      vertex 6.199999999999999 -21.5 0.008564307045585196
    endloop
  endfacet
  facet normal 0.9807852804032302 0.19509032201613016 0
    outer loop
      vertex 6.217110277252378 -21.761052384440102 2
      vertex 6.268148347421863 -22.01763809020504 0.008564307045585196
      vertex 6.217110277252378 -21.761052384440102 0.008564307045585196
    endloop
  endfacet
  facet normal 0.9469301294951069 0.32143946530315787 0
    outer loop
      vertex 6.268148347421863 -22.01763809020504 2
      vertex 6.352240934977425 -22.26536686473018 0.008564307045585196
      vertex 6.268148347421863 -22.01763809020504 0.008564307045585196
    endloop
  endfacet
  facet normal 0.896872741532687 0.4422886902190037 0
    outer loop
      vertex 6.352240934977425 -22.26536686473018 2
      vertex 6.4679491924311225 -22.5 0.008564307045585196
      vertex 6.352240934977425 -22.26536686473018 0.008564307045585196
    endloop
  endfacet
  facet normal 0.831469612302547 0.5555702330195995 0
    outer loop
      vertex 6.4679491924311225 -22.5 2
      vertex 6.613293319417529 -22.717522858017443 0.008564307045585196
      vertex 6.4679491924311225 -22.5 0.008564307045585196
    endloop
  endfacet
  facet normal 0.7518398074789769 0.6593458151000693 0
    outer loop
      vertex 6.613293319417529 -22.717522858017443 2
      vertex 6.785786437626904 -22.914213562373096 0.008564307045585196
      vertex 6.613293319417529 -22.717522858017443 0.008564307045585196
    endloop
  endfacet
  facet normal 0.6593458151000656 0.75183980747898 0
    outer loop
      vertex 6.785786437626904 -22.914213562373096 2
      vertex 6.982477141982558 -23.08670668058247 0.008564307045585196
      vertex 6.785786437626904 -22.914213562373096 0.008564307045585196
    endloop
  endfacet
  facet normal 0.5555702330196074 0.8314696123025419 0
    outer loop
      vertex 6.982477141982558 -23.08670668058247 2
      vertex 7.199999999999999 -23.23205080756888 0.008564307045585196
      vertex 6.982477141982558 -23.08670668058247 0.008564307045585196
    endloop
  endfacet
  facet normal 0.44228869021899286 0.8968727415326926 0
    outer loop
      vertex 7.199999999999999 -23.23205080756888 2
      vertex 7.43463313526982 -23.347759065022572 0.008564307045585196
      vertex 7.199999999999999 -23.23205080756888 0.008564307045585196
    endloop
  endfacet
  facet normal 0.3214394653031629 0.9469301294951051 0
    outer loop
      vertex 7.43463313526982 -23.347759065022572 2
      vertex 7.682361909794958 -23.431851652578136 0.008564307045585196
      vertex 7.43463313526982 -23.347759065022572 0.008564307045585196
    endloop
  endfacet
  facet normal 0.19509032201613605 0.980785280403229 0
    outer loop
      vertex 7.682361909794958 -23.431851652578136 2
      vertex 7.938947615559896 -23.482889722747622 0.008564307045585196
      vertex 7.682361909794958 -23.431851652578136 0.008564307045585196
    endloop
  endfacet
  facet normal 0.06540312923013906 -0.9978589232386038 0
    outer loop
      vertex 7.938947615559896 -19.517110277252378 2
      vertex 7.938947615559896 -19.517110277252378 0.008564307045585196
      vertex 8.2 -19.5 2
    endloop
  endfacet
  facet normal -0.06540312923013929 -0.9978589232386037 0
    outer loop
      vertex 8.2 -19.5 2
      vertex 8.2 -19.5 0.008564307045585196
      vertex 8.461052384440102 -19.517110277252378 2
    endloop
  endfacet
  facet normal -0.1950903220161354 -0.9807852804032291 0
    outer loop
      vertex 8.461052384440102 -19.517110277252378 2
      vertex 8.461052384440102 -19.517110277252378 0.008564307045585196
      vertex 8.71763809020504 -19.568148347421864 2
    endloop
  endfacet
  facet normal -0.3214394653031629 -0.9469301294951051 0
    outer loop
      vertex 8.71763809020504 -19.568148347421864 2
      vertex 8.71763809020504 -19.568148347421864 0.008564307045585196
      vertex 8.965366864730179 -19.652240934977428 2
    endloop
  endfacet
  facet normal -0.44228869021899286 -0.8968727415326926 0
    outer loop
      vertex 8.965366864730179 -19.652240934977428 2
      vertex 8.965366864730179 -19.652240934977428 0.008564307045585196
      vertex 9.2 -19.76794919243112 2
    endloop
  endfacet
  facet normal -0.5555702330196074 -0.8314696123025419 0
    outer loop
      vertex 9.2 -19.76794919243112 2
      vertex 9.2 -19.76794919243112 0.008564307045585196
      vertex 9.41752285801744 -19.91329331941753 2
    endloop
  endfacet
  facet normal -0.659345815100064 -0.7518398074789816 0
    outer loop
      vertex 9.41752285801744 -19.91329331941753 2
      vertex 9.41752285801744 -19.91329331941753 0.008564307045585196
      vertex 9.614213562373095 -20.085786437626904 2
    endloop
  endfacet
  facet normal -0.7518398074789786 -0.6593458151000673 0
    outer loop
      vertex 9.614213562373095 -20.085786437626904 2
      vertex 9.614213562373095 -20.085786437626904 0.008564307045585196
      vertex 9.78670668058247 -20.282477141982557 2
    endloop
  endfacet
  facet normal -0.831469612302547 -0.5555702330195995 0
    outer loop
      vertex 9.78670668058247 -20.282477141982557 2
      vertex 9.78670668058247 -20.282477141982557 0.008564307045585196
      vertex 9.932050807568876 -20.5 2
    endloop
  endfacet
  facet normal -0.896872741532687 -0.4422886902190037 0
    outer loop
      vertex 9.932050807568876 -20.5 2
      vertex 9.932050807568876 -20.5 0.008564307045585196
      vertex 10.047759065022573 -20.73463313526982 2
    endloop
  endfacet
  facet normal -0.9469301294951059 -0.32143946530316087 0
    outer loop
      vertex 10.047759065022573 -20.73463313526982 2
      vertex 10.047759065022573 -20.73463313526982 0.008564307045585196
      vertex 10.131851652578137 -20.98236190979496 2
    endloop
  endfacet
  facet normal -0.9807852804032314 -0.1950903220161236 0
    outer loop
      vertex 10.131851652578137 -20.98236190979496 2
      vertex 10.131851652578137 -20.98236190979496 0.008564307045585196
      vertex 10.18288972274762 -21.238947615559898 2
    endloop
  endfacet
  facet normal -0.9978589232386034 -0.06540312923014606 0
    outer loop
      vertex 10.18288972274762 -21.238947615559898 2
      vertex 10.18288972274762 -21.238947615559898 0.008564307045585196
      vertex 10.2 -21.5 2
    endloop
  endfacet
  facet normal -0.9978589232386034 0.06540312923014606 0
    outer loop
      vertex 10.2 -21.5 2
      vertex 10.2 -21.5 0.008564307045585196
      vertex 10.18288972274762 -21.761052384440102 2
    endloop
  endfacet
  facet normal -0.9807852804032314 0.1950903220161236 0
    outer loop
      vertex 10.18288972274762 -21.761052384440102 2
      vertex 10.18288972274762 -21.761052384440102 0.008564307045585196
      vertex 10.131851652578137 -22.01763809020504 2
    endloop
  endfacet
  facet normal -0.9469301294951059 0.32143946530316087 0
    outer loop
      vertex 10.131851652578137 -22.01763809020504 2
      vertex 10.131851652578137 -22.01763809020504 0.008564307045585196
      vertex 10.047759065022573 -22.26536686473018 2
    endloop
  endfacet
  facet normal -0.896872741532687 0.4422886902190037 0
    outer loop
      vertex 10.047759065022573 -22.26536686473018 2
      vertex 10.047759065022573 -22.26536686473018 0.008564307045585196
      vertex 9.932050807568876 -22.5 2
    endloop
  endfacet
  facet normal -0.831469612302547 0.5555702330195995 0
    outer loop
      vertex 9.932050807568876 -22.5 2
      vertex 9.932050807568876 -22.5 0.008564307045585196
      vertex 9.78670668058247 -22.717522858017443 2
    endloop
  endfacet
  facet normal 0.06540312923013906 0.9978589232386038 0
    outer loop
      vertex 7.938947615559896 -23.482889722747622 2
      vertex 8.2 -23.5 2
      vertex 8.2 -23.5 0.008564307045585196
    endloop
  endfacet
  facet normal -0.06540312923013929 0.9978589232386037 0
    outer loop
      vertex 8.2 -23.5 2
      vertex 8.461052384440102 -23.482889722747622 2
      vertex 8.461052384440102 -23.482889722747622 0.008564307045585196
    endloop
  endfacet
  facet normal -0.1950903220161354 0.9807852804032291 0
    outer loop
      vertex 8.461052384440102 -23.482889722747622 2
      vertex 8.71763809020504 -23.431851652578136 2
      vertex 8.71763809020504 -23.431851652578136 0.008564307045585196
    endloop
  endfacet
  facet normal -0.3214394653031629 0.9469301294951051 0
    outer loop
      vertex 8.71763809020504 -23.431851652578136 2
      vertex 8.965366864730179 -23.347759065022572 2
      vertex 8.965366864730179 -23.347759065022572 0.008564307045585196
    endloop
  endfacet
  facet normal -0.44228869021899286 0.8968727415326926 0
    outer loop
      vertex 8.965366864730179 -23.347759065022572 2
      vertex 9.2 -23.23205080756888 2
      vertex 9.2 -23.23205080756888 0.008564307045585196
    endloop
  endfacet
  facet normal -0.5555702330196074 0.8314696123025419 0
    outer loop
      vertex 9.41752285801744 -23.08670668058247 2
      vertex 9.41752285801744 -23.08670668058247 0.008564307045585196
      vertex 9.2 -23.23205080756888 2
    endloop
  endfacet
  facet normal -0.659345815100064 0.7518398074789816 0
    outer loop
      vertex 9.41752285801744 -23.08670668058247 2
      vertex 9.614213562373095 -22.914213562373096 2
      vertex 9.614213562373095 -22.914213562373096 0.008564307045585196
    endloop
  endfacet
  facet normal -0.7518398074789786 0.6593458151000673 0
    outer loop
      vertex 9.614213562373095 -22.914213562373096 2
      vertex 9.78670668058247 -22.717522858017443 2
      vertex 9.78670668058247 -22.717522858017443 0.008564307045585196
    endloop
  endfacet
  facet normal 0.06540312923013906 -0.9978589232386038 0
    outer loop
      vertex 8.2 -19.5 2
      vertex 7.938947615559896 -19.517110277252378 0.008564307045585196
      vertex 8.2 -19.5 0.008564307045585196
    endloop
  endfacet
  facet normal -0.06540312923013929 -0.9978589232386037 0
    outer loop
      vertex 8.461052384440102 -19.517110277252378 2
      vertex 8.2 -19.5 0.008564307045585196
      vertex 8.461052384440102 -19.517110277252378 0.008564307045585196
    endloop
  endfacet
  facet normal -0.1950903220161354 -0.9807852804032291 0
    outer loop
      vertex 8.71763809020504 -19.568148347421864 2
      vertex 8.461052384440102 -19.517110277252378 0.008564307045585196
      vertex 8.71763809020504 -19.568148347421864 0.008564307045585196
    endloop
  endfacet
  facet normal -0.3214394653031629 -0.9469301294951051 0
    outer loop
      vertex 8.965366864730179 -19.652240934977428 2
      vertex 8.71763809020504 -19.568148347421864 0.008564307045585196
      vertex 8.965366864730179 -19.652240934977428 0.008564307045585196
    endloop
  endfacet
  facet normal -0.44228869021899286 -0.8968727415326926 0
    outer loop
      vertex 9.2 -19.76794919243112 2
      vertex 8.965366864730179 -19.652240934977428 0.008564307045585196
      vertex 9.2 -19.76794919243112 0.008564307045585196
    endloop
  endfacet
  facet normal -0.5555702330196074 -0.8314696123025419 0
    outer loop
      vertex 9.41752285801744 -19.91329331941753 2
      vertex 9.2 -19.76794919243112 0.008564307045585196
      vertex 9.41752285801744 -19.91329331941753 0.008564307045585196
    endloop
  endfacet
  facet normal -0.659345815100064 -0.7518398074789816 0
    outer loop
      vertex 9.614213562373095 -20.085786437626904 2
      vertex 9.41752285801744 -19.91329331941753 0.008564307045585196
      vertex 9.614213562373095 -20.085786437626904 0.008564307045585196
    endloop
  endfacet
  facet normal -0.7518398074789786 -0.6593458151000673 0
    outer loop
      vertex 9.78670668058247 -20.282477141982557 2
      vertex 9.614213562373095 -20.085786437626904 0.008564307045585196
      vertex 9.78670668058247 -20.282477141982557 0.008564307045585196
    endloop
  endfacet
  facet normal -0.831469612302547 -0.5555702330195995 0
    outer loop
      vertex 9.932050807568876 -20.5 2
      vertex 9.78670668058247 -20.282477141982557 0.008564307045585196
      vertex 9.932050807568876 -20.5 0.008564307045585196
    endloop
  endfacet
  facet normal -0.896872741532687 -0.4422886902190037 0
    outer loop
      vertex 10.047759065022573 -20.73463313526982 2
      vertex 9.932050807568876 -20.5 0.008564307045585196
      vertex 10.047759065022573 -20.73463313526982 0.008564307045585196
    endloop
  endfacet
  facet normal -0.9469301294951059 -0.32143946530316087 0
    outer loop
      vertex 10.131851652578137 -20.98236190979496 2
      vertex 10.047759065022573 -20.73463313526982 0.008564307045585196
      vertex 10.131851652578137 -20.98236190979496 0.008564307045585196
    endloop
  endfacet
  facet normal -0.9807852804032314 -0.1950903220161236 0
    outer loop
      vertex 10.18288972274762 -21.238947615559898 2
      vertex 10.131851652578137 -20.98236190979496 0.008564307045585196
      vertex 10.18288972274762 -21.238947615559898 0.008564307045585196
    endloop
  endfacet
  facet normal -0.9978589232386034 -0.06540312923014606 0
    outer loop
      vertex 10.2 -21.5 2
      vertex 10.18288972274762 -21.238947615559898 0.008564307045585196
      vertex 10.2 -21.5 0.008564307045585196
    endloop
  endfacet
  facet normal -0.9978589232386034 0.06540312923014606 0
    outer loop
      vertex 10.18288972274762 -21.761052384440102 2
      vertex 10.2 -21.5 0.008564307045585196
      vertex 10.18288972274762 -21.761052384440102 0.008564307045585196
    endloop
  endfacet
  facet normal -0.9807852804032314 0.1950903220161236 0
    outer loop
      vertex 10.131851652578137 -22.01763809020504 2
      vertex 10.18288972274762 -21.761052384440102 0.008564307045585196
      vertex 10.131851652578137 -22.01763809020504 0.008564307045585196
    endloop
  endfacet
  facet normal -0.896872741532687 0.4422886902190037 0
    outer loop
      vertex 9.932050807568876 -22.5 2
      vertex 10.047759065022573 -22.26536686473018 0.008564307045585196
      vertex 9.932050807568876 -22.5 0.008564307045585196
    endloop
  endfacet
  facet normal -0.831469612302547 0.5555702330195995 0
    outer loop
      vertex 9.78670668058247 -22.717522858017443 2
      vertex 9.932050807568876 -22.5 0.008564307045585196
      vertex 9.78670668058247 -22.717522858017443 0.008564307045585196
    endloop
  endfacet
  facet normal -0.9469301294951059 0.32143946530316087 0
    outer loop
      vertex 10.047759065022573 -22.26536686473018 2
      vertex 10.131851652578137 -22.01763809020504 0.008564307045585196
      vertex 10.047759065022573 -22.26536686473018 0.008564307045585196
    endloop
  endfacet
  facet normal 0.06540312923013906 0.9978589232386038 0
    outer loop
      vertex 7.938947615559896 -23.482889722747622 2
      vertex 8.2 -23.5 0.008564307045585196
      vertex 7.938947615559896 -23.482889722747622 0.008564307045585196
    endloop
  endfacet
  facet normal -0.06540312923013929 0.9978589232386037 0
    outer loop
      vertex 8.2 -23.5 2
      vertex 8.461052384440102 -23.482889722747622 0.008564307045585196
      vertex 8.2 -23.5 0.008564307045585196
    endloop
  endfacet
  facet normal -0.1950903220161354 0.9807852804032291 0
    outer loop
      vertex 8.461052384440102 -23.482889722747622 2
      vertex 8.71763809020504 -23.431851652578136 0.008564307045585196
      vertex 8.461052384440102 -23.482889722747622 0.008564307045585196
    endloop
  endfacet
  facet normal -0.3214394653031629 0.9469301294951051 0
    outer loop
      vertex 8.71763809020504 -23.431851652578136 2
      vertex 8.965366864730179 -23.347759065022572 0.008564307045585196
      vertex 8.71763809020504 -23.431851652578136 0.008564307045585196
    endloop
  endfacet
  facet normal -0.44228869021899286 0.8968727415326926 0
    outer loop
      vertex 8.965366864730179 -23.347759065022572 2
      vertex 9.2 -23.23205080756888 0.008564307045585196
      vertex 8.965366864730179 -23.347759065022572 0.008564307045585196
    endloop
  endfacet
  facet normal -0.5555702330196074 0.8314696123025419 0
    outer loop
      vertex 9.2 -23.23205080756888 2
      vertex 9.41752285801744 -23.08670668058247 0.008564307045585196
      vertex 9.2 -23.23205080756888 0.008564307045585196
    endloop
  endfacet
  facet normal -0.7518398074789786 0.6593458151000673 0
    outer loop
      vertex 9.614213562373095 -22.914213562373096 2
      vertex 9.78670668058247 -22.717522858017443 0.008564307045585196
      vertex 9.614213562373095 -22.914213562373096 0.008564307045585196
    endloop
  endfacet
  facet normal -0.659345815100064 0.7518398074789816 0
    outer loop
      vertex 9.41752285801744 -23.08670668058247 2
      vertex 9.614213562373095 -22.914213562373096 0.008564307045585196
      vertex 9.41752285801744 -23.08670668058247 0.008564307045585196
    endloop
  endfacet
  facet normal 0 -1 0
    outer loop
      vertex 24.05 -18.35 2
      vertex 30.35 -18.35 4.5
      vertex 24.05 -18.35 4.5
    endloop
  endfacet
  facet normal 1 0 0
    outer loop
      vertex 24.05 -24.650000000000002 2
      vertex 24.05 -18.35 4.5
      vertex 24.05 -24.650000000000002 4.5
    endloop
  endfacet
  facet normal 1 0 0
    outer loop
      vertex 24.05 -18.35 2
      vertex 24.05 -18.35 4.5
      vertex 24.05 -24.650000000000002 2
    endloop
  endfacet
  facet normal 0 1 0
    outer loop
      vertex 24.05 -24.650000000000002 2
      vertex 24.05 -24.650000000000002 4.5
      vertex 30.35 -24.650000000000002 2
    endloop
  endfacet
  facet normal -1 5.639228061588096e-16 0
    outer loop
      vertex 30.35 -18.35 2
      vertex 30.349999999999998 -24.650000000000002 4.5
      vertex 30.35 -18.35 4.5
    endloop
  endfacet
  facet normal 0 1 0
    outer loop
      vertex 30.35 -24.650000000000002 2
      vertex 24.05 -24.650000000000002 4.5
      vertex 30.349999999999998 -24.650000000000002 4.5
    endloop
  endfacet
  facet normal 0 -1 0
    outer loop
      vertex 24.05 -18.35 2
      vertex 30.35 -18.35 2
      vertex 30.35 -18.35 4.5
    endloop
  endfacet
  facet normal -1 0 -1.4210854715202005e-15
    outer loop
      vertex 30.35 -18.35 2
      vertex 30.35 -24.650000000000002 2
      vertex 30.349999999999998 -24.650000000000002 4.5
    endloop
  endfacet
  facet normal 0 0 1
    outer loop
      vertex 24.05 -18.35 2
      vertex 25.46794919243112 -20.5 2
      vertex 25.61329331941753 -20.282477141982557 2
    endloop
  endfacet
  facet normal 0 0 1
    outer loop
      vertex 24.05 -18.35 2
      vertex 25.352240934977427 -20.73463313526982 2
      vertex 25.46794919243112 -20.5 2
    endloop
  endfacet
  facet normal 0 0 1
    outer loop
      vertex 24.05 -18.35 2
      vertex 25.268148347421864 -20.98236190979496 2
      vertex 25.352240934977427 -20.73463313526982 2
    endloop
  endfacet
  facet normal 0 0 1
    outer loop
      vertex 24.05 -18.35 2
      vertex 25.982477141982557 -19.91329331941753 2
      vertex 26.2 -19.76794919243112 2
    endloop
  endfacet
  facet normal 0 0 1
    outer loop
      vertex 24.05 -18.35 2
      vertex 26.2 -19.76794919243112 2
      vertex 26.43463313526982 -19.652240934977428 2
    endloop
  endfacet
  facet normal 0 0 1
    outer loop
      vertex 24.05 -18.35 2
      vertex 26.43463313526982 -19.652240934977428 2
      vertex 26.682361909794956 -19.568148347421864 2
    endloop
  endfacet
  facet normal 0 0 1
    outer loop
      vertex 24.05 -18.35 2
      vertex 26.682361909794956 -19.568148347421864 2
      vertex 26.938947615559897 -19.517110277252378 2
    endloop
  endfacet
  facet normal 0 0 1
    outer loop
      vertex 24.05 -18.35 2
      vertex 26.938947615559897 -19.517110277252378 2
      vertex 27.2 -19.5 2
    endloop
  endfacet
  facet normal 0 0 1
    outer loop
      vertex 24.05 -18.35 2
      vertex 27.2 -19.5 2
      vertex 27.4610523844401 -19.517110277252378 2
    endloop
  endfacet
  facet normal 0 0 1
    outer loop
      vertex 24.05 -18.35 2
      vertex 25.61329331941753 -20.282477141982557 2
      vertex 25.785786437626903 -20.085786437626904 2
    endloop
  endfacet
  facet normal 0 0 1
    outer loop
      vertex 24.05 -18.35 2
      vertex 25.785786437626903 -20.085786437626904 2
      vertex 25.982477141982557 -19.91329331941753 2
    endloop
  endfacet
  facet normal 0 0 1
    outer loop
      vertex 24.05 -18.35 2
      vertex 27.4610523844401 -19.517110277252378 2
      vertex 27.717638090205043 -19.568148347421864 2
    endloop
  endfacet
  facet normal 0 0 1
    outer loop
      vertex 24.05 -18.35 2
      vertex 27.717638090205043 -19.568148347421864 2
      vertex 30.35 -18.35 2
    endloop
  endfacet
  facet normal 0 0 1
    outer loop
      vertex 24.05 -18.35 2
      vertex 24.05 -24.650000000000002 2
      vertex 25.268148347421864 -20.98236190979496 2
    endloop
  endfacet
  facet normal 0 0 1
    outer loop
      vertex 25.268148347421864 -20.98236190979496 2
      vertex 24.05 -24.650000000000002 2
      vertex 25.217110277252377 -21.238947615559898 2
    endloop
  endfacet
  facet normal 0 0 1
    outer loop
      vertex 25.217110277252377 -21.238947615559898 2
      vertex 24.05 -24.650000000000002 2
      vertex 25.2 -21.5 2
    endloop
  endfacet
  facet normal 0 0 1
    outer loop
      vertex 25.2 -21.5 2
      vertex 24.05 -24.650000000000002 2
      vertex 25.217110277252377 -21.761052384440102 2
    endloop
  endfacet
  facet normal 0 0 1
    outer loop
      vertex 25.217110277252377 -21.761052384440102 2
      vertex 24.05 -24.650000000000002 2
      vertex 25.268148347421864 -22.01763809020504 2
    endloop
  endfacet
  facet normal 0 0 1
    outer loop
      vertex 25.268148347421864 -22.01763809020504 2
      vertex 24.05 -24.650000000000002 2
      vertex 25.352240934977427 -22.26536686473018 2
    endloop
  endfacet
  facet normal 0 0 1
    outer loop
      vertex 25.352240934977427 -22.26536686473018 2
      vertex 24.05 -24.650000000000002 2
      vertex 25.46794919243112 -22.5 2
    endloop
  endfacet
  facet normal 0 0 1
    outer loop
      vertex 25.46794919243112 -22.5 2
      vertex 24.05 -24.650000000000002 2
      vertex 25.61329331941753 -22.717522858017443 2
    endloop
  endfacet
  facet normal 0 0 1
    outer loop
      vertex 25.61329331941753 -22.717522858017443 2
      vertex 24.05 -24.650000000000002 2
      vertex 25.785786437626903 -22.914213562373096 2
    endloop
  endfacet
  facet normal 0 0 1
    outer loop
      vertex 25.785786437626903 -22.914213562373096 2
      vertex 24.05 -24.650000000000002 2
      vertex 25.982477141982557 -23.08670668058247 2
    endloop
  endfacet
  facet normal 0 0 1
    outer loop
      vertex 24.05 -24.650000000000002 2
      vertex 26.2 -23.23205080756888 2
      vertex 25.982477141982557 -23.08670668058247 2
    endloop
  endfacet
  facet normal 0 0 1
    outer loop
      vertex 24.05 -24.650000000000002 2
      vertex 26.43463313526982 -23.347759065022572 2
      vertex 26.2 -23.23205080756888 2
    endloop
  endfacet
  facet normal 0 0 1
    outer loop
      vertex 24.05 -24.650000000000002 2
      vertex 26.682361909794956 -23.431851652578136 2
      vertex 26.43463313526982 -23.347759065022572 2
    endloop
  endfacet
  facet normal 0 0 1
    outer loop
      vertex 24.05 -24.650000000000002 2
      vertex 26.938947615559897 -23.482889722747622 2
      vertex 26.682361909794956 -23.431851652578136 2
    endloop
  endfacet
  facet normal 0 0 1
    outer loop
      vertex 24.05 -24.650000000000002 2
      vertex 27.2 -23.5 2
      vertex 26.938947615559897 -23.482889722747622 2
    endloop
  endfacet
  facet normal 0 0 1
    outer loop
      vertex 24.05 -24.650000000000002 2
      vertex 27.4610523844401 -23.482889722747622 2
      vertex 27.2 -23.5 2
    endloop
  endfacet
  facet normal 0 0 1
    outer loop
      vertex 24.05 -24.650000000000002 2
      vertex 27.717638090205043 -23.431851652578136 2
      vertex 27.4610523844401 -23.482889722747622 2
    endloop
  endfacet
  facet normal 0 0 1
    outer loop
      vertex 24.05 -24.650000000000002 2
      vertex 30.35 -24.650000000000002 2
      vertex 27.717638090205043 -23.431851652578136 2
    endloop
  endfacet
  facet normal 0 0 1
    outer loop
      vertex 30.35 -18.35 2
      vertex 27.717638090205043 -19.568148347421864 2
      vertex 27.96536686473018 -19.652240934977428 2
    endloop
  endfacet
  facet normal 0 0 1
    outer loop
      vertex 30.35 -18.35 2
      vertex 27.96536686473018 -19.652240934977428 2
      vertex 28.2 -19.76794919243112 2
    endloop
  endfacet
  facet normal 0 0 1
    outer loop
      vertex 30.35 -18.35 2
      vertex 28.2 -19.76794919243112 2
      vertex 28.417522858017442 -19.91329331941753 2
    endloop
  endfacet
  facet normal 0 0 1
    outer loop
      vertex 30.35 -18.35 2
      vertex 28.417522858017442 -19.91329331941753 2
      vertex 28.614213562373095 -20.085786437626908 2
    endloop
  endfacet
  facet normal 0 0 1
    outer loop
      vertex 30.35 -18.35 2
      vertex 28.614213562373095 -20.085786437626908 2
      vertex 28.78670668058247 -20.282477141982557 2
    endloop
  endfacet
  facet normal 0 0 1
    outer loop
      vertex 30.35 -18.35 2
      vertex 28.78670668058247 -20.282477141982557 2
      vertex 28.932050807568878 -20.5 2
    endloop
  endfacet
  facet normal 0 0 1
    outer loop
      vertex 30.35 -18.35 2
      vertex 28.932050807568878 -20.5 2
      vertex 29.04775906502257 -20.73463313526982 2
    endloop
  endfacet
  facet normal 0 0 1
    outer loop
      vertex 30.35 -18.35 2
      vertex 29.04775906502257 -20.73463313526982 2
      vertex 29.131851652578135 -20.98236190979496 2
    endloop
  endfacet
  facet normal 0 0 1
    outer loop
      vertex 30.35 -18.35 2
      vertex 29.131851652578135 -20.98236190979496 2
      vertex 30.35 -24.650000000000002 2
    endloop
  endfacet
  facet normal 0 0 1
    outer loop
      vertex 29.131851652578135 -20.98236190979496 2
      vertex 29.18288972274762 -21.238947615559898 2
      vertex 30.35 -24.650000000000002 2
    endloop
  endfacet
  facet normal 0 0 1
    outer loop
      vertex 29.18288972274762 -21.238947615559898 2
      vertex 29.2 -21.5 2
      vertex 30.35 -24.650000000000002 2
    endloop
  endfacet
  facet normal 0 0 1
    outer loop
      vertex 29.2 -21.5 2
      vertex 29.18288972274762 -21.761052384440102 2
      vertex 30.35 -24.650000000000002 2
    endloop
  endfacet
  facet normal 0 0 1
    outer loop
      vertex 27.717638090205043 -23.431851652578136 2
      vertex 30.35 -24.650000000000002 2
      vertex 27.96536686473018 -23.347759065022572 2
    endloop
  endfacet
  facet normal 0 0 1
    outer loop
      vertex 28.932050807568878 -22.5 2
      vertex 28.78670668058247 -22.717522858017443 2
      vertex 30.35 -24.650000000000002 2
    endloop
  endfacet
  facet normal 0 0 1
    outer loop
      vertex 27.96536686473018 -23.347759065022572 2
      vertex 30.35 -24.650000000000002 2
      vertex 28.2 -23.23205080756888 2
    endloop
  endfacet
  facet normal 0 0 1
    outer loop
      vertex 28.417522858017442 -23.08670668058247 2
      vertex 28.2 -23.23205080756888 2
      vertex 30.35 -24.650000000000002 2
    endloop
  endfacet
  facet normal 0 0 1
    outer loop
      vertex 28.417522858017442 -23.08670668058247 2
      vertex 30.35 -24.650000000000002 2
      vertex 28.614213562373095 -22.914213562373096 2
    endloop
  endfacet
  facet normal 0 0 1
    outer loop
      vertex 28.614213562373095 -22.914213562373096 2
      vertex 30.35 -24.650000000000002 2
      vertex 28.78670668058247 -22.717522858017443 2
    endloop
  endfacet
  facet normal 0 0 1
    outer loop
      vertex 29.131851652578135 -22.01763809020504 2
      vertex 29.04775906502257 -22.26536686473018 2
      vertex 30.35 -24.650000000000002 2
    endloop
  endfacet
  facet normal 0 0 1
    outer loop
      vertex 29.18288972274762 -21.761052384440102 2
      vertex 29.131851652578135 -22.01763809020504 2
      vertex 30.35 -24.650000000000002 2
    endloop
  endfacet
  facet normal 0 0 1
    outer loop
      vertex 29.04775906502257 -22.26536686473018 2
      vertex 28.932050807568878 -22.5 2
      vertex 30.35 -24.650000000000002 2
    endloop
  endfacet
  facet normal 0.8314696123025438 -0.5555702330196042 0
    outer loop
      vertex 25.61329331941753 -20.282477141982557 2
      vertex 25.46794919243112 -20.5 2
      vertex 25.46794919243112 -20.5 0.008564307045585196
    endloop
  endfacet
  facet normal 0.7518398074789786 -0.6593458151000673 0
    outer loop
      vertex 25.61329331941753 -20.282477141982557 2
      vertex 25.61329331941753 -20.282477141982557 0.008564307045585196
      vertex 25.785786437626903 -20.085786437626904 2
    endloop
  endfacet
  facet normal 0.5555702330196042 -0.8314696123025438 0
    outer loop
      vertex 25.982477141982557 -19.91329331941753 2
      vertex 25.982477141982557 -19.91329331941753 0.008564307045585196
      vertex 26.2 -19.76794919243112 2
    endloop
  endfacet
  facet normal 0.44228869021899286 -0.8968727415326926 0
    outer loop
      vertex 26.2 -19.76794919243112 2
      vertex 26.2 -19.76794919243112 0.008564307045585196
      vertex 26.43463313526982 -19.652240934977428 2
    endloop
  endfacet
  facet normal 0.6593458151000673 -0.7518398074789786 0
    outer loop
      vertex 25.785786437626903 -20.085786437626904 2
      vertex 25.785786437626903 -20.085786437626904 0.008564307045585196
      vertex 25.982477141982557 -19.91329331941753 2
    endloop
  endfacet
  facet normal 0.321439465303165 -0.9469301294951045 0
    outer loop
      vertex 26.43463313526982 -19.652240934977428 2
      vertex 26.43463313526982 -19.652240934977428 0.008564307045585196
      vertex 26.682361909794956 -19.568148347421864 2
    endloop
  endfacet
  facet normal 0.19509032201613413 -0.9807852804032294 0
    outer loop
      vertex 26.682361909794956 -19.568148347421864 2
      vertex 26.682361909794956 -19.568148347421864 0.008564307045585196
      vertex 26.938947615559897 -19.517110277252378 2
    endloop
  endfacet
  facet normal 0.06540312923013929 -0.9978589232386037 0
    outer loop
      vertex 26.938947615559897 -19.517110277252378 2
      vertex 26.938947615559897 -19.517110277252378 0.008564307045585196
      vertex 27.2 -19.5 2
    endloop
  endfacet
  facet normal -0.06540312923013929 -0.9978589232386037 0
    outer loop
      vertex 27.2 -19.5 2
      vertex 27.2 -19.5 0.008564307045585196
      vertex 27.4610523844401 -19.517110277252378 2
    endloop
  endfacet
  facet normal 0.9469301294951059 -0.32143946530316087 0
    outer loop
      vertex 25.352240934977427 -20.73463313526982 2
      vertex 25.268148347421864 -20.98236190979496 2
      vertex 25.268148347421864 -20.98236190979496 0.008564307045585196
    endloop
  endfacet
  facet normal 0.8968727415326926 -0.44228869021899286 0
    outer loop
      vertex 25.352240934977427 -20.73463313526982 2
      vertex 25.352240934977427 -20.73463313526982 0.008564307045585196
      vertex 25.46794919243112 -20.5 2
    endloop
  endfacet
  facet normal 0.9807852804032289 -0.1950903220161367 0
    outer loop
      vertex 25.268148347421864 -20.98236190979496 2
      vertex 25.217110277252377 -21.238947615559898 2
      vertex 25.217110277252377 -21.238947615559898 0.008564307045585196
    endloop
  endfacet
  facet normal 0.9978589232386037 -0.06540312923013929 0
    outer loop
      vertex 25.217110277252377 -21.238947615559898 2
      vertex 25.2 -21.5 2
      vertex 25.2 -21.5 0.008564307045585196
    endloop
  endfacet
  facet normal 0.9978589232386037 0.06540312923013929 0
    outer loop
      vertex 25.2 -21.5 2
      vertex 25.217110277252377 -21.761052384440102 2
      vertex 25.217110277252377 -21.761052384440102 0.008564307045585196
    endloop
  endfacet
  facet normal 0.9807852804032289 0.1950903220161367 0
    outer loop
      vertex 25.217110277252377 -21.761052384440102 2
      vertex 25.268148347421864 -22.01763809020504 2
      vertex 25.268148347421864 -22.01763809020504 0.008564307045585196
    endloop
  endfacet
  facet normal 0.9469301294951059 0.32143946530316087 0
    outer loop
      vertex 25.268148347421864 -22.01763809020504 2
      vertex 25.352240934977427 -22.26536686473018 2
      vertex 25.352240934977427 -22.26536686473018 0.008564307045585196
    endloop
  endfacet
  facet normal 0.8968727415326926 0.44228869021899286 0
    outer loop
      vertex 25.352240934977427 -22.26536686473018 2
      vertex 25.46794919243112 -22.5 2
      vertex 25.46794919243112 -22.5 0.008564307045585196
    endloop
  endfacet
  facet normal 0.8314696123025438 0.5555702330196042 0
    outer loop
      vertex 25.46794919243112 -22.5 2
      vertex 25.61329331941753 -22.717522858017443 2
      vertex 25.61329331941753 -22.717522858017443 0.008564307045585196
    endloop
  endfacet
  facet normal 0.7518398074789786 0.6593458151000673 0
    outer loop
      vertex 25.61329331941753 -22.717522858017443 2
      vertex 25.785786437626903 -22.914213562373096 2
      vertex 25.785786437626903 -22.914213562373096 0.008564307045585196
    endloop
  endfacet
  facet normal 0.6593458151000673 0.7518398074789786 0
    outer loop
      vertex 25.785786437626903 -22.914213562373096 2
      vertex 25.982477141982557 -23.08670668058247 2
      vertex 25.982477141982557 -23.08670668058247 0.008564307045585196
    endloop
  endfacet
  facet normal 0.5555702330196042 0.8314696123025438 0
    outer loop
      vertex 25.982477141982557 -23.08670668058247 2
      vertex 26.2 -23.23205080756888 2
      vertex 26.2 -23.23205080756888 0.008564307045585196
    endloop
  endfacet
  facet normal 0.44228869021899286 0.8968727415326926 0
    outer loop
      vertex 26.2 -23.23205080756888 2
      vertex 26.43463313526982 -23.347759065022572 2
      vertex 26.43463313526982 -23.347759065022572 0.008564307045585196
    endloop
  endfacet
  facet normal 0.321439465303165 0.9469301294951045 0
    outer loop
      vertex 26.43463313526982 -23.347759065022572 2
      vertex 26.682361909794956 -23.431851652578136 2
      vertex 26.682361909794956 -23.431851652578136 0.008564307045585196
    endloop
  endfacet
  facet normal 0.19509032201613413 0.9807852804032294 0
    outer loop
      vertex 26.682361909794956 -23.431851652578136 2
      vertex 26.938947615559897 -23.482889722747622 2
      vertex 26.938947615559897 -23.482889722747622 0.008564307045585196
    endloop
  endfacet
  facet normal 0.06540312923013929 0.9978589232386037 0
    outer loop
      vertex 26.938947615559897 -23.482889722747622 2
      vertex 27.2 -23.5 2
      vertex 27.2 -23.5 0.008564307045585196
    endloop
  endfacet
  facet normal -0.06540312923013929 0.9978589232386037 0
    outer loop
      vertex 27.2 -23.5 2
      vertex 27.4610523844401 -23.482889722747622 2
      vertex 27.4610523844401 -23.482889722747622 0.008564307045585196
    endloop
  endfacet
  facet normal 0.8314696123025438 -0.5555702330196042 0
    outer loop
      vertex 25.61329331941753 -20.282477141982557 2
      vertex 25.46794919243112 -20.5 0.008564307045585196
      vertex 25.61329331941753 -20.282477141982557 0.008564307045585196
    endloop
  endfacet
  facet normal 0.5555702330196042 -0.8314696123025438 0
    outer loop
      vertex 26.2 -19.76794919243112 2
      vertex 25.982477141982557 -19.91329331941753 0.008564307045585196
      vertex 26.2 -19.76794919243112 0.008564307045585196
    endloop
  endfacet
  facet normal 0.7518398074789786 -0.6593458151000673 0
    outer loop
      vertex 25.785786437626903 -20.085786437626904 2
      vertex 25.61329331941753 -20.282477141982557 0.008564307045585196
      vertex 25.785786437626903 -20.085786437626904 0.008564307045585196
    endloop
  endfacet
  facet normal 0.6593458151000673 -0.7518398074789786 0
    outer loop
      vertex 25.982477141982557 -19.91329331941753 2
      vertex 25.785786437626903 -20.085786437626904 0.008564307045585196
      vertex 25.982477141982557 -19.91329331941753 0.008564307045585196
    endloop
  endfacet
  facet normal 0.321439465303165 -0.9469301294951045 0
    outer loop
      vertex 26.682361909794956 -19.568148347421864 2
      vertex 26.43463313526982 -19.652240934977428 0.008564307045585196
      vertex 26.682361909794956 -19.568148347421864 0.008564307045585196
    endloop
  endfacet
  facet normal 0.44228869021899286 -0.8968727415326926 0
    outer loop
      vertex 26.43463313526982 -19.652240934977428 2
      vertex 26.2 -19.76794919243112 0.008564307045585196
      vertex 26.43463313526982 -19.652240934977428 0.008564307045585196
    endloop
  endfacet
  facet normal 0.19509032201613413 -0.9807852804032294 0
    outer loop
      vertex 26.938947615559897 -19.517110277252378 2
      vertex 26.682361909794956 -19.568148347421864 0.008564307045585196
      vertex 26.938947615559897 -19.517110277252378 0.008564307045585196
    endloop
  endfacet
  facet normal 0.06540312923013929 -0.9978589232386037 0
    outer loop
      vertex 27.2 -19.5 2
      vertex 26.938947615559897 -19.517110277252378 0.008564307045585196
      vertex 27.2 -19.5 0.008564307045585196
    endloop
  endfacet
  facet normal -0.06540312923013929 -0.9978589232386037 0
    outer loop
      vertex 27.4610523844401 -19.517110277252378 2
      vertex 27.2 -19.5 0.008564307045585196
      vertex 27.4610523844401 -19.517110277252378 0.008564307045585196
    endloop
  endfacet
  facet normal 0.9469301294951059 -0.32143946530316087 0
    outer loop
      vertex 25.352240934977427 -20.73463313526982 2
      vertex 25.268148347421864 -20.98236190979496 0.008564307045585196
      vertex 25.352240934977427 -20.73463313526982 0.008564307045585196
    endloop
  endfacet
  facet normal 0.8968727415326926 -0.44228869021899286 0
    outer loop
      vertex 25.46794919243112 -20.5 2
      vertex 25.352240934977427 -20.73463313526982 0.008564307045585196
      vertex 25.46794919243112 -20.5 0.008564307045585196
    endloop
  endfacet
  facet normal 0.9978589232386037 -0.06540312923013929 0
    outer loop
      vertex 25.217110277252377 -21.238947615559898 2
      vertex 25.2 -21.5 0.008564307045585196
      vertex 25.217110277252377 -21.238947615559898 0.008564307045585196
    endloop
  endfacet
  facet normal 0.9807852804032289 -0.1950903220161367 0
    outer loop
      vertex 25.268148347421864 -20.98236190979496 2
      vertex 25.217110277252377 -21.238947615559898 0.008564307045585196
      vertex 25.268148347421864 -20.98236190979496 0.008564307045585196
    endloop
  endfacet
  facet normal 0.9978589232386037 0.06540312923013929 0
    outer loop
      vertex 25.2 -21.5 2
      vertex 25.217110277252377 -21.761052384440102 0.008564307045585196
      vertex 25.2 -21.5 0.008564307045585196
    endloop
  endfacet
  facet normal 0.9807852804032289 0.1950903220161367 0
    outer loop
      vertex 25.217110277252377 -21.761052384440102 2
      vertex 25.268148347421864 -22.01763809020504 0.008564307045585196
      vertex 25.217110277252377 -21.761052384440102 0.008564307045585196
    endloop
  endfacet
  facet normal 0.9469301294951059 0.32143946530316087 0
    outer loop
      vertex 25.268148347421864 -22.01763809020504 2
      vertex 25.352240934977427 -22.26536686473018 0.008564307045585196
      vertex 25.268148347421864 -22.01763809020504 0.008564307045585196
    endloop
  endfacet
  facet normal 0.8968727415326926 0.44228869021899286 0
    outer loop
      vertex 25.352240934977427 -22.26536686473018 2
      vertex 25.46794919243112 -22.5 0.008564307045585196
      vertex 25.352240934977427 -22.26536686473018 0.008564307045585196
    endloop
  endfacet
  facet normal 0.8314696123025438 0.5555702330196042 0
    outer loop
      vertex 25.46794919243112 -22.5 2
      vertex 25.61329331941753 -22.717522858017443 0.008564307045585196
      vertex 25.46794919243112 -22.5 0.008564307045585196
    endloop
  endfacet
  facet normal 0.7518398074789786 0.6593458151000673 0
    outer loop
      vertex 25.61329331941753 -22.717522858017443 2
      vertex 25.785786437626903 -22.914213562373096 0.008564307045585196
      vertex 25.61329331941753 -22.717522858017443 0.008564307045585196
    endloop
  endfacet
  facet normal 0.6593458151000673 0.7518398074789786 0
    outer loop
      vertex 25.785786437626903 -22.914213562373096 2
      vertex 25.982477141982557 -23.08670668058247 0.008564307045585196
      vertex 25.785786437626903 -22.914213562373096 0.008564307045585196
    endloop
  endfacet
  facet normal 0.5555702330196042 0.8314696123025438 0
    outer loop
      vertex 25.982477141982557 -23.08670668058247 2
      vertex 26.2 -23.23205080756888 0.008564307045585196
      vertex 25.982477141982557 -23.08670668058247 0.008564307045585196
    endloop
  endfacet
  facet normal 0.44228869021899286 0.8968727415326926 0
    outer loop
      vertex 26.2 -23.23205080756888 2
      vertex 26.43463313526982 -23.347759065022572 0.008564307045585196
      vertex 26.2 -23.23205080756888 0.008564307045585196
    endloop
  endfacet
  facet normal 0.321439465303165 0.9469301294951045 0
    outer loop
      vertex 26.43463313526982 -23.347759065022572 2
      vertex 26.682361909794956 -23.431851652578136 0.008564307045585196
      vertex 26.43463313526982 -23.347759065022572 0.008564307045585196
    endloop
  endfacet
  facet normal 0.19509032201613413 0.9807852804032294 0
    outer loop
      vertex 26.682361909794956 -23.431851652578136 2
      vertex 26.938947615559897 -23.482889722747622 0.008564307045585196
      vertex 26.682361909794956 -23.431851652578136 0.008564307045585196
    endloop
  endfacet
  facet normal 0.06540312923013929 0.9978589232386037 0
    outer loop
      vertex 26.938947615559897 -23.482889722747622 2
      vertex 27.2 -23.5 0.008564307045585196
      vertex 26.938947615559897 -23.482889722747622 0.008564307045585196
    endloop
  endfacet
  facet normal -0.06540312923013929 0.9978589232386037 0
    outer loop
      vertex 27.2 -23.5 2
      vertex 27.4610523844401 -23.482889722747622 0.008564307045585196
      vertex 27.2 -23.5 0.008564307045585196
    endloop
  endfacet
  facet normal -0.19509032201613413 -0.9807852804032294 0
    outer loop
      vertex 27.4610523844401 -19.517110277252378 2
      vertex 27.4610523844401 -19.517110277252378 0.008564307045585196
      vertex 27.717638090205043 -19.568148347421864 2
    endloop
  endfacet
  facet normal -0.321439465303165 -0.9469301294951045 0
    outer loop
      vertex 27.717638090205043 -19.568148347421864 2
      vertex 27.717638090205043 -19.568148347421864 0.008564307045585196
      vertex 27.96536686473018 -19.652240934977428 2
    endloop
  endfacet
  facet normal -0.44228869021899286 -0.8968727415326926 0
    outer loop
      vertex 27.96536686473018 -19.652240934977428 2
      vertex 27.96536686473018 -19.652240934977428 0.008564307045585196
      vertex 28.2 -19.76794919243112 2
    endloop
  endfacet
  facet normal -0.5555702330196042 -0.8314696123025438 0
    outer loop
      vertex 28.2 -19.76794919243112 2
      vertex 28.2 -19.76794919243112 0.008564307045585196
      vertex 28.417522858017442 -19.91329331941753 2
    endloop
  endfacet
  facet normal -0.6593458151000751 -0.751839807478972 0
    outer loop
      vertex 28.417522858017442 -19.91329331941753 2
      vertex 28.417522858017442 -19.91329331941753 0.008564307045585196
      vertex 28.614213562373095 -20.085786437626908 2
    endloop
  endfacet
  facet normal -0.7518398074789728 -0.6593458151000742 -1.1762704187001432e-15
    outer loop
      vertex 28.614213562373095 -20.085786437626908 2
      vertex 28.614213562373095 -20.085786437626904 0.008564307045585196
      vertex 28.78670668058247 -20.282477141982557 2
    endloop
  endfacet
  facet normal -0.8314696123025438 -0.5555702330196042 0
    outer loop
      vertex 28.78670668058247 -20.282477141982557 2
      vertex 28.78670668058247 -20.282477141982557 0.008564307045585196
      vertex 28.932050807568878 -20.5 2
    endloop
  endfacet
  facet normal -0.8968727415326926 -0.44228869021899286 0
    outer loop
      vertex 28.932050807568878 -20.5 2
      vertex 28.932050807568878 -20.5 0.008564307045585196
      vertex 29.04775906502257 -20.73463313526982 2
    endloop
  endfacet
  facet normal -0.9469301294951059 -0.32143946530316087 0
    outer loop
      vertex 29.04775906502257 -20.73463313526982 2
      vertex 29.04775906502257 -20.73463313526982 0.008564307045585196
      vertex 29.131851652578135 -20.98236190979496 2
    endloop
  endfacet
  facet normal -0.9807852804032289 -0.1950903220161367 0
    outer loop
      vertex 29.131851652578135 -20.98236190979496 2
      vertex 29.131851652578135 -20.98236190979496 0.008564307045585196
      vertex 29.18288972274762 -21.238947615559898 2
    endloop
  endfacet
  facet normal -0.9978589232386037 -0.06540312923013929 0
    outer loop
      vertex 29.18288972274762 -21.238947615559898 2
      vertex 29.18288972274762 -21.238947615559898 0.008564307045585196
      vertex 29.2 -21.5 2
    endloop
  endfacet
  facet normal -0.9978589232386037 0.06540312923013929 0
    outer loop
      vertex 29.2 -21.5 2
      vertex 29.2 -21.5 0.008564307045585196
      vertex 29.18288972274762 -21.761052384440102 2
    endloop
  endfacet
  facet normal -0.9807852804032289 0.1950903220161367 0
    outer loop
      vertex 29.18288972274762 -21.761052384440102 2
      vertex 29.18288972274762 -21.761052384440102 0.008564307045585196
      vertex 29.131851652578135 -22.01763809020504 2
    endloop
  endfacet
  facet normal -0.9469301294951059 0.32143946530316087 0
    outer loop
      vertex 29.131851652578135 -22.01763809020504 2
      vertex 29.131851652578135 -22.01763809020504 0.008564307045585196
      vertex 29.04775906502257 -22.26536686473018 2
    endloop
  endfacet
  facet normal -0.8968727415326926 0.44228869021899286 0
    outer loop
      vertex 29.04775906502257 -22.26536686473018 2
      vertex 29.04775906502257 -22.26536686473018 0.008564307045585196
      vertex 28.932050807568878 -22.5 2
    endloop
  endfacet
  facet normal -0.8314696123025438 0.5555702330196042 0
    outer loop
      vertex 28.932050807568878 -22.5 2
      vertex 28.932050807568878 -22.5 0.008564307045585196
      vertex 28.78670668058247 -22.717522858017443 2
    endloop
  endfacet
  facet normal -0.44228869021899286 0.8968727415326926 0
    outer loop
      vertex 27.96536686473018 -23.347759065022572 2
      vertex 28.2 -23.23205080756888 2
      vertex 28.2 -23.23205080756888 0.008564307045585196
    endloop
  endfacet
  facet normal -0.19509032201613413 0.9807852804032294 0
    outer loop
      vertex 27.4610523844401 -23.482889722747622 2
      vertex 27.717638090205043 -23.431851652578136 2
      vertex 27.717638090205043 -23.431851652578136 0.008564307045585196
    endloop
  endfacet
  facet normal -0.321439465303165 0.9469301294951045 0
    outer loop
      vertex 27.717638090205043 -23.431851652578136 2
      vertex 27.96536686473018 -23.347759065022572 2
      vertex 27.96536686473018 -23.347759065022572 0.008564307045585196
    endloop
  endfacet
  facet normal -0.5555702330196042 0.8314696123025438 0
    outer loop
      vertex 28.417522858017442 -23.08670668058247 2
      vertex 28.417522858017442 -23.08670668058247 0.008564307045585196
      vertex 28.2 -23.23205080756888 2
    endloop
  endfacet
  facet normal -0.6593458151000673 0.7518398074789786 0
    outer loop
      vertex 28.417522858017442 -23.08670668058247 2
      vertex 28.614213562373095 -22.914213562373096 2
      vertex 28.614213562373095 -22.914213562373096 0.008564307045585196
    endloop
  endfacet
  facet normal -0.7518398074789786 0.6593458151000673 0
    outer loop
      vertex 28.614213562373095 -22.914213562373096 2
      vertex 28.78670668058247 -22.717522858017443 2
      vertex 28.78670668058247 -22.717522858017443 0.008564307045585196
    endloop
  endfacet
  facet normal -0.19509032201613413 -0.9807852804032294 0
    outer loop
      vertex 27.717638090205043 -19.568148347421864 2
      vertex 27.4610523844401 -19.517110277252378 0.008564307045585196
      vertex 27.717638090205043 -19.568148347421864 0.008564307045585196
    endloop
  endfacet
  facet normal -0.321439465303165 -0.9469301294951045 0
    outer loop
      vertex 27.96536686473018 -19.652240934977428 2
      vertex 27.717638090205043 -19.568148347421864 0.008564307045585196
      vertex 27.96536686473018 -19.652240934977428 0.008564307045585196
    endloop
  endfacet
  facet normal -0.44228869021899286 -0.8968727415326926 0
    outer loop
      vertex 28.2 -19.76794919243112 2
      vertex 27.96536686473018 -19.652240934977428 0.008564307045585196
      vertex 28.2 -19.76794919243112 0.008564307045585196
    endloop
  endfacet
  facet normal -0.5555702330196042 -0.8314696123025438 0
    outer loop
      vertex 28.417522858017442 -19.91329331941753 2
      vertex 28.2 -19.76794919243112 0.008564307045585196
      vertex 28.417522858017442 -19.91329331941753 0.008564307045585196
    endloop
  endfacet
  facet normal -0.6593458151000673 -0.7518398074789786 -1.3412793482347436e-15
    outer loop
      vertex 28.614213562373095 -20.085786437626908 2
      vertex 28.417522858017442 -19.91329331941753 0.008564307045585196
      vertex 28.614213562373095 -20.085786437626904 0.008564307045585196
    endloop
  endfacet
  facet normal -0.7518398074789786 -0.6593458151000673 0
    outer loop
      vertex 28.78670668058247 -20.282477141982557 2
      vertex 28.614213562373095 -20.085786437626904 0.008564307045585196
      vertex 28.78670668058247 -20.282477141982557 0.008564307045585196
    endloop
  endfacet
  facet normal -0.8314696123025438 -0.5555702330196042 0
    outer loop
      vertex 28.932050807568878 -20.5 2
      vertex 28.78670668058247 -20.282477141982557 0.008564307045585196
      vertex 28.932050807568878 -20.5 0.008564307045585196
    endloop
  endfacet
  facet normal -0.8968727415326926 -0.44228869021899286 0
    outer loop
      vertex 29.04775906502257 -20.73463313526982 2
      vertex 28.932050807568878 -20.5 0.008564307045585196
      vertex 29.04775906502257 -20.73463313526982 0.008564307045585196
    endloop
  endfacet
  facet normal -0.9469301294951059 -0.32143946530316087 0
    outer loop
      vertex 29.131851652578135 -20.98236190979496 2
      vertex 29.04775906502257 -20.73463313526982 0.008564307045585196
      vertex 29.131851652578135 -20.98236190979496 0.008564307045585196
    endloop
  endfacet
  facet normal -0.9807852804032289 -0.1950903220161367 0
    outer loop
      vertex 29.18288972274762 -21.238947615559898 2
      vertex 29.131851652578135 -20.98236190979496 0.008564307045585196
      vertex 29.18288972274762 -21.238947615559898 0.008564307045585196
    endloop
  endfacet
  facet normal -0.9978589232386037 -0.06540312923013929 0
    outer loop
      vertex 29.2 -21.5 2
      vertex 29.18288972274762 -21.238947615559898 0.008564307045585196
      vertex 29.2 -21.5 0.008564307045585196
    endloop
  endfacet
  facet normal -0.9978589232386037 0.06540312923013929 0
    outer loop
      vertex 29.18288972274762 -21.761052384440102 2
      vertex 29.2 -21.5 0.008564307045585196
      vertex 29.18288972274762 -21.761052384440102 0.008564307045585196
    endloop
  endfacet
  facet normal -0.9807852804032289 0.1950903220161367 0
    outer loop
      vertex 29.131851652578135 -22.01763809020504 2
      vertex 29.18288972274762 -21.761052384440102 0.008564307045585196
      vertex 29.131851652578135 -22.01763809020504 0.008564307045585196
    endloop
  endfacet
  facet normal -0.8968727415326926 0.44228869021899286 0
    outer loop
      vertex 28.932050807568878 -22.5 2
      vertex 29.04775906502257 -22.26536686473018 0.008564307045585196
      vertex 28.932050807568878 -22.5 0.008564307045585196
    endloop
  endfacet
  facet normal -0.8314696123025438 0.5555702330196042 0
    outer loop
      vertex 28.78670668058247 -22.717522858017443 2
      vertex 28.932050807568878 -22.5 0.008564307045585196
      vertex 28.78670668058247 -22.717522858017443 0.008564307045585196
    endloop
  endfacet
  facet normal -0.9469301294951059 0.32143946530316087 0
    outer loop
      vertex 29.04775906502257 -22.26536686473018 2
      vertex 29.131851652578135 -22.01763809020504 0.008564307045585196
      vertex 29.04775906502257 -22.26536686473018 0.008564307045585196
    endloop
  endfacet
  facet normal -0.19509032201613413 0.9807852804032294 0
    outer loop
      vertex 27.4610523844401 -23.482889722747622 2
      vertex 27.717638090205043 -23.431851652578136 0.008564307045585196
      vertex 27.4610523844401 -23.482889722747622 0.008564307045585196
    endloop
  endfacet
  facet normal -0.321439465303165 0.9469301294951045 0
    outer loop
      vertex 27.717638090205043 -23.431851652578136 2
      vertex 27.96536686473018 -23.347759065022572 0.008564307045585196
      vertex 27.717638090205043 -23.431851652578136 0.008564307045585196
    endloop
  endfacet
  facet normal -0.44228869021899286 0.8968727415326926 0
    outer loop
      vertex 27.96536686473018 -23.347759065022572 2
      vertex 28.2 -23.23205080756888 0.008564307045585196
      vertex 27.96536686473018 -23.347759065022572 0.008564307045585196
    endloop
  endfacet
  facet normal -0.5555702330196042 0.8314696123025438 0
    outer loop
      vertex 28.2 -23.23205080756888 2
      vertex 28.417522858017442 -23.08670668058247 0.008564307045585196
      vertex 28.2 -23.23205080756888 0.008564307045585196
    endloop
  endfacet
  facet normal -0.7518398074789786 0.6593458151000673 0
    outer loop
      vertex 28.614213562373095 -22.914213562373096 2
      vertex 28.78670668058247 -22.717522858017443 0.008564307045585196
      vertex 28.614213562373095 -22.914213562373096 0.008564307045585196
    endloop
  endfacet
  facet normal -0.6593458151000673 0.7518398074789786 0
    outer loop
      vertex 28.417522858017442 -23.08670668058247 2
      vertex 28.614213562373095 -22.914213562373096 0.008564307045585196
      vertex 28.417522858017442 -23.08670668058247 0.008564307045585196
    endloop
  endfacet
  facet normal 0 0 -1
    outer loop
      vertex 14.235898384862246 -2.2 0.3999999999999986
      vertex 14.52658663883506 -1.7649542839651176 0.3999999999999986
      vertex 14.651197542712753 -2.937144673195204 0.3999999999999986
    endloop
  endfacet
  facet normal 0 0 -1
    outer loop
      vertex 14.87157287525381 -1.3715728752538099 0.3999999999999986
      vertex 15.081933977038924 -2.191087284271222 0.3999999999999986
      vertex 14.52658663883506 -1.7649542839651176 0.3999999999999986
    endloop
  endfacet
  facet normal 0 0 -1
    outer loop
      vertex 14.87157287525381 -1.3715728752538099 0.3999999999999986
      vertex 15.264954283965118 -1.0265866388350595 0.3999999999999986
      vertex 15.366547622084394 -1.8665476220843935 0.3999999999999986
    endloop
  endfacet
  facet normal 0 0 -1
    outer loop
      vertex 14.87157287525381 -1.3715728752538099 0.3999999999999986
      vertex 15.366547622084394 -1.8665476220843935 0.3999999999999986
      vertex 15.081933977038924 -2.191087284271222 0.3999999999999986
    endloop
  endfacet
  facet normal 0 0 -1
    outer loop
      vertex 14.52658663883506 -1.7649542839651176 0.3999999999999986
      vertex 15.081933977038924 -2.191087284271222 0.3999999999999986
      vertex 14.842116167511353 -2.5500000000000003 0.3999999999999986
    endloop
  endfacet
  facet normal 0 0 -1
    outer loop
      vertex 14.52658663883506 -1.7649542839651176 0.3999999999999986
      vertex 14.842116167511353 -2.5500000000000003 0.3999999999999986
      vertex 14.651197542712753 -2.937144673195204 0.3999999999999986
    endloop
  endfacet
  facet normal 0.6593458151000682 -0.751839807478978 3.387983669072562e-16
    outer loop
      vertex 14.87157287525381 -1.3715728752538099 0.3999999999999986
      vertex 15.023441708449031 -1.238387483079428 0.008564307045585196
      vertex 15.264954283965118 -1.0265866388350595 0.3999999999999986
    endloop
  endfacet
  facet normal 0.6593458151000675 -0.7518398074789785 0
    outer loop
      vertex 14.87157287525381 -1.3715728752538099 0.3999999999999986
      vertex 14.87157287525381 -1.3715728752538099 0.008564307045585196
      vertex 15.023441708449031 -1.238387483079428 0.008564307045585196
    endloop
  endfacet
  facet normal 0.6593458151000685 -0.7518398074789777 0
    outer loop
      vertex 15.264954283965118 -1.0265866388350595 0.3999999999999986
      vertex 15.023441708449031 -1.238387483079428 0.008564307045585196
      vertex 15.264954283965118 -1.0265866388350595 0.03644841718147518
    endloop
  endfacet
  facet normal 0.8968727415326867 -0.4422886902190044 0
    outer loop
      vertex 14.235898384862246 -2.2 0.3999999999999986
      vertex 14.004481869954851 -2.669266270539641 0.3999999999999986
      vertex 14.004481869954851 -2.669266270539641 0.008564307045585196
    endloop
  endfacet
  facet normal 0.8314696123025455 -0.5555702330196018 0
    outer loop
      vertex 14.235898384862246 -2.2 0.3999999999999986
      vertex 14.235898384862246 -2.2 0.008564307045585196
      vertex 14.52658663883506 -1.7649542839651176 0.3999999999999986
    endloop
  endfacet
  facet normal 0.7518398074789782 -0.6593458151000681 0
    outer loop
      vertex 14.87157287525381 -1.3715728752538099 0.3999999999999986
      vertex 14.52658663883506 -1.7649542839651176 0.3999999999999986
      vertex 14.52658663883506 -1.7649542839651176 0.008564307045585196
    endloop
  endfacet
  facet normal 0.8314696123025455 -0.5555702330196018 0
    outer loop
      vertex 14.52658663883506 -1.7649542839651176 0.3999999999999986
      vertex 14.235898384862246 -2.2 0.008564307045585196
      vertex 14.52658663883506 -1.7649542839651176 0.008564307045585196
    endloop
  endfacet
  facet normal 0.8968727415326867 -0.4422886902190044 0
    outer loop
      vertex 14.235898384862246 -2.2 0.3999999999999986
      vertex 14.004481869954851 -2.669266270539641 0.008564307045585196
      vertex 14.235898384862246 -2.2 0.008564307045585196
    endloop
  endfacet
  facet normal 0.7518398074789782 -0.6593458151000681 0
    outer loop
      vertex 14.87157287525381 -1.3715728752538099 0.3999999999999986
      vertex 14.52658663883506 -1.7649542839651176 0.008564307045585196
      vertex 14.87157287525381 -1.3715728752538099 0.008564307045585196
    endloop
  endfacet
  facet normal 0.06540312923014308 -0.9978589232386035 -2.11939176839472e-16
    outer loop
      vertex 17.17789523111979 -0.23422055450475865 0.3999999999999986
      vertex 17.482706952369895 -0.21424213878735365 0.21227948201957858
      vertex 17.7 -0.20000000000000018 0.3999999999999986
    endloop
  endfacet
  facet normal 0.19509032201612853 -0.9807852804032304 0
    outer loop
      vertex 17.17789523111979 -0.23422055450475865 0.3999999999999986
      vertex 16.664723819589916 -0.33629669484372693 0.17957506229173603
      vertex 17.17789523111979 -0.23422055450475865 0.20692628166204585
    endloop
  endfacet
  facet normal 0.0654031292301432 -0.9978589232386035 0
    outer loop
      vertex 17.17789523111979 -0.23422055450475865 0.3999999999999986
      vertex 17.17789523111979 -0.23422055450475865 0.20692628166204585
      vertex 17.482706952369895 -0.21424213878735365 0.21227948201957858
    endloop
  endfacet
  facet normal 0.0654031292301429 -0.9978589232386036 0
    outer loop
      vertex 17.7 -0.20000000000000018 0.3999999999999986
      vertex 17.482706952369895 -0.21424213878735365 0.21227948201957858
      vertex 17.7 -0.20000000000000018 0.21817876906250078
    endloop
  endfacet
  facet normal 0 0 -1
    outer loop
      vertex 15.264954283965118 -1.0265866388350595 0.3999999999999986
      vertex 15.7 -0.7358983848622458 0.3999999999999986
      vertex 16.05 -1.342116167511353 0.3999999999999986
    endloop
  endfacet
  facet normal 0 0 -1
    outer loop
      vertex 15.264954283965118 -1.0265866388350595 0.3999999999999986
      vertex 16.05 -1.342116167511353 0.3999999999999986
      vertex 15.691087284271221 -1.5819339770389242 0.3999999999999986
    endloop
  endfacet
  facet normal 0 0 -1
    outer loop
      vertex 15.7 -0.7358983848622458 0.3999999999999986
      vertex 16.16926627053964 -0.5044818699548532 0.3999999999999986
      vertex 16.437144673195203 -1.151197542712754 0.3999999999999986
    endloop
  endfacet
  facet normal 0.44228869021900097 -0.8968727415326885 1.6416081352966724e-16
    outer loop
      vertex 15.7 -0.7358983848622458 0.3999999999999986
      vertex 15.73297135503742 -0.7196387119354872 0.07685887838707828
      vertex 16.16926627053964 -0.5044818699548532 0.3999999999999986
    endloop
  endfacet
  facet normal 0.32143946530316214 -0.9469301294951055 0
    outer loop
      vertex 16.16926627053964 -0.5044818699548532 0.3999999999999986
      vertex 16.16926627053964 -0.5044818699548532 0.13450998044181972
      vertex 16.664723819589916 -0.33629669484372693 0.3999999999999986
    endloop
  endfacet
  facet normal 0 0 -1
    outer loop
      vertex 15.7 -0.7358983848622458 0.3999999999999986
      vertex 16.437144673195203 -1.151197542712754 0.3999999999999986
      vertex 16.05 -1.342116167511353 0.3999999999999986
    endloop
  endfacet
  facet normal 0 0 -1
    outer loop
      vertex 15.264954283965118 -1.0265866388350595 0.3999999999999986
      vertex 15.691087284271221 -1.5819339770389242 0.3999999999999986
      vertex 15.366547622084394 -1.8665476220843935 0.3999999999999986
    endloop
  endfacet
  facet normal 0 0 -1
    outer loop
      vertex 16.16926627053964 -0.5044818699548532 0.3999999999999986
      vertex 16.664723819589916 -0.33629669484372693 0.3999999999999986
      vertex 16.84589715116168 -1.012444773246075 0.3999999999999986
    endloop
  endfacet
  facet normal 0 0 -1
    outer loop
      vertex 16.664723819589916 -0.33629669484372693 0.3999999999999986
      vertex 17.17789523111979 -0.23422055450475865 0.3999999999999986
      vertex 17.26926356567383 -0.928231957466426 0.3999999999999986
    endloop
  endfacet
  facet normal 0 0 -1
    outer loop
      vertex 16.664723819589916 -0.33629669484372693 0.3999999999999986
      vertex 17.26926356567383 -0.928231957466426 0.3999999999999986
      vertex 16.84589715116168 -1.012444773246075 0.3999999999999986
    endloop
  endfacet
  facet normal 0.19509032201612853 -0.9807852804032303 0
    outer loop
      vertex 16.664723819589916 -0.33629669484372693 0.3999999999999986
      vertex 16.664723819589916 -0.33629669484372693 0.17957506229173603
      vertex 17.17789523111979 -0.23422055450475865 0.3999999999999986
    endloop
  endfacet
  facet normal 0 0 -1
    outer loop
      vertex 16.16926627053964 -0.5044818699548532 0.3999999999999986
      vertex 16.84589715116168 -1.012444773246075 0.3999999999999986
      vertex 16.437144673195203 -1.151197542712754 0.3999999999999986
    endloop
  endfacet
  facet normal 0 0 -1
    outer loop
      vertex 17.17789523111979 -0.23422055450475865 0.3999999999999986
      vertex 17.7 -0.9000000000000004 0.3999999999999986
      vertex 17.26926356567383 -0.928231957466426 0.3999999999999986
    endloop
  endfacet
  facet normal 0 0 -1
    outer loop
      vertex 17.17789523111979 -0.23422055450475865 0.3999999999999986
      vertex 17.7 -0.20000000000000018 0.3999999999999986
      vertex 17.7 -0.9000000000000004 0.3999999999999986
    endloop
  endfacet
  facet normal 0.5555702330196026 -0.8314696123025449 0
    outer loop
      vertex 15.7 -0.7358983848622458 0.3999999999999986
      vertex 15.264954283965118 -1.0265866388350595 0.03644841718147518
      vertex 15.7 -0.7358983848622458 0.07471825183631609
    endloop
  endfacet
  facet normal 0.44228869021899975 -0.896872741532689 0
    outer loop
      vertex 15.7 -0.7358983848622458 0.3999999999999986
      vertex 15.7 -0.7358983848622458 0.07471825183631609
      vertex 15.73297135503742 -0.7196387119354872 0.07685887838707828
    endloop
  endfacet
  facet normal 0.5555702330196026 -0.8314696123025449 0
    outer loop
      vertex 15.264954283965118 -1.0265866388350595 0.3999999999999986
      vertex 15.264954283965118 -1.0265866388350595 0.03644841718147518
      vertex 15.7 -0.7358983848622458 0.3999999999999986
    endloop
  endfacet
  facet normal 0.44228869021900113 -0.8968727415326884 0
    outer loop
      vertex 16.16926627053964 -0.5044818699548532 0.3999999999999986
      vertex 15.73297135503742 -0.7196387119354872 0.07685887838707828
      vertex 16.16926627053964 -0.5044818699548532 0.13450998044181972
    endloop
  endfacet
  facet normal 0.32143946530316214 -0.9469301294951055 0
    outer loop
      vertex 16.664723819589916 -0.33629669484372693 0.3999999999999986
      vertex 16.16926627053964 -0.5044818699548532 0.13450998044181972
      vertex 16.664723819589916 -0.33629669484372693 0.17957506229173603
    endloop
  endfacet
  facet normal 0 0 -1
    outer loop
      vertex 14.004481869954851 -2.669266270539641 0.3999999999999986
      vertex 14.004481869954851 -5.7307337294603595 0.3999999999999986
      vertex 13.836296694843726 -3.164723819589917 0.3999999999999986
    endloop
  endfacet
  facet normal 0 0 -1
    outer loop
      vertex 13.836296694843726 -3.164723819589917 0.3999999999999986
      vertex 13.836296694843726 -5.235276180410083 0.3999999999999986
      vertex 13.734220554504757 -3.677895231119794 0.3999999999999986
    endloop
  endfacet
  facet normal 0 0 -1
    outer loop
      vertex 13.734220554504757 -3.677895231119794 0.3999999999999986
      vertex 13.734220554504757 -4.7221047688802065 0.3999999999999986
      vertex 13.7 -4.2 0.3999999999999986
    endloop
  endfacet
  facet normal 0 0 -1
    outer loop
      vertex 13.734220554504757 -3.677895231119794 0.3999999999999986
      vertex 13.836296694843726 -5.235276180410083 0.3999999999999986
      vertex 13.734220554504757 -4.7221047688802065 0.3999999999999986
    endloop
  endfacet
  facet normal 0 0 -1
    outer loop
      vertex 13.836296694843726 -3.164723819589917 0.3999999999999986
      vertex 14.004481869954851 -5.7307337294603595 0.3999999999999986
      vertex 13.836296694843726 -5.235276180410083 0.3999999999999986
    endloop
  endfacet
  facet normal 0 0 -1
    outer loop
      vertex 14.235898384862246 -2.2 0.3999999999999986
      vertex 14.651197542712753 -2.937144673195204 0.3999999999999986
      vertex 14.512444773246074 -3.3458971511616817 0.3999999999999986
    endloop
  endfacet
  facet normal 0 0 -1
    outer loop
      vertex 14.235898384862246 -2.2 0.3999999999999986
      vertex 14.512444773246074 -3.3458971511616817 0.3999999999999986
      vertex 14.428231957466425 -3.76926356567383 0.3999999999999986
    endloop
  endfacet
  facet normal 0 0 -1
    outer loop
      vertex 14.235898384862246 -2.2 0.3999999999999986
      vertex 14.428231957466425 -3.76926356567383 0.3999999999999986
      vertex 14.399999999999999 -4.2 0.3999999999999986
    endloop
  endfacet
  facet normal 0 0 -1
    outer loop
      vertex 14.235898384862246 -2.2 0.3999999999999986
      vertex 14.235898384862246 -6.2 0.3999999999999986
      vertex 14.004481869954851 -2.669266270539641 0.3999999999999986
    endloop
  endfacet
  facet normal 0 0 -1
    outer loop
      vertex 14.235898384862246 -2.2 0.3999999999999986
      vertex 14.399999999999999 -4.2 0.3999999999999986
      vertex 14.52658663883506 -6.635045716034883 0.3999999999999986
    endloop
  endfacet
  facet normal 0.9469301294951064 -0.32143946530315937 0
    outer loop
      vertex 14.004481869954851 -2.669266270539641 0.3999999999999986
      vertex 13.836296694843726 -3.164723819589917 0.3999999999999986
      vertex 13.836296694843726 -3.164723819589917 0.008564307045585196
    endloop
  endfacet
  facet normal 0.9807852804032302 -0.1950903220161295 0
    outer loop
      vertex 13.836296694843726 -3.164723819589917 0.3999999999999986
      vertex 13.734220554504757 -3.677895231119794 0.3999999999999986
      vertex 13.734220554504757 -3.677895231119794 0.008564307045585196
    endloop
  endfacet
  facet normal 0.9469301294951064 -0.32143946530315937 0
    outer loop
      vertex 14.004481869954851 -2.669266270539641 0.3999999999999986
      vertex 13.836296694843726 -3.164723819589917 0.008564307045585196
      vertex 14.004481869954851 -2.669266270539641 0.008564307045585196
    endloop
  endfacet
  facet normal 0.9807852804032302 -0.1950903220161295 0
    outer loop
      vertex 13.836296694843726 -3.164723819589917 0.3999999999999986
      vertex 13.734220554504757 -3.677895231119794 0.008564307045585196
      vertex 13.836296694843726 -3.164723819589917 0.008564307045585196
    endloop
  endfacet
  facet normal 0.9978589232386036 -0.06540312923014245 0
    outer loop
      vertex 13.734220554504757 -3.677895231119794 0.3999999999999986
      vertex 13.7 -4.2 0.3999999999999986
      vertex 13.7 -4.2 0.008564307045585196
    endloop
  endfacet
  facet normal 0.9978589232386036 0.06540312923014245 0
    outer loop
      vertex 13.7 -4.2 0.3999999999999986
      vertex 13.734220554504757 -4.7221047688802065 0.3999999999999986
      vertex 13.734220554504757 -4.7221047688802065 0.008564307045585196
    endloop
  endfacet
  facet normal 0.9978589232386036 -0.06540312923014245 0
    outer loop
      vertex 13.734220554504757 -3.677895231119794 0.3999999999999986
      vertex 13.7 -4.2 0.008564307045585196
      vertex 13.734220554504757 -3.677895231119794 0.008564307045585196
    endloop
  endfacet
  facet normal 0.9978589232386036 0.06540312923014245 0
    outer loop
      vertex 13.7 -4.2 0.3999999999999986
      vertex 13.734220554504757 -4.7221047688802065 0.008564307045585196
      vertex 13.7 -4.2 0.008564307045585196
    endloop
  endfacet
  facet normal 0 0 -1
    outer loop
      vertex 14.004481869954851 -2.669266270539641 0.3999999999999986
      vertex 14.235898384862246 -6.2 0.3999999999999986
      vertex 14.004481869954851 -5.7307337294603595 0.3999999999999986
    endloop
  endfacet
  facet normal 0 0 -1
    outer loop
      vertex 14.235898384862246 -2.2 0.3999999999999986
      vertex 14.52658663883506 -6.635045716034883 0.3999999999999986
      vertex 14.235898384862246 -6.2 0.3999999999999986
    endloop
  endfacet
  facet normal 0 0 -1
    outer loop
      vertex 14.399999999999999 -4.2 0.3999999999999986
      vertex 14.428231957466425 -4.63073643432617 0.3999999999999986
      vertex 14.52658663883506 -6.635045716034883 0.3999999999999986
    endloop
  endfacet
  facet normal 0 0 -1
    outer loop
      vertex 14.428231957466425 -4.63073643432617 0.3999999999999986
      vertex 14.512444773246074 -5.054102848838319 0.3999999999999986
      vertex 14.52658663883506 -6.635045716034883 0.3999999999999986
    endloop
  endfacet
  facet normal 0 0 -1
    outer loop
      vertex 14.512444773246074 -5.054102848838319 0.3999999999999986
      vertex 14.651197542712753 -5.462855326804796 0.3999999999999986
      vertex 14.52658663883506 -6.635045716034883 0.3999999999999986
    endloop
  endfacet
  facet normal 0 0 -1
    outer loop
      vertex 14.651197542712753 -5.462855326804796 0.3999999999999986
      vertex 14.842116167511353 -5.85 0.3999999999999986
      vertex 14.87157287525381 -7.028427124746191 0.3999999999999986
    endloop
  endfacet
  facet normal 0 0 -1
    outer loop
      vertex 14.651197542712753 -5.462855326804796 0.3999999999999986
      vertex 14.87157287525381 -7.028427124746191 0.3999999999999986
      vertex 14.52658663883506 -6.635045716034883 0.3999999999999986
    endloop
  endfacet
  facet normal 0 0 -1
    outer loop
      vertex 14.842116167511353 -5.85 0.3999999999999986
      vertex 15.081933977038924 -6.208912715728778 0.3999999999999986
      vertex 14.87157287525381 -7.028427124746191 0.3999999999999986
    endloop
  endfacet
  facet normal 0 0 -1
    outer loop
      vertex 15.081933977038924 -6.208912715728778 0.3999999999999986
      vertex 15.366547622084394 -6.533452377915607 0.3999999999999986
      vertex 15.264954283965118 -7.373413361164941 0.3999999999999986
    endloop
  endfacet
  facet normal 0 0 -1
    outer loop
      vertex 15.081933977038924 -6.208912715728778 0.3999999999999986
      vertex 15.264954283965118 -7.373413361164941 0.3999999999999986
      vertex 14.87157287525381 -7.028427124746191 0.3999999999999986
    endloop
  endfacet
  facet normal 0.9807852804032302 0.1950903220161295 0
    outer loop
      vertex 13.734220554504757 -4.7221047688802065 0.3999999999999986
      vertex 13.836296694843726 -5.235276180410083 0.3999999999999986
      vertex 13.836296694843726 -5.235276180410083 0.008564307045585196
    endloop
  endfacet
  facet normal 0.9469301294951064 0.32143946530315937 0
    outer loop
      vertex 13.836296694843726 -5.235276180410083 0.3999999999999986
      vertex 14.004481869954851 -5.7307337294603595 0.3999999999999986
      vertex 14.004481869954851 -5.7307337294603595 0.008564307045585196
    endloop
  endfacet
  facet normal 0.9807852804032302 0.1950903220161295 0
    outer loop
      vertex 13.734220554504757 -4.7221047688802065 0.3999999999999986
      vertex 13.836296694843726 -5.235276180410083 0.008564307045585196
      vertex 13.734220554504757 -4.7221047688802065 0.008564307045585196
    endloop
  endfacet
  facet normal 0.9469301294951064 0.32143946530315937 0
    outer loop
      vertex 13.836296694843726 -5.235276180410083 0.3999999999999986
      vertex 14.004481869954851 -5.7307337294603595 0.008564307045585196
      vertex 13.836296694843726 -5.235276180410083 0.008564307045585196
    endloop
  endfacet
  facet normal 0.8968727415326867 0.4422886902190044 0
    outer loop
      vertex 14.004481869954851 -5.7307337294603595 0.3999999999999986
      vertex 14.235898384862246 -6.2 0.008564307045585196
      vertex 14.004481869954851 -5.7307337294603595 0.008564307045585196
    endloop
  endfacet
  facet normal 0.8968727415326867 0.4422886902190044 0
    outer loop
      vertex 14.004481869954851 -5.7307337294603595 0.3999999999999986
      vertex 14.235898384862246 -6.2 0.3999999999999986
      vertex 14.235898384862246 -6.2 0.008564307045585196
    endloop
  endfacet
  facet normal 0.8314696123025455 0.5555702330196018 0
    outer loop
      vertex 14.235898384862246 -6.2 0.3999999999999986
      vertex 14.52658663883506 -6.635045716034883 0.3999999999999986
      vertex 14.52658663883506 -6.635045716034883 0.008564307045585196
    endloop
  endfacet
  facet normal 0.7518398074789785 0.6593458151000675 0
    outer loop
      vertex 14.52658663883506 -6.635045716034883 0.3999999999999986
      vertex 14.87157287525381 -7.028427124746191 0.3999999999999986
      vertex 14.87157287525381 -7.028427124746191 0.008564307045585196
    endloop
  endfacet
  facet normal 0.8314696123025455 0.5555702330196018 0
    outer loop
      vertex 14.235898384862246 -6.2 0.3999999999999986
      vertex 14.52658663883506 -6.635045716034883 0.008564307045585196
      vertex 14.235898384862246 -6.2 0.008564307045585196
    endloop
  endfacet
  facet normal 0.7518398074789785 0.6593458151000675 0
    outer loop
      vertex 14.52658663883506 -6.635045716034883 0.3999999999999986
      vertex 14.87157287525381 -7.028427124746191 0.008564307045585196
      vertex 14.52658663883506 -6.635045716034883 0.008564307045585196
    endloop
  endfacet
  facet normal 0 0 -1
    outer loop
      vertex 15.366547622084394 -6.533452377915607 0.3999999999999986
      vertex 15.691087284271221 -6.8180660229610766 0.3999999999999986
      vertex 15.7 -7.664101615137755 0.3999999999999986
    endloop
  endfacet
  facet normal 0.6593458151000675 0.7518398074789785 0
    outer loop
      vertex 14.87157287525381 -7.028427124746191 0.3999999999999986
      vertex 15.264954283965118 -7.373413361164941 0.3999999999999986
      vertex 15.264954283965118 -7.373413361164941 0.008564307045585196
    endloop
  endfacet
  facet normal 0.6593458151000675 0.7518398074789785 0
    outer loop
      vertex 14.87157287525381 -7.028427124746191 0.3999999999999986
      vertex 15.264954283965118 -7.373413361164941 0.008564307045585196
      vertex 14.87157287525381 -7.028427124746191 0.008564307045585196
    endloop
  endfacet
  facet normal 0 0 -1
    outer loop
      vertex 15.366547622084394 -6.533452377915607 0.3999999999999986
      vertex 15.7 -7.664101615137755 0.3999999999999986
      vertex 15.264954283965118 -7.373413361164941 0.3999999999999986
    endloop
  endfacet
  facet normal 0 0 -1
    outer loop
      vertex 15.691087284271221 -6.8180660229610766 0.3999999999999986
      vertex 16.05 -7.057883832488647 0.3999999999999986
      vertex 15.7 -7.664101615137755 0.3999999999999986
    endloop
  endfacet
  facet normal 0 0 -1
    outer loop
      vertex 16.05 -7.057883832488647 0.3999999999999986
      vertex 16.16926627053964 -7.895518130045147 0.3999999999999986
      vertex 15.7 -7.664101615137755 0.3999999999999986
    endloop
  endfacet
  facet normal 0 0 -1
    outer loop
      vertex 16.05 -7.057883832488647 0.3999999999999986
      vertex 16.437144673195203 -7.248802457287246 0.3999999999999986
      vertex 16.16926627053964 -7.895518130045147 0.3999999999999986
    endloop
  endfacet
  facet normal 0 0 -1
    outer loop
      vertex 16.16926627053964 -7.895518130045147 0.3999999999999986
      vertex 16.437144673195203 -7.248802457287246 0.3999999999999986
      vertex 16.664723819589916 -8.063703305156274 0.3999999999999986
    endloop
  endfacet
  facet normal 0 0 -1
    outer loop
      vertex 16.437144673195203 -7.248802457287246 0.3999999999999986
      vertex 16.84589715116168 -7.387555226753925 0.3999999999999986
      vertex 16.664723819589916 -8.063703305156274 0.3999999999999986
    endloop
  endfacet
  facet normal 0 0 -1
    outer loop
      vertex 16.84589715116168 -7.387555226753925 0.3999999999999986
      vertex 17.17789523111979 -8.165779445495241 0.3999999999999986
      vertex 16.664723819589916 -8.063703305156274 0.3999999999999986
    endloop
  endfacet
  facet normal 0 0 -1
    outer loop
      vertex 16.84589715116168 -7.387555226753925 0.3999999999999986
      vertex 17.26926356567383 -7.471768042533574 0.3999999999999986
      vertex 17.17789523111979 -8.165779445495241 0.3999999999999986
    endloop
  endfacet
  facet normal 0 0 -1
    outer loop
      vertex 17.26926356567383 -7.471768042533574 0.3999999999999986
      vertex 17.7 -8.2 0.3999999999999986
      vertex 17.17789523111979 -8.165779445495241 0.3999999999999986
    endloop
  endfacet
  facet normal 0 0 -1
    outer loop
      vertex 17.26926356567383 -7.471768042533574 0.3999999999999986
      vertex 17.7 -7.5 0.3999999999999986
      vertex 17.7 -8.2 0.3999999999999986
    endloop
  endfacet
  facet normal 0.5555702330196027 0.8314696123025449 0
    outer loop
      vertex 15.264954283965118 -7.373413361164941 0.3999999999999986
      vertex 15.7 -7.664101615137755 0.3999999999999986
      vertex 15.7 -7.664101615137755 0.008564307045585196
    endloop
  endfacet
  facet normal 0.442288690219001 0.8968727415326885 0
    outer loop
      vertex 15.7 -7.664101615137755 0.3999999999999986
      vertex 16.16926627053964 -7.895518130045147 0.3999999999999986
      vertex 16.16926627053964 -7.895518130045147 0.008564307045585196
    endloop
  endfacet
  facet normal 0.5555702330196027 0.8314696123025449 0
    outer loop
      vertex 15.264954283965118 -7.373413361164941 0.3999999999999986
      vertex 15.7 -7.664101615137755 0.008564307045585196
      vertex 15.264954283965118 -7.373413361164941 0.008564307045585196
    endloop
  endfacet
  facet normal 0.442288690219001 0.8968727415326885 0
    outer loop
      vertex 15.7 -7.664101615137755 0.3999999999999986
      vertex 16.16926627053964 -7.895518130045147 0.008564307045585196
      vertex 15.7 -7.664101615137755 0.008564307045585196
    endloop
  endfacet
  facet normal 0.321439465303163 0.9469301294951052 0
    outer loop
      vertex 16.16926627053964 -7.895518130045147 0.3999999999999986
      vertex 16.664723819589916 -8.063703305156274 0.008564307045585196
      vertex 16.16926627053964 -7.895518130045147 0.008564307045585196
    endloop
  endfacet
  facet normal 0.321439465303163 0.9469301294951052 0
    outer loop
      vertex 16.16926627053964 -7.895518130045147 0.3999999999999986
      vertex 16.664723819589916 -8.063703305156274 0.3999999999999986
      vertex 16.664723819589916 -8.063703305156274 0.008564307045585196
    endloop
  endfacet
  facet normal 0.19509032201612686 0.9807852804032307 0
    outer loop
      vertex 16.664723819589916 -8.063703305156274 0.3999999999999986
      vertex 17.17789523111979 -8.165779445495241 0.3999999999999986
      vertex 17.17789523111979 -8.165779445495241 0.008564307045585196
    endloop
  endfacet
  facet normal 0.19509032201612686 0.9807852804032307 0
    outer loop
      vertex 16.664723819589916 -8.063703305156274 0.3999999999999986
      vertex 17.17789523111979 -8.165779445495241 0.008564307045585196
      vertex 16.664723819589916 -8.063703305156274 0.008564307045585196
    endloop
  endfacet
  facet normal 0.06540312923014223 0.9978589232386036 0
    outer loop
      vertex 17.17789523111979 -8.165779445495241 0.3999999999999986
      vertex 17.7 -8.2 0.3999999999999986
      vertex 17.7 -8.2 0.008564307045585196
    endloop
  endfacet
  facet normal 0.06540312923014223 0.9978589232386036 0
    outer loop
      vertex 17.17789523111979 -8.165779445495241 0.3999999999999986
      vertex 17.7 -8.2 0.008564307045585196
      vertex 17.17789523111979 -8.165779445495241 0.008564307045585196
    endloop
  endfacet
  facet normal -0.06540312923014308 -0.9978589232386035 -2.11939176839472e-16
    outer loop
      vertex 17.7 -0.20000000000000018 0.3999999999999986
      vertex 17.917293047630103 -0.21424213878735365 0.21227948201957858
      vertex 18.222104768880207 -0.23422055450475865 0.3999999999999986
    endloop
  endfacet
  facet normal -0.19509032201612853 -0.9807852804032304 0
    outer loop
      vertex 18.222104768880207 -0.23422055450475865 0.3999999999999986
      vertex 18.222104768880207 -0.23422055450475865 0.20692628166204585
      vertex 18.735276180410082 -0.33629669484372693 0.3999999999999986
    endloop
  endfacet
  facet normal -0.0654031292301429 -0.9978589232386036 0
    outer loop
      vertex 17.7 -0.20000000000000018 0.3999999999999986
      vertex 17.7 -0.20000000000000018 0.21817876906250078
      vertex 17.917293047630103 -0.21424213878735365 0.21227948201957858
    endloop
  endfacet
  facet normal -0.0654031292301432 -0.9978589232386035 0
    outer loop
      vertex 18.222104768880207 -0.23422055450475865 0.3999999999999986
      vertex 17.917293047630103 -0.21424213878735365 0.21227948201957858
      vertex 18.222104768880207 -0.23422055450475865 0.20692628166204585
    endloop
  endfacet
  facet normal 0 0 -1
    outer loop
      vertex 17.7 -0.20000000000000018 0.3999999999999986
      vertex 18.13073643432617 -0.928231957466426 0.3999999999999986
      vertex 17.7 -0.9000000000000004 0.3999999999999986
    endloop
  endfacet
  facet normal 0 0 -1
    outer loop
      vertex 17.7 -0.20000000000000018 0.3999999999999986
      vertex 18.222104768880207 -0.23422055450475865 0.3999999999999986
      vertex 18.13073643432617 -0.928231957466426 0.3999999999999986
    endloop
  endfacet
  facet normal 0 0 -1
    outer loop
      vertex 18.222104768880207 -0.23422055450475865 0.3999999999999986
      vertex 18.55410284883832 -1.012444773246075 0.3999999999999986
      vertex 18.13073643432617 -0.928231957466426 0.3999999999999986
    endloop
  endfacet
  facet normal 0 0 -1
    outer loop
      vertex 18.222104768880207 -0.23422055450475865 0.3999999999999986
      vertex 18.735276180410082 -0.33629669484372693 0.3999999999999986
      vertex 18.55410284883832 -1.012444773246075 0.3999999999999986
    endloop
  endfacet
  facet normal 0 0 -1
    outer loop
      vertex 18.735276180410082 -0.33629669484372693 0.3999999999999986
      vertex 18.962855326804796 -1.151197542712754 0.3999999999999986
      vertex 18.55410284883832 -1.012444773246075 0.3999999999999986
    endloop
  endfacet
  facet normal -0.32143946530316214 -0.9469301294951055 0
    outer loop
      vertex 18.735276180410082 -0.33629669484372693 0.3999999999999986
      vertex 18.735276180410082 -0.33629669484372693 0.17957506229173248
      vertex 19.230733729460358 -0.5044818699548532 0.3999999999999986
    endloop
  endfacet
  facet normal 0 0 -1
    outer loop
      vertex 18.735276180410082 -0.33629669484372693 0.3999999999999986
      vertex 19.230733729460358 -0.5044818699548532 0.3999999999999986
      vertex 18.962855326804796 -1.151197542712754 0.3999999999999986
    endloop
  endfacet
  facet normal -0.442288690219001 -0.8968727415326884 0
    outer loop
      vertex 19.230733729460358 -0.5044818699548532 0.3999999999999986
      vertex 19.230733729460358 -0.5044818699548532 0.13450998044182327
      vertex 19.7 -0.7358983848622458 0.3999999999999986
    endloop
  endfacet
  facet normal 0 0 -1
    outer loop
      vertex 19.230733729460358 -0.5044818699548532 0.3999999999999986
      vertex 19.349999999999998 -1.342116167511353 0.3999999999999986
      vertex 18.962855326804796 -1.151197542712754 0.3999999999999986
    endloop
  endfacet
  facet normal 0 0 -1
    outer loop
      vertex 19.230733729460358 -0.5044818699548532 0.3999999999999986
      vertex 19.7 -0.7358983848622458 0.3999999999999986
      vertex 19.349999999999998 -1.342116167511353 0.3999999999999986
    endloop
  endfacet
  facet normal -0.5555702330196026 -0.8314696123025449 0
    outer loop
      vertex 19.7 -0.7358983848622458 0.3999999999999986
      vertex 19.7 -0.7358983848622458 0.07471825183631609
      vertex 20.13504571603488 -1.0265866388350595 0.3999999999999986
    endloop
  endfacet
  facet normal 0 0 -1
    outer loop
      vertex 19.7 -0.7358983848622458 0.3999999999999986
      vertex 19.70891271572878 -1.5819339770389242 0.3999999999999986
      vertex 19.349999999999998 -1.342116167511353 0.3999999999999986
    endloop
  endfacet
  facet normal 0 0 -1
    outer loop
      vertex 19.7 -0.7358983848622458 0.3999999999999986
      vertex 20.033452377915605 -1.8665476220843935 0.3999999999999986
      vertex 19.70891271572878 -1.5819339770389242 0.3999999999999986
    endloop
  endfacet
  facet normal 0 0 -1
    outer loop
      vertex 19.7 -0.7358983848622458 0.3999999999999986
      vertex 20.13504571603488 -1.0265866388350595 0.3999999999999986
      vertex 20.033452377915605 -1.8665476220843935 0.3999999999999986
    endloop
  endfacet
  facet normal -0.1950903220161285 -0.9807852804032303 0
    outer loop
      vertex 18.735276180410082 -0.33629669484372693 0.3999999999999986
      vertex 18.222104768880207 -0.23422055450475865 0.20692628166204585
      vertex 18.735276180410082 -0.33629669484372693 0.17957506229173248
    endloop
  endfacet
  facet normal -0.3214394653031622 -0.9469301294951055 0
    outer loop
      vertex 19.230733729460358 -0.5044818699548532 0.3999999999999986
      vertex 18.735276180410082 -0.33629669484372693 0.17957506229173248
      vertex 19.230733729460358 -0.5044818699548532 0.13450998044182327
    endloop
  endfacet
  facet normal -0.4422886902190011 -0.8968727415326885 1.7421775298984065e-16
    outer loop
      vertex 19.7 -0.7358983848622458 0.3999999999999986
      vertex 19.230733729460358 -0.5044818699548532 0.13450998044182327
      vertex 19.667028644962578 -0.7196387119354872 0.07685887838707828
    endloop
  endfacet
  facet normal -0.44228869021899975 -0.896872741532689 0
    outer loop
      vertex 19.7 -0.7358983848622458 0.3999999999999986
      vertex 19.667028644962578 -0.7196387119354872 0.07685887838707828
      vertex 19.7 -0.7358983848622458 0.07471825183631609
    endloop
  endfacet
  facet normal -0.5555702330196026 -0.8314696123025449 0
    outer loop
      vertex 20.13504571603488 -1.0265866388350595 0.3999999999999986
      vertex 19.7 -0.7358983848622458 0.07471825183631609
      vertex 20.13504571603488 -1.0265866388350595 0.03644841718147518
    endloop
  endfacet
  facet normal 0 0 -1
    outer loop
      vertex 20.13504571603488 -1.0265866388350595 0.3999999999999986
      vertex 20.52842712474619 -1.3715728752538099 0.3999999999999986
      vertex 20.318066022961077 -2.191087284271222 0.3999999999999986
    endloop
  endfacet
  facet normal 0 0 -1
    outer loop
      vertex 20.13504571603488 -1.0265866388350595 0.3999999999999986
      vertex 20.318066022961077 -2.191087284271222 0.3999999999999986
      vertex 20.033452377915605 -1.8665476220843935 0.3999999999999986
    endloop
  endfacet
  facet normal 0 0 -1
    outer loop
      vertex 20.52842712474619 -1.3715728752538099 0.3999999999999986
      vertex 20.557883832488645 -2.5500000000000003 0.3999999999999986
      vertex 20.318066022961077 -2.191087284271222 0.3999999999999986
    endloop
  endfacet
  facet normal 0 0 -1
    outer loop
      vertex 20.52842712474619 -1.3715728752538099 0.3999999999999986
      vertex 20.87341336116494 -1.7649542839651176 0.3999999999999986
      vertex 20.748802457287244 -2.937144673195204 0.3999999999999986
    endloop
  endfacet
  facet normal 0 0 -1
    outer loop
      vertex 20.52842712474619 -1.3715728752538099 0.3999999999999986
      vertex 20.748802457287244 -2.937144673195204 0.3999999999999986
      vertex 20.557883832488645 -2.5500000000000003 0.3999999999999986
    endloop
  endfacet
  facet normal -0.6593458151000664 -0.7518398074789794 0
    outer loop
      vertex 20.13504571603488 -1.0265866388350595 0.3999999999999986
      vertex 20.13504571603488 -1.0265866388350595 0.03644841718147518
      vertex 20.52842712474619 -1.3715728752538099 0.3999999999999986
    endloop
  endfacet
  facet normal -0.6593458151000682 -0.7518398074789779 3.3803717342743555e-15
    outer loop
      vertex 20.52842712474619 -1.3715728752538099 0.3999999999999986
      vertex 20.13504571603488 -1.0265866388350595 0.03644841718147518
      vertex 20.376558291550968 -1.238387483079428 0.008564307045585196
    endloop
  endfacet
  facet normal -0.6593458151000633 -0.7518398074789824 0
    outer loop
      vertex 20.52842712474619 -1.3715728752538099 0.3999999999999986
      vertex 20.376558291550968 -1.238387483079428 0.008564307045585196
      vertex 20.52842712474619 -1.3715728752538099 0.008564307045585196
    endloop
  endfacet
  facet normal -0.7518398074789797 -0.6593458151000661 0
    outer loop
      vertex 20.52842712474619 -1.3715728752538099 0.3999999999999986
      vertex 20.52842712474619 -1.3715728752538099 0.008564307045585196
      vertex 20.87341336116494 -1.7649542839651176 0.3999999999999986
    endloop
  endfacet
  facet normal -0.8314696123025455 -0.5555702330196018 0
    outer loop
      vertex 20.87341336116494 -1.7649542839651176 0.3999999999999986
      vertex 20.87341336116494 -1.7649542839651176 0.008564307045585196
      vertex 21.164101615137753 -2.2 0.3999999999999986
    endloop
  endfacet
  facet normal -0.8968727415326867 -0.4422886902190044 0
    outer loop
      vertex 21.164101615137753 -2.2 0.3999999999999986
      vertex 21.164101615137753 -2.2 0.008564307045585196
      vertex 21.395518130045147 -2.669266270539641 0.3999999999999986
    endloop
  endfacet
  facet normal -0.7518398074789797 -0.6593458151000661 0
    outer loop
      vertex 20.87341336116494 -1.7649542839651176 0.3999999999999986
      vertex 20.52842712474619 -1.3715728752538099 0.008564307045585196
      vertex 20.87341336116494 -1.7649542839651176 0.008564307045585196
    endloop
  endfacet
  facet normal -0.8314696123025455 -0.5555702330196018 0
    outer loop
      vertex 21.164101615137753 -2.2 0.3999999999999986
      vertex 20.87341336116494 -1.7649542839651176 0.008564307045585196
      vertex 21.164101615137753 -2.2 0.008564307045585196
    endloop
  endfacet
  facet normal -0.8968727415326867 -0.4422886902190044 0
    outer loop
      vertex 21.395518130045147 -2.669266270539641 0.3999999999999986
      vertex 21.164101615137753 -2.2 0.008564307045585196
      vertex 21.395518130045147 -2.669266270539641 0.008564307045585196
    endloop
  endfacet
  facet normal 0 0 -1
    outer loop
      vertex 19.70891271572878 -6.8180660229610766 0.3999999999999986
      vertex 20.033452377915605 -6.533452377915607 0.3999999999999986
      vertex 20.13504571603488 -7.373413361164941 0.3999999999999986
    endloop
  endfacet
  facet normal 0 0 -1
    outer loop
      vertex 20.87341336116494 -1.7649542839651176 0.3999999999999986
      vertex 20.887555226753925 -3.3458971511616817 0.3999999999999986
      vertex 20.748802457287244 -2.937144673195204 0.3999999999999986
    endloop
  endfacet
  facet normal 0 0 -1
    outer loop
      vertex 20.87341336116494 -1.7649542839651176 0.3999999999999986
      vertex 20.971768042533572 -3.76926356567383 0.3999999999999986
      vertex 20.887555226753925 -3.3458971511616817 0.3999999999999986
    endloop
  endfacet
  facet normal 0 0 -1
    outer loop
      vertex 20.87341336116494 -1.7649542839651176 0.3999999999999986
      vertex 21 -4.2 0.3999999999999986
      vertex 20.971768042533572 -3.76926356567383 0.3999999999999986
    endloop
  endfacet
  facet normal 0 0 -1
    outer loop
      vertex 20.87341336116494 -1.7649542839651176 0.3999999999999986
      vertex 21.164101615137753 -2.2 0.3999999999999986
      vertex 21.164101615137753 -6.2 0.3999999999999986
    endloop
  endfacet
  facet normal 0 0 -1
    outer loop
      vertex 21.164101615137753 -2.2 0.3999999999999986
      vertex 21.395518130045147 -2.669266270539641 0.3999999999999986
      vertex 21.395518130045147 -5.7307337294603595 0.3999999999999986
    endloop
  endfacet
  facet normal 0 0 -1
    outer loop
      vertex 20.87341336116494 -1.7649542839651176 0.3999999999999986
      vertex 21.164101615137753 -6.2 0.3999999999999986
      vertex 21 -4.2 0.3999999999999986
    endloop
  endfacet
  facet normal 0 0 -1
    outer loop
      vertex 21.164101615137753 -2.2 0.3999999999999986
      vertex 21.395518130045147 -5.7307337294603595 0.3999999999999986
      vertex 21.164101615137753 -6.2 0.3999999999999986
    endloop
  endfacet
  facet normal 0 0 -1
    outer loop
      vertex 21.395518130045147 -2.669266270539641 0.3999999999999986
      vertex 21.563703305156274 -3.164723819589917 0.3999999999999986
      vertex 21.563703305156274 -5.235276180410083 0.3999999999999986
    endloop
  endfacet
  facet normal 0 0 -1
    outer loop
      vertex 21.563703305156274 -3.164723819589917 0.3999999999999986
      vertex 21.66577944549524 -3.677895231119794 0.3999999999999986
      vertex 21.66577944549524 -4.7221047688802065 0.3999999999999986
    endloop
  endfacet
  facet normal 0 0 -1
    outer loop
      vertex 21.66577944549524 -3.677895231119794 0.3999999999999986
      vertex 21.7 -4.2 0.3999999999999986
      vertex 21.66577944549524 -4.7221047688802065 0.3999999999999986
    endloop
  endfacet
  facet normal 0 0 -1
    outer loop
      vertex 21.563703305156274 -3.164723819589917 0.3999999999999986
      vertex 21.66577944549524 -4.7221047688802065 0.3999999999999986
      vertex 21.563703305156274 -5.235276180410083 0.3999999999999986
    endloop
  endfacet
  facet normal 0 0 -1
    outer loop
      vertex 21.395518130045147 -2.669266270539641 0.3999999999999986
      vertex 21.563703305156274 -5.235276180410083 0.3999999999999986
      vertex 21.395518130045147 -5.7307337294603595 0.3999999999999986
    endloop
  endfacet
  facet normal -0.9469301294951055 -0.3214394653031624 0
    outer loop
      vertex 21.395518130045147 -2.669266270539641 0.3999999999999986
      vertex 21.395518130045147 -2.669266270539641 0.008564307045585196
      vertex 21.563703305156274 -3.164723819589917 0.3999999999999986
    endloop
  endfacet
  facet normal -0.9807852804032315 -0.19509032201612297 0
    outer loop
      vertex 21.563703305156274 -3.164723819589917 0.3999999999999986
      vertex 21.563703305156274 -3.164723819589917 0.008564307045585196
      vertex 21.66577944549524 -3.677895231119794 0.3999999999999986
    endloop
  endfacet
  facet normal -0.9469301294951055 -0.3214394653031624 0
    outer loop
      vertex 21.563703305156274 -3.164723819589917 0.3999999999999986
      vertex 21.395518130045147 -2.669266270539641 0.008564307045585196
      vertex 21.563703305156274 -3.164723819589917 0.008564307045585196
    endloop
  endfacet
  facet normal -0.9807852804032315 -0.19509032201612297 0
    outer loop
      vertex 21.66577944549524 -3.677895231119794 0.3999999999999986
      vertex 21.563703305156274 -3.164723819589917 0.008564307045585196
      vertex 21.66577944549524 -3.677895231119794 0.008564307045585196
    endloop
  endfacet
  facet normal -0.9978589232386033 -0.06540312923014582 0
    outer loop
      vertex 21.66577944549524 -3.677895231119794 0.3999999999999986
      vertex 21.66577944549524 -3.677895231119794 0.008564307045585196
      vertex 21.7 -4.2 0.3999999999999986
    endloop
  endfacet
  facet normal -0.9978589232386033 0.06540312923014582 0
    outer loop
      vertex 21.7 -4.2 0.3999999999999986
      vertex 21.7 -4.2 0.008564307045585196
      vertex 21.66577944549524 -4.7221047688802065 0.3999999999999986
    endloop
  endfacet
  facet normal -0.9978589232386033 -0.06540312923014582 0
    outer loop
      vertex 21.7 -4.2 0.3999999999999986
      vertex 21.66577944549524 -3.677895231119794 0.008564307045585196
      vertex 21.7 -4.2 0.008564307045585196
    endloop
  endfacet
  facet normal -0.9978589232386033 0.06540312923014582 0
    outer loop
      vertex 21.66577944549524 -4.7221047688802065 0.3999999999999986
      vertex 21.7 -4.2 0.008564307045585196
      vertex 21.66577944549524 -4.7221047688802065 0.008564307045585196
    endloop
  endfacet
  facet normal 0 0 -1
    outer loop
      vertex 21 -4.2 0.3999999999999986
      vertex 21.164101615137753 -6.2 0.3999999999999986
      vertex 20.971768042533572 -4.63073643432617 0.3999999999999986
    endloop
  endfacet
  facet normal 0 0 -1
    outer loop
      vertex 20.971768042533572 -4.63073643432617 0.3999999999999986
      vertex 21.164101615137753 -6.2 0.3999999999999986
      vertex 20.887555226753925 -5.054102848838319 0.3999999999999986
    endloop
  endfacet
  facet normal 0 0 -1
    outer loop
      vertex 20.887555226753925 -5.054102848838319 0.3999999999999986
      vertex 21.164101615137753 -6.2 0.3999999999999986
      vertex 20.748802457287244 -5.462855326804796 0.3999999999999986
    endloop
  endfacet
  facet normal 0 0 -1
    outer loop
      vertex 20.748802457287244 -5.462855326804796 0.3999999999999986
      vertex 20.87341336116494 -6.635045716034883 0.3999999999999986
      vertex 20.557883832488645 -5.85 0.3999999999999986
    endloop
  endfacet
  facet normal 0 0 -1
    outer loop
      vertex 20.557883832488645 -5.85 0.3999999999999986
      vertex 20.87341336116494 -6.635045716034883 0.3999999999999986
      vertex 20.318066022961077 -6.208912715728778 0.3999999999999986
    endloop
  endfacet
  facet normal 0 0 -1
    outer loop
      vertex 20.318066022961077 -6.208912715728778 0.3999999999999986
      vertex 20.52842712474619 -7.028427124746191 0.3999999999999986
      vertex 20.033452377915605 -6.533452377915607 0.3999999999999986
    endloop
  endfacet
  facet normal 0 0 -1
    outer loop
      vertex 20.033452377915605 -6.533452377915607 0.3999999999999986
      vertex 20.52842712474619 -7.028427124746191 0.3999999999999986
      vertex 20.13504571603488 -7.373413361164941 0.3999999999999986
    endloop
  endfacet
  facet normal 0 0 -1
    outer loop
      vertex 20.318066022961077 -6.208912715728778 0.3999999999999986
      vertex 20.87341336116494 -6.635045716034883 0.3999999999999986
      vertex 20.52842712474619 -7.028427124746191 0.3999999999999986
    endloop
  endfacet
  facet normal 0 0 -1
    outer loop
      vertex 20.748802457287244 -5.462855326804796 0.3999999999999986
      vertex 21.164101615137753 -6.2 0.3999999999999986
      vertex 20.87341336116494 -6.635045716034883 0.3999999999999986
    endloop
  endfacet
  facet normal -0.8968727415326867 0.4422886902190044 0
    outer loop
      vertex 21.395518130045147 -5.7307337294603595 0.3999999999999986
      vertex 21.395518130045147 -5.7307337294603595 0.008564307045585196
      vertex 21.164101615137753 -6.2 0.3999999999999986
    endloop
  endfacet
  facet normal -0.7518398074789802 0.6593458151000656 0
    outer loop
      vertex 20.52842712474619 -7.028427124746191 0.3999999999999986
      vertex 20.87341336116494 -6.635045716034883 0.3999999999999986
      vertex 20.87341336116494 -6.635045716034883 0.008564307045585196
    endloop
  endfacet
  facet normal -0.8314696123025455 0.5555702330196018 0
    outer loop
      vertex 21.164101615137753 -6.2 0.3999999999999986
      vertex 21.164101615137753 -6.2 0.008564307045585196
      vertex 20.87341336116494 -6.635045716034883 0.3999999999999986
    endloop
  endfacet
  facet normal -0.7518398074789802 0.6593458151000656 0
    outer loop
      vertex 20.52842712474619 -7.028427124746191 0.3999999999999986
      vertex 20.87341336116494 -6.635045716034883 0.008564307045585196
      vertex 20.52842712474619 -7.028427124746191 0.008564307045585196
    endloop
  endfacet
  facet normal -0.8968727415326867 0.4422886902190044 0
    outer loop
      vertex 21.164101615137753 -6.2 0.3999999999999986
      vertex 21.395518130045147 -5.7307337294603595 0.008564307045585196
      vertex 21.164101615137753 -6.2 0.008564307045585196
    endloop
  endfacet
  facet normal -0.8314696123025455 0.5555702330196018 0
    outer loop
      vertex 20.87341336116494 -6.635045716034883 0.3999999999999986
      vertex 21.164101615137753 -6.2 0.008564307045585196
      vertex 20.87341336116494 -6.635045716034883 0.008564307045585196
    endloop
  endfacet
  facet normal -0.9807852804032315 0.19509032201612297 0
    outer loop
      vertex 21.66577944549524 -4.7221047688802065 0.3999999999999986
      vertex 21.66577944549524 -4.7221047688802065 0.008564307045585196
      vertex 21.563703305156274 -5.235276180410083 0.3999999999999986
    endloop
  endfacet
  facet normal -0.9469301294951055 0.3214394653031624 0
    outer loop
      vertex 21.563703305156274 -5.235276180410083 0.3999999999999986
      vertex 21.563703305156274 -5.235276180410083 0.008564307045585196
      vertex 21.395518130045147 -5.7307337294603595 0.3999999999999986
    endloop
  endfacet
  facet normal -0.9807852804032315 0.19509032201612297 0
    outer loop
      vertex 21.563703305156274 -5.235276180410083 0.3999999999999986
      vertex 21.66577944549524 -4.7221047688802065 0.008564307045585196
      vertex 21.563703305156274 -5.235276180410083 0.008564307045585196
    endloop
  endfacet
  facet normal -0.9469301294951055 0.3214394653031624 0
    outer loop
      vertex 21.395518130045147 -5.7307337294603595 0.3999999999999986
      vertex 21.563703305156274 -5.235276180410083 0.008564307045585196
      vertex 21.395518130045147 -5.7307337294603595 0.008564307045585196
    endloop
  endfacet
  facet normal 0 0 -1
    outer loop
      vertex 17.7 -7.5 0.3999999999999986
      vertex 18.222104768880207 -8.165779445495241 0.3999999999999986
      vertex 17.7 -8.2 0.3999999999999986
    endloop
  endfacet
  facet normal 0 0 -1
    outer loop
      vertex 17.7 -7.5 0.3999999999999986
      vertex 18.13073643432617 -7.471768042533574 0.3999999999999986
      vertex 18.222104768880207 -8.165779445495241 0.3999999999999986
    endloop
  endfacet
  facet normal 0 0 -1
    outer loop
      vertex 18.55410284883832 -7.387555226753925 0.3999999999999986
      vertex 18.962855326804796 -7.248802457287246 0.3999999999999986
      vertex 19.230733729460358 -7.895518130045147 0.3999999999999986
    endloop
  endfacet
  facet normal 0 0 -1
    outer loop
      vertex 18.13073643432617 -7.471768042533574 0.3999999999999986
      vertex 18.55410284883832 -7.387555226753925 0.3999999999999986
      vertex 18.735276180410082 -8.063703305156274 0.3999999999999986
    endloop
  endfacet
  facet normal 0 0 -1
    outer loop
      vertex 18.13073643432617 -7.471768042533574 0.3999999999999986
      vertex 18.735276180410082 -8.063703305156274 0.3999999999999986
      vertex 18.222104768880207 -8.165779445495241 0.3999999999999986
    endloop
  endfacet
  facet normal 0 0 -1
    outer loop
      vertex 18.55410284883832 -7.387555226753925 0.3999999999999986
      vertex 19.230733729460358 -7.895518130045147 0.3999999999999986
      vertex 18.735276180410082 -8.063703305156274 0.3999999999999986
    endloop
  endfacet
  facet normal 0 0 -1
    outer loop
      vertex 18.962855326804796 -7.248802457287246 0.3999999999999986
      vertex 19.349999999999998 -7.057883832488647 0.3999999999999986
      vertex 19.7 -7.664101615137755 0.3999999999999986
    endloop
  endfacet
  facet normal 0 0 -1
    outer loop
      vertex 18.962855326804796 -7.248802457287246 0.3999999999999986
      vertex 19.7 -7.664101615137755 0.3999999999999986
      vertex 19.230733729460358 -7.895518130045147 0.3999999999999986
    endloop
  endfacet
  facet normal 0 0 -1
    outer loop
      vertex 19.349999999999998 -7.057883832488647 0.3999999999999986
      vertex 19.70891271572878 -6.8180660229610766 0.3999999999999986
      vertex 20.13504571603488 -7.373413361164941 0.3999999999999986
    endloop
  endfacet
  facet normal 0 0 -1
    outer loop
      vertex 19.349999999999998 -7.057883832488647 0.3999999999999986
      vertex 20.13504571603488 -7.373413361164941 0.3999999999999986
      vertex 19.7 -7.664101615137755 0.3999999999999986
    endloop
  endfacet
  facet normal -0.19509032201612686 0.9807852804032307 0
    outer loop
      vertex 18.222104768880207 -8.165779445495241 0.3999999999999986
      vertex 18.735276180410082 -8.063703305156274 0.3999999999999986
      vertex 18.735276180410082 -8.063703305156274 0.008564307045585196
    endloop
  endfacet
  facet normal -0.19509032201612686 0.9807852804032307 0
    outer loop
      vertex 18.222104768880207 -8.165779445495241 0.3999999999999986
      vertex 18.735276180410082 -8.063703305156274 0.008564307045585196
      vertex 18.222104768880207 -8.165779445495241 0.008564307045585196
    endloop
  endfacet
  facet normal -0.321439465303163 0.9469301294951052 0
    outer loop
      vertex 18.735276180410082 -8.063703305156274 0.3999999999999986
      vertex 19.230733729460358 -7.895518130045147 0.008564307045585196
      vertex 18.735276180410082 -8.063703305156274 0.008564307045585196
    endloop
  endfacet
  facet normal -0.06540312923014223 0.9978589232386036 0
    outer loop
      vertex 17.7 -8.2 0.3999999999999986
      vertex 18.222104768880207 -8.165779445495241 0.3999999999999986
      vertex 18.222104768880207 -8.165779445495241 0.008564307045585196
    endloop
  endfacet
  facet normal -0.06540312923014223 0.9978589232386036 0
    outer loop
      vertex 17.7 -8.2 0.3999999999999986
      vertex 18.222104768880207 -8.165779445495241 0.008564307045585196
      vertex 17.7 -8.2 0.008564307045585196
    endloop
  endfacet
  facet normal -0.321439465303163 0.9469301294951052 0
    outer loop
      vertex 18.735276180410082 -8.063703305156274 0.3999999999999986
      vertex 19.230733729460358 -7.895518130045147 0.3999999999999986
      vertex 19.230733729460358 -7.895518130045147 0.008564307045585196
    endloop
  endfacet
  facet normal -0.5555702330196027 0.8314696123025449 0
    outer loop
      vertex 19.7 -7.664101615137755 0.3999999999999986
      vertex 20.13504571603488 -7.373413361164941 0.3999999999999986
      vertex 20.13504571603488 -7.373413361164941 0.008564307045585196
    endloop
  endfacet
  facet normal -0.442288690219001 0.8968727415326885 0
    outer loop
      vertex 19.7 -7.664101615137755 0.3999999999999986
      vertex 19.7 -7.664101615137755 0.008564307045585196
      vertex 19.230733729460358 -7.895518130045147 0.3999999999999986
    endloop
  endfacet
  facet normal -0.442288690219001 0.8968727415326885 0
    outer loop
      vertex 19.230733729460358 -7.895518130045147 0.3999999999999986
      vertex 19.7 -7.664101615137755 0.008564307045585196
      vertex 19.230733729460358 -7.895518130045147 0.008564307045585196
    endloop
  endfacet
  facet normal -0.5555702330196027 0.8314696123025449 0
    outer loop
      vertex 19.7 -7.664101615137755 0.3999999999999986
      vertex 20.13504571603488 -7.373413361164941 0.008564307045585196
      vertex 19.7 -7.664101615137755 0.008564307045585196
    endloop
  endfacet
  facet normal -0.659345815100066 0.75183980747898 0
    outer loop
      vertex 20.13504571603488 -7.373413361164941 0.3999999999999986
      vertex 20.52842712474619 -7.028427124746191 0.3999999999999986
      vertex 20.52842712474619 -7.028427124746191 0.008564307045585196
    endloop
  endfacet
  facet normal -0.659345815100066 0.75183980747898 0
    outer loop
      vertex 20.13504571603488 -7.373413361164941 0.3999999999999986
      vertex 20.52842712474619 -7.028427124746191 0.008564307045585196
      vertex 20.13504571603488 -7.373413361164941 0.008564307045585196
    endloop
  endfacet
  facet normal -0.8314696123025461 0.555570233019601 0
    outer loop
      vertex 15.081933977038924 -2.191087284271222 0.3999999999999986
      vertex 15.081933977038924 -2.191087284271222 0.008564307045585196
      vertex 14.842116167511353 -2.5500000000000003 0.3999999999999986
    endloop
  endfacet
  facet normal -0.8314696123025461 0.555570233019601 0
    outer loop
      vertex 14.842116167511353 -2.5500000000000003 0.3999999999999986
      vertex 15.081933977038924 -2.191087284271222 0.008564307045585196
      vertex 14.842116167511353 -2.5500000000000003 0.008564307045585196
    endloop
  endfacet
  facet normal -0.7518398074789767 0.6593458151000696 0
    outer loop
      vertex 15.081933977038924 -2.191087284271222 0.3999999999999986
      vertex 15.366547622084394 -1.8665476220843935 0.008564307045585196
      vertex 15.081933977038924 -2.191087284271222 0.008564307045585196
    endloop
  endfacet
  facet normal -0.44228869021900336 0.8968727415326871 0
    outer loop
      vertex 16.05 -1.342116167511353 0.3999999999999986
      vertex 16.437144673195203 -1.151197542712754 0.3999999999999986
      vertex 16.437144673195203 -1.151197542712754 0.020043080459352325
    endloop
  endfacet
  facet normal -0.44228869021900147 0.8968727415326881 0
    outer loop
      vertex 16.05 -1.342116167511353 0.3999999999999986
      vertex 16.260340964260187 -1.238387483079428 0.008564307045585196
      vertex 16.05 -1.342116167511353 0.008564307045585196
    endloop
  endfacet
  facet normal -0.44228869021900546 0.8968727415326861 -2.693629791104946e-15
    outer loop
      vertex 16.05 -1.342116167511353 0.3999999999999986
      vertex 16.437144673195203 -1.151197542712754 0.020043080459352325
      vertex 16.260340964260187 -1.238387483079428 0.008564307045585196
    endloop
  endfacet
  facet normal -0.6593458151000701 0.7518398074789763 0
    outer loop
      vertex 15.691087284271221 -1.5819339770389242 0.3999999999999986
      vertex 15.691087284271221 -1.5819339770389242 0.008564307045585196
      vertex 15.366547622084394 -1.8665476220843935 0.3999999999999986
    endloop
  endfacet
  facet normal -0.7518398074789767 0.6593458151000696 0
    outer loop
      vertex 15.366547622084394 -1.8665476220843935 0.3999999999999986
      vertex 15.366547622084394 -1.8665476220843935 0.008564307045585196
      vertex 15.081933977038924 -2.191087284271222 0.3999999999999986
    endloop
  endfacet
  facet normal -0.5555702330196002 0.8314696123025466 0
    outer loop
      vertex 15.691087284271221 -1.5819339770389242 0.3999999999999986
      vertex 16.05 -1.342116167511353 0.3999999999999986
      vertex 16.05 -1.342116167511353 0.008564307045585196
    endloop
  endfacet
  facet normal -0.6593458151000701 0.7518398074789763 0
    outer loop
      vertex 15.366547622084394 -1.8665476220843935 0.3999999999999986
      vertex 15.691087284271221 -1.5819339770389242 0.008564307045585196
      vertex 15.366547622084394 -1.8665476220843935 0.008564307045585196
    endloop
  endfacet
  facet normal -0.5555702330196002 0.8314696123025466 0
    outer loop
      vertex 15.691087284271221 -1.5819339770389242 0.3999999999999986
      vertex 16.05 -1.342116167511353 0.008564307045585196
      vertex 15.691087284271221 -1.5819339770389242 0.008564307045585196
    endloop
  endfacet
  facet normal -0.3214394653031622 0.9469301294951056 0
    outer loop
      vertex 16.437144673195203 -1.151197542712754 0.3999999999999986
      vertex 16.84589715116168 -1.012444773246075 0.3999999999999986
      vertex 16.84589715116168 -1.012444773246075 0.0383102291068127
    endloop
  endfacet
  facet normal -0.32143946530316214 0.9469301294951055 0
    outer loop
      vertex 16.437144673195203 -1.151197542712754 0.3999999999999986
      vertex 16.84589715116168 -1.012444773246075 0.0383102291068127
      vertex 16.437144673195203 -1.151197542712754 0.020043080459352325
    endloop
  endfacet
  facet normal -0.19509032201612833 0.9807852804032304 0
    outer loop
      vertex 16.84589715116168 -1.012444773246075 0.3999999999999986
      vertex 17.26926356567383 -0.928231957466426 0.049397056633068814
      vertex 16.84589715116168 -1.012444773246075 0.0383102291068127
    endloop
  endfacet
  facet normal -0.19509032201612833 0.9807852804032305 0
    outer loop
      vertex 17.26926356567383 -0.928231957466426 0.3999999999999986
      vertex 17.26926356567383 -0.928231957466426 0.049397056633068814
      vertex 16.84589715116168 -1.012444773246075 0.3999999999999986
    endloop
  endfacet
  facet normal -0.06540312923014284 0.9978589232386036 0
    outer loop
      vertex 17.26926356567383 -0.928231957466426 0.3999999999999986
      vertex 17.7 -0.9000000000000004 0.3999999999999986
      vertex 17.7 -0.9000000000000004 0.05311386434530263
    endloop
  endfacet
  facet normal -0.06540312923014284 0.9978589232386036 0
    outer loop
      vertex 17.26926356567383 -0.928231957466426 0.3999999999999986
      vertex 17.7 -0.9000000000000004 0.05311386434530263
      vertex 17.26926356567383 -0.928231957466426 0.049397056633068814
    endloop
  endfacet
  facet normal -0.9469301294951057 0.32143946530316153 0
    outer loop
      vertex 14.651197542712753 -2.937144673195204 0.3999999999999986
      vertex 14.651197542712753 -2.937144673195204 0.008564307045585196
      vertex 14.512444773246074 -3.3458971511616817 0.3999999999999986
    endloop
  endfacet
  facet normal -0.9807852804032304 0.19509032201612853 0
    outer loop
      vertex 14.428231957466425 -3.76926356567383 0.3999999999999986
      vertex 14.512444773246074 -3.3458971511616817 0.3999999999999986
      vertex 14.512444773246074 -3.3458971511616817 0.008564307045585196
    endloop
  endfacet
  facet normal -0.8968727415326868 0.4422886902190042 0
    outer loop
      vertex 14.842116167511353 -2.5500000000000003 0.3999999999999986
      vertex 14.842116167511353 -2.5500000000000003 0.008564307045585196
      vertex 14.651197542712753 -2.937144673195204 0.3999999999999986
    endloop
  endfacet
  facet normal -0.9469301294951057 0.32143946530316153 0
    outer loop
      vertex 14.512444773246074 -3.3458971511616817 0.3999999999999986
      vertex 14.651197542712753 -2.937144673195204 0.008564307045585196
      vertex 14.512444773246074 -3.3458971511616817 0.008564307045585196
    endloop
  endfacet
  facet normal -0.9807852804032304 0.19509032201612853 0
    outer loop
      vertex 14.428231957466425 -3.76926356567383 0.3999999999999986
      vertex 14.512444773246074 -3.3458971511616817 0.008564307045585196
      vertex 14.428231957466425 -3.76926356567383 0.008564307045585196
    endloop
  endfacet
  facet normal -0.8968727415326868 0.4422886902190042 0
    outer loop
      vertex 14.651197542712753 -2.937144673195204 0.3999999999999986
      vertex 14.842116167511353 -2.5500000000000003 0.008564307045585196
      vertex 14.651197542712753 -2.937144673195204 0.008564307045585196
    endloop
  endfacet
  facet normal -0.9978589232386035 0.065403129230144 0
    outer loop
      vertex 14.428231957466425 -3.76926356567383 0.3999999999999986
      vertex 14.428231957466425 -3.76926356567383 0.008564307045585196
      vertex 14.399999999999999 -4.2 0.3999999999999986
    endloop
  endfacet
  facet normal -0.9978589232386035 -0.065403129230144 0
    outer loop
      vertex 14.399999999999999 -4.2 0.3999999999999986
      vertex 14.399999999999999 -4.2 0.008564307045585196
      vertex 14.428231957466425 -4.63073643432617 0.3999999999999986
    endloop
  endfacet
  facet normal -0.9807852804032305 -0.1950903220161283 0
    outer loop
      vertex 14.428231957466425 -4.63073643432617 0.3999999999999986
      vertex 14.428231957466425 -4.63073643432617 0.008564307045585196
      vertex 14.512444773246074 -5.054102848838319 0.3999999999999986
    endloop
  endfacet
  facet normal -0.9978589232386035 0.065403129230144 0
    outer loop
      vertex 14.399999999999999 -4.2 0.3999999999999986
      vertex 14.428231957466425 -3.76926356567383 0.008564307045585196
      vertex 14.399999999999999 -4.2 0.008564307045585196
    endloop
  endfacet
  facet normal -0.9978589232386035 -0.065403129230144 0
    outer loop
      vertex 14.428231957466425 -4.63073643432617 0.3999999999999986
      vertex 14.399999999999999 -4.2 0.008564307045585196
      vertex 14.428231957466425 -4.63073643432617 0.008564307045585196
    endloop
  endfacet
  facet normal -0.9469301294951055 -0.32143946530316214 0
    outer loop
      vertex 14.512444773246074 -5.054102848838319 0.3999999999999986
      vertex 14.512444773246074 -5.054102848838319 0.008564307045585196
      vertex 14.651197542712753 -5.462855326804796 0.3999999999999986
    endloop
  endfacet
  facet normal -0.8968727415326868 -0.4422886902190042 0
    outer loop
      vertex 14.651197542712753 -5.462855326804796 0.3999999999999986
      vertex 14.651197542712753 -5.462855326804796 0.008564307045585196
      vertex 14.842116167511353 -5.85 0.3999999999999986
    endloop
  endfacet
  facet normal -0.9807852804032305 -0.1950903220161283 0
    outer loop
      vertex 14.512444773246074 -5.054102848838319 0.3999999999999986
      vertex 14.428231957466425 -4.63073643432617 0.008564307045585196
      vertex 14.512444773246074 -5.054102848838319 0.008564307045585196
    endloop
  endfacet
  facet normal -0.9469301294951055 -0.32143946530316214 0
    outer loop
      vertex 14.651197542712753 -5.462855326804796 0.3999999999999986
      vertex 14.512444773246074 -5.054102848838319 0.008564307045585196
      vertex 14.651197542712753 -5.462855326804796 0.008564307045585196
    endloop
  endfacet
  facet normal -0.8968727415326868 -0.4422886902190042 0
    outer loop
      vertex 14.842116167511353 -5.85 0.3999999999999986
      vertex 14.651197542712753 -5.462855326804796 0.008564307045585196
      vertex 14.842116167511353 -5.85 0.008564307045585196
    endloop
  endfacet
  facet normal -0.8314696123025463 -0.5555702330196004 0
    outer loop
      vertex 14.842116167511353 -5.85 0.3999999999999986
      vertex 14.842116167511353 -5.85 0.008564307045585196
      vertex 15.081933977038924 -6.208912715728778 0.3999999999999986
    endloop
  endfacet
  facet normal -0.7518398074789767 -0.6593458151000696 0
    outer loop
      vertex 15.081933977038924 -6.208912715728778 0.3999999999999986
      vertex 15.081933977038924 -6.208912715728778 0.008564307045585196
      vertex 15.366547622084394 -6.533452377915607 0.3999999999999986
    endloop
  endfacet
  facet normal -0.8314696123025463 -0.5555702330196004 0
    outer loop
      vertex 15.081933977038924 -6.208912715728778 0.3999999999999986
      vertex 14.842116167511353 -5.85 0.008564307045585196
      vertex 15.081933977038924 -6.208912715728778 0.008564307045585196
    endloop
  endfacet
  facet normal -0.6593458151000706 -0.7518398074789758 0
    outer loop
      vertex 15.366547622084394 -6.533452377915607 0.3999999999999986
      vertex 15.366547622084394 -6.533452377915607 0.008564307045585196
      vertex 15.691087284271221 -6.8180660229610766 0.3999999999999986
    endloop
  endfacet
  facet normal -0.5555702330195995 -0.8314696123025471 0
    outer loop
      vertex 15.691087284271221 -6.8180660229610766 0.3999999999999986
      vertex 15.691087284271221 -6.8180660229610766 0.008564307045585196
      vertex 16.05 -7.057883832488647 0.3999999999999986
    endloop
  endfacet
  facet normal -0.7518398074789767 -0.6593458151000696 0
    outer loop
      vertex 15.366547622084394 -6.533452377915607 0.3999999999999986
      vertex 15.081933977038924 -6.208912715728778 0.008564307045585196
      vertex 15.366547622084394 -6.533452377915607 0.008564307045585196
    endloop
  endfacet
  facet normal -0.6593458151000706 -0.7518398074789758 0
    outer loop
      vertex 15.691087284271221 -6.8180660229610766 0.3999999999999986
      vertex 15.366547622084394 -6.533452377915607 0.008564307045585196
      vertex 15.691087284271221 -6.8180660229610766 0.008564307045585196
    endloop
  endfacet
  facet normal -0.5555702330195995 -0.8314696123025471 0
    outer loop
      vertex 16.05 -7.057883832488647 0.3999999999999986
      vertex 15.691087284271221 -6.8180660229610766 0.008564307045585196
      vertex 16.05 -7.057883832488647 0.008564307045585196
    endloop
  endfacet
  facet normal -0.44228869021900247 -0.8968727415326876 0
    outer loop
      vertex 16.05 -7.057883832488647 0.3999999999999986
      vertex 16.05 -7.057883832488647 0.008564307045585196
      vertex 16.437144673195203 -7.248802457287246 0.3999999999999986
    endloop
  endfacet
  facet normal -0.44228869021900247 -0.8968727415326876 0
    outer loop
      vertex 16.437144673195203 -7.248802457287246 0.3999999999999986
      vertex 16.05 -7.057883832488647 0.008564307045585196
      vertex 16.437144673195203 -7.248802457287246 0.008564307045585196
    endloop
  endfacet
  facet normal -0.32143946530316214 -0.9469301294951055 0
    outer loop
      vertex 16.437144673195203 -7.248802457287246 0.3999999999999986
      vertex 16.437144673195203 -7.248802457287246 0.008564307045585196
      vertex 16.84589715116168 -7.387555226753925 0.3999999999999986
    endloop
  endfacet
  facet normal -0.1950903220161283 -0.9807852804032305 0
    outer loop
      vertex 16.84589715116168 -7.387555226753925 0.3999999999999986
      vertex 16.84589715116168 -7.387555226753925 0.008564307045585196
      vertex 17.26926356567383 -7.471768042533574 0.3999999999999986
    endloop
  endfacet
  facet normal -0.06540312923014387 -0.9978589232386036 0
    outer loop
      vertex 17.26926356567383 -7.471768042533574 0.3999999999999986
      vertex 17.26926356567383 -7.471768042533574 0.008564307045585196
      vertex 17.7 -7.5 0.3999999999999986
    endloop
  endfacet
  facet normal -0.32143946530316214 -0.9469301294951055 0
    outer loop
      vertex 16.84589715116168 -7.387555226753925 0.3999999999999986
      vertex 16.437144673195203 -7.248802457287246 0.008564307045585196
      vertex 16.84589715116168 -7.387555226753925 0.008564307045585196
    endloop
  endfacet
  facet normal -0.1950903220161283 -0.9807852804032305 0
    outer loop
      vertex 17.26926356567383 -7.471768042533574 0.3999999999999986
      vertex 16.84589715116168 -7.387555226753925 0.008564307045585196
      vertex 17.26926356567383 -7.471768042533574 0.008564307045585196
    endloop
  endfacet
  facet normal -0.06540312923014387 -0.9978589232386036 0
    outer loop
      vertex 17.7 -7.5 0.3999999999999986
      vertex 17.26926356567383 -7.471768042533574 0.008564307045585196
      vertex 17.7 -7.5 0.008564307045585196
    endloop
  endfacet
  facet normal 0.06540312923014284 0.9978589232386036 0
    outer loop
      vertex 17.7 -0.9000000000000004 0.3999999999999986
      vertex 18.13073643432617 -0.928231957466426 0.3999999999999986
      vertex 18.13073643432617 -0.928231957466426 0.049397056633068814
    endloop
  endfacet
  facet normal 0.06540312923014284 0.9978589232386036 0
    outer loop
      vertex 17.7 -0.9000000000000004 0.3999999999999986
      vertex 18.13073643432617 -0.928231957466426 0.049397056633068814
      vertex 17.7 -0.9000000000000004 0.05311386434530263
    endloop
  endfacet
  facet normal 0.19509032201612833 0.9807852804032305 0
    outer loop
      vertex 18.13073643432617 -0.928231957466426 0.3999999999999986
      vertex 18.55410284883832 -1.012444773246075 0.038310229106809146
      vertex 18.13073643432617 -0.928231957466426 0.049397056633068814
    endloop
  endfacet
  facet normal 0.1950903220161283 0.9807852804032304 0
    outer loop
      vertex 18.13073643432617 -0.928231957466426 0.3999999999999986
      vertex 18.55410284883832 -1.012444773246075 0.3999999999999986
      vertex 18.55410284883832 -1.012444773246075 0.038310229106809146
    endloop
  endfacet
  facet normal 0.32143946530316214 0.9469301294951055 0
    outer loop
      vertex 18.55410284883832 -1.012444773246075 0.3999999999999986
      vertex 18.962855326804796 -1.151197542712754 0.3999999999999986
      vertex 18.962855326804796 -1.151197542712754 0.020043080459352325
    endloop
  endfacet
  facet normal 0.3214394653031622 0.9469301294951056 0
    outer loop
      vertex 18.55410284883832 -1.012444773246075 0.3999999999999986
      vertex 18.962855326804796 -1.151197542712754 0.020043080459352325
      vertex 18.55410284883832 -1.012444773246075 0.038310229106809146
    endloop
  endfacet
  facet normal 0.44228869021900336 0.8968727415326871 -1.3141269989129988e-15
    outer loop
      vertex 18.962855326804796 -1.151197542712754 0.3999999999999986
      vertex 19.349999999999998 -1.342116167511353 0.3999999999999986
      vertex 19.13965903573981 -1.238387483079428 0.008564307045585196
    endloop
  endfacet
  facet normal 0.4422886902190057 0.8968727415326863 0
    outer loop
      vertex 18.962855326804796 -1.151197542712754 0.3999999999999986
      vertex 19.13965903573981 -1.238387483079428 0.008564307045585196
      vertex 18.962855326804796 -1.151197542712754 0.020043080459352325
    endloop
  endfacet
  facet normal 0.44228869021900147 0.8968727415326881 0
    outer loop
      vertex 19.349999999999998 -1.342116167511353 0.3999999999999986
      vertex 19.349999999999998 -1.342116167511353 0.008564307045585196
      vertex 19.13965903573981 -1.238387483079428 0.008564307045585196
    endloop
  endfacet
  facet normal 0.5555702330195983 0.8314696123025479 0
    outer loop
      vertex 19.349999999999998 -1.342116167511353 0.3999999999999986
      vertex 19.70891271572878 -1.5819339770389242 0.3999999999999986
      vertex 19.70891271572878 -1.5819339770389242 0.008564307045585196
    endloop
  endfacet
  facet normal 0.6593458151000722 0.7518398074789745 0
    outer loop
      vertex 19.70891271572878 -1.5819339770389242 0.3999999999999986
      vertex 20.033452377915605 -1.8665476220843935 0.3999999999999986
      vertex 20.033452377915605 -1.8665476220843935 0.008564307045585196
    endloop
  endfacet
  facet normal 0.5555702330195983 0.8314696123025479 0
    outer loop
      vertex 19.349999999999998 -1.342116167511353 0.3999999999999986
      vertex 19.70891271572878 -1.5819339770389242 0.008564307045585196
      vertex 19.349999999999998 -1.342116167511353 0.008564307045585196
    endloop
  endfacet
  facet normal 0.6593458151000722 0.7518398074789745 0
    outer loop
      vertex 19.70891271572878 -1.5819339770389242 0.3999999999999986
      vertex 20.033452377915605 -1.8665476220843935 0.008564307045585196
      vertex 19.70891271572878 -1.5819339770389242 0.008564307045585196
    endloop
  endfacet
  facet normal 0.7518398074789747 0.659345815100072 0
    outer loop
      vertex 20.033452377915605 -1.8665476220843935 0.3999999999999986
      vertex 20.318066022961077 -2.191087284271222 0.008564307045585196
      vertex 20.033452377915605 -1.8665476220843935 0.008564307045585196
    endloop
  endfacet
  facet normal 0.7518398074789747 0.659345815100072 0
    outer loop
      vertex 20.033452377915605 -1.8665476220843935 0.3999999999999986
      vertex 20.318066022961077 -2.191087284271222 0.3999999999999986
      vertex 20.318066022961077 -2.191087284271222 0.008564307045585196
    endloop
  endfacet
  facet normal 0.831469612302548 0.5555702330195982 0
    outer loop
      vertex 20.318066022961077 -2.191087284271222 0.3999999999999986
      vertex 20.557883832488645 -2.5500000000000003 0.3999999999999986
      vertex 20.557883832488645 -2.5500000000000003 0.008564307045585196
    endloop
  endfacet
  facet normal 0.831469612302548 0.5555702330195982 0
    outer loop
      vertex 20.318066022961077 -2.191087284271222 0.3999999999999986
      vertex 20.557883832488645 -2.5500000000000003 0.008564307045585196
      vertex 20.318066022961077 -2.191087284271222 0.008564307045585196
    endloop
  endfacet
  facet normal 0.5555702330195976 -0.8314696123025483 0
    outer loop
      vertex 19.349999999999998 -7.057883832488647 0.3999999999999986
      vertex 19.349999999999998 -7.057883832488647 0.008564307045585196
      vertex 19.70891271572878 -6.8180660229610766 0.3999999999999986
    endloop
  endfacet
  facet normal 0.7518398074789747 -0.659345815100072 0
    outer loop
      vertex 20.318066022961077 -6.208912715728778 0.3999999999999986
      vertex 20.033452377915605 -6.533452377915607 0.3999999999999986
      vertex 20.033452377915605 -6.533452377915607 0.008564307045585196
    endloop
  endfacet
  facet normal 0.6593458151000727 -0.751839807478974 0
    outer loop
      vertex 19.70891271572878 -6.8180660229610766 0.3999999999999986
      vertex 19.70891271572878 -6.8180660229610766 0.008564307045585196
      vertex 20.033452377915605 -6.533452377915607 0.3999999999999986
    endloop
  endfacet
  facet normal 0.5555702330195976 -0.8314696123025483 0
    outer loop
      vertex 19.70891271572878 -6.8180660229610766 0.3999999999999986
      vertex 19.349999999999998 -7.057883832488647 0.008564307045585196
      vertex 19.70891271572878 -6.8180660229610766 0.008564307045585196
    endloop
  endfacet
  facet normal 0.6593458151000727 -0.751839807478974 0
    outer loop
      vertex 20.033452377915605 -6.533452377915607 0.3999999999999986
      vertex 19.70891271572878 -6.8180660229610766 0.008564307045585196
      vertex 20.033452377915605 -6.533452377915607 0.008564307045585196
    endloop
  endfacet
  facet normal 0.8968727415326885 0.44228869021900086 0
    outer loop
      vertex 20.557883832488645 -2.5500000000000003 0.3999999999999986
      vertex 20.748802457287244 -2.937144673195204 0.3999999999999986
      vertex 20.748802457287244 -2.937144673195204 0.008564307045585196
    endloop
  endfacet
  facet normal 0.9469301294951045 0.3214394653031652 0
    outer loop
      vertex 20.748802457287244 -2.937144673195204 0.3999999999999986
      vertex 20.887555226753925 -3.3458971511616817 0.3999999999999986
      vertex 20.887555226753925 -3.3458971511616817 0.008564307045585196
    endloop
  endfacet
  facet normal 0.9807852804032313 0.19509032201612458 0
    outer loop
      vertex 20.887555226753925 -3.3458971511616817 0.3999999999999986
      vertex 20.971768042533572 -3.76926356567383 0.3999999999999986
      vertex 20.971768042533572 -3.76926356567383 0.008564307045585196
    endloop
  endfacet
  facet normal 0.8968727415326885 0.44228869021900086 0
    outer loop
      vertex 20.557883832488645 -2.5500000000000003 0.3999999999999986
      vertex 20.748802457287244 -2.937144673195204 0.008564307045585196
      vertex 20.557883832488645 -2.5500000000000003 0.008564307045585196
    endloop
  endfacet
  facet normal 0.9469301294951045 0.3214394653031652 0
    outer loop
      vertex 20.748802457287244 -2.937144673195204 0.3999999999999986
      vertex 20.887555226753925 -3.3458971511616817 0.008564307045585196
      vertex 20.748802457287244 -2.937144673195204 0.008564307045585196
    endloop
  endfacet
  facet normal 0.9807852804032313 0.19509032201612458 0
    outer loop
      vertex 20.887555226753925 -3.3458971511616817 0.3999999999999986
      vertex 20.971768042533572 -3.76926356567383 0.008564307045585196
      vertex 20.887555226753925 -3.3458971511616817 0.008564307045585196
    endloop
  endfacet
  facet normal 0.9978589232386033 0.0654031292301481 0
    outer loop
      vertex 20.971768042533572 -3.76926356567383 0.3999999999999986
      vertex 21 -4.2 0.3999999999999986
      vertex 21 -4.2 0.008564307045585196
    endloop
  endfacet
  facet normal 0.9978589232386033 -0.0654031292301481 0
    outer loop
      vertex 21 -4.2 0.3999999999999986
      vertex 20.971768042533572 -4.63073643432617 0.3999999999999986
      vertex 20.971768042533572 -4.63073643432617 0.008564307045585196
    endloop
  endfacet
  facet normal 0.9978589232386033 0.0654031292301481 0
    outer loop
      vertex 20.971768042533572 -3.76926356567383 0.3999999999999986
      vertex 21 -4.2 0.008564307045585196
      vertex 20.971768042533572 -3.76926356567383 0.008564307045585196
    endloop
  endfacet
  facet normal 0.9978589232386033 -0.0654031292301481 0
    outer loop
      vertex 21 -4.2 0.3999999999999986
      vertex 20.971768042533572 -4.63073643432617 0.008564307045585196
      vertex 21 -4.2 0.008564307045585196
    endloop
  endfacet
  facet normal 0.9807852804032313 -0.19509032201612436 0
    outer loop
      vertex 20.971768042533572 -4.63073643432617 0.3999999999999986
      vertex 20.887555226753925 -5.054102848838319 0.008564307045585196
      vertex 20.971768042533572 -4.63073643432617 0.008564307045585196
    endloop
  endfacet
  facet normal 0.8968727415326885 -0.44228869021900086 0
    outer loop
      vertex 20.748802457287244 -5.462855326804796 0.3999999999999986
      vertex 20.557883832488645 -5.85 0.3999999999999986
      vertex 20.557883832488645 -5.85 0.008564307045585196
    endloop
  endfacet
  facet normal 0.9807852804032313 -0.19509032201612436 0
    outer loop
      vertex 20.971768042533572 -4.63073643432617 0.3999999999999986
      vertex 20.887555226753925 -5.054102848838319 0.3999999999999986
      vertex 20.887555226753925 -5.054102848838319 0.008564307045585196
    endloop
  endfacet
  facet normal 0.9469301294951042 -0.32143946530316586 0
    outer loop
      vertex 20.887555226753925 -5.054102848838319 0.3999999999999986
      vertex 20.748802457287244 -5.462855326804796 0.3999999999999986
      vertex 20.748802457287244 -5.462855326804796 0.008564307045585196
    endloop
  endfacet
  facet normal 0.8968727415326885 -0.44228869021900086 0
    outer loop
      vertex 20.748802457287244 -5.462855326804796 0.3999999999999986
      vertex 20.557883832488645 -5.85 0.008564307045585196
      vertex 20.748802457287244 -5.462855326804796 0.008564307045585196
    endloop
  endfacet
  facet normal 0.9469301294951042 -0.32143946530316586 0
    outer loop
      vertex 20.887555226753925 -5.054102848838319 0.3999999999999986
      vertex 20.748802457287244 -5.462855326804796 0.008564307045585196
      vertex 20.887555226753925 -5.054102848838319 0.008564307045585196
    endloop
  endfacet
  facet normal 0.8314696123025483 -0.5555702330195977 0
    outer loop
      vertex 20.557883832488645 -5.85 0.3999999999999986
      vertex 20.318066022961077 -6.208912715728778 0.3999999999999986
      vertex 20.318066022961077 -6.208912715728778 0.008564307045585196
    endloop
  endfacet
  facet normal 0.7518398074789747 -0.659345815100072 0
    outer loop
      vertex 20.318066022961077 -6.208912715728778 0.3999999999999986
      vertex 20.033452377915605 -6.533452377915607 0.008564307045585196
      vertex 20.318066022961077 -6.208912715728778 0.008564307045585196
    endloop
  endfacet
  facet normal 0.8314696123025483 -0.5555702330195977 0
    outer loop
      vertex 20.557883832488645 -5.85 0.3999999999999986
      vertex 20.318066022961077 -6.208912715728778 0.008564307045585196
      vertex 20.557883832488645 -5.85 0.008564307045585196
    endloop
  endfacet
  facet normal 0.06540312923014387 -0.9978589232386036 0
    outer loop
      vertex 17.7 -7.5 0.3999999999999986
      vertex 17.7 -7.5 0.008564307045585196
      vertex 18.13073643432617 -7.471768042533574 0.3999999999999986
    endloop
  endfacet
  facet normal 0.1950903220161283 -0.9807852804032305 0
    outer loop
      vertex 18.13073643432617 -7.471768042533574 0.3999999999999986
      vertex 18.13073643432617 -7.471768042533574 0.008564307045585196
      vertex 18.55410284883832 -7.387555226753925 0.3999999999999986
    endloop
  endfacet
  facet normal 0.32143946530316214 -0.9469301294951055 0
    outer loop
      vertex 18.55410284883832 -7.387555226753925 0.3999999999999986
      vertex 18.55410284883832 -7.387555226753925 0.008564307045585196
      vertex 18.962855326804796 -7.248802457287246 0.3999999999999986
    endloop
  endfacet
  facet normal 0.06540312923014387 -0.9978589232386036 0
    outer loop
      vertex 18.13073643432617 -7.471768042533574 0.3999999999999986
      vertex 17.7 -7.5 0.008564307045585196
      vertex 18.13073643432617 -7.471768042533574 0.008564307045585196
    endloop
  endfacet
  facet normal 0.1950903220161283 -0.9807852804032305 0
    outer loop
      vertex 18.55410284883832 -7.387555226753925 0.3999999999999986
      vertex 18.13073643432617 -7.471768042533574 0.008564307045585196
      vertex 18.55410284883832 -7.387555226753925 0.008564307045585196
    endloop
  endfacet
  facet normal 0.32143946530316214 -0.9469301294951055 0
    outer loop
      vertex 18.962855326804796 -7.248802457287246 0.3999999999999986
      vertex 18.55410284883832 -7.387555226753925 0.008564307045585196
      vertex 18.962855326804796 -7.248802457287246 0.008564307045585196
    endloop
  endfacet
  facet normal 0.44228869021900247 -0.8968727415326876 0
    outer loop
      vertex 18.962855326804796 -7.248802457287246 0.3999999999999986
      vertex 18.962855326804796 -7.248802457287246 0.008564307045585196
      vertex 19.349999999999998 -7.057883832488647 0.3999999999999986
    endloop
  endfacet
  facet normal 0.44228869021900247 -0.8968727415326876 0
    outer loop
      vertex 19.349999999999998 -7.057883832488647 0.3999999999999986
      vertex 18.962855326804796 -7.248802457287246 0.008564307045585196
      vertex 19.349999999999998 -7.057883832488647 0.008564307045585196
    endloop
  endfacet
  facet normal 0 -1 0
    outer loop
      vertex 3.1 -1.5 2
      vertex 8.9 -1.5 4.5
      vertex 3.1 -1.5 4.5
    endloop
  endfacet
  facet normal 1 0 0
    outer loop
      vertex 3.1 -8.5 2
      vertex 3.1 -1.5 4.5
      vertex 3.1 -8.5 4.5
    endloop
  endfacet
  facet normal 0 -1 0
    outer loop
      vertex 3.1 -1.5 2
      vertex 8.9 -1.5 2
      vertex 8.9 -1.5 4.5
    endloop
  endfacet
  facet normal 1 0 0
    outer loop
      vertex 3.1 -1.5 2
      vertex 3.1 -1.5 4.5
      vertex 3.1 -8.5 2
    endloop
  endfacet
  facet normal 0 1 0
    outer loop
      vertex 8.9 -8.5 2
      vertex 3.1 -8.5 4.5
      vertex 8.9 -8.5 4.5
    endloop
  endfacet
  facet normal 0 1 0
    outer loop
      vertex 3.1 -8.5 2
      vertex 3.1 -8.5 4.5
      vertex 8.9 -8.5 2
    endloop
  endfacet
  facet normal -1 0 0
    outer loop
      vertex 8.9 -1.5 2
      vertex 8.9 -8.5 4.5
      vertex 8.9 -1.5 4.5
    endloop
  endfacet
  facet normal -1 0 0
    outer loop
      vertex 8.9 -1.5 2
      vertex 8.9 -8.5 2
      vertex 8.9 -8.5 4.5
    endloop
  endfacet
  facet normal 0 0 1
    outer loop
      vertex 3.1 -1.5 2
      vertex 4.4780964274781985 -3.016616649271912 2
      vertex 4.75 -2.8349364905389036 2
    endloop
  endfacet
  facet normal 0 0 1
    outer loop
      vertex 3.1 -1.5 2
      vertex 4.75 -2.8349364905389036 2
      vertex 5.043291419087275 -2.690301168721783 2
    endloop
  endfacet
  facet normal 0 0 1
    outer loop
      vertex 3.1 -1.5 2
      vertex 5.352952387243699 -2.5851854342773293 2
      vertex 5.673684519449871 -2.521387846565474 2
    endloop
  endfacet
  facet normal 0 0 1
    outer loop
      vertex 3.1 -1.5 2
      vertex 5.043291419087275 -2.690301168721783 2
      vertex 5.352952387243699 -2.5851854342773293 2
    endloop
  endfacet
  facet normal 0 0 1
    outer loop
      vertex 3.1 -1.5 2
      vertex 5.673684519449871 -2.521387846565474 2
      vertex 6 -2.5 2
    endloop
  endfacet
  facet normal 0 0 1
    outer loop
      vertex 3.1 -1.5 2
      vertex 6 -2.5 2
      vertex 6.326315480550129 -2.521387846565474 2
    endloop
  endfacet
  facet normal 0 0 1
    outer loop
      vertex 3.1 -1.5 2
      vertex 6.326315480550129 -2.521387846565474 2
      vertex 6.647047612756301 -2.5851854342773293 2
    endloop
  endfacet
  facet normal 0 0 1
    outer loop
      vertex 3.1 -1.5 2
      vertex 6.647047612756301 -2.5851854342773293 2
      vertex 8.9 -1.5 2
    endloop
  endfacet
  facet normal 0 0 1
    outer loop
      vertex 6.647047612756301 -2.5851854342773293 2
      vertex 6.956708580912725 -2.690301168721783 2
      vertex 8.9 -1.5 2
    endloop
  endfacet
  facet normal 0 0 1
    outer loop
      vertex 6.956708580912725 -2.690301168721783 2
      vertex 7.25 -2.8349364905389036 2
      vertex 8.9 -1.5 2
    endloop
  endfacet
  facet normal 0 0 1
    outer loop
      vertex 3.1 -1.5 2
      vertex 3.690301168721783 -4.043291419087275 2
      vertex 3.8349364905389036 -3.75 2
    endloop
  endfacet
  facet normal 0 0 1
    outer loop
      vertex 3.1 -1.5 2
      vertex 3.5851854342773293 -4.352952387243699 2
      vertex 3.690301168721783 -4.043291419087275 2
    endloop
  endfacet
  facet normal 0 0 1
    outer loop
      vertex 3.1 -1.5 2
      vertex 3.521387846565474 -4.673684519449871 2
      vertex 3.5851854342773293 -4.352952387243699 2
    endloop
  endfacet
  facet normal 0 0 1
    outer loop
      vertex 3.1 -1.5 2
      vertex 4.016616649271912 -3.4780964274781985 2
      vertex 4.232233047033631 -3.232233047033631 2
    endloop
  endfacet
  facet normal 0 0 1
    outer loop
      vertex 3.1 -1.5 2
      vertex 3.8349364905389036 -3.75 2
      vertex 4.016616649271912 -3.4780964274781985 2
    endloop
  endfacet
  facet normal 0 0 1
    outer loop
      vertex 3.1 -1.5 2
      vertex 4.232233047033631 -3.232233047033631 2
      vertex 4.4780964274781985 -3.016616649271912 2
    endloop
  endfacet
  facet normal 0 0 1
    outer loop
      vertex 3.1 -1.5 2
      vertex 3.1 -8.5 2
      vertex 3.521387846565474 -4.673684519449871 2
    endloop
  endfacet
  facet normal 0 0 1
    outer loop
      vertex 3.521387846565474 -4.673684519449871 2
      vertex 3.1 -8.5 2
      vertex 3.5 -5 2
    endloop
  endfacet
  facet normal 0 0 1
    outer loop
      vertex 3.5 -5 2
      vertex 3.1 -8.5 2
      vertex 3.521387846565474 -5.326315480550129 2
    endloop
  endfacet
  facet normal 0 0 1
    outer loop
      vertex 3.521387846565474 -5.326315480550129 2
      vertex 3.1 -8.5 2
      vertex 3.5851854342773293 -5.647047612756301 2
    endloop
  endfacet
  facet normal 0 0 1
    outer loop
      vertex 3.5851854342773293 -5.647047612756301 2
      vertex 3.1 -8.5 2
      vertex 3.690301168721783 -5.956708580912725 2
    endloop
  endfacet
  facet normal 0 0 1
    outer loop
      vertex 3.690301168721783 -5.956708580912725 2
      vertex 3.1 -8.5 2
      vertex 3.8349364905389036 -6.25 2
    endloop
  endfacet
  facet normal 0 0 1
    outer loop
      vertex 3.8349364905389036 -6.25 2
      vertex 3.1 -8.5 2
      vertex 4.016616649271912 -6.5219035725218015 2
    endloop
  endfacet
  facet normal 0 0 1
    outer loop
      vertex 4.016616649271912 -6.5219035725218015 2
      vertex 3.1 -8.5 2
      vertex 4.232233047033631 -6.767766952966369 2
    endloop
  endfacet
  facet normal 0 0 1
    outer loop
      vertex 4.232233047033631 -6.767766952966369 2
      vertex 3.1 -8.5 2
      vertex 4.4780964274781985 -6.983383350728088 2
    endloop
  endfacet
  facet normal 0 0 1
    outer loop
      vertex 4.4780964274781985 -6.983383350728088 2
      vertex 3.1 -8.5 2
      vertex 4.75 -7.165063509461096 2
    endloop
  endfacet
  facet normal 0 0 1
    outer loop
      vertex 4.75 -7.165063509461096 2
      vertex 3.1 -8.5 2
      vertex 5.043291419087275 -7.309698831278217 2
    endloop
  endfacet
  facet normal 0 0 1
    outer loop
      vertex 3.1 -8.5 2
      vertex 5.352952387243699 -7.41481456572267 2
      vertex 5.043291419087275 -7.309698831278217 2
    endloop
  endfacet
  facet normal 0 0 1
    outer loop
      vertex 3.1 -8.5 2
      vertex 8.9 -8.5 2
      vertex 5.352952387243699 -7.41481456572267 2
    endloop
  endfacet
  facet normal 0 0 1
    outer loop
      vertex 5.352952387243699 -7.41481456572267 2
      vertex 8.9 -8.5 2
      vertex 5.673684519449871 -7.478612153434526 2
    endloop
  endfacet
  facet normal 0 0 1
    outer loop
      vertex 5.673684519449871 -7.478612153434526 2
      vertex 8.9 -8.5 2
      vertex 6 -7.5 2
    endloop
  endfacet
  facet normal 0 0 1
    outer loop
      vertex 6 -7.5 2
      vertex 8.9 -8.5 2
      vertex 6.326315480550129 -7.478612153434526 2
    endloop
  endfacet
  facet normal 0 0 1
    outer loop
      vertex 6.326315480550129 -7.478612153434526 2
      vertex 8.9 -8.5 2
      vertex 6.647047612756301 -7.41481456572267 2
    endloop
  endfacet
  facet normal 0 0 1
    outer loop
      vertex 6.647047612756301 -7.41481456572267 2
      vertex 8.9 -8.5 2
      vertex 6.956708580912725 -7.309698831278217 2
    endloop
  endfacet
  facet normal 0 0 1
    outer loop
      vertex 6.956708580912725 -7.309698831278217 2
      vertex 8.9 -8.5 2
      vertex 7.25 -7.165063509461096 2
    endloop
  endfacet
  facet normal 0 0 1
    outer loop
      vertex 7.25 -2.8349364905389036 2
      vertex 7.5219035725218015 -3.016616649271912 2
      vertex 8.9 -1.5 2
    endloop
  endfacet
  facet normal 0 0 1
    outer loop
      vertex 7.5219035725218015 -3.016616649271912 2
      vertex 7.767766952966369 -3.232233047033631 2
      vertex 8.9 -1.5 2
    endloop
  endfacet
  facet normal 0 0 1
    outer loop
      vertex 7.767766952966369 -3.232233047033631 2
      vertex 7.983383350728088 -3.4780964274781985 2
      vertex 8.9 -1.5 2
    endloop
  endfacet
  facet normal 0 0 1
    outer loop
      vertex 8.9 -1.5 2
      vertex 7.983383350728088 -3.4780964274781985 2
      vertex 8.165063509461095 -3.75 2
    endloop
  endfacet
  facet normal 0 0 1
    outer loop
      vertex 8.9 -1.5 2
      vertex 8.165063509461095 -3.75 2
      vertex 8.309698831278217 -4.043291419087275 2
    endloop
  endfacet
  facet normal 0 0 1
    outer loop
      vertex 8.9 -1.5 2
      vertex 8.309698831278217 -4.043291419087275 2
      vertex 8.41481456572267 -4.352952387243699 2
    endloop
  endfacet
  facet normal 0 0 1
    outer loop
      vertex 8.9 -1.5 2
      vertex 8.41481456572267 -4.352952387243699 2
      vertex 8.478612153434526 -4.673684519449871 2
    endloop
  endfacet
  facet normal 0 0 1
    outer loop
      vertex 8.9 -1.5 2
      vertex 8.478612153434526 -4.673684519449871 2
      vertex 8.5 -5 2
    endloop
  endfacet
  facet normal 0 0 1
    outer loop
      vertex 8.9 -1.5 2
      vertex 8.5 -5 2
      vertex 8.478612153434526 -5.326315480550129 2
    endloop
  endfacet
  facet normal 0 0 1
    outer loop
      vertex 8.9 -1.5 2
      vertex 8.478612153434526 -5.326315480550129 2
      vertex 8.9 -8.5 2
    endloop
  endfacet
  facet normal 0 0 1
    outer loop
      vertex 8.309698831278217 -5.956708580912725 2
      vertex 8.165063509461095 -6.25 2
      vertex 8.9 -8.5 2
    endloop
  endfacet
  facet normal 0 0 1
    outer loop
      vertex 8.478612153434526 -5.326315480550129 2
      vertex 8.41481456572267 -5.647047612756301 2
      vertex 8.9 -8.5 2
    endloop
  endfacet
  facet normal 0 0 1
    outer loop
      vertex 8.309698831278217 -5.956708580912725 2
      vertex 8.9 -8.5 2
      vertex 8.41481456572267 -5.647047612756301 2
    endloop
  endfacet
  facet normal 0 0 1
    outer loop
      vertex 7.5219035725218015 -6.983383350728088 2
      vertex 7.25 -7.165063509461096 2
      vertex 8.9 -8.5 2
    endloop
  endfacet
  facet normal 0 0 1
    outer loop
      vertex 7.5219035725218015 -6.983383350728088 2
      vertex 8.9 -8.5 2
      vertex 7.767766952966369 -6.767766952966369 2
    endloop
  endfacet
  facet normal 0 0 1
    outer loop
      vertex 7.767766952966369 -6.767766952966369 2
      vertex 8.9 -8.5 2
      vertex 7.983383350728088 -6.5219035725218015 2
    endloop
  endfacet
  facet normal 0 0 1
    outer loop
      vertex 8.165063509461095 -6.25 2
      vertex 7.983383350728088 -6.5219035725218015 2
      vertex 8.9 -8.5 2
    endloop
  endfacet
  facet normal 0.06540312923014317 -0.9978589232386035 0
    outer loop
      vertex 5.673684519449871 -2.521387846565474 2
      vertex 5.673684519449871 -2.521387846565474 0.008564307045585196
      vertex 6 -2.5 2
    endloop
  endfacet
  facet normal -0.06540312923014317 -0.9978589232386035 0
    outer loop
      vertex 6 -2.5 2
      vertex 6 -2.5 0.008564307045585196
      vertex 6.326315480550129 -2.521387846565474 2
    endloop
  endfacet
  facet normal 0.7518398074789772 -0.6593458151000691 0
    outer loop
      vertex 4.232233047033631 -3.232233047033631 2
      vertex 4.016616649271912 -3.4780964274781985 2
      vertex 4.016616649271912 -3.4780964274781985 0.008564307045585196
    endloop
  endfacet
  facet normal 0.9807852804032304 -0.19509032201612833 0
    outer loop
      vertex 3.521387846565474 -4.673684519449871 2
      vertex 3.521387846565474 -4.673684519449871 0.008564307045585196
      vertex 3.5851854342773293 -4.352952387243699 2
    endloop
  endfacet
  facet normal 0.8968727415326877 -0.4422886902190027 0
    outer loop
      vertex 3.8349364905389036 -3.75 2
      vertex 3.690301168721783 -4.043291419087275 2
      vertex 3.690301168721783 -4.043291419087275 0.008564307045585196
    endloop
  endfacet
  facet normal 0.8314696123025459 -0.5555702330196012 0
    outer loop
      vertex 4.016616649271912 -3.4780964274781985 2
      vertex 3.8349364905389036 -3.75 2
      vertex 3.8349364905389036 -3.75 0.008564307045585196
    endloop
  endfacet
  facet normal 0.9469301294951061 -0.3214394653031605 0
    outer loop
      vertex 3.690301168721783 -4.043291419087275 2
      vertex 3.5851854342773293 -4.352952387243699 2
      vertex 3.5851854342773293 -4.352952387243699 0.008564307045585196
    endloop
  endfacet
  facet normal 0.5555702330196021 -0.8314696123025453 0
    outer loop
      vertex 4.4780964274781985 -3.016616649271912 2
      vertex 4.4780964274781985 -3.016616649271912 0.008564307045585196
      vertex 4.75 -2.8349364905389036 2
    endloop
  endfacet
  facet normal 0.6593458151000683 -0.7518398074789777 0
    outer loop
      vertex 4.232233047033631 -3.232233047033631 2
      vertex 4.232233047033631 -3.232233047033631 0.008564307045585196
      vertex 4.4780964274781985 -3.016616649271912 2
    endloop
  endfacet
  facet normal 0.4422886902190027 -0.8968727415326877 0
    outer loop
      vertex 4.75 -2.8349364905389036 2
      vertex 4.75 -2.8349364905389036 0.008564307045585196
      vertex 5.043291419087275 -2.690301168721783 2
    endloop
  endfacet
  facet normal 0.3214394653031605 -0.9469301294951061 0
    outer loop
      vertex 5.043291419087275 -2.690301168721783 2
      vertex 5.043291419087275 -2.690301168721783 0.008564307045585196
      vertex 5.352952387243699 -2.5851854342773293 2
    endloop
  endfacet
  facet normal 0.9978589232386035 -0.06540312923014317 0
    outer loop
      vertex 3.521387846565474 -4.673684519449871 2
      vertex 3.5 -5 2
      vertex 3.5 -5 0.008564307045585196
    endloop
  endfacet
  facet normal 0.9978589232386035 0.06540312923014317 0
    outer loop
      vertex 3.5 -5 2
      vertex 3.521387846565474 -5.326315480550129 2
      vertex 3.521387846565474 -5.326315480550129 0.008564307045585196
    endloop
  endfacet
  facet normal 0.9807852804032304 0.19509032201612833 0
    outer loop
      vertex 3.521387846565474 -5.326315480550129 2
      vertex 3.5851854342773293 -5.647047612756301 2
      vertex 3.5851854342773293 -5.647047612756301 0.008564307045585196
    endloop
  endfacet
  facet normal 0.9469301294951061 0.3214394653031605 0
    outer loop
      vertex 3.5851854342773293 -5.647047612756301 2
      vertex 3.690301168721783 -5.956708580912725 2
      vertex 3.690301168721783 -5.956708580912725 0.008564307045585196
    endloop
  endfacet
  facet normal 0.8968727415326877 0.4422886902190027 0
    outer loop
      vertex 3.690301168721783 -5.956708580912725 2
      vertex 3.8349364905389036 -6.25 2
      vertex 3.8349364905389036 -6.25 0.008564307045585196
    endloop
  endfacet
  facet normal 0.8314696123025459 0.5555702330196012 0
    outer loop
      vertex 3.8349364905389036 -6.25 2
      vertex 4.016616649271912 -6.5219035725218015 2
      vertex 4.016616649271912 -6.5219035725218015 0.008564307045585196
    endloop
  endfacet
  facet normal 0.7518398074789772 0.6593458151000691 0
    outer loop
      vertex 4.016616649271912 -6.5219035725218015 2
      vertex 4.232233047033631 -6.767766952966369 2
      vertex 4.232233047033631 -6.767766952966369 0.008564307045585196
    endloop
  endfacet
  facet normal 0.6593458151000691 0.7518398074789772 0
    outer loop
      vertex 4.232233047033631 -6.767766952966369 2
      vertex 4.4780964274781985 -6.983383350728088 2
      vertex 4.4780964274781985 -6.983383350728088 0.008564307045585196
    endloop
  endfacet
  facet normal 0.19509032201612833 -0.9807852804032304 0
    outer loop
      vertex 5.352952387243699 -2.5851854342773293 2
      vertex 5.352952387243699 -2.5851854342773293 0.008564307045585196
      vertex 5.673684519449871 -2.521387846565474 2
    endloop
  endfacet
  facet normal -0.19509032201612833 -0.9807852804032304 0
    outer loop
      vertex 6.326315480550129 -2.521387846565474 2
      vertex 6.326315480550129 -2.521387846565474 0.008564307045585196
      vertex 6.647047612756301 -2.5851854342773293 2
    endloop
  endfacet
  facet normal -0.3214394653031605 -0.9469301294951061 0
    outer loop
      vertex 6.647047612756301 -2.5851854342773293 2
      vertex 6.647047612756301 -2.5851854342773293 0.008564307045585196
      vertex 6.956708580912725 -2.690301168721783 2
    endloop
  endfacet
  facet normal -0.4422886902190027 -0.8968727415326877 0
    outer loop
      vertex 6.956708580912725 -2.690301168721783 2
      vertex 6.956708580912725 -2.690301168721783 0.008564307045585196
      vertex 7.25 -2.8349364905389036 2
    endloop
  endfacet
  facet normal -0.5555702330196021 -0.8314696123025453 0
    outer loop
      vertex 7.25 -2.8349364905389036 2
      vertex 7.25 -2.8349364905389036 0.008564307045585196
      vertex 7.5219035725218015 -3.016616649271912 2
    endloop
  endfacet
  facet normal -0.6593458151000683 -0.7518398074789777 0
    outer loop
      vertex 7.5219035725218015 -3.016616649271912 2
      vertex 7.5219035725218015 -3.016616649271912 0.008564307045585196
      vertex 7.767766952966369 -3.232233047033631 2
    endloop
  endfacet
  facet normal -0.7518398074789772 -0.6593458151000691 0
    outer loop
      vertex 7.767766952966369 -3.232233047033631 2
      vertex 7.767766952966369 -3.232233047033631 0.008564307045585196
      vertex 7.983383350728088 -3.4780964274781985 2
    endloop
  endfacet
  facet normal -0.6593458151000691 0.7518398074789772 0
    outer loop
      vertex 7.5219035725218015 -6.983383350728088 2
      vertex 7.767766952966369 -6.767766952966369 2
      vertex 7.767766952966369 -6.767766952966369 0.008564307045585196
    endloop
  endfacet
  facet normal 0.06540312923014317 -0.9978589232386035 0
    outer loop
      vertex 6 -2.5 2
      vertex 5.673684519449871 -2.521387846565474 0.008564307045585196
      vertex 6 -2.5 0.008564307045585196
    endloop
  endfacet
  facet normal -0.06540312923014317 -0.9978589232386035 0
    outer loop
      vertex 6.326315480550129 -2.521387846565474 2
      vertex 6 -2.5 0.008564307045585196
      vertex 6.326315480550129 -2.521387846565474 0.008564307045585196
    endloop
  endfacet
  facet normal 0.7518398074789772 -0.6593458151000691 0
    outer loop
      vertex 4.232233047033631 -3.232233047033631 2
      vertex 4.016616649271912 -3.4780964274781985 0.008564307045585196
      vertex 4.232233047033631 -3.232233047033631 0.008564307045585196
    endloop
  endfacet
  facet normal 0.8314696123025459 -0.5555702330196012 0
    outer loop
      vertex 4.016616649271912 -3.4780964274781985 2
      vertex 3.8349364905389036 -3.75 0.008564307045585196
      vertex 4.016616649271912 -3.4780964274781985 0.008564307045585196
    endloop
  endfacet
  facet normal 0.9807852804032304 -0.19509032201612833 0
    outer loop
      vertex 3.5851854342773293 -4.352952387243699 2
      vertex 3.521387846565474 -4.673684519449871 0.008564307045585196
      vertex 3.5851854342773293 -4.352952387243699 0.008564307045585196
    endloop
  endfacet
  facet normal 0.8968727415326877 -0.4422886902190027 0
    outer loop
      vertex 3.8349364905389036 -3.75 2
      vertex 3.690301168721783 -4.043291419087275 0.008564307045585196
      vertex 3.8349364905389036 -3.75 0.008564307045585196
    endloop
  endfacet
  facet normal 0.9469301294951061 -0.3214394653031605 0
    outer loop
      vertex 3.690301168721783 -4.043291419087275 2
      vertex 3.5851854342773293 -4.352952387243699 0.008564307045585196
      vertex 3.690301168721783 -4.043291419087275 0.008564307045585196
    endloop
  endfacet
  facet normal 0.6593458151000683 -0.7518398074789777 0
    outer loop
      vertex 4.4780964274781985 -3.016616649271912 2
      vertex 4.232233047033631 -3.232233047033631 0.008564307045585196
      vertex 4.4780964274781985 -3.016616649271912 0.008564307045585196
    endloop
  endfacet
  facet normal 0.5555702330196021 -0.8314696123025453 0
    outer loop
      vertex 4.75 -2.8349364905389036 2
      vertex 4.4780964274781985 -3.016616649271912 0.008564307045585196
      vertex 4.75 -2.8349364905389036 0.008564307045585196
    endloop
  endfacet
  facet normal 0.4422886902190027 -0.8968727415326877 0
    outer loop
      vertex 5.043291419087275 -2.690301168721783 2
      vertex 4.75 -2.8349364905389036 0.008564307045585196
      vertex 5.043291419087275 -2.690301168721783 0.008564307045585196
    endloop
  endfacet
  facet normal 0.3214394653031605 -0.9469301294951061 0
    outer loop
      vertex 5.352952387243699 -2.5851854342773293 2
      vertex 5.043291419087275 -2.690301168721783 0.008564307045585196
      vertex 5.352952387243699 -2.5851854342773293 0.008564307045585196
    endloop
  endfacet
  facet normal 0.9978589232386035 -0.06540312923014317 0
    outer loop
      vertex 3.521387846565474 -4.673684519449871 2
      vertex 3.5 -5 0.008564307045585196
      vertex 3.521387846565474 -4.673684519449871 0.008564307045585196
    endloop
  endfacet
  facet normal 0.9978589232386035 0.06540312923014317 0
    outer loop
      vertex 3.5 -5 2
      vertex 3.521387846565474 -5.326315480550129 0.008564307045585196
      vertex 3.5 -5 0.008564307045585196
    endloop
  endfacet
  facet normal 0.9807852804032304 0.19509032201612833 0
    outer loop
      vertex 3.521387846565474 -5.326315480550129 2
      vertex 3.5851854342773293 -5.647047612756301 0.008564307045585196
      vertex 3.521387846565474 -5.326315480550129 0.008564307045585196
    endloop
  endfacet
  facet normal 0.9469301294951061 0.3214394653031605 0
    outer loop
      vertex 3.5851854342773293 -5.647047612756301 2
      vertex 3.690301168721783 -5.956708580912725 0.008564307045585196
      vertex 3.5851854342773293 -5.647047612756301 0.008564307045585196
    endloop
  endfacet
  facet normal 0.8968727415326877 0.4422886902190027 0
    outer loop
      vertex 3.690301168721783 -5.956708580912725 2
      vertex 3.8349364905389036 -6.25 0.008564307045585196
      vertex 3.690301168721783 -5.956708580912725 0.008564307045585196
    endloop
  endfacet
  facet normal 0.8314696123025459 0.5555702330196012 0
    outer loop
      vertex 3.8349364905389036 -6.25 2
      vertex 4.016616649271912 -6.5219035725218015 0.008564307045585196
      vertex 3.8349364905389036 -6.25 0.008564307045585196
    endloop
  endfacet
  facet normal 0.7518398074789772 0.6593458151000691 0
    outer loop
      vertex 4.016616649271912 -6.5219035725218015 2
      vertex 4.232233047033631 -6.767766952966369 0.008564307045585196
      vertex 4.016616649271912 -6.5219035725218015 0.008564307045585196
    endloop
  endfacet
  facet normal 0.6593458151000691 0.7518398074789772 0
    outer loop
      vertex 4.232233047033631 -6.767766952966369 2
      vertex 4.4780964274781985 -6.983383350728088 0.008564307045585196
      vertex 4.232233047033631 -6.767766952966369 0.008564307045585196
    endloop
  endfacet
  facet normal 0.19509032201612833 -0.9807852804032304 0
    outer loop
      vertex 5.673684519449871 -2.521387846565474 2
      vertex 5.352952387243699 -2.5851854342773293 0.008564307045585196
      vertex 5.673684519449871 -2.521387846565474 0.008564307045585196
    endloop
  endfacet
  facet normal -0.19509032201612833 -0.9807852804032304 0
    outer loop
      vertex 6.647047612756301 -2.5851854342773293 2
      vertex 6.326315480550129 -2.521387846565474 0.008564307045585196
      vertex 6.647047612756301 -2.5851854342773293 0.008564307045585196
    endloop
  endfacet
  facet normal -0.3214394653031605 -0.9469301294951061 0
    outer loop
      vertex 6.956708580912725 -2.690301168721783 2
      vertex 6.647047612756301 -2.5851854342773293 0.008564307045585196
      vertex 6.956708580912725 -2.690301168721783 0.008564307045585196
    endloop
  endfacet
  facet normal -0.4422886902190027 -0.8968727415326877 0
    outer loop
      vertex 7.25 -2.8349364905389036 2
      vertex 6.956708580912725 -2.690301168721783 0.008564307045585196
      vertex 7.25 -2.8349364905389036 0.008564307045585196
    endloop
  endfacet
  facet normal -0.5555702330196021 -0.8314696123025453 0
    outer loop
      vertex 7.5219035725218015 -3.016616649271912 2
      vertex 7.25 -2.8349364905389036 0.008564307045585196
      vertex 7.5219035725218015 -3.016616649271912 0.008564307045585196
    endloop
  endfacet
  facet normal -0.6593458151000683 -0.7518398074789777 0
    outer loop
      vertex 7.767766952966369 -3.232233047033631 2
      vertex 7.5219035725218015 -3.016616649271912 0.008564307045585196
      vertex 7.767766952966369 -3.232233047033631 0.008564307045585196
    endloop
  endfacet
  facet normal -0.7518398074789772 0.6593458151000691 0
    outer loop
      vertex 7.767766952966369 -6.767766952966369 2
      vertex 7.983383350728088 -6.5219035725218015 0.008564307045585196
      vertex 7.767766952966369 -6.767766952966369 0.008564307045585196
    endloop
  endfacet
  facet normal -0.6593458151000691 0.7518398074789772 0
    outer loop
      vertex 7.5219035725218015 -6.983383350728088 2
      vertex 7.767766952966369 -6.767766952966369 0.008564307045585196
      vertex 7.5219035725218015 -6.983383350728088 0.008564307045585196
    endloop
  endfacet
  facet normal 0.5555702330196012 0.8314696123025459 0
    outer loop
      vertex 4.4780964274781985 -6.983383350728088 2
      vertex 4.75 -7.165063509461096 2
      vertex 4.75 -7.165063509461096 0.008564307045585196
    endloop
  endfacet
  facet normal 0.4422886902190027 0.8968727415326877 0
    outer loop
      vertex 4.75 -7.165063509461096 2
      vertex 5.043291419087275 -7.309698831278217 2
      vertex 5.043291419087275 -7.309698831278217 0.008564307045585196
    endloop
  endfacet
  facet normal 0.32143946530315926 0.9469301294951065 0
    outer loop
      vertex 5.043291419087275 -7.309698831278217 2
      vertex 5.352952387243699 -7.41481456572267 2
      vertex 5.352952387243699 -7.41481456572267 0.008564307045585196
    endloop
  endfacet
  facet normal 0.19509032201612833 0.9807852804032304 0
    outer loop
      vertex 5.352952387243699 -7.41481456572267 2
      vertex 5.673684519449871 -7.478612153434526 2
      vertex 5.673684519449871 -7.478612153434526 0.008564307045585196
    endloop
  endfacet
  facet normal 0.06540312923014453 0.9978589232386035 0
    outer loop
      vertex 5.673684519449871 -7.478612153434526 2
      vertex 6 -7.5 2
      vertex 6 -7.5 0.008564307045585196
    endloop
  endfacet
  facet normal -0.06540312923014453 0.9978589232386035 0
    outer loop
      vertex 6 -7.5 2
      vertex 6.326315480550129 -7.478612153434526 2
      vertex 6.326315480550129 -7.478612153434526 0.008564307045585196
    endloop
  endfacet
  facet normal -0.19509032201612833 0.9807852804032304 0
    outer loop
      vertex 6.326315480550129 -7.478612153434526 2
      vertex 6.647047612756301 -7.41481456572267 2
      vertex 6.647047612756301 -7.41481456572267 0.008564307045585196
    endloop
  endfacet
  facet normal -0.32143946530315926 0.9469301294951065 0
    outer loop
      vertex 6.647047612756301 -7.41481456572267 2
      vertex 6.956708580912725 -7.309698831278217 2
      vertex 6.956708580912725 -7.309698831278217 0.008564307045585196
    endloop
  endfacet
  facet normal -0.4422886902190027 0.8968727415326877 0
    outer loop
      vertex 6.956708580912725 -7.309698831278217 2
      vertex 7.25 -7.165063509461096 2
      vertex 7.25 -7.165063509461096 0.008564307045585196
    endloop
  endfacet
  facet normal -0.5555702330196012 0.8314696123025459 0
    outer loop
      vertex 7.5219035725218015 -6.983383350728088 2
      vertex 7.5219035725218015 -6.983383350728088 0.008564307045585196
      vertex 7.25 -7.165063509461096 2
    endloop
  endfacet
  facet normal 0.5555702330196012 0.8314696123025459 0
    outer loop
      vertex 4.4780964274781985 -6.983383350728088 2
      vertex 4.75 -7.165063509461096 0.008564307045585196
      vertex 4.4780964274781985 -6.983383350728088 0.008564307045585196
    endloop
  endfacet
  facet normal 0.4422886902190027 0.8968727415326877 0
    outer loop
      vertex 4.75 -7.165063509461096 2
      vertex 5.043291419087275 -7.309698831278217 0.008564307045585196
      vertex 4.75 -7.165063509461096 0.008564307045585196
    endloop
  endfacet
  facet normal 0.32143946530315926 0.9469301294951065 0
    outer loop
      vertex 5.043291419087275 -7.309698831278217 2
      vertex 5.352952387243699 -7.41481456572267 0.008564307045585196
      vertex 5.043291419087275 -7.309698831278217 0.008564307045585196
    endloop
  endfacet
  facet normal 0.19509032201612833 0.9807852804032304 0
    outer loop
      vertex 5.352952387243699 -7.41481456572267 2
      vertex 5.673684519449871 -7.478612153434526 0.008564307045585196
      vertex 5.352952387243699 -7.41481456572267 0.008564307045585196
    endloop
  endfacet
  facet normal 0.06540312923014453 0.9978589232386035 0
    outer loop
      vertex 5.673684519449871 -7.478612153434526 2
      vertex 6 -7.5 0.008564307045585196
      vertex 5.673684519449871 -7.478612153434526 0.008564307045585196
    endloop
  endfacet
  facet normal -0.06540312923014453 0.9978589232386035 0
    outer loop
      vertex 6 -7.5 2
      vertex 6.326315480550129 -7.478612153434526 0.008564307045585196
      vertex 6 -7.5 0.008564307045585196
    endloop
  endfacet
  facet normal -0.19509032201612833 0.9807852804032304 0
    outer loop
      vertex 6.326315480550129 -7.478612153434526 2
      vertex 6.647047612756301 -7.41481456572267 0.008564307045585196
      vertex 6.326315480550129 -7.478612153434526 0.008564307045585196
    endloop
  endfacet
  facet normal -0.32143946530315926 0.9469301294951065 0
    outer loop
      vertex 6.647047612756301 -7.41481456572267 2
      vertex 6.956708580912725 -7.309698831278217 0.008564307045585196
      vertex 6.647047612756301 -7.41481456572267 0.008564307045585196
    endloop
  endfacet
  facet normal -0.4422886902190027 0.8968727415326877 0
    outer loop
      vertex 6.956708580912725 -7.309698831278217 2
      vertex 7.25 -7.165063509461096 0.008564307045585196
      vertex 6.956708580912725 -7.309698831278217 0.008564307045585196
    endloop
  endfacet
  facet normal -0.5555702330196012 0.8314696123025459 0
    outer loop
      vertex 7.25 -7.165063509461096 2
      vertex 7.5219035725218015 -6.983383350728088 0.008564307045585196
      vertex 7.25 -7.165063509461096 0.008564307045585196
    endloop
  endfacet
  facet normal -0.8314696123025472 -0.5555702330195993 0
    outer loop
      vertex 7.983383350728088 -3.4780964274781985 2
      vertex 7.983383350728088 -3.4780964274781985 0.008564307045585196
      vertex 8.165063509461095 -3.75 2
    endloop
  endfacet
  facet normal -0.8968727415326867 -0.4422886902190048 0
    outer loop
      vertex 8.165063509461095 -3.75 2
      vertex 8.165063509461095 -3.75 0.008564307045585196
      vertex 8.309698831278217 -4.043291419087275 2
    endloop
  endfacet
  facet normal -0.9469301294951065 -0.32143946530315926 0
    outer loop
      vertex 8.309698831278217 -4.043291419087275 2
      vertex 8.309698831278217 -4.043291419087275 0.008564307045585196
      vertex 8.41481456572267 -4.352952387243699 2
    endloop
  endfacet
  facet normal -0.9807852804032304 -0.19509032201612833 0
    outer loop
      vertex 8.41481456572267 -4.352952387243699 2
      vertex 8.41481456572267 -4.352952387243699 0.008564307045585196
      vertex 8.478612153434526 -4.673684519449871 2
    endloop
  endfacet
  facet normal -0.9978589232386035 -0.06540312923014453 0
    outer loop
      vertex 8.478612153434526 -4.673684519449871 2
      vertex 8.478612153434526 -4.673684519449871 0.008564307045585196
      vertex 8.5 -5 2
    endloop
  endfacet
  facet normal -0.9807852804032304 0.19509032201612833 0
    outer loop
      vertex 8.478612153434526 -5.326315480550129 2
      vertex 8.478612153434526 -5.326315480550129 0.008564307045585196
      vertex 8.41481456572267 -5.647047612756301 2
    endloop
  endfacet
  facet normal -0.9469301294951065 0.32143946530315926 0
    outer loop
      vertex 8.309698831278217 -5.956708580912725 2
      vertex 8.41481456572267 -5.647047612756301 2
      vertex 8.41481456572267 -5.647047612756301 0.008564307045585196
    endloop
  endfacet
  facet normal -0.9978589232386035 0.06540312923014453 0
    outer loop
      vertex 8.5 -5 2
      vertex 8.5 -5 0.008564307045585196
      vertex 8.478612153434526 -5.326315480550129 2
    endloop
  endfacet
  facet normal -0.8314696123025472 0.5555702330195993 0
    outer loop
      vertex 8.165063509461095 -6.25 2
      vertex 8.165063509461095 -6.25 0.008564307045585196
      vertex 7.983383350728088 -6.5219035725218015 2
    endloop
  endfacet
  facet normal -0.8968727415326867 0.4422886902190048 0
    outer loop
      vertex 8.309698831278217 -5.956708580912725 2
      vertex 8.309698831278217 -5.956708580912725 0.008564307045585196
      vertex 8.165063509461095 -6.25 2
    endloop
  endfacet
  facet normal -0.7518398074789772 0.6593458151000691 0
    outer loop
      vertex 7.767766952966369 -6.767766952966369 2
      vertex 7.983383350728088 -6.5219035725218015 2
      vertex 7.983383350728088 -6.5219035725218015 0.008564307045585196
    endloop
  endfacet
  facet normal -0.7518398074789772 -0.6593458151000691 0
    outer loop
      vertex 7.983383350728088 -3.4780964274781985 2
      vertex 7.767766952966369 -3.232233047033631 0.008564307045585196
      vertex 7.983383350728088 -3.4780964274781985 0.008564307045585196
    endloop
  endfacet
  facet normal -0.8314696123025472 -0.5555702330195993 0
    outer loop
      vertex 8.165063509461095 -3.75 2
      vertex 7.983383350728088 -3.4780964274781985 0.008564307045585196
      vertex 8.165063509461095 -3.75 0.008564307045585196
    endloop
  endfacet
  facet normal -0.8968727415326867 -0.4422886902190048 0
    outer loop
      vertex 8.309698831278217 -4.043291419087275 2
      vertex 8.165063509461095 -3.75 0.008564307045585196
      vertex 8.309698831278217 -4.043291419087275 0.008564307045585196
    endloop
  endfacet
  facet normal -0.9469301294951065 -0.32143946530315926 0
    outer loop
      vertex 8.41481456572267 -4.352952387243699 2
      vertex 8.309698831278217 -4.043291419087275 0.008564307045585196
      vertex 8.41481456572267 -4.352952387243699 0.008564307045585196
    endloop
  endfacet
  facet normal -0.9807852804032304 -0.19509032201612833 0
    outer loop
      vertex 8.478612153434526 -4.673684519449871 2
      vertex 8.41481456572267 -4.352952387243699 0.008564307045585196
      vertex 8.478612153434526 -4.673684519449871 0.008564307045585196
    endloop
  endfacet
  facet normal -0.9978589232386035 0.06540312923014453 0
    outer loop
      vertex 8.478612153434526 -5.326315480550129 2
      vertex 8.5 -5 0.008564307045585196
      vertex 8.478612153434526 -5.326315480550129 0.008564307045585196
    endloop
  endfacet
  facet normal -0.9807852804032304 0.19509032201612833 0
    outer loop
      vertex 8.41481456572267 -5.647047612756301 2
      vertex 8.478612153434526 -5.326315480550129 0.008564307045585196
      vertex 8.41481456572267 -5.647047612756301 0.008564307045585196
    endloop
  endfacet
  facet normal -0.9469301294951065 0.32143946530315926 0
    outer loop
      vertex 8.309698831278217 -5.956708580912725 2
      vertex 8.41481456572267 -5.647047612756301 0.008564307045585196
      vertex 8.309698831278217 -5.956708580912725 0.008564307045585196
    endloop
  endfacet
  facet normal -0.9978589232386035 -0.06540312923014453 0
    outer loop
      vertex 8.5 -5 2
      vertex 8.478612153434526 -4.673684519449871 0.008564307045585196
      vertex 8.5 -5 0.008564307045585196
    endloop
  endfacet
  facet normal -0.8314696123025472 0.5555702330195993 0
    outer loop
      vertex 7.983383350728088 -6.5219035725218015 2
      vertex 8.165063509461095 -6.25 0.008564307045585196
      vertex 7.983383350728088 -6.5219035725218015 0.008564307045585196
    endloop
  endfacet
  facet normal -0.8968727415326867 0.4422886902190048 0
    outer loop
      vertex 8.165063509461095 -6.25 2
      vertex 8.309698831278217 -5.956708580912725 0.008564307045585196
      vertex 8.165063509461095 -6.25 0.008564307045585196
    endloop
  endfacet
  facet normal 0.5555702330195952 -0.8314696123025499 0
    outer loop
      vertex 29.056419785036482 -4.770302322548585 0.008564307045585196
      vertex 29.225 -4.65766062413412 2
      vertex 29.056419785036482 -4.770302322548585 2
    endloop
  endfacet
  facet normal 0.4422886902190021 -0.8968727415326879 0
    outer loop
      vertex 29.225 -4.65766062413412 0.008564307045585196
      vertex 29.40684067983411 -4.567986724607506 2
      vertex 29.225 -4.65766062413412 2
    endloop
  endfacet
  facet normal 0.19509032201612977 -0.9807852804032301 0
    outer loop
      vertex 29.59883048009109 -4.502814969251944 0.008564307045585196
      vertex 29.79768440205892 -4.463260464870594 2
      vertex 29.59883048009109 -4.502814969251944 2
    endloop
  endfacet
  facet normal 0.3214394653031649 -0.9469301294951046 0
    outer loop
      vertex 29.40684067983411 -4.567986724607506 0.008564307045585196
      vertex 29.59883048009109 -4.502814969251944 2
      vertex 29.40684067983411 -4.567986724607506 2
    endloop
  endfacet
  facet normal 0.06540312923014073 -0.9978589232386038 0
    outer loop
      vertex 29.79768440205892 -4.463260464870594 0.008564307045585196
      vertex 30 -4.45 2
      vertex 29.79768440205892 -4.463260464870594 2
    endloop
  endfacet
  facet normal 0.831469612302548 -0.5555702330195982 0
    outer loop
      vertex 28.65766062413412 -5.225 0.008564307045585196
      vertex 28.770302322548584 -5.056419785036483 2
      vertex 28.65766062413412 -5.225 2
    endloop
  endfacet
  facet normal 0.8968727415326853 -0.4422886902190074 0
    outer loop
      vertex 28.567986724607504 -5.406840679834111 0.008564307045585196
      vertex 28.65766062413412 -5.225 2
      vertex 28.567986724607504 -5.406840679834111 2
    endloop
  endfacet
  facet normal 0.9469301294951068 -0.3214394653031583 0
    outer loop
      vertex 28.502814969251943 -5.598830480091093 0.008564307045585196
      vertex 28.567986724607504 -5.406840679834111 2
      vertex 28.502814969251943 -5.598830480091093 2
    endloop
  endfacet
  facet normal 0.9807852804032309 -0.19509032201612642 0
    outer loop
      vertex 28.463260464870594 -5.79768440205892 0.008564307045585196
      vertex 28.502814969251943 -5.598830480091093 2
      vertex 28.463260464870594 -5.79768440205892 2
    endloop
  endfacet
  facet normal 0.9978589232386034 -0.06540312923014509 0
    outer loop
      vertex 28.45 -6 0.008564307045585196
      vertex 28.463260464870594 -5.79768440205892 2
      vertex 28.45 -6 2
    endloop
  endfacet
  facet normal 0.9978589232386034 0.06540312923014509 0
    outer loop
      vertex 28.463260464870594 -6.20231559794108 0.008564307045585196
      vertex 28.45 -6 2
      vertex 28.463260464870594 -6.20231559794108 2
    endloop
  endfacet
  facet normal 0.9807852804032309 0.19509032201612642 0
    outer loop
      vertex 28.502814969251943 -6.401169519908907 0.008564307045585196
      vertex 28.463260464870594 -6.20231559794108 2
      vertex 28.502814969251943 -6.401169519908907 2
    endloop
  endfacet
  facet normal 0.9469301294951068 0.3214394653031583 0
    outer loop
      vertex 28.502814969251943 -6.401169519908907 2
      vertex 28.567986724607504 -6.593159320165889 2
      vertex 28.567986724607504 -6.593159320165889 0.008564307045585196
    endloop
  endfacet
  facet normal 0.8968727415326853 0.4422886902190074 0
    outer loop
      vertex 28.567986724607504 -6.593159320165889 2
      vertex 28.65766062413412 -6.775 2
      vertex 28.65766062413412 -6.775 0.008564307045585196
    endloop
  endfacet
  facet normal 0.831469612302548 0.5555702330195982 0
    outer loop
      vertex 28.65766062413412 -6.775 2
      vertex 28.770302322548584 -6.943580214963517 2
      vertex 28.770302322548584 -6.943580214963517 0.008564307045585196
    endloop
  endfacet
  facet normal 0.7518398074789726 -0.6593458151000743 0
    outer loop
      vertex 28.770302322548584 -5.056419785036483 0.008564307045585196
      vertex 28.90398448916085 -4.903984489160852 2
      vertex 28.770302322548584 -5.056419785036483 2
    endloop
  endfacet
  facet normal 0.6593458151000741 -0.7518398074789729 0
    outer loop
      vertex 28.90398448916085 -4.903984489160852 0.008564307045585196
      vertex 29.056419785036482 -4.770302322548585 2
      vertex 28.90398448916085 -4.903984489160852 2
    endloop
  endfacet
  facet normal -0.06540312923014073 -0.9978589232386038 0
    outer loop
      vertex 30 -4.45 0.008564307045585196
      vertex 30.20231559794108 -4.463260464870594 2
      vertex 30 -4.45 2
    endloop
  endfacet
  facet normal -0.19509032201612977 -0.9807852804032301 0
    outer loop
      vertex 30.20231559794108 -4.463260464870594 0.008564307045585196
      vertex 30.40116951990891 -4.502814969251944 2
      vertex 30.20231559794108 -4.463260464870594 2
    endloop
  endfacet
  facet normal -0.3214394653031649 -0.9469301294951046 0
    outer loop
      vertex 30.40116951990891 -4.502814969251944 0.008564307045585196
      vertex 30.59315932016589 -4.567986724607506 2
      vertex 30.40116951990891 -4.502814969251944 2
    endloop
  endfacet
  facet normal -0.4422886902190021 -0.8968727415326879 0
    outer loop
      vertex 30.59315932016589 -4.567986724607506 0.008564307045585196
      vertex 30.775 -4.65766062413412 2
      vertex 30.59315932016589 -4.567986724607506 2
    endloop
  endfacet
  facet normal -0.5555702330195952 -0.8314696123025499 0
    outer loop
      vertex 30.775 -4.65766062413412 2
      vertex 30.775 -4.65766062413412 0.008564307045585196
      vertex 30.943580214963518 -4.770302322548585 2
    endloop
  endfacet
  facet normal -0.6593458151000741 -0.7518398074789729 0
    outer loop
      vertex 30.943580214963518 -4.770302322548585 2
      vertex 30.943580214963518 -4.770302322548585 0.008564307045585196
      vertex 31.09601551083915 -4.903984489160852 2
    endloop
  endfacet
  facet normal -0.7518398074789726 -0.6593458151000743 0
    outer loop
      vertex 31.09601551083915 -4.903984489160852 2
      vertex 31.09601551083915 -4.903984489160852 0.008564307045585196
      vertex 31.229697677451416 -5.056419785036483 2
    endloop
  endfacet
  facet normal -0.7518398074789726 0.6593458151000743 0
    outer loop
      vertex 31.09601551083915 -7.096015510839148 2
      vertex 31.229697677451416 -6.943580214963517 2
      vertex 31.229697677451416 -6.943580214963517 0.008564307045585196
    endloop
  endfacet
  facet normal -0.831469612302548 -0.5555702330195982 0
    outer loop
      vertex 31.34233937586588 -5.225 2
      vertex 31.229697677451416 -5.056419785036483 2
      vertex 31.229697677451416 -5.056419785036483 0.008564307045585196
    endloop
  endfacet
  facet normal -0.8968727415326853 -0.4422886902190074 0
    outer loop
      vertex 31.432013275392496 -5.406840679834111 2
      vertex 31.34233937586588 -5.225 2
      vertex 31.34233937586588 -5.225 0.008564307045585196
    endloop
  endfacet
  facet normal -0.9469301294951068 -0.3214394653031583 0
    outer loop
      vertex 31.497185030748057 -5.598830480091093 2
      vertex 31.432013275392496 -5.406840679834111 2
      vertex 31.432013275392496 -5.406840679834111 0.008564307045585196
    endloop
  endfacet
  facet normal -0.9807852804032309 -0.19509032201612642 0
    outer loop
      vertex 31.536739535129406 -5.79768440205892 2
      vertex 31.497185030748057 -5.598830480091093 2
      vertex 31.497185030748057 -5.598830480091093 0.008564307045585196
    endloop
  endfacet
  facet normal -0.9978589232386034 -0.06540312923014509 0
    outer loop
      vertex 31.55 -6 2
      vertex 31.536739535129406 -5.79768440205892 2
      vertex 31.536739535129406 -5.79768440205892 0.008564307045585196
    endloop
  endfacet
  facet normal -0.9978589232386034 0.06540312923014509 0
    outer loop
      vertex 31.536739535129406 -6.20231559794108 2
      vertex 31.55 -6 2
      vertex 31.55 -6 0.008564307045585196
    endloop
  endfacet
  facet normal -0.9807852804032309 0.19509032201612642 0
    outer loop
      vertex 31.497185030748057 -6.401169519908907 2
      vertex 31.536739535129406 -6.20231559794108 2
      vertex 31.536739535129406 -6.20231559794108 0.008564307045585196
    endloop
  endfacet
  facet normal -0.9469301294951068 0.3214394653031583 0
    outer loop
      vertex 31.432013275392496 -6.593159320165889 2
      vertex 31.497185030748057 -6.401169519908907 2
      vertex 31.497185030748057 -6.401169519908907 0.008564307045585196
    endloop
  endfacet
  facet normal -0.8968727415326853 0.4422886902190074 0
    outer loop
      vertex 31.34233937586588 -6.775 2
      vertex 31.432013275392496 -6.593159320165889 2
      vertex 31.432013275392496 -6.593159320165889 0.008564307045585196
    endloop
  endfacet
  facet normal -0.831469612302548 0.5555702330195982 0
    outer loop
      vertex 31.229697677451416 -6.943580214963517 2
      vertex 31.34233937586588 -6.775 2
      vertex 31.34233937586588 -6.775 0.008564307045585196
    endloop
  endfacet
  facet normal 0.5555702330195952 -0.8314696123025499 0
    outer loop
      vertex 29.225 -4.65766062413412 0.008564307045585196
      vertex 29.225 -4.65766062413412 2
      vertex 29.056419785036482 -4.770302322548585 0.008564307045585196
    endloop
  endfacet
  facet normal 0.4422886902190021 -0.8968727415326879 0
    outer loop
      vertex 29.40684067983411 -4.567986724607506 0.008564307045585196
      vertex 29.40684067983411 -4.567986724607506 2
      vertex 29.225 -4.65766062413412 0.008564307045585196
    endloop
  endfacet
  facet normal 0.3214394653031649 -0.9469301294951046 0
    outer loop
      vertex 29.59883048009109 -4.502814969251944 0.008564307045585196
      vertex 29.59883048009109 -4.502814969251944 2
      vertex 29.40684067983411 -4.567986724607506 0.008564307045585196
    endloop
  endfacet
  facet normal 0.19509032201612977 -0.9807852804032301 0
    outer loop
      vertex 29.79768440205892 -4.463260464870594 0.008564307045585196
      vertex 29.79768440205892 -4.463260464870594 2
      vertex 29.59883048009109 -4.502814969251944 0.008564307045585196
    endloop
  endfacet
  facet normal 0.06540312923014073 -0.9978589232386038 0
    outer loop
      vertex 30 -4.45 0.008564307045585196
      vertex 30 -4.45 2
      vertex 29.79768440205892 -4.463260464870594 0.008564307045585196
    endloop
  endfacet
  facet normal 0.831469612302548 -0.5555702330195982 0
    outer loop
      vertex 28.65766062413412 -5.225 0.008564307045585196
      vertex 28.770302322548584 -5.056419785036483 0.008564307045585196
      vertex 28.770302322548584 -5.056419785036483 2
    endloop
  endfacet
  facet normal 0.8968727415326853 -0.4422886902190074 0
    outer loop
      vertex 28.567986724607504 -5.406840679834111 0.008564307045585196
      vertex 28.65766062413412 -5.225 0.008564307045585196
      vertex 28.65766062413412 -5.225 2
    endloop
  endfacet
  facet normal 0.9469301294951068 -0.3214394653031583 0
    outer loop
      vertex 28.502814969251943 -5.598830480091093 0.008564307045585196
      vertex 28.567986724607504 -5.406840679834111 0.008564307045585196
      vertex 28.567986724607504 -5.406840679834111 2
    endloop
  endfacet
  facet normal 0.9807852804032309 -0.19509032201612642 0
    outer loop
      vertex 28.463260464870594 -5.79768440205892 0.008564307045585196
      vertex 28.502814969251943 -5.598830480091093 0.008564307045585196
      vertex 28.502814969251943 -5.598830480091093 2
    endloop
  endfacet
  facet normal 0.9978589232386034 -0.06540312923014509 0
    outer loop
      vertex 28.45 -6 0.008564307045585196
      vertex 28.463260464870594 -5.79768440205892 0.008564307045585196
      vertex 28.463260464870594 -5.79768440205892 2
    endloop
  endfacet
  facet normal 0.9978589232386034 0.06540312923014509 0
    outer loop
      vertex 28.463260464870594 -6.20231559794108 0.008564307045585196
      vertex 28.45 -6 0.008564307045585196
      vertex 28.45 -6 2
    endloop
  endfacet
  facet normal 0.9807852804032309 0.19509032201612642 0
    outer loop
      vertex 28.463260464870594 -6.20231559794108 0.008564307045585196
      vertex 28.463260464870594 -6.20231559794108 2
      vertex 28.502814969251943 -6.401169519908907 0.008564307045585196
    endloop
  endfacet
  facet normal 0.9469301294951068 0.3214394653031583 0
    outer loop
      vertex 28.567986724607504 -6.593159320165889 0.008564307045585196
      vertex 28.502814969251943 -6.401169519908907 0.008564307045585196
      vertex 28.502814969251943 -6.401169519908907 2
    endloop
  endfacet
  facet normal 0.8968727415326853 0.4422886902190074 0
    outer loop
      vertex 28.567986724607504 -6.593159320165889 2
      vertex 28.65766062413412 -6.775 0.008564307045585196
      vertex 28.567986724607504 -6.593159320165889 0.008564307045585196
    endloop
  endfacet
  facet normal 0.831469612302548 0.5555702330195982 0
    outer loop
      vertex 28.65766062413412 -6.775 2
      vertex 28.770302322548584 -6.943580214963517 0.008564307045585196
      vertex 28.65766062413412 -6.775 0.008564307045585196
    endloop
  endfacet
  facet normal 0.7518398074789726 -0.6593458151000743 0
    outer loop
      vertex 28.770302322548584 -5.056419785036483 0.008564307045585196
      vertex 28.90398448916085 -4.903984489160852 0.008564307045585196
      vertex 28.90398448916085 -4.903984489160852 2
    endloop
  endfacet
  facet normal 0.6593458151000741 -0.7518398074789729 0
    outer loop
      vertex 29.056419785036482 -4.770302322548585 0.008564307045585196
      vertex 29.056419785036482 -4.770302322548585 2
      vertex 28.90398448916085 -4.903984489160852 0.008564307045585196
    endloop
  endfacet
  facet normal 0.7518398074789726 0.6593458151000743 0
    outer loop
      vertex 28.770302322548584 -6.943580214963517 2
      vertex 28.90398448916085 -7.096015510839148 0.008564307045585196
      vertex 28.770302322548584 -6.943580214963517 0.008564307045585196
    endloop
  endfacet
  facet normal -0.06540312923014073 -0.9978589232386038 0
    outer loop
      vertex 30.20231559794108 -4.463260464870594 0.008564307045585196
      vertex 30.20231559794108 -4.463260464870594 2
      vertex 30 -4.45 0.008564307045585196
    endloop
  endfacet
  facet normal -0.19509032201612977 -0.9807852804032301 0
    outer loop
      vertex 30.40116951990891 -4.502814969251944 0.008564307045585196
      vertex 30.40116951990891 -4.502814969251944 2
      vertex 30.20231559794108 -4.463260464870594 0.008564307045585196
    endloop
  endfacet
  facet normal -0.3214394653031649 -0.9469301294951046 0
    outer loop
      vertex 30.59315932016589 -4.567986724607506 0.008564307045585196
      vertex 30.59315932016589 -4.567986724607506 2
      vertex 30.40116951990891 -4.502814969251944 0.008564307045585196
    endloop
  endfacet
  facet normal -0.4422886902190021 -0.8968727415326879 0
    outer loop
      vertex 30.775 -4.65766062413412 2
      vertex 30.59315932016589 -4.567986724607506 0.008564307045585196
      vertex 30.775 -4.65766062413412 0.008564307045585196
    endloop
  endfacet
  facet normal -0.5555702330195952 -0.8314696123025499 0
    outer loop
      vertex 30.943580214963518 -4.770302322548585 2
      vertex 30.775 -4.65766062413412 0.008564307045585196
      vertex 30.943580214963518 -4.770302322548585 0.008564307045585196
    endloop
  endfacet
  facet normal -0.6593458151000741 -0.7518398074789729 0
    outer loop
      vertex 31.09601551083915 -4.903984489160852 2
      vertex 30.943580214963518 -4.770302322548585 0.008564307045585196
      vertex 31.09601551083915 -4.903984489160852 0.008564307045585196
    endloop
  endfacet
  facet normal -0.7518398074789726 -0.6593458151000743 0
    outer loop
      vertex 31.229697677451416 -5.056419785036483 2
      vertex 31.09601551083915 -4.903984489160852 0.008564307045585196
      vertex 31.229697677451416 -5.056419785036483 0.008564307045585196
    endloop
  endfacet
  facet normal -0.831469612302548 -0.5555702330195982 0
    outer loop
      vertex 31.34233937586588 -5.225 2
      vertex 31.229697677451416 -5.056419785036483 0.008564307045585196
      vertex 31.34233937586588 -5.225 0.008564307045585196
    endloop
  endfacet
  facet normal -0.8968727415326853 -0.4422886902190074 0
    outer loop
      vertex 31.432013275392496 -5.406840679834111 2
      vertex 31.34233937586588 -5.225 0.008564307045585196
      vertex 31.432013275392496 -5.406840679834111 0.008564307045585196
    endloop
  endfacet
  facet normal -0.9469301294951068 -0.3214394653031583 0
    outer loop
      vertex 31.497185030748057 -5.598830480091093 2
      vertex 31.432013275392496 -5.406840679834111 0.008564307045585196
      vertex 31.497185030748057 -5.598830480091093 0.008564307045585196
    endloop
  endfacet
  facet normal -0.9807852804032309 -0.19509032201612642 0
    outer loop
      vertex 31.536739535129406 -5.79768440205892 2
      vertex 31.497185030748057 -5.598830480091093 0.008564307045585196
      vertex 31.536739535129406 -5.79768440205892 0.008564307045585196
    endloop
  endfacet
  facet normal -0.9807852804032309 0.19509032201612642 0
    outer loop
      vertex 31.497185030748057 -6.401169519908907 2
      vertex 31.536739535129406 -6.20231559794108 0.008564307045585196
      vertex 31.497185030748057 -6.401169519908907 0.008564307045585196
    endloop
  endfacet
  facet normal -0.9978589232386034 -0.06540312923014509 0
    outer loop
      vertex 31.55 -6 2
      vertex 31.536739535129406 -5.79768440205892 0.008564307045585196
      vertex 31.55 -6 0.008564307045585196
    endloop
  endfacet
  facet normal -0.9978589232386034 0.06540312923014509 0
    outer loop
      vertex 31.536739535129406 -6.20231559794108 2
      vertex 31.55 -6 0.008564307045585196
      vertex 31.536739535129406 -6.20231559794108 0.008564307045585196
    endloop
  endfacet
  facet normal -0.9469301294951068 0.3214394653031583 0
    outer loop
      vertex 31.432013275392496 -6.593159320165889 2
      vertex 31.497185030748057 -6.401169519908907 0.008564307045585196
      vertex 31.432013275392496 -6.593159320165889 0.008564307045585196
    endloop
  endfacet
  facet normal -0.8968727415326853 0.4422886902190074 0
    outer loop
      vertex 31.34233937586588 -6.775 2
      vertex 31.432013275392496 -6.593159320165889 0.008564307045585196
      vertex 31.34233937586588 -6.775 0.008564307045585196
    endloop
  endfacet
  facet normal -0.831469612302548 0.5555702330195982 0
    outer loop
      vertex 31.229697677451416 -6.943580214963517 2
      vertex 31.34233937586588 -6.775 0.008564307045585196
      vertex 31.229697677451416 -6.943580214963517 0.008564307045585196
    endloop
  endfacet
  facet normal 0.7518398074789726 0.6593458151000743 0
    outer loop
      vertex 28.770302322548584 -6.943580214963517 2
      vertex 28.90398448916085 -7.096015510839148 2
      vertex 28.90398448916085 -7.096015510839148 0.008564307045585196
    endloop
  endfacet
  facet normal 0.6593458151000741 0.7518398074789729 0
    outer loop
      vertex 29.056419785036482 -7.229697677451415 2
      vertex 29.056419785036482 -7.229697677451415 0.008564307045585196
      vertex 28.90398448916085 -7.096015510839148 2
    endloop
  endfacet
  facet normal 0.5555702330195952 0.8314696123025499 0
    outer loop
      vertex 29.225 -7.34233937586588 2
      vertex 29.225 -7.34233937586588 0.008564307045585196
      vertex 29.056419785036482 -7.229697677451415 2
    endloop
  endfacet
  facet normal 0.4422886902190021 0.8968727415326879 0
    outer loop
      vertex 29.40684067983411 -7.432013275392494 2
      vertex 29.40684067983411 -7.432013275392494 0.008564307045585196
      vertex 29.225 -7.34233937586588 2
    endloop
  endfacet
  facet normal 0.3214394653031649 0.9469301294951046 0
    outer loop
      vertex 29.59883048009109 -7.497185030748056 2
      vertex 29.59883048009109 -7.497185030748056 0.008564307045585196
      vertex 29.40684067983411 -7.432013275392494 2
    endloop
  endfacet
  facet normal 0.19509032201612977 0.9807852804032301 0
    outer loop
      vertex 29.79768440205892 -7.536739535129406 2
      vertex 29.79768440205892 -7.536739535129406 0.008564307045585196
      vertex 29.59883048009109 -7.497185030748056 2
    endloop
  endfacet
  facet normal 0.06540312923014073 0.9978589232386038 0
    outer loop
      vertex 30 -7.55 2
      vertex 30 -7.55 0.008564307045585196
      vertex 29.79768440205892 -7.536739535129406 2
    endloop
  endfacet
  facet normal -0.06540312923014073 0.9978589232386038 0
    outer loop
      vertex 30.20231559794108 -7.536739535129406 2
      vertex 30.20231559794108 -7.536739535129406 0.008564307045585196
      vertex 30 -7.55 2
    endloop
  endfacet
  facet normal -0.19509032201612977 0.9807852804032301 0
    outer loop
      vertex 30.40116951990891 -7.497185030748056 2
      vertex 30.40116951990891 -7.497185030748056 0.008564307045585196
      vertex 30.20231559794108 -7.536739535129406 2
    endloop
  endfacet
  facet normal -0.3214394653031649 0.9469301294951046 0
    outer loop
      vertex 30.59315932016589 -7.432013275392494 2
      vertex 30.59315932016589 -7.432013275392494 0.008564307045585196
      vertex 30.40116951990891 -7.497185030748056 2
    endloop
  endfacet
  facet normal -0.5555702330195952 0.8314696123025499 0
    outer loop
      vertex 30.943580214963518 -7.229697677451415 2
      vertex 30.943580214963518 -7.229697677451415 0.008564307045585196
      vertex 30.775 -7.34233937586588 2
    endloop
  endfacet
  facet normal -0.4422886902190021 0.8968727415326879 0
    outer loop
      vertex 30.775 -7.34233937586588 2
      vertex 30.775 -7.34233937586588 0.008564307045585196
      vertex 30.59315932016589 -7.432013275392494 2
    endloop
  endfacet
  facet normal -0.6593458151000741 0.7518398074789729 0
    outer loop
      vertex 31.09601551083915 -7.096015510839148 2
      vertex 31.09601551083915 -7.096015510839148 0.008564307045585196
      vertex 30.943580214963518 -7.229697677451415 2
    endloop
  endfacet
  facet normal 0.6593458151000741 0.7518398074789729 0
    outer loop
      vertex 28.90398448916085 -7.096015510839148 2
      vertex 29.056419785036482 -7.229697677451415 0.008564307045585196
      vertex 28.90398448916085 -7.096015510839148 0.008564307045585196
    endloop
  endfacet
  facet normal 0.5555702330195952 0.8314696123025499 0
    outer loop
      vertex 29.056419785036482 -7.229697677451415 2
      vertex 29.225 -7.34233937586588 0.008564307045585196
      vertex 29.056419785036482 -7.229697677451415 0.008564307045585196
    endloop
  endfacet
  facet normal 0.4422886902190021 0.8968727415326879 0
    outer loop
      vertex 29.225 -7.34233937586588 2
      vertex 29.40684067983411 -7.432013275392494 0.008564307045585196
      vertex 29.225 -7.34233937586588 0.008564307045585196
    endloop
  endfacet
  facet normal 0.3214394653031649 0.9469301294951046 0
    outer loop
      vertex 29.40684067983411 -7.432013275392494 2
      vertex 29.59883048009109 -7.497185030748056 0.008564307045585196
      vertex 29.40684067983411 -7.432013275392494 0.008564307045585196
    endloop
  endfacet
  facet normal 0.19509032201612977 0.9807852804032301 0
    outer loop
      vertex 29.59883048009109 -7.497185030748056 2
      vertex 29.79768440205892 -7.536739535129406 0.008564307045585196
      vertex 29.59883048009109 -7.497185030748056 0.008564307045585196
    endloop
  endfacet
  facet normal 0.06540312923014073 0.9978589232386038 0
    outer loop
      vertex 29.79768440205892 -7.536739535129406 2
      vertex 30 -7.55 0.008564307045585196
      vertex 29.79768440205892 -7.536739535129406 0.008564307045585196
    endloop
  endfacet
  facet normal -0.06540312923014073 0.9978589232386038 0
    outer loop
      vertex 30 -7.55 2
      vertex 30.20231559794108 -7.536739535129406 0.008564307045585196
      vertex 30 -7.55 0.008564307045585196
    endloop
  endfacet
  facet normal -0.19509032201612977 0.9807852804032301 0
    outer loop
      vertex 30.20231559794108 -7.536739535129406 2
      vertex 30.40116951990891 -7.497185030748056 0.008564307045585196
      vertex 30.20231559794108 -7.536739535129406 0.008564307045585196
    endloop
  endfacet
  facet normal -0.3214394653031649 0.9469301294951046 0
    outer loop
      vertex 30.40116951990891 -7.497185030748056 2
      vertex 30.59315932016589 -7.432013275392494 0.008564307045585196
      vertex 30.40116951990891 -7.497185030748056 0.008564307045585196
    endloop
  endfacet
  facet normal -0.4422886902190021 0.8968727415326879 0
    outer loop
      vertex 30.59315932016589 -7.432013275392494 2
      vertex 30.775 -7.34233937586588 0.008564307045585196
      vertex 30.59315932016589 -7.432013275392494 0.008564307045585196
    endloop
  endfacet
  facet normal -0.5555702330195952 0.8314696123025499 0
    outer loop
      vertex 30.775 -7.34233937586588 2
      vertex 30.943580214963518 -7.229697677451415 0.008564307045585196
      vertex 30.775 -7.34233937586588 0.008564307045585196
    endloop
  endfacet
  facet normal -0.6593458151000741 0.7518398074789729 0
    outer loop
      vertex 30.943580214963518 -7.229697677451415 2
      vertex 31.09601551083915 -7.096015510839148 0.008564307045585196
      vertex 30.943580214963518 -7.229697677451415 0.008564307045585196
    endloop
  endfacet
  facet normal -0.7518398074789726 0.6593458151000743 0
    outer loop
      vertex 31.09601551083915 -7.096015510839148 2
      vertex 31.229697677451416 -6.943580214963517 0.008564307045585196
      vertex 31.09601551083915 -7.096015510839148 0.008564307045585196
    endloop
  endfacet
  facet normal 0 0 -1
    outer loop
      vertex 31.92725933896875 -21.292944763917983 0.3999999999999986
      vertex 31.92725933896875 -21.707055236082017 0.3999999999999986
      vertex 31.906844110900956 -21.395579046223958 0.3999999999999986
    endloop
  endfacet
  facet normal 0 0 -1
    outer loop
      vertex 31.960896373990973 -21.19385325410793 0.3999999999999986
      vertex 31.960896373990973 -21.80614674589207 0.3999999999999986
      vertex 31.92725933896875 -21.292944763917983 0.3999999999999986
    endloop
  endfacet
  facet normal 0 0 -1
    outer loop
      vertex 31.906844110900956 -21.395579046223958 0.3999999999999986
      vertex 31.906844110900956 -21.604420953776042 0.3999999999999986
      vertex 31.900000000000002 -21.5 0.3999999999999986
    endloop
  endfacet
  facet normal 0 0 -1
    outer loop
      vertex 31.906844110900956 -21.395579046223958 0.3999999999999986
      vertex 31.92725933896875 -21.707055236082017 0.3999999999999986
      vertex 31.906844110900956 -21.604420953776042 0.3999999999999986
    endloop
  endfacet
  facet normal 0 0 -1
    outer loop
      vertex 31.92725933896875 -21.292944763917983 0.3999999999999986
      vertex 31.960896373990973 -21.80614674589207 0.3999999999999986
      vertex 31.92725933896875 -21.707055236082017 0.3999999999999986
    endloop
  endfacet
  facet normal 0 0 -1
    outer loop
      vertex 32.00717967697245 -21.1 0.3999999999999986
      vertex 32.00717967697245 -21.9 0.3999999999999986
      vertex 31.960896373990973 -21.19385325410793 0.3999999999999986
    endloop
  endfacet
  facet normal 0 0 -1
    outer loop
      vertex 32.06531732776701 -21.012990856793024 0.3999999999999986
      vertex 32.06531732776701 -21.987009143206976 0.3999999999999986
      vertex 32.00717967697245 -21.1 0.3999999999999986
    endloop
  endfacet
  facet normal 0 0 -1
    outer loop
      vertex 32.06531732776701 -21.012990856793024 0.3999999999999986
      vertex 32.134314575050766 -20.934314575050763 0.3999999999999986
      vertex 32.134314575050766 -22.065685424949237 0.3999999999999986
    endloop
  endfacet
  facet normal 0 0 -1
    outer loop
      vertex 32.134314575050766 -20.934314575050763 0.3999999999999986
      vertex 32.21299085679303 -20.865317327767013 0.3999999999999986
      vertex 32.21299085679303 -22.134682672232987 0.3999999999999986
    endloop
  endfacet
  facet normal 0 0 -1
    outer loop
      vertex 32.300000000000004 -20.80717967697245 0.3999999999999986
      vertex 32.300000000000004 -22.19282032302755 0.3999999999999986
      vertex 32.21299085679303 -20.865317327767013 0.3999999999999986
    endloop
  endfacet
  facet normal 0 0 -1
    outer loop
      vertex 32.300000000000004 -20.80717967697245 0.3999999999999986
      vertex 32.39385325410793 -20.76089637399097 0.3999999999999986
      vertex 32.39385325410793 -22.23910362600903 0.3999999999999986
    endloop
  endfacet
  facet normal 0 0 -1
    outer loop
      vertex 31.960896373990973 -21.19385325410793 0.3999999999999986
      vertex 32.00717967697245 -21.9 0.3999999999999986
      vertex 31.960896373990973 -21.80614674589207 0.3999999999999986
    endloop
  endfacet
  facet normal 0 0 -1
    outer loop
      vertex 32.00717967697245 -21.1 0.3999999999999986
      vertex 32.06531732776701 -21.987009143206976 0.3999999999999986
      vertex 32.00717967697245 -21.9 0.3999999999999986
    endloop
  endfacet
  facet normal 0 0 -1
    outer loop
      vertex 32.06531732776701 -21.012990856793024 0.3999999999999986
      vertex 32.134314575050766 -22.065685424949237 0.3999999999999986
      vertex 32.06531732776701 -21.987009143206976 0.3999999999999986
    endloop
  endfacet
  facet normal 0 0 -1
    outer loop
      vertex 32.134314575050766 -20.934314575050763 0.3999999999999986
      vertex 32.21299085679303 -22.134682672232987 0.3999999999999986
      vertex 32.134314575050766 -22.065685424949237 0.3999999999999986
    endloop
  endfacet
  facet normal 0 0 -1
    outer loop
      vertex 32.21299085679303 -20.865317327767013 0.3999999999999986
      vertex 32.300000000000004 -22.19282032302755 0.3999999999999986
      vertex 32.21299085679303 -22.134682672232987 0.3999999999999986
    endloop
  endfacet
  facet normal 0 0 -1
    outer loop
      vertex 32.300000000000004 -20.80717967697245 0.3999999999999986
      vertex 32.39385325410793 -22.23910362600903 0.3999999999999986
      vertex 32.300000000000004 -22.19282032302755 0.3999999999999986
    endloop
  endfacet
  facet normal 0 0 -1
    outer loop
      vertex 32.39385325410793 -20.76089637399097 0.3999999999999986
      vertex 32.49294476391799 -22.272740661031253 0.3999999999999986
      vertex 32.39385325410793 -22.23910362600903 0.3999999999999986
    endloop
  endfacet
  facet normal 0.7518398074789584 -0.6593458151000904 0
    outer loop
      vertex 32.06531732776701 -21.012990856793024 0.3999999999999986
      vertex 32.06531732776701 -21.012990856793024 0.008564307045585196
      vertex 32.134314575050766 -20.934314575050763 0.3999999999999986
    endloop
  endfacet
  facet normal 0.32143946530314044 -0.9469301294951129 0
    outer loop
      vertex 32.39385325410793 -20.76089637399097 0.3999999999999986
      vertex 32.39385325410793 -20.76089637399097 0.008564307045585196
      vertex 32.49294476391799 -20.727259338968747 0.3999999999999986
    endloop
  endfacet
  facet normal 0.5555702330196042 -0.8314696123025438 0
    outer loop
      vertex 32.300000000000004 -20.80717967697245 0.3999999999999986
      vertex 32.21299085679303 -20.865317327767013 0.3999999999999986
      vertex 32.21299085679303 -20.865317327767013 0.008564307045585196
    endloop
  endfacet
  facet normal 0.6593458151000713 -0.7518398074789754 0
    outer loop
      vertex 32.134314575050766 -20.934314575050763 0.3999999999999986
      vertex 32.134314575050766 -20.934314575050763 0.008564307045585196
      vertex 32.21299085679303 -20.865317327767013 0.3999999999999986
    endloop
  endfacet
  facet normal 0.44228869021900913 -0.8968727415326845 0
    outer loop
      vertex 32.300000000000004 -20.80717967697245 0.3999999999999986
      vertex 32.300000000000004 -20.80717967697245 0.008564307045585196
      vertex 32.39385325410793 -20.76089637399097 0.3999999999999986
    endloop
  endfacet
  facet normal 0.896872741532698 -0.4422886902189818 0
    outer loop
      vertex 32.00717967697245 -21.1 0.3999999999999986
      vertex 31.960896373990973 -21.19385325410793 0.3999999999999986
      vertex 31.960896373990973 -21.19385325410793 0.008564307045585196
    endloop
  endfacet
  facet normal 0.9469301294951094 -0.3214394653031508 0
    outer loop
      vertex 31.960896373990973 -21.19385325410793 0.3999999999999986
      vertex 31.92725933896875 -21.292944763917983 0.3999999999999986
      vertex 31.92725933896875 -21.292944763917983 0.008564307045585196
    endloop
  endfacet
  facet normal 0.8314696123025438 -0.5555702330196042 0
    outer loop
      vertex 32.06531732776701 -21.012990856793024 0.3999999999999986
      vertex 32.00717967697245 -21.1 0.3999999999999986
      vertex 32.00717967697245 -21.1 0.008564307045585196
    endloop
  endfacet
  facet normal 0.9978589232386026 -0.06540312923015869 0
    outer loop
      vertex 31.906844110900956 -21.395579046223958 0.3999999999999986
      vertex 31.900000000000002 -21.5 0.3999999999999986
      vertex 31.900000000000002 -21.5 0.008564307045585196
    endloop
  endfacet
  facet normal 0.9807852804032298 -0.19509032201613147 0
    outer loop
      vertex 31.92725933896875 -21.292944763917983 0.3999999999999986
      vertex 31.906844110900956 -21.395579046223958 0.3999999999999986
      vertex 31.906844110900956 -21.395579046223958 0.008564307045585196
    endloop
  endfacet
  facet normal 0.9978589232386026 0.06540312923015869 0
    outer loop
      vertex 31.900000000000002 -21.5 0.3999999999999986
      vertex 31.906844110900956 -21.604420953776042 0.3999999999999986
      vertex 31.906844110900956 -21.604420953776042 0.008564307045585196
    endloop
  endfacet
  facet normal 0.8314696123025438 -0.5555702330196042 0
    outer loop
      vertex 32.06531732776701 -21.012990856793024 0.3999999999999986
      vertex 32.00717967697245 -21.1 0.008564307045585196
      vertex 32.06531732776701 -21.012990856793024 0.008564307045585196
    endloop
  endfacet
  facet normal 0.7518398074789584 -0.6593458151000904 0
    outer loop
      vertex 32.134314575050766 -20.934314575050763 0.3999999999999986
      vertex 32.06531732776701 -21.012990856793024 0.008564307045585196
      vertex 32.134314575050766 -20.934314575050763 0.008564307045585196
    endloop
  endfacet
  facet normal 0.6593458151000713 -0.7518398074789754 0
    outer loop
      vertex 32.21299085679303 -20.865317327767013 0.3999999999999986
      vertex 32.134314575050766 -20.934314575050763 0.008564307045585196
      vertex 32.21299085679303 -20.865317327767013 0.008564307045585196
    endloop
  endfacet
  facet normal 0.5555702330196042 -0.8314696123025438 0
    outer loop
      vertex 32.300000000000004 -20.80717967697245 0.3999999999999986
      vertex 32.21299085679303 -20.865317327767013 0.008564307045585196
      vertex 32.300000000000004 -20.80717967697245 0.008564307045585196
    endloop
  endfacet
  facet normal 0.44228869021900913 -0.8968727415326845 0
    outer loop
      vertex 32.39385325410793 -20.76089637399097 0.3999999999999986
      vertex 32.300000000000004 -20.80717967697245 0.008564307045585196
      vertex 32.39385325410793 -20.76089637399097 0.008564307045585196
    endloop
  endfacet
  facet normal 0.9469301294951094 -0.3214394653031508 0
    outer loop
      vertex 31.960896373990973 -21.19385325410793 0.3999999999999986
      vertex 31.92725933896875 -21.292944763917983 0.008564307045585196
      vertex 31.960896373990973 -21.19385325410793 0.008564307045585196
    endloop
  endfacet
  facet normal 0.9807852804032298 -0.19509032201613147 0
    outer loop
      vertex 31.92725933896875 -21.292944763917983 0.3999999999999986
      vertex 31.906844110900956 -21.395579046223958 0.008564307045585196
      vertex 31.92725933896875 -21.292944763917983 0.008564307045585196
    endloop
  endfacet
  facet normal 0.896872741532698 -0.4422886902189818 0
    outer loop
      vertex 32.00717967697245 -21.1 0.3999999999999986
      vertex 31.960896373990973 -21.19385325410793 0.008564307045585196
      vertex 32.00717967697245 -21.1 0.008564307045585196
    endloop
  endfacet
  facet normal 0.9978589232386026 -0.06540312923015869 0
    outer loop
      vertex 31.906844110900956 -21.395579046223958 0.3999999999999986
      vertex 31.900000000000002 -21.5 0.008564307045585196
      vertex 31.906844110900956 -21.395579046223958 0.008564307045585196
    endloop
  endfacet
  facet normal 0.9978589232386026 0.06540312923015869 0
    outer loop
      vertex 31.900000000000002 -21.5 0.3999999999999986
      vertex 31.906844110900956 -21.604420953776042 0.008564307045585196
      vertex 31.900000000000002 -21.5 0.008564307045585196
    endloop
  endfacet
  facet normal 0.9807852804032298 0.19509032201613147 0
    outer loop
      vertex 31.906844110900956 -21.604420953776042 0.3999999999999986
      vertex 31.92725933896875 -21.707055236082017 0.3999999999999986
      vertex 31.92725933896875 -21.707055236082017 0.008564307045585196
    endloop
  endfacet
  facet normal 0.9469301294951094 0.3214394653031508 0
    outer loop
      vertex 31.92725933896875 -21.707055236082017 0.3999999999999986
      vertex 31.960896373990973 -21.80614674589207 0.3999999999999986
      vertex 31.960896373990973 -21.80614674589207 0.008564307045585196
    endloop
  endfacet
  facet normal 0.896872741532698 0.4422886902189818 0
    outer loop
      vertex 31.960896373990973 -21.80614674589207 0.3999999999999986
      vertex 32.00717967697245 -21.9 0.3999999999999986
      vertex 32.00717967697245 -21.9 0.008564307045585196
    endloop
  endfacet
  facet normal 0.8314696123025438 0.5555702330196042 0
    outer loop
      vertex 32.00717967697245 -21.9 0.3999999999999986
      vertex 32.06531732776701 -21.987009143206976 0.3999999999999986
      vertex 32.06531732776701 -21.987009143206976 0.008564307045585196
    endloop
  endfacet
  facet normal 0.7518398074789584 0.6593458151000904 0
    outer loop
      vertex 32.06531732776701 -21.987009143206976 0.3999999999999986
      vertex 32.134314575050766 -22.065685424949237 0.3999999999999986
      vertex 32.134314575050766 -22.065685424949237 0.008564307045585196
    endloop
  endfacet
  facet normal 0.6593458151000713 0.7518398074789754 0
    outer loop
      vertex 32.134314575050766 -22.065685424949237 0.3999999999999986
      vertex 32.21299085679303 -22.134682672232987 0.3999999999999986
      vertex 32.21299085679303 -22.134682672232987 0.008564307045585196
    endloop
  endfacet
  facet normal 0.5555702330196042 0.8314696123025438 0
    outer loop
      vertex 32.21299085679303 -22.134682672232987 0.3999999999999986
      vertex 32.300000000000004 -22.19282032302755 0.3999999999999986
      vertex 32.300000000000004 -22.19282032302755 0.008564307045585196
    endloop
  endfacet
  facet normal 0.44228869021900913 0.8968727415326845 0
    outer loop
      vertex 32.300000000000004 -22.19282032302755 0.3999999999999986
      vertex 32.39385325410793 -22.23910362600903 0.3999999999999986
      vertex 32.39385325410793 -22.23910362600903 0.008564307045585196
    endloop
  endfacet
  facet normal 0.9807852804032298 0.19509032201613147 0
    outer loop
      vertex 31.906844110900956 -21.604420953776042 0.3999999999999986
      vertex 31.92725933896875 -21.707055236082017 0.008564307045585196
      vertex 31.906844110900956 -21.604420953776042 0.008564307045585196
    endloop
  endfacet
  facet normal 0.9469301294951094 0.3214394653031508 0
    outer loop
      vertex 31.92725933896875 -21.707055236082017 0.3999999999999986
      vertex 31.960896373990973 -21.80614674589207 0.008564307045585196
      vertex 31.92725933896875 -21.707055236082017 0.008564307045585196
    endloop
  endfacet
  facet normal 0.896872741532698 0.4422886902189818 0
    outer loop
      vertex 31.960896373990973 -21.80614674589207 0.3999999999999986
      vertex 32.00717967697245 -21.9 0.008564307045585196
      vertex 31.960896373990973 -21.80614674589207 0.008564307045585196
    endloop
  endfacet
  facet normal 0.8314696123025438 0.5555702330196042 0
    outer loop
      vertex 32.00717967697245 -21.9 0.3999999999999986
      vertex 32.06531732776701 -21.987009143206976 0.008564307045585196
      vertex 32.00717967697245 -21.9 0.008564307045585196
    endloop
  endfacet
  facet normal 0.7518398074789584 0.6593458151000904 0
    outer loop
      vertex 32.06531732776701 -21.987009143206976 0.3999999999999986
      vertex 32.134314575050766 -22.065685424949237 0.008564307045585196
      vertex 32.06531732776701 -21.987009143206976 0.008564307045585196
    endloop
  endfacet
  facet normal 0.6593458151000713 0.7518398074789754 0
    outer loop
      vertex 32.134314575050766 -22.065685424949237 0.3999999999999986
      vertex 32.21299085679303 -22.134682672232987 0.008564307045585196
      vertex 32.134314575050766 -22.065685424949237 0.008564307045585196
    endloop
  endfacet
  facet normal 0.5555702330196042 0.8314696123025438 0
    outer loop
      vertex 32.21299085679303 -22.134682672232987 0.3999999999999986
      vertex 32.300000000000004 -22.19282032302755 0.008564307045585196
      vertex 32.21299085679303 -22.134682672232987 0.008564307045585196
    endloop
  endfacet
  facet normal 0.44228869021900913 0.8968727415326845 0
    outer loop
      vertex 32.300000000000004 -22.19282032302755 0.3999999999999986
      vertex 32.39385325410793 -22.23910362600903 0.008564307045585196
      vertex 32.300000000000004 -22.19282032302755 0.008564307045585196
    endloop
  endfacet
  facet normal 0.32143946530314044 0.9469301294951129 0
    outer loop
      vertex 32.39385325410793 -22.23910362600903 0.3999999999999986
      vertex 32.49294476391799 -22.272740661031253 0.008564307045585196
      vertex 32.39385325410793 -22.23910362600903 0.008564307045585196
    endloop
  endfacet
  facet normal 0 0 -1
    outer loop
      vertex 32.39385325410793 -20.76089637399097 0.3999999999999986
      vertex 32.49294476391799 -20.727259338968747 0.3999999999999986
      vertex 32.49294476391799 -22.272740661031253 0.3999999999999986
    endloop
  endfacet
  facet normal 0 0 -1
    outer loop
      vertex 32.49294476391799 -20.727259338968747 0.3999999999999986
      vertex 32.59557904622396 -20.706844110900953 0.3999999999999986
      vertex 32.59557904622396 -22.293155889099047 0.3999999999999986
    endloop
  endfacet
  facet normal 0 0 -1
    outer loop
      vertex 32.59557904622396 -20.706844110900953 0.3999999999999986
      vertex 32.7 -20.7 0.3999999999999986
      vertex 32.7 -22.3 0.3999999999999986
    endloop
  endfacet
  facet normal 0 0 -1
    outer loop
      vertex 32.7 -20.7 0.3999999999999986
      vertex 32.804420953776045 -20.706844110900953 0.3999999999999986
      vertex 32.804420953776045 -22.293155889099047 0.3999999999999986
    endloop
  endfacet
  facet normal 0 0 -1
    outer loop
      vertex 32.804420953776045 -20.706844110900953 0.3999999999999986
      vertex 32.907055236082016 -20.727259338968747 0.3999999999999986
      vertex 32.907055236082016 -22.272740661031253 0.3999999999999986
    endloop
  endfacet
  facet normal 0 0 -1
    outer loop
      vertex 32.907055236082016 -20.727259338968747 0.3999999999999986
      vertex 33.006146745892075 -20.76089637399097 0.3999999999999986
      vertex 33.006146745892075 -22.23910362600903 0.3999999999999986
    endloop
  endfacet
  facet normal 0 0 -1
    outer loop
      vertex 33.006146745892075 -20.76089637399097 0.3999999999999986
      vertex 33.1 -20.80717967697245 0.3999999999999986
      vertex 33.1 -22.19282032302755 0.3999999999999986
    endloop
  endfacet
  facet normal 0 0 -1
    outer loop
      vertex 33.1 -20.80717967697245 0.3999999999999986
      vertex 33.18700914320698 -20.865317327767013 0.3999999999999986
      vertex 33.18700914320698 -22.134682672232987 0.3999999999999986
    endloop
  endfacet
  facet normal 0 0 -1
    outer loop
      vertex 33.18700914320698 -20.865317327767013 0.3999999999999986
      vertex 33.26568542494924 -20.934314575050763 0.3999999999999986
      vertex 33.26568542494924 -22.065685424949237 0.3999999999999986
    endloop
  endfacet
  facet normal 0 0 -1
    outer loop
      vertex 33.26568542494924 -20.934314575050763 0.3999999999999986
      vertex 33.334682672232994 -21.012990856793024 0.3999999999999986
      vertex 33.334682672232994 -21.987009143206976 0.3999999999999986
    endloop
  endfacet
  facet normal 0 0 -1
    outer loop
      vertex 33.334682672232994 -21.012990856793024 0.3999999999999986
      vertex 33.39282032302756 -21.1 0.3999999999999986
      vertex 33.39282032302756 -21.9 0.3999999999999986
    endloop
  endfacet
  facet normal 0 0 -1
    outer loop
      vertex 33.39282032302756 -21.1 0.3999999999999986
      vertex 33.43910362600903 -21.19385325410793 0.3999999999999986
      vertex 33.43910362600903 -21.80614674589207 0.3999999999999986
    endloop
  endfacet
  facet normal 0 0 -1
    outer loop
      vertex 33.43910362600903 -21.19385325410793 0.3999999999999986
      vertex 33.47274066103126 -21.292944763917983 0.3999999999999986
      vertex 33.47274066103126 -21.707055236082017 0.3999999999999986
    endloop
  endfacet
  facet normal 0 0 -1
    outer loop
      vertex 33.47274066103126 -21.292944763917983 0.3999999999999986
      vertex 33.49315588909905 -21.395579046223958 0.3999999999999986
      vertex 33.49315588909905 -21.604420953776042 0.3999999999999986
    endloop
  endfacet
  facet normal 0 0 -1
    outer loop
      vertex 33.39282032302756 -21.1 0.3999999999999986
      vertex 33.43910362600903 -21.80614674589207 0.3999999999999986
      vertex 33.39282032302756 -21.9 0.3999999999999986
    endloop
  endfacet
  facet normal 0 0 -1
    outer loop
      vertex 33.49315588909905 -21.395579046223958 0.3999999999999986
      vertex 33.5 -21.5 0.3999999999999986
      vertex 33.49315588909905 -21.604420953776042 0.3999999999999986
    endloop
  endfacet
  facet normal 0 0 -1
    outer loop
      vertex 33.47274066103126 -21.292944763917983 0.3999999999999986
      vertex 33.49315588909905 -21.604420953776042 0.3999999999999986
      vertex 33.47274066103126 -21.707055236082017 0.3999999999999986
    endloop
  endfacet
  facet normal 0 0 -1
    outer loop
      vertex 33.43910362600903 -21.19385325410793 0.3999999999999986
      vertex 33.47274066103126 -21.707055236082017 0.3999999999999986
      vertex 33.43910362600903 -21.80614674589207 0.3999999999999986
    endloop
  endfacet
  facet normal 0 0 -1
    outer loop
      vertex 32.49294476391799 -20.727259338968747 0.3999999999999986
      vertex 32.59557904622396 -22.293155889099047 0.3999999999999986
      vertex 32.49294476391799 -22.272740661031253 0.3999999999999986
    endloop
  endfacet
  facet normal 0 0 -1
    outer loop
      vertex 32.59557904622396 -20.706844110900953 0.3999999999999986
      vertex 32.7 -22.3 0.3999999999999986
      vertex 32.59557904622396 -22.293155889099047 0.3999999999999986
    endloop
  endfacet
  facet normal 0 0 -1
    outer loop
      vertex 32.7 -20.7 0.3999999999999986
      vertex 32.804420953776045 -22.293155889099047 0.3999999999999986
      vertex 32.7 -22.3 0.3999999999999986
    endloop
  endfacet
  facet normal 0 0 -1
    outer loop
      vertex 32.804420953776045 -20.706844110900953 0.3999999999999986
      vertex 32.907055236082016 -22.272740661031253 0.3999999999999986
      vertex 32.804420953776045 -22.293155889099047 0.3999999999999986
    endloop
  endfacet
  facet normal 0 0 -1
    outer loop
      vertex 32.907055236082016 -20.727259338968747 0.3999999999999986
      vertex 33.006146745892075 -22.23910362600903 0.3999999999999986
      vertex 32.907055236082016 -22.272740661031253 0.3999999999999986
    endloop
  endfacet
  facet normal 0 0 -1
    outer loop
      vertex 33.006146745892075 -20.76089637399097 0.3999999999999986
      vertex 33.1 -22.19282032302755 0.3999999999999986
      vertex 33.006146745892075 -22.23910362600903 0.3999999999999986
    endloop
  endfacet
  facet normal 0 0 -1
    outer loop
      vertex 33.1 -20.80717967697245 0.3999999999999986
      vertex 33.18700914320698 -22.134682672232987 0.3999999999999986
      vertex 33.1 -22.19282032302755 0.3999999999999986
    endloop
  endfacet
  facet normal 0 0 -1
    outer loop
      vertex 33.18700914320698 -20.865317327767013 0.3999999999999986
      vertex 33.26568542494924 -22.065685424949237 0.3999999999999986
      vertex 33.18700914320698 -22.134682672232987 0.3999999999999986
    endloop
  endfacet
  facet normal 0 0 -1
    outer loop
      vertex 33.26568542494924 -20.934314575050763 0.3999999999999986
      vertex 33.334682672232994 -21.987009143206976 0.3999999999999986
      vertex 33.26568542494924 -22.065685424949237 0.3999999999999986
    endloop
  endfacet
  facet normal 0 0 -1
    outer loop
      vertex 33.334682672232994 -21.012990856793024 0.3999999999999986
      vertex 33.39282032302756 -21.9 0.3999999999999986
      vertex 33.334682672232994 -21.987009143206976 0.3999999999999986
    endloop
  endfacet
  facet normal 0.19509032201613793 -0.9807852804032284 0
    outer loop
      vertex 32.49294476391799 -20.727259338968747 0.3999999999999986
      vertex 32.49294476391799 -20.727259338968747 0.008564307045585196
      vertex 32.59557904622396 -20.706844110900953 0.3999999999999986
    endloop
  endfacet
  facet normal 0.06540312923015869 -0.9978589232386026 0
    outer loop
      vertex 32.59557904622396 -20.706844110900953 0.3999999999999986
      vertex 32.59557904622396 -20.706844110900953 0.008564307045585196
      vertex 32.7 -20.7 0.3999999999999986
    endloop
  endfacet
  facet normal -0.06540312923015869 -0.9978589232386026 0
    outer loop
      vertex 32.7 -20.7 0.3999999999999986
      vertex 32.7 -20.7 0.008564307045585196
      vertex 32.804420953776045 -20.706844110900953 0.3999999999999986
    endloop
  endfacet
  facet normal -0.19509032201613793 -0.9807852804032284 0
    outer loop
      vertex 32.804420953776045 -20.706844110900953 0.3999999999999986
      vertex 32.804420953776045 -20.706844110900953 0.008564307045585196
      vertex 32.907055236082016 -20.727259338968747 0.3999999999999986
    endloop
  endfacet
  facet normal -0.32143946530314044 -0.9469301294951129 0
    outer loop
      vertex 32.907055236082016 -20.727259338968747 0.3999999999999986
      vertex 32.907055236082016 -20.727259338968747 0.008564307045585196
      vertex 33.006146745892075 -20.76089637399097 0.3999999999999986
    endloop
  endfacet
  facet normal -0.44228869021900913 -0.8968727415326845 0
    outer loop
      vertex 33.006146745892075 -20.76089637399097 0.3999999999999986
      vertex 33.006146745892075 -20.76089637399097 0.008564307045585196
      vertex 33.1 -20.80717967697245 0.3999999999999986
    endloop
  endfacet
  facet normal -0.5555702330196042 -0.8314696123025438 0
    outer loop
      vertex 33.1 -20.80717967697245 0.3999999999999986
      vertex 33.1 -20.80717967697245 0.008564307045585196
      vertex 33.18700914320698 -20.865317327767013 0.3999999999999986
    endloop
  endfacet
  facet normal -0.6593458151000713 -0.7518398074789754 0
    outer loop
      vertex 33.18700914320698 -20.865317327767013 0.3999999999999986
      vertex 33.18700914320698 -20.865317327767013 0.008564307045585196
      vertex 33.26568542494924 -20.934314575050763 0.3999999999999986
    endloop
  endfacet
  facet normal -0.7518398074789584 -0.6593458151000904 0
    outer loop
      vertex 33.26568542494924 -20.934314575050763 0.3999999999999986
      vertex 33.26568542494924 -20.934314575050763 0.008564307045585196
      vertex 33.334682672232994 -21.012990856793024 0.3999999999999986
    endloop
  endfacet
  facet normal -0.8314696123025438 -0.5555702330196042 0
    outer loop
      vertex 33.334682672232994 -21.012990856793024 0.3999999999999986
      vertex 33.334682672232994 -21.012990856793024 0.008564307045585196
      vertex 33.39282032302756 -21.1 0.3999999999999986
    endloop
  endfacet
  facet normal -0.8968727415327113 -0.44228869021895445 0
    outer loop
      vertex 33.39282032302756 -21.1 0.3999999999999986
      vertex 33.39282032302756 -21.1 0.008564307045585196
      vertex 33.43910362600903 -21.19385325410793 0.3999999999999986
    endloop
  endfacet
  facet normal -0.9469301294950886 -0.32143946530321166 0
    outer loop
      vertex 33.43910362600903 -21.19385325410793 0.3999999999999986
      vertex 33.43910362600903 -21.19385325410793 0.008564307045585196
      vertex 33.47274066103126 -21.292944763917983 0.3999999999999986
    endloop
  endfacet
  facet normal -0.9807852804032362 -0.1950903220160988 0
    outer loop
      vertex 33.47274066103126 -21.292944763917983 0.3999999999999986
      vertex 33.47274066103126 -21.292944763917983 0.008564307045585196
      vertex 33.49315588909905 -21.395579046223958 0.3999999999999986
    endloop
  endfacet
  facet normal -0.9978589232386048 -0.06540312923012488 0
    outer loop
      vertex 33.49315588909905 -21.395579046223958 0.3999999999999986
      vertex 33.49315588909905 -21.395579046223958 0.008564307045585196
      vertex 33.5 -21.5 0.3999999999999986
    endloop
  endfacet
  facet normal -0.9978589232386048 0.06540312923012488 0
    outer loop
      vertex 33.5 -21.5 0.3999999999999986
      vertex 33.5 -21.5 0.008564307045585196
      vertex 33.49315588909905 -21.604420953776042 0.3999999999999986
    endloop
  endfacet
  facet normal 0.32143946530314044 -0.9469301294951129 0
    outer loop
      vertex 32.49294476391799 -20.727259338968747 0.3999999999999986
      vertex 32.39385325410793 -20.76089637399097 0.008564307045585196
      vertex 32.49294476391799 -20.727259338968747 0.008564307045585196
    endloop
  endfacet
  facet normal 0.19509032201613793 -0.9807852804032284 0
    outer loop
      vertex 32.59557904622396 -20.706844110900953 0.3999999999999986
      vertex 32.49294476391799 -20.727259338968747 0.008564307045585196
      vertex 32.59557904622396 -20.706844110900953 0.008564307045585196
    endloop
  endfacet
  facet normal 0.06540312923015869 -0.9978589232386026 0
    outer loop
      vertex 32.7 -20.7 0.3999999999999986
      vertex 32.59557904622396 -20.706844110900953 0.008564307045585196
      vertex 32.7 -20.7 0.008564307045585196
    endloop
  endfacet
  facet normal -0.06540312923015869 -0.9978589232386026 0
    outer loop
      vertex 32.804420953776045 -20.706844110900953 0.3999999999999986
      vertex 32.7 -20.7 0.008564307045585196
      vertex 32.804420953776045 -20.706844110900953 0.008564307045585196
    endloop
  endfacet
  facet normal -0.19509032201613793 -0.9807852804032284 0
    outer loop
      vertex 32.907055236082016 -20.727259338968747 0.3999999999999986
      vertex 32.804420953776045 -20.706844110900953 0.008564307045585196
      vertex 32.907055236082016 -20.727259338968747 0.008564307045585196
    endloop
  endfacet
  facet normal -0.32143946530314044 -0.9469301294951129 0
    outer loop
      vertex 33.006146745892075 -20.76089637399097 0.3999999999999986
      vertex 32.907055236082016 -20.727259338968747 0.008564307045585196
      vertex 33.006146745892075 -20.76089637399097 0.008564307045585196
    endloop
  endfacet
  facet normal -0.44228869021900913 -0.8968727415326845 0
    outer loop
      vertex 33.1 -20.80717967697245 0.3999999999999986
      vertex 33.006146745892075 -20.76089637399097 0.008564307045585196
      vertex 33.1 -20.80717967697245 0.008564307045585196
    endloop
  endfacet
  facet normal -0.5555702330196042 -0.8314696123025438 0
    outer loop
      vertex 33.18700914320698 -20.865317327767013 0.3999999999999986
      vertex 33.1 -20.80717967697245 0.008564307045585196
      vertex 33.18700914320698 -20.865317327767013 0.008564307045585196
    endloop
  endfacet
  facet normal -0.6593458151000713 -0.7518398074789754 0
    outer loop
      vertex 33.26568542494924 -20.934314575050763 0.3999999999999986
      vertex 33.18700914320698 -20.865317327767013 0.008564307045585196
      vertex 33.26568542494924 -20.934314575050763 0.008564307045585196
    endloop
  endfacet
  facet normal -0.7518398074789584 -0.6593458151000904 0
    outer loop
      vertex 33.334682672232994 -21.012990856793024 0.3999999999999986
      vertex 33.26568542494924 -20.934314575050763 0.008564307045585196
      vertex 33.334682672232994 -21.012990856793024 0.008564307045585196
    endloop
  endfacet
  facet normal -0.8314696123025438 -0.5555702330196042 0
    outer loop
      vertex 33.39282032302756 -21.1 0.3999999999999986
      vertex 33.334682672232994 -21.012990856793024 0.008564307045585196
      vertex 33.39282032302756 -21.1 0.008564307045585196
    endloop
  endfacet
  facet normal -0.8968727415327113 -0.44228869021895445 0
    outer loop
      vertex 33.43910362600903 -21.19385325410793 0.3999999999999986
      vertex 33.39282032302756 -21.1 0.008564307045585196
      vertex 33.43910362600903 -21.19385325410793 0.008564307045585196
    endloop
  endfacet
  facet normal -0.9469301294950886 -0.32143946530321166 0
    outer loop
      vertex 33.47274066103126 -21.292944763917983 0.3999999999999986
      vertex 33.43910362600903 -21.19385325410793 0.008564307045585196
      vertex 33.47274066103126 -21.292944763917983 0.008564307045585196
    endloop
  endfacet
  facet normal -0.9807852804032362 -0.1950903220160988 0
    outer loop
      vertex 33.49315588909905 -21.395579046223958 0.3999999999999986
      vertex 33.47274066103126 -21.292944763917983 0.008564307045585196
      vertex 33.49315588909905 -21.395579046223958 0.008564307045585196
    endloop
  endfacet
  facet normal -0.9978589232386048 -0.06540312923012488 0
    outer loop
      vertex 33.5 -21.5 0.3999999999999986
      vertex 33.49315588909905 -21.395579046223958 0.008564307045585196
      vertex 33.5 -21.5 0.008564307045585196
    endloop
  endfacet
  facet normal -0.9978589232386048 0.06540312923012488 0
    outer loop
      vertex 33.49315588909905 -21.604420953776042 0.3999999999999986
      vertex 33.5 -21.5 0.008564307045585196
      vertex 33.49315588909905 -21.604420953776042 0.008564307045585196
    endloop
  endfacet
  facet normal 0.32143946530314044 0.9469301294951129 0
    outer loop
      vertex 32.39385325410793 -22.23910362600903 0.3999999999999986
      vertex 32.49294476391799 -22.272740661031253 0.3999999999999986
      vertex 32.49294476391799 -22.272740661031253 0.008564307045585196
    endloop
  endfacet
  facet normal 0.19509032201613793 0.9807852804032284 0
    outer loop
      vertex 32.49294476391799 -22.272740661031253 0.3999999999999986
      vertex 32.59557904622396 -22.293155889099047 0.3999999999999986
      vertex 32.59557904622396 -22.293155889099047 0.008564307045585196
    endloop
  endfacet
  facet normal 0.06540312923015869 0.9978589232386026 0
    outer loop
      vertex 32.59557904622396 -22.293155889099047 0.3999999999999986
      vertex 32.7 -22.3 0.3999999999999986
      vertex 32.7 -22.3 0.008564307045585196
    endloop
  endfacet
  facet normal -0.06540312923015869 0.9978589232386026 0
    outer loop
      vertex 32.7 -22.3 0.3999999999999986
      vertex 32.804420953776045 -22.293155889099047 0.3999999999999986
      vertex 32.804420953776045 -22.293155889099047 0.008564307045585196
    endloop
  endfacet
  facet normal -0.19509032201613793 0.9807852804032284 0
    outer loop
      vertex 32.804420953776045 -22.293155889099047 0.3999999999999986
      vertex 32.907055236082016 -22.272740661031253 0.3999999999999986
      vertex 32.907055236082016 -22.272740661031253 0.008564307045585196
    endloop
  endfacet
  facet normal -0.32143946530314044 0.9469301294951129 0
    outer loop
      vertex 33.006146745892075 -22.23910362600903 0.3999999999999986
      vertex 33.006146745892075 -22.23910362600903 0.008564307045585196
      vertex 32.907055236082016 -22.272740661031253 0.3999999999999986
    endloop
  endfacet
  facet normal -0.5555702330196042 0.8314696123025438 0
    outer loop
      vertex 33.18700914320698 -22.134682672232987 0.3999999999999986
      vertex 33.18700914320698 -22.134682672232987 0.008564307045585196
      vertex 33.1 -22.19282032302755 0.3999999999999986
    endloop
  endfacet
  facet normal -0.7518398074789584 0.6593458151000904 0
    outer loop
      vertex 33.26568542494924 -22.065685424949237 0.3999999999999986
      vertex 33.334682672232994 -21.987009143206976 0.3999999999999986
      vertex 33.334682672232994 -21.987009143206976 0.008564307045585196
    endloop
  endfacet
  facet normal -0.6593458151000713 0.7518398074789754 0
    outer loop
      vertex 33.18700914320698 -22.134682672232987 0.3999999999999986
      vertex 33.26568542494924 -22.065685424949237 0.3999999999999986
      vertex 33.26568542494924 -22.065685424949237 0.008564307045585196
    endloop
  endfacet
  facet normal -0.9807852804032362 0.1950903220160988 0
    outer loop
      vertex 33.49315588909905 -21.604420953776042 0.3999999999999986
      vertex 33.49315588909905 -21.604420953776042 0.008564307045585196
      vertex 33.47274066103126 -21.707055236082017 0.3999999999999986
    endloop
  endfacet
  facet normal -0.9469301294950886 0.32143946530321166 0
    outer loop
      vertex 33.47274066103126 -21.707055236082017 0.3999999999999986
      vertex 33.47274066103126 -21.707055236082017 0.008564307045585196
      vertex 33.43910362600903 -21.80614674589207 0.3999999999999986
    endloop
  endfacet
  facet normal -0.8968727415327113 0.44228869021895445 0
    outer loop
      vertex 33.43910362600903 -21.80614674589207 0.3999999999999986
      vertex 33.43910362600903 -21.80614674589207 0.008564307045585196
      vertex 33.39282032302756 -21.9 0.3999999999999986
    endloop
  endfacet
  facet normal -0.8314696123025438 0.5555702330196042 0
    outer loop
      vertex 33.39282032302756 -21.9 0.3999999999999986
      vertex 33.39282032302756 -21.9 0.008564307045585196
      vertex 33.334682672232994 -21.987009143206976 0.3999999999999986
    endloop
  endfacet
  facet normal -0.44228869021900913 0.8968727415326845 0
    outer loop
      vertex 33.006146745892075 -22.23910362600903 0.3999999999999986
      vertex 33.1 -22.19282032302755 0.3999999999999986
      vertex 33.1 -22.19282032302755 0.008564307045585196
    endloop
  endfacet
  facet normal 0.19509032201613793 0.9807852804032284 0
    outer loop
      vertex 32.49294476391799 -22.272740661031253 0.3999999999999986
      vertex 32.59557904622396 -22.293155889099047 0.008564307045585196
      vertex 32.49294476391799 -22.272740661031253 0.008564307045585196
    endloop
  endfacet
  facet normal 0.06540312923015869 0.9978589232386026 0
    outer loop
      vertex 32.59557904622396 -22.293155889099047 0.3999999999999986
      vertex 32.7 -22.3 0.008564307045585196
      vertex 32.59557904622396 -22.293155889099047 0.008564307045585196
    endloop
  endfacet
  facet normal -0.06540312923015869 0.9978589232386026 0
    outer loop
      vertex 32.7 -22.3 0.3999999999999986
      vertex 32.804420953776045 -22.293155889099047 0.008564307045585196
      vertex 32.7 -22.3 0.008564307045585196
    endloop
  endfacet
  facet normal -0.19509032201613793 0.9807852804032284 0
    outer loop
      vertex 32.804420953776045 -22.293155889099047 0.3999999999999986
      vertex 32.907055236082016 -22.272740661031253 0.008564307045585196
      vertex 32.804420953776045 -22.293155889099047 0.008564307045585196
    endloop
  endfacet
  facet normal -0.32143946530314044 0.9469301294951129 0
    outer loop
      vertex 32.907055236082016 -22.272740661031253 0.3999999999999986
      vertex 33.006146745892075 -22.23910362600903 0.008564307045585196
      vertex 32.907055236082016 -22.272740661031253 0.008564307045585196
    endloop
  endfacet
  facet normal -0.44228869021900913 0.8968727415326845 0
    outer loop
      vertex 33.006146745892075 -22.23910362600903 0.3999999999999986
      vertex 33.1 -22.19282032302755 0.008564307045585196
      vertex 33.006146745892075 -22.23910362600903 0.008564307045585196
    endloop
  endfacet
  facet normal -0.8314696123025438 0.5555702330196042 0
    outer loop
      vertex 33.334682672232994 -21.987009143206976 0.3999999999999986
      vertex 33.39282032302756 -21.9 0.008564307045585196
      vertex 33.334682672232994 -21.987009143206976 0.008564307045585196
    endloop
  endfacet
  facet normal -0.6593458151000713 0.7518398074789754 0
    outer loop
      vertex 33.18700914320698 -22.134682672232987 0.3999999999999986
      vertex 33.26568542494924 -22.065685424949237 0.008564307045585196
      vertex 33.18700914320698 -22.134682672232987 0.008564307045585196
    endloop
  endfacet
  facet normal -0.7518398074789584 0.6593458151000904 0
    outer loop
      vertex 33.26568542494924 -22.065685424949237 0.3999999999999986
      vertex 33.334682672232994 -21.987009143206976 0.008564307045585196
      vertex 33.26568542494924 -22.065685424949237 0.008564307045585196
    endloop
  endfacet
  facet normal -0.9807852804032362 0.1950903220160988 0
    outer loop
      vertex 33.47274066103126 -21.707055236082017 0.3999999999999986
      vertex 33.49315588909905 -21.604420953776042 0.008564307045585196
      vertex 33.47274066103126 -21.707055236082017 0.008564307045585196
    endloop
  endfacet
  facet normal -0.8968727415327113 0.44228869021895445 0
    outer loop
      vertex 33.39282032302756 -21.9 0.3999999999999986
      vertex 33.43910362600903 -21.80614674589207 0.008564307045585196
      vertex 33.39282032302756 -21.9 0.008564307045585196
    endloop
  endfacet
  facet normal -0.9469301294950886 0.32143946530321166 0
    outer loop
      vertex 33.43910362600903 -21.80614674589207 0.3999999999999986
      vertex 33.47274066103126 -21.707055236082017 0.008564307045585196
      vertex 33.43910362600903 -21.80614674589207 0.008564307045585196
    endloop
  endfacet
  facet normal -0.5555702330196042 0.8314696123025438 0
    outer loop
      vertex 33.1 -22.19282032302755 0.3999999999999986
      vertex 33.18700914320698 -22.134682672232987 0.008564307045585196
      vertex 33.1 -22.19282032302755 0.008564307045585196
    endloop
  endfacet
endsolid OpenSCAD_Model
